<?xml version="1.0" encoding="UTF-8"?>
<PeakList modified="2020-02-04T16:10:53">
  <PeakList1D>
    <PeakList1DHeader creator="Dell" date="2020-02-04T16:08:20" expNo="3" name="SDT276" owner="" procNo="1" source="C:/Users/Dell/Desktop/NMR/Tetrahydroisoquinoline">
      <PeakPickDetails>F1=169.188553ppm, F2=101.686211ppm, MI=0.05cm, MAXI=0.89cm, PC=1.400
      </PeakPickDetails>
    </PeakList1DHeader>
    <Peak1D F1="164.682922" intensity="0.3155473" type="0"/>
    <Peak1D F1="155.888199" intensity="0.1384876" type="0"/>
    <Peak1D F1="151.886047" intensity="0.3127032" type="0"/>
    <Peak1D F1="148.134735" intensity="0.3309024" type="0"/>
    <Peak1D F1="131.748276" intensity="0.3536441" type="0"/>
    <Peak1D F1="122.207916" intensity="0.240091" type="0"/>
    <Peak1D F1="110.650116" intensity="0.5234789" type="0"/>
    <Peak1D F1="109.352425" intensity="0.6064559" type="0"/>
  </PeakList1D>
  <PeakList1D>
    <PeakList1DHeader creator="Dell" date="2020-02-04T16:08:20" expNo="3" name="SDT276" owner="" procNo="1" source="C:/Users/Dell/Desktop/NMR/Tetrahydroisoquinoline">
      <PeakPickDetails>F1=77.961784ppm, F2=75.148941ppm, MI=8.92cm, MAXI=16.00cm, PC=1.400
      </PeakPickDetails>
    </PeakList1DHeader>
    <Peak1D F1="77.381371" intensity="14.73684" type="0"/>
    <Peak1D F1="77.199867" intensity="15.0" type="0"/>
    <Peak1D F1="77.018379" intensity="14.85669" type="0"/>
  </PeakList1D>
  <PeakList1D>
    <PeakList1DHeader creator="Dell" date="2020-02-04T16:08:20" expNo="3" name="SDT276" owner="" procNo="1" source="C:/Users/Dell/Desktop/NMR/Tetrahydroisoquinoline">
      <PeakPickDetails>F1=67.718689ppm, F2=42.621666ppm, MI=0.13cm, MAXI=0.91cm, PC=1.400
      </PeakPickDetails>
    </PeakList1DHeader>
    <Peak1D F1="62.680752" intensity="0.3832273" type="0"/>
    <Peak1D F1="56.25032" intensity="0.6965844" type="0"/>
    <Peak1D F1="56.209267" intensity="0.7187463" type="0"/>
    <Peak1D F1="47.042538" intensity="0.6169179" type="0"/>
    <Peak1D F1="45.365047" intensity="0.5954237" type="0"/>
  </PeakList1D>
  <PeakList1D>
    <PeakList1DHeader creator="Dell" date="2020-02-04T16:08:20" expNo="3" name="SDT276" owner="" procNo="1" source="C:/Users/Dell/Desktop/NMR/Tetrahydroisoquinoline">
      <PeakPickDetails>F1=32.236694ppm, F2=24.231607ppm, MI=0.18cm, MAXI=0.89cm, PC=1.400
      </PeakPickDetails>
    </PeakList1DHeader>
    <Peak1D F1="28.014658" intensity="0.587551" type="0"/>
    <Peak1D F1="27.839863" intensity="0.6369891" type="0"/>
  </PeakList1D>
  <PeakList1D>
    <PeakList1DHeader creator="Dell" date="2020-02-04T16:08:20" expNo="3" name="SDT276" owner="" procNo="1" source="C:/Users/Dell/Desktop/NMR/Tetrahydroisoquinoline">
      <PeakPickDetails>F1=24.231607ppm, F2=17.524645ppm, MI=0.02cm, MAXI=0.19cm, PC=1.400
      </PeakPickDetails>
    </PeakList1DHeader>
    <Peak1D F1="21.693853" intensity="0.04014858" type="0"/>
    <Peak1D F1="20.744169" intensity="0.05083419" type="0"/>
  </PeakList1D>
  <PeakList1D>
    <PeakList1DHeader creator="Dell@Dell-PC" date="2020-02-04T16:11:01" expNo="3" name="SDT276" owner="Dell" procNo="1" source="C:/Users/Dell/Desktop/NMR/Tetrahydroisoquinoline">
      <PeakPickDetails>Manually picked peaks
</PeakPickDetails>
    </PeakList1DHeader>
    <Peak1D F1="46.52860080321256" intensity="0.028681901131142395" type="1"/>
  </PeakList1D>
</PeakList>
