<?xml version="1.0" encoding="UTF-8"?>
<PeakList>
  <PeakList1D>
    <PeakList1DHeader creator="chemist" date="2019-02-14T07:21:45.403+00:00" expNo="10" name="Z145897" owner="" procNo="1" source="f:\data\chemist\nmr\">
      <PeakPickDetails>F1=250.000ppm, F2=-10.000ppm, MI=1.00cm, MAXI=2000.00cm, PC=1.000
      </PeakPickDetails>
    </PeakList1DHeader>
    <Peak1D F1="141.9638" intensity="2.440526e+000" type="0"/>
    <Peak1D F1="136.3501" intensity="2.451039e+000" type="0"/>
    <Peak1D F1="133.4799" intensity="1.749273e+000" type="0"/>
    <Peak1D F1="130.8417" intensity="8.875596e+000" type="0"/>
    <Peak1D F1="128.6361" intensity="9.664798e+000" type="0"/>
    <Peak1D F1="127.2645" intensity="9.771618e+000" type="0"/>
    <Peak1D F1="120.9868" intensity="5.592614e+000" type="0"/>
    <Peak1D F1="77.3384" intensity="3.941617e+001" type="0"/>
    <Peak1D F1="77.2250" intensity="2.135540e+000" type="0"/>
    <Peak1D F1="77.0206" intensity="4.000000e+001" type="0"/>
    <Peak1D F1="76.7027" intensity="3.950681e+001" type="0"/>
    <Peak1D F1="74.5554" intensity="4.489876e+000" type="0"/>
    <Peak1D F1="45.1483" intensity="4.459109e+000" type="0"/>
  </PeakList1D>
</PeakList>
