<?xml version="1.0" encoding="UTF-8"?>
<PeakList>
  <PeakList1D>
    <PeakList1DHeader creator="nmr600" date="2019-08-30T09:53:42.568+02:00" expNo="21" name="6Aug3019" owner="" procNo="1" source="/opt/topspin3.0/data/nmr600/nmr">
      <PeakPickDetails>F1=219.446198ppm, F2=-19.452496ppm, MI=0.00cm, MAXI=10000.00cm, PC=1.400
      </PeakPickDetails>
    </PeakList1DHeader>
    <Peak1D F1="151.917618" intensity="-2.285653e+00" type="0"/>
    <Peak1D F1="135.377808" intensity="-1.879680e+00" type="0"/>
    <Peak1D F1="135.208389" intensity="-2.751029e+00" type="0"/>
    <Peak1D F1="133.592453" intensity="-2.763961e+00" type="0"/>
    <Peak1D F1="133.238525" intensity="-8.410435e-02" type="0"/>
    <Peak1D F1="133.116226" intensity="-3.548109e-02" type="0"/>
    <Peak1D F1="132.555817" intensity="-8.253445e-02" type="0"/>
    <Peak1D F1="132.445572" intensity="-2.601986e+00" type="0"/>
    <Peak1D F1="132.288254" intensity="-3.890866e-02" type="0"/>
    <Peak1D F1="131.611755" intensity="-2.641772e+00" type="0"/>
    <Peak1D F1="131.321976" intensity="5.294230e-02" type="0"/>
    <Peak1D F1="130.153809" intensity="4.431974e-02" type="0"/>
    <Peak1D F1="129.843460" intensity="7.399991e-02" type="0"/>
    <Peak1D F1="129.757736" intensity="7.854267e-02" type="0"/>
    <Peak1D F1="129.442261" intensity="5.141200e-02" type="0"/>
    <Peak1D F1="129.223816" intensity="7.227794e-02" type="0"/>
    <Peak1D F1="129.061813" intensity="6.833543e+00" type="0"/>
    <Peak1D F1="128.996002" intensity="1.660333e-01" type="0"/>
    <Peak1D F1="128.977570" intensity="1.357879e-01" type="0"/>
    <Peak1D F1="128.932724" intensity="1.098822e-01" type="0"/>
    <Peak1D F1="128.813507" intensity="1.625710e-01" type="0"/>
    <Peak1D F1="128.723709" intensity="1.427782e+01" type="0"/>
    <Peak1D F1="128.604477" intensity="1.411967e-01" type="0"/>
    <Peak1D F1="128.529007" intensity="3.087412e-01" type="0"/>
    <Peak1D F1="128.470993" intensity="2.206051e-01" type="0"/>
    <Peak1D F1="128.400360" intensity="2.857478e-01" type="0"/>
    <Peak1D F1="128.383713" intensity="2.931501e-01" type="0"/>
    <Peak1D F1="128.273651" intensity="1.586011e-01" type="0"/>
    <Peak1D F1="128.209549" intensity="1.132366e-01" type="0"/>
    <Peak1D F1="128.056335" intensity="8.006957e+00" type="0"/>
    <Peak1D F1="127.915565" intensity="1.159911e-01" type="0"/>
    <Peak1D F1="127.872482" intensity="7.709324e-02" type="0"/>
    <Peak1D F1="127.784821" intensity="3.003520e-01" type="0"/>
    <Peak1D F1="127.731529" intensity="1.500000e+01" type="0"/>
    <Peak1D F1="127.593102" intensity="7.743509e+00" type="0"/>
    <Peak1D F1="127.537804" intensity="7.890340e+00" type="0"/>
    <Peak1D F1="127.441925" intensity="1.067675e-01" type="0"/>
    <Peak1D F1="127.356812" intensity="5.571405e-02" type="0"/>
    <Peak1D F1="127.302887" intensity="1.710305e-01" type="0"/>
    <Peak1D F1="127.233696" intensity="8.713513e-02" type="0"/>
    <Peak1D F1="127.186684" intensity="5.854469e-02" type="0"/>
    <Peak1D F1="127.042946" intensity="4.897717e-02" type="0"/>
    <Peak1D F1="126.945328" intensity="4.902317e-02" type="0"/>
    <Peak1D F1="126.899330" intensity="6.114966e-02" type="0"/>
    <Peak1D F1="126.705063" intensity="6.646218e-02" type="0"/>
    <Peak1D F1="126.640991" intensity="7.168074e-02" type="0"/>
    <Peak1D F1="126.563080" intensity="8.520781e-02" type="0"/>
    <Peak1D F1="126.445137" intensity="5.742578e-02" type="0"/>
    <Peak1D F1="126.224747" intensity="5.737887e-02" type="0"/>
    <Peak1D F1="126.171432" intensity="1.856493e-01" type="0"/>
    <Peak1D F1="126.060432" intensity="7.520474e+00" type="0"/>
    <Peak1D F1="125.963646" intensity="1.130721e-01" type="0"/>
    <Peak1D F1="125.837959" intensity="1.677039e-01" type="0"/>
    <Peak1D F1="125.722557" intensity="7.877251e-02" type="0"/>
    <Peak1D F1="125.602928" intensity="7.841959e-02" type="0"/>
    <Peak1D F1="125.472397" intensity="8.795206e-02" type="0"/>
    <Peak1D F1="125.287910" intensity="7.040073e+00" type="0"/>
    <Peak1D F1="124.713684" intensity="4.366258e-02" type="0"/>
    <Peak1D F1="124.358170" intensity="5.666559e-02" type="0"/>
    <Peak1D F1="122.809555" intensity="8.545184e-02" type="0"/>
    <Peak1D F1="122.615379" intensity="1.730034e-01" type="0"/>
    <Peak1D F1="122.572792" intensity="1.570087e-01" type="0"/>
    <Peak1D F1="121.762619" intensity="7.610767e+00" type="0"/>
    <Peak1D F1="121.463585" intensity="4.718173e-02" type="0"/>
    <Peak1D F1="121.271164" intensity="7.882152e+00" type="0"/>
    <Peak1D F1="119.761009" intensity="-3.157681e-02" type="0"/>
    <Peak1D F1="116.803291" intensity="7.437429e+00" type="0"/>
    <Peak1D F1="116.511993" intensity="-3.639028e-02" type="0"/>
    <Peak1D F1="100.851715" intensity="6.116190e-02" type="0"/>
    <Peak1D F1="84.289833" intensity="4.682074e-02" type="0"/>
    <Peak1D F1="77.295044" intensity="-2.328193e+00" type="0"/>
    <Peak1D F1="77.083023" intensity="-2.573680e+00" type="0"/>
    <Peak1D F1="76.871239" intensity="-2.601958e+00" type="0"/>
    <Peak1D F1="71.731117" intensity="8.210727e-02" type="0"/>
    <Peak1D F1="71.576164" intensity="8.579625e+00" type="0"/>
    <Peak1D F1="71.402954" intensity="5.275704e-02" type="0"/>
    <Peak1D F1="70.605667" intensity="-3.462639e-02" type="0"/>
    <Peak1D F1="64.260574" intensity="5.352579e-02" type="0"/>
    <Peak1D F1="63.944233" intensity="1.092182e-01" type="0"/>
    <Peak1D F1="63.031097" intensity="-3.580125e-02" type="0"/>
    <Peak1D F1="57.689644" intensity="4.312765e-02" type="0"/>
    <Peak1D F1="57.039581" intensity="1.831566e-01" type="0"/>
    <Peak1D F1="53.462856" intensity="-1.465858e-01" type="0"/>
    <Peak1D F1="47.672459" intensity="-8.320501e-02" type="0"/>
    <Peak1D F1="47.503395" intensity="-8.961317e-02" type="0"/>
    <Peak1D F1="47.323978" intensity="-6.272401e-02" type="0"/>
    <Peak1D F1="46.871346" intensity="-1.567632e-01" type="0"/>
    <Peak1D F1="46.670597" intensity="-1.505298e-01" type="0"/>
    <Peak1D F1="46.309399" intensity="-1.646030e-01" type="0"/>
    <Peak1D F1="45.937294" intensity="-1.248532e-01" type="0"/>
    <Peak1D F1="42.322350" intensity="-9.169978e-02" type="0"/>
    <Peak1D F1="31.959530" intensity="-3.875343e-02" type="0"/>
    <Peak1D F1="30.941963" intensity="1.872998e-01" type="0"/>
    <Peak1D F1="29.735909" intensity="-2.435615e-01" type="0"/>
    <Peak1D F1="29.694031" intensity="-6.726968e-02" type="0"/>
    <Peak1D F1="29.396040" intensity="-3.498147e-02" type="0"/>
    <Peak1D F1="26.159109" intensity="-7.735684e-02" type="0"/>
    <Peak1D F1="25.737720" intensity="-1.833266e-01" type="0"/>
    <Peak1D F1="25.337563" intensity="-3.728318e-02" type="0"/>
    <Peak1D F1="24.932478" intensity="-5.922804e-02" type="0"/>
    <Peak1D F1="24.721691" intensity="-1.137554e-01" type="0"/>
    <Peak1D F1="24.520687" intensity="-8.043246e-02" type="0"/>
    <Peak1D F1="24.362473" intensity="-1.155616e-01" type="0"/>
    <Peak1D F1="22.728037" intensity="-3.998899e-02" type="0"/>
    <Peak1D F1="14.166441" intensity="5.141863e-02" type="0"/>
  </PeakList1D>
</PeakList>
