<?xml version="1.0" encoding="UTF-8"?>
<PeakList>
  <PeakList1D>
    <PeakList1DHeader creator="Lijin_Xu" date="2017-12-06T14:48:39.064+08:00" expNo="2" name="zhq-484" owner="" procNo="1" source="D:">
      <PeakPickDetails>F1=235.494ppm, F2=-15.494ppm, MI=0.00cm, MAXI=10000.00cm, PC=1.400
      </PeakPickDetails>
    </PeakList1DHeader>
    <Peak1D F1="159.8591" intensity="3.43" type="0"/>
    <Peak1D F1="151.7325" intensity="4.49" type="0"/>
    <Peak1D F1="149.9365" intensity="14.32" type="0"/>
    <Peak1D F1="145.6396" intensity="6.97" type="0"/>
    <Peak1D F1="141.9999" intensity="14.65" type="0"/>
    <Peak1D F1="138.8706" intensity="13.44" type="0"/>
    <Peak1D F1="124.3576" intensity="14.37" type="0"/>
    <Peak1D F1="123.3782" intensity="15.00" type="0"/>
    <Peak1D F1="113.6697" intensity="5.43" type="0"/>
    <Peak1D F1="106.3221" intensity="14.96" type="0"/>
    <Peak1D F1="77.4247" intensity="31.17" type="0"/>
    <Peak1D F1="77.3098" intensity="4.17" type="0"/>
    <Peak1D F1="77.1065" intensity="31.63" type="0"/>
    <Peak1D F1="76.7886" intensity="30.96" type="0"/>
    <Peak1D F1="20.5272" intensity="14.87" type="0"/>
  </PeakList1D>
</PeakList>
