<?xml version="1.0" encoding="UTF-8"?>
<PeakList>
  <PeakList1D>
    <PeakList1DHeader creator="chemist" date="2019-01-24T21:13:13.287+00:00" expNo="10" name="Z144483" owner="" procNo="1" source="f:\data\chemist\nmr\">
      <PeakPickDetails>F1=15.000ppm, F2=-0.100ppm, MI=0.50cm, MAXI=80.00cm, PC=1.000
      </PeakPickDetails>
    </PeakList1DHeader>
    <Peak1D F1="7.3331" intensity="6.688685e-001" type="0"/>
    <Peak1D F1="7.3110" intensity="1.177698e+000" type="0"/>
    <Peak1D F1="7.3031" intensity="3.981560e+000" type="0"/>
    <Peak1D F1="7.2847" intensity="5.764903e+000" type="0"/>
    <Peak1D F1="7.2816" intensity="4.632196e+000" type="0"/>
    <Peak1D F1="7.1293" intensity="3.659168e+000" type="0"/>
    <Peak1D F1="7.1079" intensity="4.185110e+000" type="0"/>
    <Peak1D F1="6.9340" intensity="8.849140e-001" type="0"/>
    <Peak1D F1="6.9211" intensity="7.486164e-001" type="0"/>
    <Peak1D F1="6.9141" intensity="5.086793e+000" type="0"/>
    <Peak1D F1="6.8971" intensity="1.564213e+000" type="0"/>
    <Peak1D F1="6.8925" intensity="4.042446e+000" type="0"/>
    <Peak1D F1="6.8852" intensity="5.799105e-001" type="0"/>
    <Peak1D F1="6.8772" intensity="7.230146e-001" type="0"/>
    <Peak1D F1="6.8701" intensity="4.654749e+000" type="0"/>
    <Peak1D F1="6.8653" intensity="1.608372e+000" type="0"/>
    <Peak1D F1="6.8486" intensity="3.806432e+000" type="0"/>
    <Peak1D F1="4.8505" intensity="5.871500e-001" type="0"/>
    <Peak1D F1="4.8447" intensity="6.313266e-001" type="0"/>
    <Peak1D F1="4.8310" intensity="1.148018e+000" type="0"/>
    <Peak1D F1="4.8173" intensity="6.085907e-001" type="0"/>
    <Peak1D F1="4.8117" intensity="5.670942e-001" type="0"/>
    <Peak1D F1="4.6533" intensity="5.485219e-001" type="0"/>
    <Peak1D F1="4.6408" intensity="5.422240e-001" type="0"/>
    <Peak1D F1="3.8356" intensity="2.000000e+001" type="0"/>
    <Peak1D F1="3.8159" intensity="1.943689e+001" type="0"/>
    <Peak1D F1="3.7961" intensity="5.097523e-001" type="0"/>
    <Peak1D F1="2.9816" intensity="2.334775e+000" type="0"/>
    <Peak1D F1="2.9744" intensity="2.553832e+000" type="0"/>
    <Peak1D F1="2.9680" intensity="2.206677e+000" type="0"/>
    <Peak1D F1="2.9549" intensity="2.070812e+000" type="0"/>
    <Peak1D F1="1.9147" intensity="1.955067e+000" type="0"/>
    <Peak1D F1="1.9080" intensity="1.839771e+000" type="0"/>
    <Peak1D F1="1.5838" intensity="2.336246e+000" type="0"/>
    <Peak1D F1="1.2576" intensity="1.593995e+000" type="0"/>
  </PeakList1D>
</PeakList>
