<?xml version="1.0" encoding="UTF-8"?>
<PeakList>
  <PeakList1D>
    <PeakList1DHeader creator="nmrsu" date="2023-07-25T23:39:28.812-05:00" expNo="1268910" name="Jul25-2023" owner="" procNo="1" source="G:/data/chem-synthesis-summer-a-team3/nmr">
      <PeakPickDetails>F1=219.460297ppm, F2=-19.460289ppm, MI=0.00cm, MAXI=10000.00cm, PC=1.400
      </PeakPickDetails>
    </PeakList1DHeader>
    <Peak1D F1="171.473099" intensity="6.537792e-001" type="0"/>
    <Peak1D F1="142.846542" intensity="1.245554e+000" type="0"/>
    <Peak1D F1="138.191895" intensity="7.159394e-001" type="0"/>
    <Peak1D F1="137.545181" intensity="6.551246e-001" type="0"/>
    <Peak1D F1="137.302444" intensity="6.402345e-001" type="0"/>
    <Peak1D F1="129.740356" intensity="1.883370e+000" type="0"/>
    <Peak1D F1="129.546295" intensity="6.361308e+000" type="0"/>
    <Peak1D F1="128.184723" intensity="2.026839e+000" type="0"/>
    <Peak1D F1="127.040901" intensity="8.021224e+000" type="0"/>
    <Peak1D F1="126.933067" intensity="2.006917e+000" type="0"/>
    <Peak1D F1="123.164032" intensity="1.964073e+000" type="0"/>
    <Peak1D F1="77.321152" intensity="1.025351e+001" type="0"/>
    <Peak1D F1="77.003517" intensity="1.033887e+001" type="0"/>
    <Peak1D F1="76.685913" intensity="1.021913e+001" type="0"/>
    <Peak1D F1="41.990341" intensity="7.362037e+000" type="0"/>
    <Peak1D F1="41.353809" intensity="1.387263e+000" type="0"/>
    <Peak1D F1="36.081688" intensity="2.846452e+000" type="0"/>
    <Peak1D F1="34.658466" intensity="4.672414e+000" type="0"/>
    <Peak1D F1="34.509037" intensity="1.544732e+000" type="0"/>
    <Peak1D F1="31.578783" intensity="1.500000e+001" type="0"/>
    <Peak1D F1="29.051273" intensity="6.409026e+000" type="0"/>
    <Peak1D F1="27.661045" intensity="1.064206e+000" type="0"/>
    <Peak1D F1="25.261560" intensity="4.518104e+000" type="0"/>
    <Peak1D F1="22.633083" intensity="1.423370e+001" type="0"/>
    <Peak1D F1="22.564301" intensity="2.535679e+000" type="0"/>
    <Peak1D F1="21.397141" intensity="2.089307e+000" type="0"/>
    <Peak1D F1="21.314871" intensity="1.111031e+000" type="0"/>
    <Peak1D F1="20.646181" intensity="2.378844e+000" type="0"/>
    <Peak1D F1="20.421591" intensity="1.006335e+000" type="0"/>
    <Peak1D F1="19.385075" intensity="4.254867e-001" type="0"/>
    <Peak1D F1="18.709507" intensity="2.934659e+000" type="0"/>
    <Peak1D F1="14.255420" intensity="1.098171e+000" type="0"/>
    <Peak1D F1="14.107471" intensity="7.642399e+000" type="0"/>
    <Peak1D F1="14.048814" intensity="1.336885e+001" type="0"/>
    <Peak1D F1="11.364157" intensity="4.637872e+000" type="0"/>
  </PeakList1D>
</PeakList>
