<?xml version="1.0" encoding="UTF-8"?>
<PeakList>
  <PeakList1D>
    <PeakList1DHeader creator="nmr600" date="2019-07-25T09:32:09.629+02:00" expNo="21" name="6Jul2519" owner="" procNo="1" source="/opt/topspin3.0/data/nmr600/nmr">
      <PeakPickDetails>F1=219.446198ppm, F2=-19.452496ppm, MI=0.00cm, MAXI=10000.00cm, PC=1.400
      </PeakPickDetails>
    </PeakList1DHeader>
    <Peak1D F1="164.892990" intensity="-1.506472e+00" type="0"/>
    <Peak1D F1="164.876602" intensity="5.944501e-01" type="0"/>
    <Peak1D F1="139.999985" intensity="-2.760698e+00" type="0"/>
    <Peak1D F1="137.184113" intensity="-2.821703e+00" type="0"/>
    <Peak1D F1="136.020737" intensity="-2.371220e+00" type="0"/>
    <Peak1D F1="131.557297" intensity="7.351275e+00" type="0"/>
    <Peak1D F1="131.065491" intensity="7.737320e+00" type="0"/>
    <Peak1D F1="129.905380" intensity="1.457814e-01" type="0"/>
    <Peak1D F1="129.709305" intensity="1.493215e+01" type="0"/>
    <Peak1D F1="129.367188" intensity="1.331809e-01" type="0"/>
    <Peak1D F1="128.885544" intensity="-2.011641e+00" type="0"/>
    <Peak1D F1="128.750488" intensity="1.302839e-01" type="0"/>
    <Peak1D F1="128.382660" intensity="1.191238e-01" type="0"/>
    <Peak1D F1="128.258484" intensity="6.967866e+00" type="0"/>
    <Peak1D F1="127.160812" intensity="7.247262e+00" type="0"/>
    <Peak1D F1="125.576859" intensity="1.500000e+01" type="0"/>
    <Peak1D F1="125.349236" intensity="1.117088e-01" type="0"/>
    <Peak1D F1="123.750992" intensity="-1.537371e-01" type="0"/>
    <Peak1D F1="121.631393" intensity="-4.167605e-01" type="0"/>
    <Peak1D F1="119.513275" intensity="-3.649811e-01" type="0"/>
    <Peak1D F1="117.394844" intensity="-1.340598e-01" type="0"/>
    <Peak1D F1="77.269432" intensity="3.621704e+00" type="0"/>
    <Peak1D F1="77.250290" intensity="-2.910606e+00" type="0"/>
    <Peak1D F1="77.057274" intensity="3.615736e+00" type="0"/>
    <Peak1D F1="77.037437" intensity="-3.499423e+00" type="0"/>
    <Peak1D F1="76.845490" intensity="3.237034e+00" type="0"/>
    <Peak1D F1="76.825340" intensity="-3.983606e+00" type="0"/>
    <Peak1D F1="75.300682" intensity="-1.763130e-01" type="0"/>
    <Peak1D F1="73.786980" intensity="-1.334516e-01" type="0"/>
    <Peak1D F1="73.656448" intensity="-1.189016e-01" type="0"/>
    <Peak1D F1="71.912552" intensity="-1.174993e-01" type="0"/>
    <Peak1D F1="53.459808" intensity="1.611668e-01" type="0"/>
    <Peak1D F1="53.015423" intensity="-2.811993e-01" type="0"/>
    <Peak1D F1="52.871647" intensity="-6.414558e+00" type="0"/>
    <Peak1D F1="52.851269" intensity="1.342280e+00" type="0"/>
    <Peak1D F1="51.510139" intensity="2.076296e-01" type="0"/>
    <Peak1D F1="50.832355" intensity="8.420105e+00" type="0"/>
    <Peak1D F1="50.812447" intensity="-1.402295e+00" type="0"/>
    <Peak1D F1="50.162872" intensity="1.305011e-01" type="0"/>
    <Peak1D F1="49.811058" intensity="2.419736e-01" type="0"/>
    <Peak1D F1="49.510319" intensity="8.288308e+00" type="0"/>
    <Peak1D F1="49.488506" intensity="-1.342106e+00" type="0"/>
    <Peak1D F1="39.738838" intensity="7.733183e+00" type="0"/>
    <Peak1D F1="39.709148" intensity="-5.157381e-01" type="0"/>
    <Peak1D F1="30.943771" intensity="-2.685603e-01" type="0"/>
    <Peak1D F1="29.836140" intensity="7.584853e+00" type="0"/>
    <Peak1D F1="29.709267" intensity="2.165029e-01" type="0"/>
    <Peak1D F1="25.366768" intensity="9.559301e+00" type="0"/>
    <Peak1D F1="25.081665" intensity="9.732391e+00" type="0"/>
    <Peak1D F1="24.956045" intensity="1.808338e-01" type="0"/>
    <Peak1D F1="24.394169" intensity="1.477727e-01" type="0"/>
    <Peak1D F1="20.568722" intensity="-8.721461e+00" type="0"/>
  </PeakList1D>
</PeakList>
