<?xml version="1.0" encoding="UTF-8"?>
<PeakList>
  <PeakList1D>
    <PeakList1DHeader creator="chemist" date="2019-03-22T01:56:21.948+00:00" expNo="10" name="Y1933" owner="" procNo="1" source="d:\">
      <PeakPickDetails>F1=245.691ppm, F2=-23.691ppm, MI=0.00cm, MAXI=10000.00cm, PC=1.400
      </PeakPickDetails>
    </PeakList1DHeader>
    <Peak1D F1="159.8782" intensity="0.69" type="0"/>
    <Peak1D F1="151.3662" intensity="0.63" type="0"/>
    <Peak1D F1="132.4779" intensity="2.77" type="0"/>
    <Peak1D F1="132.3821" intensity="0.44" type="0"/>
    <Peak1D F1="132.1632" intensity="0.39" type="0"/>
    <Peak1D F1="131.9750" intensity="0.12" type="0"/>
    <Peak1D F1="131.9437" intensity="0.16" type="0"/>
    <Peak1D F1="128.3132" intensity="0.82" type="0"/>
    <Peak1D F1="128.2541" intensity="0.15" type="0"/>
    <Peak1D F1="127.1633" intensity="0.14" type="0"/>
    <Peak1D F1="126.5290" intensity="0.47" type="0"/>
    <Peak1D F1="125.3561" intensity="0.33" type="0"/>
    <Peak1D F1="125.1944" intensity="0.12" type="0"/>
    <Peak1D F1="123.5489" intensity="0.32" type="0"/>
    <Peak1D F1="121.6852" intensity="0.21" type="0"/>
    <Peak1D F1="121.6579" intensity="0.27" type="0"/>
    <Peak1D F1="114.9153" intensity="2.67" type="0"/>
    <Peak1D F1="78.9351" intensity="0.19" type="0"/>
    <Peak1D F1="78.2185" intensity="13.34" type="0"/>
    <Peak1D F1="78.0069" intensity="13.50" type="0"/>
    <Peak1D F1="77.7952" intensity="13.25" type="0"/>
    <Peak1D F1="75.1591" intensity="0.98" type="0"/>
    <Peak1D F1="56.2520" intensity="1.56" type="0"/>
    <Peak1D F1="50.4145" intensity="1.19" type="0"/>
    <Peak1D F1="30.1985" intensity="1.13" type="0"/>
    <Peak1D F1="25.9604" intensity="0.14" type="0"/>
  </PeakList1D>
</PeakList>
