<?xml version="1.0" encoding="UTF-8"?>
<PeakList>
  <PeakList1D>
    <PeakList1DHeader creator="JRomeo" date="2019-06-17T11:21:26" expNo="2" name="2JR31" owner="" procNo="1" source="C:\Bruker\TOPSPIN">
      <PeakPickDetails>F1=140.287ppm, F2=131.544ppm, MI=1.33cm, MAXI=7.46cm, PC=1.400
      </PeakPickDetails>
    </PeakList1DHeader>
    <Peak1D F1="136.316" intensity="2.22" type="0"/>
    <Peak1D F1="133.2376" intensity="2.66" type="0"/>
    <Peak1D F1="133.0148" intensity="4.4" type="0"/>
  </PeakList1D>
  <PeakList1D>
    <PeakList1DHeader creator="JRomeo" date="2019-06-17T11:21:26" expNo="2" name="2JR31" owner="" procNo="1" source="C:\Bruker\TOPSPIN">
      <PeakPickDetails>F1=130.153ppm, F2=122.801ppm, MI=2.51cm, MAXI=13.66cm, PC=1.400
      </PeakPickDetails>
    </PeakList1DHeader>
    <Peak1D F1="127.9424" intensity="8.1" type="0"/>
    <Peak1D F1="127.9201" intensity="11.89" type="0"/>
    <Peak1D F1="127.6811" intensity="8.32" type="0"/>
    <Peak1D F1="126.9946" intensity="4.46" type="0"/>
    <Peak1D F1="126.6397" intensity="5.23" type="0"/>
    <Peak1D F1="125.9912" intensity="2.87" type="0"/>
    <Peak1D F1="125.956" intensity="6.71" type="0"/>
    <Peak1D F1="125.8119" intensity="2.62" type="0"/>
    <Peak1D F1="125.7709" intensity="5.92" type="0"/>
  </PeakList1D>
  <PeakList1D>
    <PeakList1DHeader creator="JRomeo" date="2019-06-17T11:21:26" expNo="2" name="2JR31" owner="" procNo="1" source="C:\Bruker\TOPSPIN">
      <PeakPickDetails>F1=100.943ppm, F2=89.816ppm, MI=1.40cm, MAXI=9.08cm, PC=1.400
      </PeakPickDetails>
    </PeakList1DHeader>
    <Peak1D F1="94.8246" intensity="3.56" type="0"/>
    <Peak1D F1="92.6369" intensity="7.93" type="0"/>
  </PeakList1D>
  <PeakList1D>
    <PeakList1DHeader creator="JRomeo" date="2019-06-17T11:21:26" expNo="2" name="2JR31" owner="" procNo="1" source="C:\Bruker\TOPSPIN">
      <PeakPickDetails>F1=82.464ppm, F2=79.682ppm, MI=1.55cm, MAXI=3.40cm, PC=1.400
      </PeakPickDetails>
    </PeakList1DHeader>
    <Peak1D F1="80.081" intensity="2.17" type="0"/>
  </PeakList1D>
  <PeakList1D>
    <PeakList1DHeader creator="JRomeo" date="2019-06-17T11:21:26" expNo="2" name="2JR31" owner="" procNo="1" source="C:\Bruker\TOPSPIN">
      <PeakPickDetails>F1=76.105ppm, F2=52.657ppm, MI=0.89cm, MAXI=10.04cm, PC=1.400
      </PeakPickDetails>
    </PeakList1DHeader>
    <Peak1D F1="75.0727" intensity="3.03" type="0"/>
    <Peak1D F1="74.5111" intensity="3.55" type="0"/>
    <Peak1D F1="74.3581" intensity="8.6" type="0"/>
    <Peak1D F1="74.0043" intensity="1.35" type="0"/>
    <Peak1D F1="71.1395" intensity="3.1" type="0"/>
    <Peak1D F1="66.8733" intensity="6.01" type="0"/>
    <Peak1D F1="56.3323" intensity="2.07" type="0"/>
    <Peak1D F1="56.1658" intensity="5.39" type="0"/>
  </PeakList1D>
  <PeakList1D>
    <PeakList1DHeader creator="JRomeo" date="2019-06-17T11:21:26" expNo="2" name="2JR31" owner="" procNo="1" source="C:\Bruker\TOPSPIN">
      <PeakPickDetails>F1=39.344ppm, F2=5.961ppm, MI=1.25cm, MAXI=11.23cm, PC=1.400
      </PeakPickDetails>
    </PeakList1DHeader>
    <Peak1D F1="34.1405" intensity="2.99" type="0"/>
    <Peak1D F1="30.2423" intensity="6.77" type="0"/>
    <Peak1D F1="17.4866" intensity="8.12" type="0"/>
    <Peak1D F1="17.3541" intensity="3.38" type="0"/>
  </PeakList1D>
</PeakList>
