<?xml version="1.0" encoding="UTF-8"?>
<PeakList>
  <PeakList1D>
    <PeakList1DHeader creator="nmr600" date="2019-06-18T14:58:02.687+02:00" expNo="50" name="6Jun1819" owner="" procNo="1" source="/opt/topspin3.0/data/nmr600/nmr">
      <PeakPickDetails>F1=16.450729ppm, F2=-4.099918ppm, MI=0.00cm, MAXI=10000.00cm, PC=1.000
      </PeakPickDetails>
    </PeakList1DHeader>
    <Peak1D F1="15.625354" intensity="2.051002e-03" type="0"/>
    <Peak1D F1="15.374064" intensity="2.039155e-03" type="0"/>
    <Peak1D F1="14.975794" intensity="1.943426e-03" type="0"/>
    <Peak1D F1="12.254621" intensity="5.715762e-03" type="0"/>
    <Peak1D F1="12.243710" intensity="2.812090e-03" type="0"/>
    <Peak1D F1="12.237676" intensity="2.264799e-03" type="0"/>
    <Peak1D F1="12.231916" intensity="2.157888e-03" type="0"/>
    <Peak1D F1="9.841046" intensity="7.526283e-03" type="0"/>
    <Peak1D F1="9.761906" intensity="2.133661e-03" type="0"/>
    <Peak1D F1="8.735144" intensity="2.149411e-03" type="0"/>
    <Peak1D F1="8.715853" intensity="6.518571e-03" type="0"/>
    <Peak1D F1="8.681146" intensity="2.235715e-03" type="0"/>
    <Peak1D F1="8.642899" intensity="2.065696e-03" type="0"/>
    <Peak1D F1="8.600745" intensity="1.951296e-03" type="0"/>
    <Peak1D F1="8.587519" intensity="2.319184e-03" type="0"/>
    <Peak1D F1="8.581506" intensity="2.640182e-03" type="0"/>
    <Peak1D F1="8.575050" intensity="2.507652e-03" type="0"/>
    <Peak1D F1="8.535691" intensity="2.060921e-03" type="0"/>
    <Peak1D F1="8.517162" intensity="2.524919e-03" type="0"/>
    <Peak1D F1="8.463434" intensity="2.961527e-03" type="0"/>
    <Peak1D F1="8.440651" intensity="3.250928e-03" type="0"/>
    <Peak1D F1="8.433022" intensity="3.644641e-03" type="0"/>
    <Peak1D F1="8.418041" intensity="3.760619e-03" type="0"/>
    <Peak1D F1="8.406974" intensity="4.789897e-03" type="0"/>
    <Peak1D F1="8.393903" intensity="4.202150e-03" type="0"/>
    <Peak1D F1="8.366110" intensity="6.034341e-03" type="0"/>
    <Peak1D F1="8.336552" intensity="4.421642e-02" type="0"/>
    <Peak1D F1="8.332577" intensity="5.015724e-02" type="0"/>
    <Peak1D F1="8.321183" intensity="4.921077e-02" type="0"/>
    <Peak1D F1="8.275557" intensity="2.198363e-02" type="0"/>
    <Peak1D F1="8.255080" intensity="3.878505e-02" type="0"/>
    <Peak1D F1="8.250534" intensity="3.932043e-02" type="0"/>
    <Peak1D F1="8.240797" intensity="5.253864e-02" type="0"/>
    <Peak1D F1="8.235888" intensity="5.572999e-02" type="0"/>
    <Peak1D F1="8.216816" intensity="1.273985e-01" type="0"/>
    <Peak1D F1="8.195598" intensity="1.225418e+01" type="0"/>
    <Peak1D F1="8.181170" intensity="1.279141e+01" type="0"/>
    <Peak1D F1="8.148841" intensity="5.588273e-02" type="0"/>
    <Peak1D F1="8.130901" intensity="7.940716e-02" type="0"/>
    <Peak1D F1="8.124807" intensity="4.207507e-02" type="0"/>
    <Peak1D F1="8.116411" intensity="9.247501e-02" type="0"/>
    <Peak1D F1="8.110080" intensity="4.507963e-02" type="0"/>
    <Peak1D F1="8.103460" intensity="7.542842e-02" type="0"/>
    <Peak1D F1="8.084348" intensity="9.814075e-03" type="0"/>
    <Peak1D F1="8.070206" intensity="1.509648e-02" type="0"/>
    <Peak1D F1="8.055011" intensity="6.030803e-02" type="0"/>
    <Peak1D F1="8.052010" intensity="5.650629e-02" type="0"/>
    <Peak1D F1="8.041368" intensity="5.293012e-02" type="0"/>
    <Peak1D F1="8.036828" intensity="5.326927e-02" type="0"/>
    <Peak1D F1="8.030951" intensity="4.433711e-02" type="0"/>
    <Peak1D F1="8.016157" intensity="2.225083e-02" type="0"/>
    <Peak1D F1="7.986488" intensity="4.470081e-03" type="0"/>
    <Peak1D F1="7.967830" intensity="5.560194e-03" type="0"/>
    <Peak1D F1="7.947245" intensity="1.035539e-02" type="0"/>
    <Peak1D F1="7.933062" intensity="1.306673e-02" type="0"/>
    <Peak1D F1="7.921714" intensity="5.300943e-03" type="0"/>
    <Peak1D F1="7.891017" intensity="4.173229e-03" type="0"/>
    <Peak1D F1="7.874957" intensity="4.747506e-03" type="0"/>
    <Peak1D F1="7.862021" intensity="5.087690e-03" type="0"/>
    <Peak1D F1="7.827456" intensity="4.674053e-03" type="0"/>
    <Peak1D F1="7.783328" intensity="5.474971e-03" type="0"/>
    <Peak1D F1="7.755650" intensity="5.686881e-03" type="0"/>
    <Peak1D F1="7.748487" intensity="5.885041e-03" type="0"/>
    <Peak1D F1="7.741508" intensity="5.501817e-03" type="0"/>
    <Peak1D F1="7.706150" intensity="4.531351e-02" type="0"/>
    <Peak1D F1="7.691745" intensity="4.371346e-02" type="0"/>
    <Peak1D F1="7.670332" intensity="1.296738e-02" type="0"/>
    <Peak1D F1="7.657124" intensity="1.816434e-02" type="0"/>
    <Peak1D F1="7.645793" intensity="2.020776e-02" type="0"/>
    <Peak1D F1="7.632621" intensity="7.353189e-02" type="0"/>
    <Peak1D F1="7.619265" intensity="6.795571e-02" type="0"/>
    <Peak1D F1="7.601367" intensity="2.463743e-02" type="0"/>
    <Peak1D F1="7.587510" intensity="3.246260e-02" type="0"/>
    <Peak1D F1="7.574551" intensity="3.531363e-02" type="0"/>
    <Peak1D F1="7.562748" intensity="4.126202e-02" type="0"/>
    <Peak1D F1="7.557761" intensity="5.515447e-02" type="0"/>
    <Peak1D F1="7.543766" intensity="6.122660e-02" type="0"/>
    <Peak1D F1="7.499034" intensity="1.273365e+01" type="0"/>
    <Peak1D F1="7.484614" intensity="1.229544e+01" type="0"/>
    <Peak1D F1="7.456892" intensity="8.612227e-02" type="0"/>
    <Peak1D F1="7.434372" intensity="5.099822e-02" type="0"/>
    <Peak1D F1="7.422047" intensity="9.097342e-02" type="0"/>
    <Peak1D F1="7.410429" intensity="7.654477e-02" type="0"/>
    <Peak1D F1="7.396428" intensity="3.993175e-02" type="0"/>
    <Peak1D F1="7.389040" intensity="3.087820e-02" type="0"/>
    <Peak1D F1="7.361123" intensity="9.610687e-02" type="0"/>
    <Peak1D F1="7.348858" intensity="1.052261e-01" type="0"/>
    <Peak1D F1="7.344955" intensity="8.608223e-02" type="0"/>
    <Peak1D F1="7.333875" intensity="1.499320e-01" type="0"/>
    <Peak1D F1="7.321468" intensity="3.238297e-01" type="0"/>
    <Peak1D F1="7.305590" intensity="4.369376e+00" type="0"/>
    <Peak1D F1="7.293261" intensity="1.119569e+01" type="0"/>
    <Peak1D F1="7.284702" intensity="5.736453e+00" type="0"/>
    <Peak1D F1="7.280722" intensity="8.078071e+00" type="0"/>
    <Peak1D F1="7.247210" intensity="1.797149e-01" type="0"/>
    <Peak1D F1="7.229776" intensity="3.777143e+00" type="0"/>
    <Peak1D F1="7.217543" intensity="5.474503e+00" type="0"/>
    <Peak1D F1="7.205092" intensity="2.396972e+00" type="0"/>
    <Peak1D F1="7.195751" intensity="1.048729e+01" type="0"/>
    <Peak1D F1="7.183829" intensity="8.525737e+00" type="0"/>
    <Peak1D F1="7.156575" intensity="1.096828e-01" type="0"/>
    <Peak1D F1="7.134692" intensity="4.321759e-02" type="0"/>
    <Peak1D F1="7.118149" intensity="2.488593e-02" type="0"/>
    <Peak1D F1="7.108002" intensity="2.843825e-02" type="0"/>
    <Peak1D F1="7.095360" intensity="1.903248e-02" type="0"/>
    <Peak1D F1="7.083177" intensity="2.996338e-02" type="0"/>
    <Peak1D F1="7.072000" intensity="6.315641e-02" type="0"/>
    <Peak1D F1="7.063282" intensity="7.591609e-02" type="0"/>
    <Peak1D F1="7.052684" intensity="5.136321e-02" type="0"/>
    <Peak1D F1="7.040723" intensity="1.059400e-02" type="0"/>
    <Peak1D F1="7.030867" intensity="2.778494e-02" type="0"/>
    <Peak1D F1="7.018042" intensity="1.324803e-02" type="0"/>
    <Peak1D F1="7.008418" intensity="3.958706e-03" type="0"/>
    <Peak1D F1="6.952641" intensity="3.118487e-03" type="0"/>
    <Peak1D F1="6.940407" intensity="2.360917e-03" type="0"/>
    <Peak1D F1="6.917980" intensity="1.960557e-03" type="0"/>
    <Peak1D F1="6.907714" intensity="2.168338e-03" type="0"/>
    <Peak1D F1="6.822895" intensity="3.901700e-03" type="0"/>
    <Peak1D F1="6.754736" intensity="2.175240e-03" type="0"/>
    <Peak1D F1="6.658382" intensity="5.919339e-03" type="0"/>
    <Peak1D F1="6.464352" intensity="1.188051e-02" type="0"/>
    <Peak1D F1="6.451699" intensity="1.336155e-02" type="0"/>
    <Peak1D F1="6.211721" intensity="5.877687e-03" type="0"/>
    <Peak1D F1="6.013574" intensity="1.649753e-02" type="0"/>
    <Peak1D F1="5.480547" intensity="2.441564e-03" type="0"/>
    <Peak1D F1="5.457031" intensity="8.154200e-02" type="0"/>
    <Peak1D F1="5.392344" intensity="4.376886e-03" type="0"/>
    <Peak1D F1="5.351033" intensity="1.572217e-02" type="0"/>
    <Peak1D F1="5.312006" intensity="1.500000e+01" type="0"/>
    <Peak1D F1="5.230049" intensity="3.924537e-02" type="0"/>
    <Peak1D F1="5.161416" intensity="9.347550e-02" type="0"/>
    <Peak1D F1="5.125103" intensity="3.060389e-03" type="0"/>
    <Peak1D F1="4.912362" intensity="2.379297e-03" type="0"/>
    <Peak1D F1="4.883007" intensity="2.181833e-03" type="0"/>
    <Peak1D F1="4.860561" intensity="4.539127e-03" type="0"/>
    <Peak1D F1="4.848161" intensity="7.472939e-03" type="0"/>
    <Peak1D F1="4.834599" intensity="6.741507e-03" type="0"/>
    <Peak1D F1="4.824749" intensity="4.935213e-03" type="0"/>
    <Peak1D F1="4.803372" intensity="2.961094e-03" type="0"/>
    <Peak1D F1="4.765698" intensity="2.774957e-03" type="0"/>
    <Peak1D F1="4.740657" intensity="4.171456e-03" type="0"/>
    <Peak1D F1="4.702935" intensity="9.154200e-02" type="0"/>
    <Peak1D F1="4.694482" intensity="7.915173e-02" type="0"/>
    <Peak1D F1="4.675362" intensity="1.411604e-02" type="0"/>
    <Peak1D F1="4.660999" intensity="5.582359e-03" type="0"/>
    <Peak1D F1="4.636232" intensity="4.888072e-03" type="0"/>
    <Peak1D F1="4.614836" intensity="8.249187e-03" type="0"/>
    <Peak1D F1="4.588350" intensity="5.702043e-03" type="0"/>
    <Peak1D F1="4.569439" intensity="7.240816e-02" type="0"/>
    <Peak1D F1="4.535811" intensity="9.050410e-03" type="0"/>
    <Peak1D F1="4.516585" intensity="1.622518e-02" type="0"/>
    <Peak1D F1="4.491234" intensity="3.737255e-02" type="0"/>
    <Peak1D F1="4.456978" intensity="1.351802e+01" type="0"/>
    <Peak1D F1="4.407588" intensity="1.215439e-02" type="0"/>
    <Peak1D F1="4.366529" intensity="3.327534e-03" type="0"/>
    <Peak1D F1="4.340847" intensity="7.111531e-02" type="0"/>
    <Peak1D F1="4.285576" intensity="4.915095e-03" type="0"/>
    <Peak1D F1="4.274564" intensity="5.498632e-03" type="0"/>
    <Peak1D F1="4.211896" intensity="4.213719e-02" type="0"/>
    <Peak1D F1="4.152473" intensity="5.024452e-03" type="0"/>
    <Peak1D F1="4.139709" intensity="7.044741e-03" type="0"/>
    <Peak1D F1="4.128464" intensity="6.502938e-03" type="0"/>
    <Peak1D F1="4.115477" intensity="5.133216e-03" type="0"/>
    <Peak1D F1="4.098186" intensity="4.249913e-03" type="0"/>
    <Peak1D F1="4.090548" intensity="4.187118e-03" type="0"/>
    <Peak1D F1="4.068894" intensity="4.345212e-03" type="0"/>
    <Peak1D F1="4.023830" intensity="4.786208e-03" type="0"/>
    <Peak1D F1="4.005977" intensity="5.123856e-03" type="0"/>
    <Peak1D F1="3.999081" intensity="6.543103e-03" type="0"/>
    <Peak1D F1="3.988629" intensity="6.568490e-03" type="0"/>
    <Peak1D F1="3.966952" intensity="2.696282e-02" type="0"/>
    <Peak1D F1="3.916279" intensity="7.671446e-03" type="0"/>
    <Peak1D F1="3.886989" intensity="1.299262e-02" type="0"/>
    <Peak1D F1="3.848902" intensity="9.649057e-03" type="0"/>
    <Peak1D F1="3.834527" intensity="8.950171e-03" type="0"/>
    <Peak1D F1="3.825478" intensity="8.673283e-03" type="0"/>
    <Peak1D F1="3.815822" intensity="8.710314e-03" type="0"/>
    <Peak1D F1="3.771004" intensity="2.946089e-02" type="0"/>
    <Peak1D F1="3.760720" intensity="6.869098e-02" type="0"/>
    <Peak1D F1="3.749845" intensity="3.063612e-02" type="0"/>
    <Peak1D F1="3.741410" intensity="3.103751e-02" type="0"/>
    <Peak1D F1="3.729721" intensity="6.157623e-02" type="0"/>
    <Peak1D F1="3.718031" intensity="6.463434e-02" type="0"/>
    <Peak1D F1="3.706218" intensity="3.667969e-02" type="0"/>
    <Peak1D F1="3.692294" intensity="2.872806e-02" type="0"/>
    <Peak1D F1="3.681956" intensity="3.007865e-02" type="0"/>
    <Peak1D F1="3.670144" intensity="3.024659e-02" type="0"/>
    <Peak1D F1="3.649941" intensity="2.944609e-02" type="0"/>
    <Peak1D F1="3.628835" intensity="4.719521e-02" type="0"/>
    <Peak1D F1="3.596754" intensity="1.332333e+00" type="0"/>
    <Peak1D F1="3.585390" intensity="2.253673e+00" type="0"/>
    <Peak1D F1="3.575784" intensity="2.643569e+00" type="0"/>
    <Peak1D F1="3.566164" intensity="2.676528e+00" type="0"/>
    <Peak1D F1="3.554895" intensity="1.656534e+00" type="0"/>
    <Peak1D F1="3.530550" intensity="1.853443e-01" type="0"/>
    <Peak1D F1="3.514038" intensity="1.256113e+00" type="0"/>
    <Peak1D F1="3.504439" intensity="2.048533e+00" type="0"/>
    <Peak1D F1="3.498535" intensity="2.315569e+00" type="0"/>
    <Peak1D F1="3.491892" intensity="2.359963e+00" type="0"/>
    <Peak1D F1="3.488144" intensity="2.422485e+00" type="0"/>
    <Peak1D F1="3.475674" intensity="1.527261e+00" type="0"/>
    <Peak1D F1="3.446590" intensity="1.554500e+00" type="0"/>
    <Peak1D F1="3.434605" intensity="2.565814e+00" type="0"/>
    <Peak1D F1="3.424322" intensity="2.293036e+00" type="0"/>
    <Peak1D F1="3.414061" intensity="1.996196e+00" type="0"/>
    <Peak1D F1="3.403539" intensity="1.079356e+00" type="0"/>
    <Peak1D F1="3.371213" intensity="3.584188e-02" type="0"/>
    <Peak1D F1="3.356512" intensity="2.769140e-02" type="0"/>
    <Peak1D F1="3.344101" intensity="2.195202e-02" type="0"/>
    <Peak1D F1="3.335007" intensity="2.261424e-02" type="0"/>
    <Peak1D F1="3.323830" intensity="2.588120e-02" type="0"/>
    <Peak1D F1="3.311659" intensity="3.579846e-02" type="0"/>
    <Peak1D F1="3.280123" intensity="2.109785e-01" type="0"/>
    <Peak1D F1="3.243347" intensity="3.135151e-02" type="0"/>
    <Peak1D F1="3.233222" intensity="2.704810e-02" type="0"/>
    <Peak1D F1="3.227270" intensity="2.864638e-02" type="0"/>
    <Peak1D F1="3.216717" intensity="2.282520e-02" type="0"/>
    <Peak1D F1="3.137714" intensity="1.414856e+00" type="0"/>
    <Peak1D F1="3.127239" intensity="2.654037e+00" type="0"/>
    <Peak1D F1="3.122032" intensity="1.975591e+00" type="0"/>
    <Peak1D F1="3.116589" intensity="2.324903e+00" type="0"/>
    <Peak1D F1="3.111304" intensity="2.687187e+00" type="0"/>
    <Peak1D F1="3.100074" intensity="1.499167e+00" type="0"/>
    <Peak1D F1="3.078694" intensity="4.981445e-02" type="0"/>
    <Peak1D F1="3.068231" intensity="3.992599e-02" type="0"/>
    <Peak1D F1="3.055574" intensity="3.813060e-02" type="0"/>
    <Peak1D F1="3.045430" intensity="3.006946e-02" type="0"/>
    <Peak1D F1="3.042144" intensity="3.130916e-02" type="0"/>
    <Peak1D F1="3.031988" intensity="2.759743e-02" type="0"/>
    <Peak1D F1="3.017527" intensity="2.498815e-02" type="0"/>
    <Peak1D F1="3.006299" intensity="3.321343e-02" type="0"/>
    <Peak1D F1="2.998073" intensity="4.099740e-02" type="0"/>
    <Peak1D F1="2.985730" intensity="5.909158e-02" type="0"/>
    <Peak1D F1="2.981622" intensity="4.786869e-02" type="0"/>
    <Peak1D F1="2.970915" intensity="1.795384e-01" type="0"/>
    <Peak1D F1="2.959477" intensity="4.424406e-02" type="0"/>
    <Peak1D F1="2.944646" intensity="4.308730e-02" type="0"/>
    <Peak1D F1="2.931845" intensity="8.091716e-02" type="0"/>
    <Peak1D F1="2.924786" intensity="6.927872e-02" type="0"/>
    <Peak1D F1="2.920025" intensity="6.575192e-02" type="0"/>
    <Peak1D F1="2.909708" intensity="7.733073e-02" type="0"/>
    <Peak1D F1="2.897918" intensity="2.404432e-01" type="0"/>
    <Peak1D F1="2.890498" intensity="1.220703e+00" type="0"/>
    <Peak1D F1="2.880493" intensity="1.885353e+00" type="0"/>
    <Peak1D F1="2.876439" intensity="2.366559e+00" type="0"/>
    <Peak1D F1="2.873650" intensity="1.573015e+00" type="0"/>
    <Peak1D F1="2.866126" intensity="3.658645e+00" type="0"/>
    <Peak1D F1="2.856524" intensity="3.548182e+00" type="0"/>
    <Peak1D F1="2.853447" intensity="2.997405e+00" type="0"/>
    <Peak1D F1="2.848239" intensity="2.583310e+00" type="0"/>
    <Peak1D F1="2.838085" intensity="4.307765e+00" type="0"/>
    <Peak1D F1="2.833263" intensity="4.167064e+00" type="0"/>
    <Peak1D F1="2.825366" intensity="5.280711e+00" type="0"/>
    <Peak1D F1="2.820039" intensity="8.920793e+00" type="0"/>
    <Peak1D F1="2.816297" intensity="4.795749e+00" type="0"/>
    <Peak1D F1="2.807406" intensity="2.846236e+00" type="0"/>
    <Peak1D F1="2.799099" intensity="7.313985e-01" type="0"/>
    <Peak1D F1="2.785041" intensity="4.371544e-01" type="0"/>
    <Peak1D F1="2.762439" intensity="5.277644e-02" type="0"/>
    <Peak1D F1="2.756113" intensity="4.902847e-02" type="0"/>
    <Peak1D F1="2.749631" intensity="3.827304e-02" type="0"/>
    <Peak1D F1="2.743690" intensity="4.851542e-02" type="0"/>
    <Peak1D F1="2.731551" intensity="1.059139e-01" type="0"/>
    <Peak1D F1="2.718513" intensity="1.073723e-01" type="0"/>
    <Peak1D F1="2.713360" intensity="1.294671e-01" type="0"/>
    <Peak1D F1="2.696293" intensity="2.433550e+00" type="0"/>
    <Peak1D F1="2.687895" intensity="1.907482e+00" type="0"/>
    <Peak1D F1="2.681818" intensity="2.919924e+00" type="0"/>
    <Peak1D F1="2.679409" intensity="2.814037e+00" type="0"/>
    <Peak1D F1="2.672440" intensity="2.197549e+00" type="0"/>
    <Peak1D F1="2.667875" intensity="2.883449e+00" type="0"/>
    <Peak1D F1="2.659173" intensity="6.862152e-01" type="0"/>
    <Peak1D F1="2.654313" intensity="1.098461e+00" type="0"/>
    <Peak1D F1="2.631251" intensity="5.656094e-02" type="0"/>
    <Peak1D F1="2.622677" intensity="5.621186e-02" type="0"/>
    <Peak1D F1="2.602552" intensity="3.707112e-02" type="0"/>
    <Peak1D F1="2.583269" intensity="4.695877e-02" type="0"/>
    <Peak1D F1="2.569330" intensity="5.251934e-02" type="0"/>
    <Peak1D F1="2.565228" intensity="5.201002e-02" type="0"/>
    <Peak1D F1="2.558285" intensity="5.258035e-02" type="0"/>
    <Peak1D F1="2.553643" intensity="5.614491e-02" type="0"/>
    <Peak1D F1="2.540083" intensity="5.487712e-02" type="0"/>
    <Peak1D F1="2.289933" intensity="4.299117e-01" type="0"/>
    <Peak1D F1="2.272699" intensity="4.155863e-01" type="0"/>
    <Peak1D F1="2.259349" intensity="4.084310e-01" type="0"/>
    <Peak1D F1="2.186086" intensity="1.036342e+01" type="0"/>
    <Peak1D F1="2.078662" intensity="1.446951e-01" type="0"/>
    <Peak1D F1="2.059950" intensity="1.109921e-01" type="0"/>
    <Peak1D F1="2.049338" intensity="1.055539e-01" type="0"/>
    <Peak1D F1="2.038738" intensity="1.000735e-01" type="0"/>
    <Peak1D F1="2.021210" intensity="1.631521e-01" type="0"/>
    <Peak1D F1="2.006260" intensity="8.952003e-02" type="0"/>
    <Peak1D F1="1.994301" intensity="9.532936e-02" type="0"/>
    <Peak1D F1="1.972304" intensity="3.503533e-01" type="0"/>
    <Peak1D F1="1.962838" intensity="6.825735e-01" type="0"/>
    <Peak1D F1="1.951028" intensity="1.611308e+00" type="0"/>
    <Peak1D F1="1.941344" intensity="2.365702e+00" type="0"/>
    <Peak1D F1="1.928916" intensity="2.068907e+00" type="0"/>
    <Peak1D F1="1.923880" intensity="1.264587e+00" type="0"/>
    <Peak1D F1="1.918892" intensity="9.657121e-01" type="0"/>
    <Peak1D F1="1.913288" intensity="9.005668e-01" type="0"/>
    <Peak1D F1="1.903314" intensity="4.164833e-01" type="0"/>
    <Peak1D F1="1.892512" intensity="5.592719e-01" type="0"/>
    <Peak1D F1="1.887458" intensity="3.981595e-01" type="0"/>
    <Peak1D F1="1.880385" intensity="7.926620e-01" type="0"/>
    <Peak1D F1="1.869513" intensity="1.948360e+00" type="0"/>
    <Peak1D F1="1.858824" intensity="3.395238e+00" type="0"/>
    <Peak1D F1="1.852355" intensity="3.538393e+00" type="0"/>
    <Peak1D F1="1.845769" intensity="4.181288e+00" type="0"/>
    <Peak1D F1="1.836195" intensity="3.807390e+00" type="0"/>
    <Peak1D F1="1.825769" intensity="2.817854e+00" type="0"/>
    <Peak1D F1="1.808627" intensity="1.620768e+00" type="0"/>
    <Peak1D F1="1.804932" intensity="1.946418e+00" type="0"/>
    <Peak1D F1="1.802466" intensity="1.872216e+00" type="0"/>
    <Peak1D F1="1.791262" intensity="2.242101e+00" type="0"/>
    <Peak1D F1="1.781691" intensity="1.290681e+00" type="0"/>
    <Peak1D F1="1.769888" intensity="5.207997e-01" type="0"/>
    <Peak1D F1="1.759687" intensity="2.265853e-01" type="0"/>
    <Peak1D F1="1.737722" intensity="4.031369e-02" type="0"/>
    <Peak1D F1="1.726162" intensity="3.436232e-02" type="0"/>
    <Peak1D F1="1.714876" intensity="2.736821e-02" type="0"/>
    <Peak1D F1="1.701798" intensity="2.534213e-02" type="0"/>
    <Peak1D F1="1.690521" intensity="2.406632e-02" type="0"/>
    <Peak1D F1="1.679697" intensity="2.042978e-02" type="0"/>
    <Peak1D F1="1.669119" intensity="2.394663e-02" type="0"/>
    <Peak1D F1="1.658246" intensity="2.998554e-02" type="0"/>
    <Peak1D F1="1.636076" intensity="1.471513e-02" type="0"/>
    <Peak1D F1="1.625684" intensity="1.218167e-02" type="0"/>
    <Peak1D F1="1.615562" intensity="2.633563e-02" type="0"/>
    <Peak1D F1="1.554378" intensity="3.974526e-03" type="0"/>
    <Peak1D F1="1.520684" intensity="7.815473e-03" type="0"/>
    <Peak1D F1="1.502014" intensity="5.699465e-03" type="0"/>
    <Peak1D F1="1.495370" intensity="5.145755e-03" type="0"/>
    <Peak1D F1="1.477994" intensity="4.523639e-03" type="0"/>
    <Peak1D F1="1.438686" intensity="8.856218e-03" type="0"/>
    <Peak1D F1="1.435125" intensity="9.236517e-03" type="0"/>
    <Peak1D F1="1.413665" intensity="5.424559e-03" type="0"/>
    <Peak1D F1="1.394819" intensity="4.072681e-02" type="0"/>
    <Peak1D F1="1.375433" intensity="1.412888e-02" type="0"/>
    <Peak1D F1="1.365210" intensity="1.222383e-02" type="0"/>
    <Peak1D F1="1.353356" intensity="1.615935e-02" type="0"/>
    <Peak1D F1="1.325885" intensity="2.584043e-02" type="0"/>
    <Peak1D F1="1.302297" intensity="4.413593e-02" type="0"/>
    <Peak1D F1="1.271864" intensity="3.248349e-01" type="0"/>
    <Peak1D F1="1.263705" intensity="1.075917e-01" type="0"/>
    <Peak1D F1="1.251916" intensity="1.257296e-01" type="0"/>
    <Peak1D F1="1.240223" intensity="6.650765e-02" type="0"/>
    <Peak1D F1="1.223884" intensity="1.371449e-02" type="0"/>
    <Peak1D F1="1.218444" intensity="1.289052e-02" type="0"/>
    <Peak1D F1="1.212286" intensity="1.661258e-02" type="0"/>
    <Peak1D F1="1.208165" intensity="2.700064e-02" type="0"/>
    <Peak1D F1="1.196312" intensity="2.498745e-02" type="0"/>
    <Peak1D F1="1.181425" intensity="6.837931e-03" type="0"/>
    <Peak1D F1="1.166845" intensity="3.842021e-02" type="0"/>
    <Peak1D F1="1.145689" intensity="1.483230e-02" type="0"/>
    <Peak1D F1="1.136042" intensity="1.549498e-02" type="0"/>
    <Peak1D F1="1.099490" intensity="1.392069e-02" type="0"/>
    <Peak1D F1="1.083903" intensity="5.885473e-02" type="0"/>
    <Peak1D F1="1.072044" intensity="1.157810e-01" type="0"/>
    <Peak1D F1="1.060210" intensity="5.564366e-02" type="0"/>
    <Peak1D F1="1.046055" intensity="1.599319e-02" type="0"/>
    <Peak1D F1="1.036645" intensity="1.408556e-02" type="0"/>
    <Peak1D F1="0.987215" intensity="3.764316e-03" type="0"/>
    <Peak1D F1="0.976225" intensity="3.612121e-03" type="0"/>
    <Peak1D F1="0.945606" intensity="8.471769e-03" type="0"/>
    <Peak1D F1="0.935368" intensity="4.797487e-03" type="0"/>
    <Peak1D F1="0.907669" intensity="3.199397e-02" type="0"/>
    <Peak1D F1="0.896565" intensity="5.359356e-02" type="0"/>
    <Peak1D F1="0.884887" intensity="3.912778e-02" type="0"/>
    <Peak1D F1="0.877162" intensity="2.195709e-02" type="0"/>
    <Peak1D F1="0.873198" intensity="2.703779e-02" type="0"/>
    <Peak1D F1="0.863980" intensity="2.838958e-02" type="0"/>
    <Peak1D F1="0.860114" intensity="2.924272e-02" type="0"/>
    <Peak1D F1="0.849329" intensity="2.289959e-02" type="0"/>
    <Peak1D F1="0.837998" intensity="1.404730e-02" type="0"/>
    <Peak1D F1="0.719268" intensity="1.621678e-02" type="0"/>
    <Peak1D F1="0.090874" intensity="2.761237e-02" type="0"/>
    <Peak1D F1="-1.426265" intensity="2.408175e-03" type="0"/>
    <Peak1D F1="-1.647873" intensity="2.168804e-03" type="0"/>
    <Peak1D F1="-1.794526" intensity="1.945467e-03" type="0"/>
    <Peak1D F1="-1.833465" intensity="1.975616e-03" type="0"/>
    <Peak1D F1="-1.896792" intensity="2.465974e-03" type="0"/>
    <Peak1D F1="-1.963552" intensity="2.135924e-03" type="0"/>
    <Peak1D F1="-1.971765" intensity="2.232860e-03" type="0"/>
    <Peak1D F1="-2.028930" intensity="2.074775e-03" type="0"/>
    <Peak1D F1="-2.061585" intensity="1.989637e-03" type="0"/>
    <Peak1D F1="-2.108175" intensity="2.322371e-03" type="0"/>
    <Peak1D F1="-2.123293" intensity="2.088111e-03" type="0"/>
    <Peak1D F1="-2.139572" intensity="2.376265e-03" type="0"/>
    <Peak1D F1="-2.207616" intensity="2.071375e-03" type="0"/>
  </PeakList1D>
</PeakList>
