<?xml version="1.0" encoding="UTF-8"?>
<PeakList>
  <PeakList1D>
    <PeakList1DHeader creator="nmr2019" date="2019-04-24T23:04:29" expNo="218" name="zhq190316" owner="" procNo="1" source="D:/bruker">
      <PeakPickDetails>F1=170.316ppm, F2=100.928ppm, MI=1.24cm, MAXI=20.26cm, PC=1.400
      </PeakPickDetails>
    </PeakList1DHeader>
    <Peak1D F1="164.0046" intensity="4.66" type="0"/>
    <Peak1D F1="151.8501" intensity="4.05" type="0"/>
    <Peak1D F1="149.7084" intensity="12.03" type="0"/>
    <Peak1D F1="148.7646" intensity="6.85" type="0"/>
    <Peak1D F1="139.9732" intensity="12.09" type="0"/>
    <Peak1D F1="138.371" intensity="12.37" type="0"/>
    <Peak1D F1="124.2511" intensity="13.98" type="0"/>
    <Peak1D F1="123.9421" intensity="12.3" type="0"/>
    <Peak1D F1="118.609" intensity="11.76" type="0"/>
    <Peak1D F1="106.4137" intensity="12.0" type="0"/>
  </PeakList1D>
  <PeakList1D>
    <PeakList1DHeader creator="nmr2019" date="2019-04-24T23:04:29" expNo="218" name="zhq190316" owner="" procNo="1" source="D:/bruker">
      <PeakPickDetails>F1=83.961ppm, F2=63.950ppm, MI=4.95cm, MAXI=18.96cm, PC=1.400
      </PeakPickDetails>
    </PeakList1DHeader>
    <Peak1D F1="77.3798" intensity="14.49" type="0"/>
    <Peak1D F1="77.1256" intensity="15.0" type="0"/>
    <Peak1D F1="76.8714" intensity="14.57" type="0"/>
  </PeakList1D>
  <PeakList1D>
    <PeakList1DHeader creator="nmr2019" date="2019-04-24T23:04:29" expNo="218" name="zhq190316" owner="" procNo="1" source="D:/bruker">
      <PeakPickDetails>F1=49.159ppm, F2=18.054ppm, MI=1.86cm, MAXI=17.72cm, PC=1.400
      </PeakPickDetails>
    </PeakList1DHeader>
    <Peak1D F1="42.1923" intensity="13.75" type="0"/>
    <Peak1D F1="26.9525" intensity="14.94" type="0"/>
    <Peak1D F1="22.3003" intensity="3.74" type="0"/>
  </PeakList1D>
</PeakList>
