<?xml version="1.0" encoding="UTF-8"?>
<PeakList>
  <PeakList1D>
    <PeakList1DHeader creator="JRomeo" date="2020-01-06T11:13:43" expNo="4" name="2JR89_p" owner="" procNo="1" source="C:\Bruker\TOPSPIN">
      <PeakPickDetails>F1=165.523ppm, F2=142.473ppm, MI=0.26cm, MAXI=1.29cm, PC=1.400
      </PeakPickDetails>
    </PeakList1DHeader>
    <Peak1D F1="154.6539" intensity="0.72" type="0"/>
    <Peak1D F1="151.0144" intensity="0.86" type="0"/>
  </PeakList1D>
  <PeakList1D>
    <PeakList1DHeader creator="JRomeo" date="2020-01-06T11:13:43" expNo="4" name="2JR89_p" owner="" procNo="1" source="C:\Bruker\TOPSPIN">
      <PeakPickDetails>F1=121.410ppm, F2=91.405ppm, MI=0.71cm, MAXI=4.36cm, PC=1.400
      </PeakPickDetails>
    </PeakList1DHeader>
    <Peak1D F1="117.682" intensity="3.69" type="0"/>
    <Peak1D F1="114.5471" intensity="3.82" type="0"/>
    <Peak1D F1="99.2645" intensity="1.89" type="0"/>
    <Peak1D F1="97.2537" intensity="1.69" type="0"/>
  </PeakList1D>
  <PeakList1D>
    <PeakList1DHeader creator="JRomeo" date="2020-01-06T11:13:43" expNo="4" name="2JR89_p" owner="" procNo="1" source="C:\Bruker\TOPSPIN">
      <PeakPickDetails>F1=75.906ppm, F2=52.061ppm, MI=0.50cm, MAXI=2.48cm, PC=1.400
      </PeakPickDetails>
    </PeakList1DHeader>
    <Peak1D F1="74.9661" intensity="1.59" type="0"/>
    <Peak1D F1="73.4273" intensity="1.51" type="0"/>
    <Peak1D F1="71.2772" intensity="1.75" type="0"/>
    <Peak1D F1="67.6282" intensity="1.79" type="0"/>
    <Peak1D F1="66.7864" intensity="1.56" type="0"/>
    <Peak1D F1="65.5785" intensity="1.68" type="0"/>
    <Peak1D F1="56.4606" intensity="1.71" type="0"/>
    <Peak1D F1="55.6602" intensity="2.0" type="0"/>
  </PeakList1D>
  <PeakList1D>
    <PeakList1DHeader creator="JRomeo" date="2020-01-06T11:13:43" expNo="4" name="2JR89_p" owner="" procNo="1" source="C:\Bruker\TOPSPIN">
      <PeakPickDetails>F1=37.158ppm, F2=9.737ppm, MI=0.60cm, MAXI=7.83cm, PC=1.400
      </PeakPickDetails>
    </PeakList1DHeader>
    <Peak1D F1="32.7411" intensity="1.55" type="0"/>
    <Peak1D F1="31.1032" intensity="1.56" type="0"/>
    <Peak1D F1="25.76" intensity="7.08" type="0"/>
    <Peak1D F1="18.0074" intensity="1.1" type="0"/>
    <Peak1D F1="17.4817" intensity="1.68" type="0"/>
    <Peak1D F1="16.9087" intensity="1.91" type="0"/>
  </PeakList1D>
  <PeakList1D>
    <PeakList1DHeader creator="JRomeo" date="2020-01-06T11:13:43" expNo="4" name="2JR89_p" owner="" procNo="1" source="C:\Bruker\TOPSPIN">
      <PeakPickDetails>F1=0.199ppm, F2=-9.935ppm, MI=1.21cm, MAXI=2.50cm, PC=1.400
      </PeakPickDetails>
    </PeakList1DHeader>
    <Peak1D F1="-4.4903" intensity="1.74" type="0"/>
    <Peak1D F1="-4.6732" intensity="1.74" type="0"/>
  </PeakList1D>
</PeakList>
