<?xml version="1.0" encoding="UTF-8"?>
<PeakList>
  <PeakList1D>
    <PeakList1DHeader creator="nmrsu" date="2023-08-03T11:45:24.662-05:00" expNo="1295610" name="Aug03-2023" owner="" procNo="1" source="G:/data/chem-synthesis-summer-a-team1/nmr">
      <PeakPickDetails>F1=219.460297ppm, F2=-19.460289ppm, MI=0.00cm, MAXI=10000.00cm, PC=1.400
      </PeakPickDetails>
    </PeakList1DHeader>
    <Peak1D F1="133.052322" intensity="1.500000e+001" type="0"/>
    <Peak1D F1="131.452240" intensity="1.439479e+001" type="0"/>
    <Peak1D F1="128.298996" intensity="1.199281e+001" type="0"/>
    <Peak1D F1="114.012283" intensity="1.377140e+001" type="0"/>
    <Peak1D F1="77.331566" intensity="8.219887e+001" type="0"/>
    <Peak1D F1="77.014206" intensity="8.072940e+001" type="0"/>
    <Peak1D F1="76.697098" intensity="8.000137e+001" type="0"/>
    <Peak1D F1="55.308018" intensity="6.133288e+000" type="0"/>
  </PeakList1D>
</PeakList>
