<?xml version="1.0" encoding="UTF-8"?>
<PeakList>
  <PeakList1D>
    <PeakList1DHeader creator="nmrsu" date="2023-07-20T13:14:14.654-05:00" expNo="1257510" name="Jul20-2023" owner="" procNo="1" source="G:/data/chem-synthesis-summer-a-team3/nmr">
      <PeakPickDetails>F1=16.187771ppm, F2=-3.837772ppm, MI=0.00cm, MAXI=10000.00cm, PC=1.000
      </PeakPickDetails>
    </PeakList1DHeader>
    <Peak1D F1="7.278169" intensity="1.003458e+000" type="0"/>
    <Peak1D F1="6.387145" intensity="6.147051e-001" type="0"/>
    <Peak1D F1="6.322602" intensity="3.303398e-001" type="0"/>
    <Peak1D F1="6.278328" intensity="2.736157e-001" type="0"/>
    <Peak1D F1="5.772425" intensity="1.695326e+000" type="0"/>
    <Peak1D F1="4.385511" intensity="9.985701e-001" type="0"/>
    <Peak1D F1="4.274714" intensity="1.370180e+000" type="0"/>
    <Peak1D F1="4.225366" intensity="9.941714e-001" type="0"/>
    <Peak1D F1="3.720064" intensity="1.271730e+001" type="0"/>
    <Peak1D F1="3.697326" intensity="1.500000e+001" type="0"/>
    <Peak1D F1="3.674412" intensity="1.481938e+001" type="0"/>
    <Peak1D F1="3.350726" intensity="1.697438e+000" type="0"/>
    <Peak1D F1="3.038449" intensity="1.646143e+000" type="0"/>
    <Peak1D F1="2.502389" intensity="3.041497e+000" type="0"/>
    <Peak1D F1="2.465456" intensity="3.006913e+000" type="0"/>
    <Peak1D F1="2.306461" intensity="3.310699e+000" type="0"/>
    <Peak1D F1="2.051216" intensity="5.889618e-001" type="0"/>
    <Peak1D F1="1.725460" intensity="8.890207e+000" type="0"/>
    <Peak1D F1="1.634429" intensity="1.344819e+001" type="0"/>
    <Peak1D F1="1.282690" intensity="4.503960e-001" type="0"/>
    <Peak1D F1="1.265450" intensity="4.674387e-001" type="0"/>
    <Peak1D F1="0.889112" intensity="2.219683e-001" type="0"/>
  </PeakList1D>
</PeakList>
