<?xml version="1.0" encoding="UTF-8"?>
<PeakList>
  <PeakList1D>
    <PeakList1DHeader creator="nmr600" date="2019-07-25T09:17:36.870+02:00" expNo="20" name="6Jul2519" owner="" procNo="1" source="/opt/topspin3.0/data/nmr600/nmr">
      <PeakPickDetails>F1=16.358391ppm, F2=-4.192255ppm, MI=0.00cm, MAXI=10000.00cm, PC=1.000
      </PeakPickDetails>
    </PeakList1DHeader>
    <Peak1D F1="13.547024" intensity="1.689303e-03" type="0"/>
    <Peak1D F1="9.681757" intensity="1.709863e-03" type="0"/>
    <Peak1D F1="9.583356" intensity="1.604540e-03" type="0"/>
    <Peak1D F1="9.565456" intensity="1.570581e-03" type="0"/>
    <Peak1D F1="9.548538" intensity="2.124672e-03" type="0"/>
    <Peak1D F1="9.528868" intensity="1.537433e-03" type="0"/>
    <Peak1D F1="9.316823" intensity="1.670089e-03" type="0"/>
    <Peak1D F1="9.295396" intensity="1.619644e-03" type="0"/>
    <Peak1D F1="9.280152" intensity="1.835411e-03" type="0"/>
    <Peak1D F1="9.270162" intensity="1.785303e-03" type="0"/>
    <Peak1D F1="9.068847" intensity="7.608190e-01" type="0"/>
    <Peak1D F1="8.886971" intensity="1.753844e-03" type="0"/>
    <Peak1D F1="8.789586" intensity="2.005321e-03" type="0"/>
    <Peak1D F1="8.760981" intensity="3.249398e-03" type="0"/>
    <Peak1D F1="8.440391" intensity="1.610372e-03" type="0"/>
    <Peak1D F1="8.360781" intensity="1.618828e-03" type="0"/>
    <Peak1D F1="8.270244" intensity="2.051107e-03" type="0"/>
    <Peak1D F1="8.186943" intensity="1.911918e-03" type="0"/>
    <Peak1D F1="8.168414" intensity="1.928006e-03" type="0"/>
    <Peak1D F1="8.162932" intensity="1.610203e-03" type="0"/>
    <Peak1D F1="8.147368" intensity="4.502704e-03" type="0"/>
    <Peak1D F1="8.136168" intensity="4.276266e-03" type="0"/>
    <Peak1D F1="8.123363" intensity="3.394972e-03" type="0"/>
    <Peak1D F1="8.109531" intensity="3.280030e-03" type="0"/>
    <Peak1D F1="8.067227" intensity="1.600562e-03" type="0"/>
    <Peak1D F1="8.050012" intensity="1.581043e-03" type="0"/>
    <Peak1D F1="8.013067" intensity="2.174595e-02" type="0"/>
    <Peak1D F1="8.009763" intensity="1.589232e-02" type="0"/>
    <Peak1D F1="7.978442" intensity="6.400976e-03" type="0"/>
    <Peak1D F1="7.964383" intensity="7.093866e-03" type="0"/>
    <Peak1D F1="7.952481" intensity="1.661426e-02" type="0"/>
    <Peak1D F1="7.950425" intensity="1.691039e-02" type="0"/>
    <Peak1D F1="7.939352" intensity="2.188568e-02" type="0"/>
    <Peak1D F1="7.937024" intensity="1.988619e-02" type="0"/>
    <Peak1D F1="7.932845" intensity="6.418801e-03" type="0"/>
    <Peak1D F1="7.911278" intensity="4.342066e-03" type="0"/>
    <Peak1D F1="7.878680" intensity="2.331505e-02" type="0"/>
    <Peak1D F1="7.864734" intensity="2.447530e-02" type="0"/>
    <Peak1D F1="7.833003" intensity="4.483899e-03" type="0"/>
    <Peak1D F1="7.819740" intensity="5.294105e-03" type="0"/>
    <Peak1D F1="7.807336" intensity="5.588515e-03" type="0"/>
    <Peak1D F1="7.797528" intensity="5.239743e-03" type="0"/>
    <Peak1D F1="7.785251" intensity="6.087269e-03" type="0"/>
    <Peak1D F1="7.772533" intensity="6.863091e-03" type="0"/>
    <Peak1D F1="7.767783" intensity="7.056896e-03" type="0"/>
    <Peak1D F1="7.755131" intensity="1.062682e-02" type="0"/>
    <Peak1D F1="7.743074" intensity="1.100572e-02" type="0"/>
    <Peak1D F1="7.739039" intensity="9.698217e-03" type="0"/>
    <Peak1D F1="7.736548" intensity="1.007435e-02" type="0"/>
    <Peak1D F1="7.725134" intensity="9.175891e-03" type="0"/>
    <Peak1D F1="7.711465" intensity="4.867634e-03" type="0"/>
    <Peak1D F1="7.686291" intensity="6.679183e-03" type="0"/>
    <Peak1D F1="7.675189" intensity="8.299330e-03" type="0"/>
    <Peak1D F1="7.663953" intensity="7.086608e-03" type="0"/>
    <Peak1D F1="7.647716" intensity="6.168615e-03" type="0"/>
    <Peak1D F1="7.634704" intensity="6.135552e-03" type="0"/>
    <Peak1D F1="7.630634" intensity="6.726937e-03" type="0"/>
    <Peak1D F1="7.612433" intensity="8.935991e-03" type="0"/>
    <Peak1D F1="7.592559" intensity="2.771816e-02" type="0"/>
    <Peak1D F1="7.585331" intensity="2.987817e-02" type="0"/>
    <Peak1D F1="7.578153" intensity="3.555518e-02" type="0"/>
    <Peak1D F1="7.565412" intensity="3.338067e-02" type="0"/>
    <Peak1D F1="7.563175" intensity="3.171507e-02" type="0"/>
    <Peak1D F1="7.551065" intensity="2.741540e-02" type="0"/>
    <Peak1D F1="7.531255" intensity="1.477220e-02" type="0"/>
    <Peak1D F1="7.520328" intensity="1.341310e-02" type="0"/>
    <Peak1D F1="7.506534" intensity="1.332797e-02" type="0"/>
    <Peak1D F1="7.499629" intensity="1.260427e-02" type="0"/>
    <Peak1D F1="7.490838" intensity="1.716421e-02" type="0"/>
    <Peak1D F1="7.481890" intensity="2.959570e-02" type="0"/>
    <Peak1D F1="7.477032" intensity="3.167204e-02" type="0"/>
    <Peak1D F1="7.470819" intensity="4.756618e-02" type="0"/>
    <Peak1D F1="7.464578" intensity="2.928657e-02" type="0"/>
    <Peak1D F1="7.457924" intensity="3.977580e-02" type="0"/>
    <Peak1D F1="7.453639" intensity="2.924628e-02" type="0"/>
    <Peak1D F1="7.437593" intensity="4.925734e-02" type="0"/>
    <Peak1D F1="7.435852" intensity="5.156968e-02" type="0"/>
    <Peak1D F1="7.431230" intensity="4.010809e-02" type="0"/>
    <Peak1D F1="7.423388" intensity="7.382604e-02" type="0"/>
    <Peak1D F1="7.404001" intensity="1.118680e-01" type="0"/>
    <Peak1D F1="7.396544" intensity="1.044920e-01" type="0"/>
    <Peak1D F1="7.388795" intensity="6.154337e-02" type="0"/>
    <Peak1D F1="7.385873" intensity="5.627088e-02" type="0"/>
    <Peak1D F1="7.383689" intensity="5.494580e-02" type="0"/>
    <Peak1D F1="7.364521" intensity="6.724921e-02" type="0"/>
    <Peak1D F1="7.350191" intensity="6.882051e-02" type="0"/>
    <Peak1D F1="7.336040" intensity="9.037238e-02" type="0"/>
    <Peak1D F1="7.326130" intensity="1.270629e-01" type="0"/>
    <Peak1D F1="7.323806" intensity="1.293571e-01" type="0"/>
    <Peak1D F1="7.308540" intensity="9.984834e-01" type="0"/>
    <Peak1D F1="7.306133" intensity="1.591711e+00" type="0"/>
    <Peak1D F1="7.303211" intensity="7.968490e-01" type="0"/>
    <Peak1D F1="7.294609" intensity="4.196422e+00" type="0"/>
    <Peak1D F1="7.291907" intensity="2.249690e+00" type="0"/>
    <Peak1D F1="7.281945" intensity="3.498363e+00" type="0"/>
    <Peak1D F1="7.267605" intensity="1.780102e+00" type="0"/>
    <Peak1D F1="7.255931" intensity="1.828797e+00" type="0"/>
    <Peak1D F1="7.251331" intensity="4.846344e-01" type="0"/>
    <Peak1D F1="7.244259" intensity="6.048782e-01" type="0"/>
    <Peak1D F1="7.243194" intensity="6.083316e-01" type="0"/>
    <Peak1D F1="7.235314" intensity="1.613204e+00" type="0"/>
    <Peak1D F1="7.222952" intensity="2.294127e+00" type="0"/>
    <Peak1D F1="7.205523" intensity="1.151036e-01" type="0"/>
    <Peak1D F1="7.192757" intensity="4.685091e+00" type="0"/>
    <Peak1D F1="7.178286" intensity="1.575965e+00" type="0"/>
    <Peak1D F1="7.165668" intensity="2.638165e+00" type="0"/>
    <Peak1D F1="7.153059" intensity="1.225647e+00" type="0"/>
    <Peak1D F1="7.133044" intensity="7.007237e-02" type="0"/>
    <Peak1D F1="7.126197" intensity="5.895045e-02" type="0"/>
    <Peak1D F1="7.120082" intensity="6.421625e-02" type="0"/>
    <Peak1D F1="7.113883" intensity="5.534124e-02" type="0"/>
    <Peak1D F1="7.099305" intensity="6.117862e-02" type="0"/>
    <Peak1D F1="7.085410" intensity="6.188714e-02" type="0"/>
    <Peak1D F1="7.075066" intensity="4.924114e-02" type="0"/>
    <Peak1D F1="7.060726" intensity="5.063563e-02" type="0"/>
    <Peak1D F1="7.054752" intensity="4.129125e-02" type="0"/>
    <Peak1D F1="7.045523" intensity="1.036249e-01" type="0"/>
    <Peak1D F1="7.042218" intensity="6.216566e-02" type="0"/>
    <Peak1D F1="7.034950" intensity="6.303164e-02" type="0"/>
    <Peak1D F1="7.030477" intensity="6.033178e-02" type="0"/>
    <Peak1D F1="7.015894" intensity="6.976991e-02" type="0"/>
    <Peak1D F1="6.999803" intensity="3.612098e-02" type="0"/>
    <Peak1D F1="6.964666" intensity="1.956853e+00" type="0"/>
    <Peak1D F1="6.952227" intensity="1.743767e+00" type="0"/>
    <Peak1D F1="6.919634" intensity="2.855232e-02" type="0"/>
    <Peak1D F1="6.905541" intensity="2.315716e-02" type="0"/>
    <Peak1D F1="6.884740" intensity="2.441376e-02" type="0"/>
    <Peak1D F1="6.859378" intensity="3.880304e-02" type="0"/>
    <Peak1D F1="6.830651" intensity="3.473913e+00" type="0"/>
    <Peak1D F1="6.817175" intensity="3.439600e+00" type="0"/>
    <Peak1D F1="6.748718" intensity="1.025052e-02" type="0"/>
    <Peak1D F1="6.736311" intensity="1.049816e-02" type="0"/>
    <Peak1D F1="6.724632" intensity="1.056492e-02" type="0"/>
    <Peak1D F1="6.709974" intensity="1.156251e-02" type="0"/>
    <Peak1D F1="6.696620" intensity="2.308586e-02" type="0"/>
    <Peak1D F1="6.685483" intensity="2.082465e-02" type="0"/>
    <Peak1D F1="6.668363" intensity="9.362701e-03" type="0"/>
    <Peak1D F1="6.654735" intensity="7.891898e-03" type="0"/>
    <Peak1D F1="6.642964" intensity="4.747793e-03" type="0"/>
    <Peak1D F1="6.630108" intensity="4.932346e-03" type="0"/>
    <Peak1D F1="6.606327" intensity="3.290891e-03" type="0"/>
    <Peak1D F1="6.594394" intensity="3.097770e-03" type="0"/>
    <Peak1D F1="6.582206" intensity="2.783464e-03" type="0"/>
    <Peak1D F1="6.561234" intensity="2.592942e-03" type="0"/>
    <Peak1D F1="6.547972" intensity="2.292050e-03" type="0"/>
    <Peak1D F1="6.533645" intensity="3.068185e-03" type="0"/>
    <Peak1D F1="6.519795" intensity="2.688878e-03" type="0"/>
    <Peak1D F1="6.487954" intensity="1.679338e-03" type="0"/>
    <Peak1D F1="6.467162" intensity="3.392396e-03" type="0"/>
    <Peak1D F1="6.454670" intensity="2.117927e-03" type="0"/>
    <Peak1D F1="6.440416" intensity="2.615588e-03" type="0"/>
    <Peak1D F1="6.380113" intensity="1.582866e-03" type="0"/>
    <Peak1D F1="6.318763" intensity="1.596859e-03" type="0"/>
    <Peak1D F1="6.255373" intensity="1.837372e-03" type="0"/>
    <Peak1D F1="6.206315" intensity="1.936050e-03" type="0"/>
    <Peak1D F1="6.195544" intensity="1.651623e-03" type="0"/>
    <Peak1D F1="6.175156" intensity="3.159108e-03" type="0"/>
    <Peak1D F1="6.158172" intensity="1.850014e-03" type="0"/>
    <Peak1D F1="5.943079" intensity="2.014931e-03" type="0"/>
    <Peak1D F1="5.915518" intensity="1.652193e-03" type="0"/>
    <Peak1D F1="5.886658" intensity="1.562526e-03" type="0"/>
    <Peak1D F1="5.870314" intensity="1.672255e-03" type="0"/>
    <Peak1D F1="5.862587" intensity="1.857862e-03" type="0"/>
    <Peak1D F1="5.796181" intensity="2.900618e-03" type="0"/>
    <Peak1D F1="5.780122" intensity="2.126696e-03" type="0"/>
    <Peak1D F1="5.765458" intensity="2.153932e-03" type="0"/>
    <Peak1D F1="5.747819" intensity="2.143510e-03" type="0"/>
    <Peak1D F1="5.727196" intensity="3.016975e-03" type="0"/>
    <Peak1D F1="5.698980" intensity="1.301916e-02" type="0"/>
    <Peak1D F1="5.682945" intensity="2.784818e-03" type="0"/>
    <Peak1D F1="5.627555" intensity="2.335988e-03" type="0"/>
    <Peak1D F1="5.615777" intensity="2.669545e-03" type="0"/>
    <Peak1D F1="5.600362" intensity="2.044666e-03" type="0"/>
    <Peak1D F1="5.588714" intensity="1.760849e-03" type="0"/>
    <Peak1D F1="5.572058" intensity="1.751401e-03" type="0"/>
    <Peak1D F1="5.537979" intensity="1.681175e-03" type="0"/>
    <Peak1D F1="5.522005" intensity="1.653733e-03" type="0"/>
    <Peak1D F1="5.508746" intensity="3.062894e-03" type="0"/>
    <Peak1D F1="5.479974" intensity="2.589268e-03" type="0"/>
    <Peak1D F1="5.460346" intensity="1.641631e-02" type="0"/>
    <Peak1D F1="5.445354" intensity="4.293532e-03" type="0"/>
    <Peak1D F1="5.401478" intensity="9.288553e-03" type="0"/>
    <Peak1D F1="5.371366" intensity="5.848054e-02" type="0"/>
    <Peak1D F1="5.355213" intensity="2.620235e+00" type="0"/>
    <Peak1D F1="5.301075" intensity="7.818457e-03" type="0"/>
    <Peak1D F1="5.269261" intensity="5.136119e-02" type="0"/>
    <Peak1D F1="5.259531" intensity="1.028560e-02" type="0"/>
    <Peak1D F1="5.246072" intensity="2.443055e-02" type="0"/>
    <Peak1D F1="5.226495" intensity="2.908981e+00" type="0"/>
    <Peak1D F1="5.193277" intensity="8.835955e-03" type="0"/>
    <Peak1D F1="5.169723" intensity="2.684138e-03" type="0"/>
    <Peak1D F1="5.141556" intensity="2.610722e-03" type="0"/>
    <Peak1D F1="5.120972" intensity="1.996631e-03" type="0"/>
    <Peak1D F1="5.075883" intensity="1.963180e-02" type="0"/>
    <Peak1D F1="5.051584" intensity="1.965672e-03" type="0"/>
    <Peak1D F1="5.028155" intensity="6.902104e-03" type="0"/>
    <Peak1D F1="5.014841" intensity="2.333427e-03" type="0"/>
    <Peak1D F1="4.998595" intensity="2.919911e-03" type="0"/>
    <Peak1D F1="4.978745" intensity="1.984600e-03" type="0"/>
    <Peak1D F1="4.959209" intensity="1.765193e-03" type="0"/>
    <Peak1D F1="4.930513" intensity="1.726693e-03" type="0"/>
    <Peak1D F1="4.905121" intensity="1.523476e-03" type="0"/>
    <Peak1D F1="4.888128" intensity="2.102197e-03" type="0"/>
    <Peak1D F1="4.862895" intensity="1.546355e-03" type="0"/>
    <Peak1D F1="4.823924" intensity="1.651381e-03" type="0"/>
    <Peak1D F1="4.716281" intensity="1.924233e-03" type="0"/>
    <Peak1D F1="4.684444" intensity="3.741727e-03" type="0"/>
    <Peak1D F1="4.679135" intensity="3.745781e-03" type="0"/>
    <Peak1D F1="4.667979" intensity="6.452838e-03" type="0"/>
    <Peak1D F1="4.655169" intensity="7.583104e-03" type="0"/>
    <Peak1D F1="4.642465" intensity="5.662645e-03" type="0"/>
    <Peak1D F1="4.634246" intensity="3.177435e-03" type="0"/>
    <Peak1D F1="4.619395" intensity="5.988991e-03" type="0"/>
    <Peak1D F1="4.605460" intensity="2.123132e-02" type="0"/>
    <Peak1D F1="4.571584" intensity="2.220538e-03" type="0"/>
    <Peak1D F1="4.509503" intensity="3.397097e-03" type="0"/>
    <Peak1D F1="4.504028" intensity="1.626352e-03" type="0"/>
    <Peak1D F1="4.490249" intensity="1.942509e-03" type="0"/>
    <Peak1D F1="4.422674" intensity="2.139334e-03" type="0"/>
    <Peak1D F1="4.406447" intensity="2.522266e-03" type="0"/>
    <Peak1D F1="4.383419" intensity="3.199320e-03" type="0"/>
    <Peak1D F1="4.338196" intensity="1.870801e-03" type="0"/>
    <Peak1D F1="4.330966" intensity="2.770240e-03" type="0"/>
    <Peak1D F1="4.318110" intensity="3.559601e-03" type="0"/>
    <Peak1D F1="4.302785" intensity="4.381663e-03" type="0"/>
    <Peak1D F1="4.290768" intensity="3.287797e-03" type="0"/>
    <Peak1D F1="4.275672" intensity="2.696602e-03" type="0"/>
    <Peak1D F1="4.257666" intensity="6.968039e-03" type="0"/>
    <Peak1D F1="4.247140" intensity="1.344478e-02" type="0"/>
    <Peak1D F1="4.232096" intensity="7.221882e-03" type="0"/>
    <Peak1D F1="4.220568" intensity="7.235074e-03" type="0"/>
    <Peak1D F1="4.188867" intensity="3.033754e-03" type="0"/>
    <Peak1D F1="4.183605" intensity="3.049810e-03" type="0"/>
    <Peak1D F1="4.171854" intensity="3.551752e-03" type="0"/>
    <Peak1D F1="4.166942" intensity="3.622146e-03" type="0"/>
    <Peak1D F1="4.162948" intensity="3.087079e-03" type="0"/>
    <Peak1D F1="4.138196" intensity="3.438584e-03" type="0"/>
    <Peak1D F1="4.125163" intensity="2.512576e-02" type="0"/>
    <Peak1D F1="4.100087" intensity="4.351942e-03" type="0"/>
    <Peak1D F1="4.067591" intensity="3.935315e-03" type="0"/>
    <Peak1D F1="4.056974" intensity="4.190486e-03" type="0"/>
    <Peak1D F1="4.008796" intensity="9.058336e-03" type="0"/>
    <Peak1D F1="3.989734" intensity="1.130173e-02" type="0"/>
    <Peak1D F1="3.978674" intensity="1.006784e-02" type="0"/>
    <Peak1D F1="3.899469" intensity="3.980851e-01" type="0"/>
    <Peak1D F1="3.888723" intensity="7.653085e-01" type="0"/>
    <Peak1D F1="3.882081" intensity="6.892426e-01" type="0"/>
    <Peak1D F1="3.878563" intensity="6.957402e-01" type="0"/>
    <Peak1D F1="3.871450" intensity="1.050976e+00" type="0"/>
    <Peak1D F1="3.860585" intensity="6.281069e-01" type="0"/>
    <Peak1D F1="3.824679" intensity="5.851509e-01" type="0"/>
    <Peak1D F1="3.813029" intensity="9.918592e-01" type="0"/>
    <Peak1D F1="3.802723" intensity="7.312628e-01" type="0"/>
    <Peak1D F1="3.795232" intensity="7.216264e-01" type="0"/>
    <Peak1D F1="3.786076" intensity="6.897794e-01" type="0"/>
    <Peak1D F1="3.777134" intensity="6.904595e-01" type="0"/>
    <Peak1D F1="3.765662" intensity="8.458108e-01" type="0"/>
    <Peak1D F1="3.755697" intensity="9.645594e-01" type="0"/>
    <Peak1D F1="3.743922" intensity="6.067661e-01" type="0"/>
    <Peak1D F1="3.699654" intensity="6.249879e-01" type="0"/>
    <Peak1D F1="3.688460" intensity="1.019646e+00" type="0"/>
    <Peak1D F1="3.678185" intensity="8.958654e-01" type="0"/>
    <Peak1D F1="3.667694" intensity="7.341324e-01" type="0"/>
    <Peak1D F1="3.656951" intensity="4.162574e-01" type="0"/>
    <Peak1D F1="3.632255" intensity="3.549199e-02" type="0"/>
    <Peak1D F1="3.597795" intensity="2.036045e-02" type="0"/>
    <Peak1D F1="3.591475" intensity="2.087188e-02" type="0"/>
    <Peak1D F1="3.582900" intensity="2.866279e-02" type="0"/>
    <Peak1D F1="3.562762" intensity="3.131460e-02" type="0"/>
    <Peak1D F1="3.547524" intensity="2.274539e-01" type="0"/>
    <Peak1D F1="3.538920" intensity="4.666584e-01" type="0"/>
    <Peak1D F1="3.531609" intensity="4.956931e-01" type="0"/>
    <Peak1D F1="3.522754" intensity="5.948142e-01" type="0"/>
    <Peak1D F1="3.513982" intensity="7.324939e-01" type="0"/>
    <Peak1D F1="3.506748" intensity="7.275322e-01" type="0"/>
    <Peak1D F1="3.498231" intensity="3.558154e-01" type="0"/>
    <Peak1D F1="3.483078" intensity="4.134216e-02" type="0"/>
    <Peak1D F1="3.441678" intensity="3.414313e-01" type="0"/>
    <Peak1D F1="3.436614" intensity="4.760700e-01" type="0"/>
    <Peak1D F1="3.429243" intensity="4.019178e-01" type="0"/>
    <Peak1D F1="3.412626" intensity="7.476735e-01" type="0"/>
    <Peak1D F1="3.395560" intensity="2.876306e-01" type="0"/>
    <Peak1D F1="3.388192" intensity="3.454988e-01" type="0"/>
    <Peak1D F1="3.383152" intensity="2.553481e-01" type="0"/>
    <Peak1D F1="3.352056" intensity="2.659819e-02" type="0"/>
    <Peak1D F1="3.347591" intensity="2.353833e-02" type="0"/>
    <Peak1D F1="3.340770" intensity="2.043367e-02" type="0"/>
    <Peak1D F1="3.335575" intensity="2.427512e-02" type="0"/>
    <Peak1D F1="3.322781" intensity="2.147548e-02" type="0"/>
    <Peak1D F1="3.312819" intensity="1.993983e-02" type="0"/>
    <Peak1D F1="3.306101" intensity="2.462297e-02" type="0"/>
    <Peak1D F1="3.295057" intensity="3.438648e-02" type="0"/>
    <Peak1D F1="3.283885" intensity="2.822211e-02" type="0"/>
    <Peak1D F1="3.274698" intensity="3.105776e-02" type="0"/>
    <Peak1D F1="3.261893" intensity="2.541513e-02" type="0"/>
    <Peak1D F1="3.254783" intensity="1.998666e-02" type="0"/>
    <Peak1D F1="3.237819" intensity="1.923052e-02" type="0"/>
    <Peak1D F1="3.227918" intensity="2.005339e-02" type="0"/>
    <Peak1D F1="3.216448" intensity="2.090936e-02" type="0"/>
    <Peak1D F1="3.205137" intensity="1.970240e-02" type="0"/>
    <Peak1D F1="3.194470" intensity="2.599800e-02" type="0"/>
    <Peak1D F1="3.180693" intensity="2.078729e-02" type="0"/>
    <Peak1D F1="3.176106" intensity="2.427135e-02" type="0"/>
    <Peak1D F1="3.171337" intensity="2.333978e-02" type="0"/>
    <Peak1D F1="3.159094" intensity="2.443942e-02" type="0"/>
    <Peak1D F1="3.149807" intensity="2.443130e-02" type="0"/>
    <Peak1D F1="3.139111" intensity="1.810164e-02" type="0"/>
    <Peak1D F1="3.128125" intensity="1.618534e-02" type="0"/>
    <Peak1D F1="3.119071" intensity="1.130428e-02" type="0"/>
    <Peak1D F1="3.106730" intensity="1.531722e-02" type="0"/>
    <Peak1D F1="3.094021" intensity="1.626529e-02" type="0"/>
    <Peak1D F1="3.083020" intensity="1.576740e-02" type="0"/>
    <Peak1D F1="3.075385" intensity="1.793635e-02" type="0"/>
    <Peak1D F1="3.062877" intensity="1.735109e-02" type="0"/>
    <Peak1D F1="3.056123" intensity="2.040923e-02" type="0"/>
    <Peak1D F1="3.045305" intensity="2.009499e-02" type="0"/>
    <Peak1D F1="3.031227" intensity="1.764445e-02" type="0"/>
    <Peak1D F1="3.018113" intensity="2.529643e-02" type="0"/>
    <Peak1D F1="3.007581" intensity="3.568215e-02" type="0"/>
    <Peak1D F1="2.996304" intensity="2.907181e-02" type="0"/>
    <Peak1D F1="2.980014" intensity="4.787361e-01" type="0"/>
    <Peak1D F1="2.971722" intensity="5.086471e-01" type="0"/>
    <Peak1D F1="2.958692" intensity="4.952007e-01" type="0"/>
    <Peak1D F1="2.949991" intensity="9.930833e-01" type="0"/>
    <Peak1D F1="2.941452" intensity="6.334365e-01" type="0"/>
    <Peak1D F1="2.928417" intensity="6.041282e-01" type="0"/>
    <Peak1D F1="2.920096" intensity="5.375365e-01" type="0"/>
    <Peak1D F1="2.896221" intensity="2.629536e-02" type="0"/>
    <Peak1D F1="2.884165" intensity="7.065601e-02" type="0"/>
    <Peak1D F1="2.872354" intensity="6.064895e-02" type="0"/>
    <Peak1D F1="2.844583" intensity="1.870469e-02" type="0"/>
    <Peak1D F1="2.841703" intensity="1.842208e-02" type="0"/>
    <Peak1D F1="2.831842" intensity="1.701134e-02" type="0"/>
    <Peak1D F1="2.818861" intensity="1.305979e-02" type="0"/>
    <Peak1D F1="2.807733" intensity="4.146256e-02" type="0"/>
    <Peak1D F1="2.791796" intensity="1.541723e-02" type="0"/>
    <Peak1D F1="2.786066" intensity="1.428098e-02" type="0"/>
    <Peak1D F1="2.748845" intensity="2.958332e-02" type="0"/>
    <Peak1D F1="2.730654" intensity="2.812599e-02" type="0"/>
    <Peak1D F1="2.693553" intensity="6.655293e-01" type="0"/>
    <Peak1D F1="2.688487" intensity="1.238194e+00" type="0"/>
    <Peak1D F1="2.683196" intensity="7.033213e-01" type="0"/>
    <Peak1D F1="2.663356" intensity="5.683304e-01" type="0"/>
    <Peak1D F1="2.658133" intensity="1.010215e+00" type="0"/>
    <Peak1D F1="2.652979" intensity="5.485495e-01" type="0"/>
    <Peak1D F1="2.605872" intensity="1.029498e-02" type="0"/>
    <Peak1D F1="2.580831" intensity="1.343657e-02" type="0"/>
    <Peak1D F1="2.562848" intensity="1.349573e-02" type="0"/>
    <Peak1D F1="2.551008" intensity="1.092931e-02" type="0"/>
    <Peak1D F1="2.529655" intensity="6.926773e-03" type="0"/>
    <Peak1D F1="2.519776" intensity="6.282501e-03" type="0"/>
    <Peak1D F1="2.500964" intensity="5.651284e-03" type="0"/>
    <Peak1D F1="2.486147" intensity="5.067907e-03" type="0"/>
    <Peak1D F1="2.464437" intensity="5.163608e-03" type="0"/>
    <Peak1D F1="2.454819" intensity="4.982283e-03" type="0"/>
    <Peak1D F1="2.398440" intensity="5.953944e-03" type="0"/>
    <Peak1D F1="2.366293" intensity="1.037690e-02" type="0"/>
    <Peak1D F1="2.346554" intensity="1.053221e-02" type="0"/>
    <Peak1D F1="2.331684" intensity="3.405251e-02" type="0"/>
    <Peak1D F1="2.323642" intensity="1.708980e-02" type="0"/>
    <Peak1D F1="2.316819" intensity="1.361018e-02" type="0"/>
    <Peak1D F1="2.302517" intensity="1.007285e-01" type="0"/>
    <Peak1D F1="2.294792" intensity="9.179066e-02" type="0"/>
    <Peak1D F1="2.277527" intensity="3.691222e-02" type="0"/>
    <Peak1D F1="2.266833" intensity="4.034691e-02" type="0"/>
    <Peak1D F1="2.257920" intensity="5.524979e-02" type="0"/>
    <Peak1D F1="2.248755" intensity="1.078299e-01" type="0"/>
    <Peak1D F1="2.231319" intensity="7.651696e-02" type="0"/>
    <Peak1D F1="2.198502" intensity="1.500000e+01" type="0"/>
    <Peak1D F1="2.184445" intensity="3.590102e-01" type="0"/>
    <Peak1D F1="2.172158" intensity="6.229521e-01" type="0"/>
    <Peak1D F1="2.161642" intensity="7.943067e-01" type="0"/>
    <Peak1D F1="2.151154" intensity="5.404483e-01" type="0"/>
    <Peak1D F1="2.148319" intensity="6.505464e-01" type="0"/>
    <Peak1D F1="2.143006" intensity="7.957609e-01" type="0"/>
    <Peak1D F1="2.133029" intensity="7.217800e-01" type="0"/>
    <Peak1D F1="2.125084" intensity="8.152452e-01" type="0"/>
    <Peak1D F1="2.120158" intensity="7.348698e-01" type="0"/>
    <Peak1D F1="2.113748" intensity="1.207670e+00" type="0"/>
    <Peak1D F1="2.104730" intensity="1.419837e+00" type="0"/>
    <Peak1D F1="2.101581" intensity="1.302607e+00" type="0"/>
    <Peak1D F1="2.097175" intensity="3.540667e+00" type="0"/>
    <Peak1D F1="2.085820" intensity="6.688161e-01" type="0"/>
    <Peak1D F1="2.083453" intensity="7.385819e-01" type="0"/>
    <Peak1D F1="2.077492" intensity="4.352753e-01" type="0"/>
    <Peak1D F1="2.073506" intensity="4.650615e-01" type="0"/>
    <Peak1D F1="2.067054" intensity="4.626772e-01" type="0"/>
    <Peak1D F1="2.056858" intensity="6.362514e-01" type="0"/>
    <Peak1D F1="2.051191" intensity="6.179213e-01" type="0"/>
    <Peak1D F1="2.049069" intensity="5.974569e-01" type="0"/>
    <Peak1D F1="2.038346" intensity="7.928560e-01" type="0"/>
    <Peak1D F1="2.028072" intensity="5.916783e-01" type="0"/>
    <Peak1D F1="2.016242" intensity="2.114800e-01" type="0"/>
    <Peak1D F1="2.011823" intensity="1.613047e-01" type="0"/>
    <Peak1D F1="1.999609" intensity="7.947542e-02" type="0"/>
    <Peak1D F1="1.992504" intensity="6.426562e-02" type="0"/>
    <Peak1D F1="1.970920" intensity="4.082926e-02" type="0"/>
    <Peak1D F1="1.959614" intensity="4.223476e-02" type="0"/>
    <Peak1D F1="1.948055" intensity="4.747791e-02" type="0"/>
    <Peak1D F1="1.935515" intensity="4.426791e-02" type="0"/>
    <Peak1D F1="1.923579" intensity="6.218494e-02" type="0"/>
    <Peak1D F1="1.914790" intensity="3.674230e-02" type="0"/>
    <Peak1D F1="1.904171" intensity="3.640678e-02" type="0"/>
    <Peak1D F1="1.893505" intensity="4.086743e-02" type="0"/>
    <Peak1D F1="1.884047" intensity="4.638308e-02" type="0"/>
    <Peak1D F1="1.868646" intensity="4.533868e-02" type="0"/>
    <Peak1D F1="1.859048" intensity="4.014376e-02" type="0"/>
    <Peak1D F1="1.852818" intensity="3.347882e-02" type="0"/>
    <Peak1D F1="1.847638" intensity="3.725748e-02" type="0"/>
    <Peak1D F1="1.836306" intensity="3.248473e-02" type="0"/>
    <Peak1D F1="1.824798" intensity="3.183326e-02" type="0"/>
    <Peak1D F1="1.813565" intensity="3.216211e-02" type="0"/>
    <Peak1D F1="1.798705" intensity="4.627139e-02" type="0"/>
    <Peak1D F1="1.736039" intensity="4.810166e-02" type="0"/>
    <Peak1D F1="1.725384" intensity="5.778622e-02" type="0"/>
    <Peak1D F1="1.716275" intensity="6.140207e-02" type="0"/>
    <Peak1D F1="1.669988" intensity="1.213350e-01" type="0"/>
    <Peak1D F1="1.663951" intensity="1.260381e-01" type="0"/>
    <Peak1D F1="1.658932" intensity="1.219389e-01" type="0"/>
    <Peak1D F1="1.652199" intensity="1.239167e-01" type="0"/>
    <Peak1D F1="1.574147" intensity="4.069699e-02" type="0"/>
    <Peak1D F1="1.565005" intensity="5.674999e-02" type="0"/>
    <Peak1D F1="1.553653" intensity="9.208652e-02" type="0"/>
    <Peak1D F1="1.542289" intensity="5.974051e-02" type="0"/>
    <Peak1D F1="1.529415" intensity="4.043000e-02" type="0"/>
    <Peak1D F1="1.516461" intensity="3.698218e-02" type="0"/>
    <Peak1D F1="1.507428" intensity="3.723916e-02" type="0"/>
    <Peak1D F1="1.496781" intensity="3.540815e-02" type="0"/>
    <Peak1D F1="1.476690" intensity="4.102325e-02" type="0"/>
    <Peak1D F1="1.472591" intensity="4.922352e-02" type="0"/>
    <Peak1D F1="1.465828" intensity="6.739604e-02" type="0"/>
    <Peak1D F1="1.454912" intensity="3.489033e-02" type="0"/>
    <Peak1D F1="1.414488" intensity="2.094639e-02" type="0"/>
    <Peak1D F1="1.362226" intensity="1.730816e-02" type="0"/>
    <Peak1D F1="1.355173" intensity="2.893406e-02" type="0"/>
    <Peak1D F1="1.350914" intensity="5.713645e-02" type="0"/>
    <Peak1D F1="1.343175" intensity="2.166098e-02" type="0"/>
    <Peak1D F1="1.337272" intensity="1.925607e-02" type="0"/>
    <Peak1D F1="1.323601" intensity="3.100025e-02" type="0"/>
    <Peak1D F1="1.308881" intensity="2.636115e-02" type="0"/>
    <Peak1D F1="1.300175" intensity="7.137355e-02" type="0"/>
    <Peak1D F1="1.296788" intensity="3.962507e-02" type="0"/>
    <Peak1D F1="1.284482" intensity="3.259771e-02" type="0"/>
    <Peak1D F1="1.278980" intensity="3.847019e-02" type="0"/>
    <Peak1D F1="1.262056" intensity="6.500585e-02" type="0"/>
    <Peak1D F1="1.236180" intensity="6.622877e-02" type="0"/>
    <Peak1D F1="1.214052" intensity="1.706267e-01" type="0"/>
    <Peak1D F1="1.182845" intensity="6.525052e-01" type="0"/>
    <Peak1D F1="1.142641" intensity="5.863365e-02" type="0"/>
    <Peak1D F1="1.134447" intensity="5.793676e-02" type="0"/>
    <Peak1D F1="1.129796" intensity="5.355286e-02" type="0"/>
    <Peak1D F1="1.084740" intensity="4.129935e-02" type="0"/>
    <Peak1D F1="1.073884" intensity="2.955564e-02" type="0"/>
    <Peak1D F1="1.057620" intensity="1.765501e-02" type="0"/>
    <Peak1D F1="1.045354" intensity="2.148469e-02" type="0"/>
    <Peak1D F1="1.036555" intensity="2.252891e-02" type="0"/>
    <Peak1D F1="1.033292" intensity="2.070472e-02" type="0"/>
    <Peak1D F1="1.027824" intensity="1.953781e-02" type="0"/>
    <Peak1D F1="0.993249" intensity="2.075837e-02" type="0"/>
    <Peak1D F1="0.988934" intensity="2.457813e-02" type="0"/>
    <Peak1D F1="0.976883" intensity="2.446647e-02" type="0"/>
    <Peak1D F1="0.948441" intensity="1.804848e-02" type="0"/>
    <Peak1D F1="0.937128" intensity="1.829807e-02" type="0"/>
    <Peak1D F1="0.927208" intensity="1.592172e-02" type="0"/>
    <Peak1D F1="0.901746" intensity="1.197228e-02" type="0"/>
    <Peak1D F1="0.889593" intensity="1.189002e-02" type="0"/>
    <Peak1D F1="0.875883" intensity="1.180375e-02" type="0"/>
    <Peak1D F1="0.860548" intensity="1.328329e-02" type="0"/>
    <Peak1D F1="0.850471" intensity="2.401780e-02" type="0"/>
    <Peak1D F1="0.818895" intensity="7.992391e-02" type="0"/>
    <Peak1D F1="0.810661" intensity="9.077419e-02" type="0"/>
    <Peak1D F1="0.807665" intensity="1.402760e-01" type="0"/>
    <Peak1D F1="0.795629" intensity="9.456623e-02" type="0"/>
    <Peak1D F1="0.786476" intensity="8.977352e-02" type="0"/>
    <Peak1D F1="0.774187" intensity="1.360967e-01" type="0"/>
    <Peak1D F1="0.769169" intensity="1.292316e-01" type="0"/>
    <Peak1D F1="0.742373" intensity="5.669826e-02" type="0"/>
    <Peak1D F1="0.737448" intensity="5.630508e-02" type="0"/>
    <Peak1D F1="0.705840" intensity="9.169171e-03" type="0"/>
    <Peak1D F1="0.687077" intensity="8.421729e-03" type="0"/>
    <Peak1D F1="0.642804" intensity="4.400182e-03" type="0"/>
    <Peak1D F1="0.627949" intensity="1.180542e-02" type="0"/>
    <Peak1D F1="0.611370" intensity="6.343778e-03" type="0"/>
    <Peak1D F1="0.589370" intensity="2.240966e-03" type="0"/>
    <Peak1D F1="0.586137" intensity="2.328242e-03" type="0"/>
    <Peak1D F1="0.570335" intensity="2.326324e-03" type="0"/>
    <Peak1D F1="0.552672" intensity="2.179485e-03" type="0"/>
    <Peak1D F1="0.524301" intensity="1.719954e-03" type="0"/>
    <Peak1D F1="0.486004" intensity="1.563814e-03" type="0"/>
    <Peak1D F1="0.071359" intensity="1.852813e-03" type="0"/>
    <Peak1D F1="0.021739" intensity="1.534448e-03" type="0"/>
    <Peak1D F1="0.016660" intensity="2.956167e-03" type="0"/>
    <Peak1D F1="0.005957" intensity="8.096969e-03" type="0"/>
    <Peak1D F1="-0.000156" intensity="1.075610e-01" type="0"/>
    <Peak1D F1="-0.024787" intensity="1.882560e-03" type="0"/>
    <Peak1D F1="-2.635872" intensity="1.491276e-03" type="0"/>
  </PeakList1D>
</PeakList>
