<?xml version="1.0" encoding="UTF-8"?>
<PeakList>
  <PeakList1D>
    <PeakList1DHeader creator="JRomeo" date="2019-06-24T12:20:23" expNo="1" name="2JR33" owner="" procNo="1" source="C:\Bruker\TOPSPIN">
      <PeakPickDetails>F1=8.170ppm, F2=8.076ppm, MI=0.96cm, MAXI=9.64cm, PC=1.000
      </PeakPickDetails>
    </PeakList1DHeader>
    <Peak1D F1="8.1237" intensity="2.33" type="0"/>
    <Peak1D F1="8.1062" intensity="2.43" type="0"/>
  </PeakList1D>
  <PeakList1D>
    <PeakList1DHeader creator="JRomeo" date="2019-06-24T12:20:23" expNo="1" name="2JR33" owner="" procNo="1" source="C:\Bruker\TOPSPIN">
      <PeakPickDetails>F1=7.066ppm, F2=6.536ppm, MI=1.45cm, MAXI=6.10cm, PC=1.000
      </PeakPickDetails>
    </PeakList1DHeader>
    <Peak1D F1="6.8762" intensity="2.12" type="0"/>
    <Peak1D F1="6.8586" intensity="2.05" type="0"/>
  </PeakList1D>
  <PeakList1D>
    <PeakList1DHeader creator="JRomeo" date="2019-06-24T12:20:23" expNo="1" name="2JR33" owner="" procNo="1" source="C:\Bruker\TOPSPIN">
      <PeakPickDetails>F1=4.285ppm, F2=3.798ppm, MI=2.41cm, MAXI=21.68cm, PC=1.000
      </PeakPickDetails>
    </PeakList1DHeader>
    <Peak1D F1="4.0803" intensity="14.92" type="0"/>
    <Peak1D F1="3.986" intensity="12.24" type="0"/>
    <Peak1D F1="3.947" intensity="15.0" type="0"/>
  </PeakList1D>
</PeakList>
