<?xml version="1.0" encoding="UTF-8"?>
<PeakList modified="2020-02-02T12:16:12">
  <PeakList1D>
    <PeakList1DHeader creator="Dell" date="2020-02-02T12:16:12" expNo="2" name="SDT518" owner="" procNo="1" source="C:/Users/Dell/Desktop/NMR/Z-synthesis">
      <PeakPickDetails>F1=155.558273ppm, F2=100.820793ppm, MI=0.24cm, MAXI=7.24cm, PC=1.400
      </PeakPickDetails>
    </PeakList1DHeader>
    <Peak1D F1="148.582794" intensity="1.587986" type="0"/>
    <Peak1D F1="144.186966" intensity="1.27404" type="0"/>
    <Peak1D F1="131.842255" intensity="2.034658" type="0"/>
    <Peak1D F1="122.576332" intensity="3.913461" type="0"/>
    <Peak1D F1="122.221428" intensity="1.617563" type="0"/>
    <Peak1D F1="120.240311" intensity="4.063075" type="0"/>
    <Peak1D F1="119.229836" intensity="4.102503" type="0"/>
    <Peak1D F1="110.95993" intensity="4.023728" type="0"/>
  </PeakList1D>
  <PeakList1D>
    <PeakList1DHeader creator="Dell" date="2020-02-02T12:16:12" expNo="2" name="SDT518" owner="" procNo="1" source="C:/Users/Dell/Desktop/NMR/Z-synthesis">
      <PeakPickDetails>F1=85.676041ppm, F2=71.396698ppm, MI=8.92cm, MAXI=22.49cm, PC=1.400
      </PeakPickDetails>
    </PeakList1DHeader>
    <Peak1D F1="77.380119" intensity="14.74187" type="0"/>
    <Peak1D F1="77.198608" intensity="15.0" type="0"/>
    <Peak1D F1="77.01709" intensity="14.86561" type="0"/>
  </PeakList1D>
  <PeakList1D>
    <PeakList1DHeader creator="Dell" date="2020-02-02T12:16:12" expNo="2" name="SDT518" owner="" procNo="1" source="C:/Users/Dell/Desktop/NMR/Z-synthesis">
      <PeakPickDetails>F1=71.396698ppm, F2=20.553596ppm, MI=0.68cm, MAXI=7.36cm, PC=1.400
      </PeakPickDetails>
    </PeakList1DHeader>
    <Peak1D F1="68.633904" intensity="4.125665" type="0"/>
    <Peak1D F1="56.089191" intensity="4.052955" type="0"/>
    <Peak1D F1="44.599266" intensity="3.502526" type="0"/>
    <Peak1D F1="33.344982" intensity="4.027801" type="0"/>
    <Peak1D F1="32.57383" intensity="4.229949" type="0"/>
  </PeakList1D>
</PeakList>
