<?xml version="1.0" encoding="UTF-8"?>
<PeakList>
  <PeakList1D>
    <PeakList1DHeader creator="studnmr" date="2019-11-06T14:36:51.930+01:00" expNo="110" name="Nov06-2019" owner="" procNo="1" source="C:/Bruker/TopSpin3.0/data/AK_Koenig/nmr">
      <PeakPickDetails>F1=19.976ppm, F2=-10.063ppm, MI=0.00cm, MAXI=10000.00cm, PC=1.000
      </PeakPickDetails>
    </PeakList1DHeader>
    <Peak1D F1="15.7380" intensity="2.869591e-003" type="0"/>
    <Peak1D F1="9.3593" intensity="2.810119e-003" type="0"/>
    <Peak1D F1="9.2949" intensity="4.423483e-003" type="0"/>
    <Peak1D F1="8.6207" intensity="2.632204e-003" type="0"/>
    <Peak1D F1="8.4264" intensity="3.593868e-003" type="0"/>
    <Peak1D F1="8.4223" intensity="3.309809e-003" type="0"/>
    <Peak1D F1="8.3946" intensity="3.175666e-003" type="0"/>
    <Peak1D F1="8.3741" intensity="3.227550e-003" type="0"/>
    <Peak1D F1="8.2458" intensity="1.484806e-002" type="0"/>
    <Peak1D F1="8.1243" intensity="4.967277e-001" type="0"/>
    <Peak1D F1="8.0012" intensity="1.219964e-002" type="0"/>
    <Peak1D F1="7.9177" intensity="4.498787e-003" type="0"/>
    <Peak1D F1="7.8939" intensity="3.394690e-003" type="0"/>
    <Peak1D F1="7.8676" intensity="3.264788e-003" type="0"/>
    <Peak1D F1="7.7920" intensity="8.554801e-003" type="0"/>
    <Peak1D F1="7.7686" intensity="7.668382e-003" type="0"/>
    <Peak1D F1="7.7494" intensity="4.175597e-003" type="0"/>
    <Peak1D F1="7.7245" intensity="4.037737e-003" type="0"/>
    <Peak1D F1="7.7095" intensity="3.673364e-003" type="0"/>
    <Peak1D F1="7.6652" intensity="1.209863e-002" type="0"/>
    <Peak1D F1="7.6440" intensity="1.455801e-002" type="0"/>
    <Peak1D F1="7.5932" intensity="1.182806e+000" type="0"/>
    <Peak1D F1="7.5734" intensity="1.298786e+000" type="0"/>
    <Peak1D F1="7.5446" intensity="2.602167e-002" type="0"/>
    <Peak1D F1="7.5251" intensity="2.958193e-002" type="0"/>
    <Peak1D F1="7.5194" intensity="2.449168e-002" type="0"/>
    <Peak1D F1="7.4922" intensity="2.469819e-002" type="0"/>
    <Peak1D F1="7.4726" intensity="2.722328e-002" type="0"/>
    <Peak1D F1="7.4551" intensity="9.980837e-003" type="0"/>
    <Peak1D F1="7.4364" intensity="1.478657e-002" type="0"/>
    <Peak1D F1="7.4196" intensity="1.190106e-002" type="0"/>
    <Peak1D F1="7.3991" intensity="2.009439e-002" type="0"/>
    <Peak1D F1="7.3824" intensity="2.620708e-002" type="0"/>
    <Peak1D F1="7.3634" intensity="2.078076e-002" type="0"/>
    <Peak1D F1="7.3232" intensity="1.181927e+000" type="0"/>
    <Peak1D F1="7.3029" intensity="1.822810e+000" type="0"/>
    <Peak1D F1="7.2604" intensity="1.798146e+000" type="0"/>
    <Peak1D F1="7.2414" intensity="6.960773e-001" type="0"/>
    <Peak1D F1="7.2390" intensity="7.282634e-001" type="0"/>
    <Peak1D F1="7.2235" intensity="1.080412e+000" type="0"/>
    <Peak1D F1="7.2214" intensity="1.308447e+000" type="0"/>
    <Peak1D F1="7.2035" intensity="6.957337e-001" type="0"/>
    <Peak1D F1="7.2010" intensity="6.784718e-001" type="0"/>
    <Peak1D F1="7.1520" intensity="9.531736e-001" type="0"/>
    <Peak1D F1="7.1498" intensity="9.741199e-001" type="0"/>
    <Peak1D F1="7.1322" intensity="1.471080e+000" type="0"/>
    <Peak1D F1="7.1145" intensity="6.219096e-001" type="0"/>
    <Peak1D F1="7.1124" intensity="6.169948e-001" type="0"/>
    <Peak1D F1="7.0595" intensity="3.845449e-003" type="0"/>
    <Peak1D F1="7.0373" intensity="6.072366e-003" type="0"/>
    <Peak1D F1="7.0192" intensity="7.689698e-003" type="0"/>
    <Peak1D F1="6.9965" intensity="1.175014e-002" type="0"/>
    <Peak1D F1="6.9496" intensity="5.128502e-003" type="0"/>
    <Peak1D F1="6.9319" intensity="7.232617e-003" type="0"/>
    <Peak1D F1="6.9115" intensity="4.417626e-003" type="0"/>
    <Peak1D F1="5.7756" intensity="4.004901e-003" type="0"/>
    <Peak1D F1="4.1573" intensity="2.766989e-003" type="0"/>
    <Peak1D F1="4.1210" intensity="3.479768e-003" type="0"/>
    <Peak1D F1="4.0806" intensity="3.903648e-002" type="0"/>
    <Peak1D F1="4.0526" intensity="3.591200e-003" type="0"/>
    <Peak1D F1="4.0276" intensity="4.134929e-003" type="0"/>
    <Peak1D F1="4.0225" intensity="4.053369e-003" type="0"/>
    <Peak1D F1="3.9822" intensity="4.608320e-003" type="0"/>
    <Peak1D F1="3.9710" intensity="7.397067e-003" type="0"/>
    <Peak1D F1="3.9462" intensity="3.324795e-002" type="0"/>
    <Peak1D F1="3.9207" intensity="7.844462e+000" type="0"/>
    <Peak1D F1="3.8668" intensity="9.339878e-002" type="0"/>
    <Peak1D F1="3.8407" intensity="9.287649e-003" type="0"/>
    <Peak1D F1="3.8295" intensity="8.951973e-003" type="0"/>
    <Peak1D F1="3.8009" intensity="2.334551e-002" type="0"/>
    <Peak1D F1="3.7867" intensity="7.910749e-003" type="0"/>
    <Peak1D F1="3.7573" intensity="4.393182e-002" type="0"/>
    <Peak1D F1="3.7382" intensity="1.182373e-002" type="0"/>
    <Peak1D F1="3.7290" intensity="3.157870e-002" type="0"/>
    <Peak1D F1="3.7172" intensity="2.173856e-002" type="0"/>
    <Peak1D F1="3.7114" intensity="4.575843e-002" type="0"/>
    <Peak1D F1="3.6858" intensity="1.500000e+001" type="0"/>
    <Peak1D F1="3.6585" intensity="5.964474e-002" type="0"/>
    <Peak1D F1="3.6309" intensity="1.725927e-002" type="0"/>
    <Peak1D F1="3.6170" intensity="1.071834e-002" type="0"/>
    <Peak1D F1="3.5994" intensity="9.053179e-003" type="0"/>
    <Peak1D F1="3.5804" intensity="8.217104e-003" type="0"/>
    <Peak1D F1="3.5633" intensity="7.037090e-003" type="0"/>
    <Peak1D F1="3.5140" intensity="2.283470e-001" type="0"/>
    <Peak1D F1="3.4998" intensity="8.374243e-002" type="0"/>
    <Peak1D F1="3.4900" intensity="1.238530e-002" type="0"/>
    <Peak1D F1="3.4661" intensity="3.497275e-002" type="0"/>
    <Peak1D F1="3.4575" intensity="1.941807e-002" type="0"/>
    <Peak1D F1="3.4393" intensity="1.695633e-002" type="0"/>
    <Peak1D F1="3.4257" intensity="4.385923e-002" type="0"/>
    <Peak1D F1="3.4002" intensity="1.512622e-002" type="0"/>
    <Peak1D F1="3.3825" intensity="1.579251e-002" type="0"/>
    <Peak1D F1="3.3693" intensity="9.767215e-003" type="0"/>
    <Peak1D F1="3.3499" intensity="8.577808e-003" type="0"/>
    <Peak1D F1="3.3293" intensity="6.231901e-003" type="0"/>
    <Peak1D F1="3.2766" intensity="3.532150e-003" type="0"/>
    <Peak1D F1="3.2312" intensity="3.865837e-002" type="0"/>
    <Peak1D F1="3.2210" intensity="8.121904e-003" type="0"/>
    <Peak1D F1="3.2016" intensity="1.786114e-002" type="0"/>
    <Peak1D F1="3.1909" intensity="2.974147e-002" type="0"/>
    <Peak1D F1="3.1834" intensity="1.866082e-002" type="0"/>
    <Peak1D F1="3.1644" intensity="5.780645e-003" type="0"/>
    <Peak1D F1="3.1422" intensity="3.630184e-003" type="0"/>
    <Peak1D F1="3.0857" intensity="6.483278e-003" type="0"/>
    <Peak1D F1="2.9990" intensity="6.779941e-003" type="0"/>
    <Peak1D F1="2.9806" intensity="1.756208e-002" type="0"/>
    <Peak1D F1="2.9623" intensity="1.980276e-002" type="0"/>
    <Peak1D F1="2.9440" intensity="6.642515e-003" type="0"/>
    <Peak1D F1="2.8817" intensity="3.518588e-003" type="0"/>
    <Peak1D F1="2.8255" intensity="1.049747e+000" type="0"/>
    <Peak1D F1="2.8071" intensity="3.270408e+000" type="0"/>
    <Peak1D F1="2.7887" intensity="3.346752e+000" type="0"/>
    <Peak1D F1="2.7704" intensity="1.135922e+000" type="0"/>
    <Peak1D F1="2.7307" intensity="1.648512e-002" type="0"/>
    <Peak1D F1="2.7121" intensity="9.225318e-003" type="0"/>
    <Peak1D F1="2.6901" intensity="5.105141e-003" type="0"/>
    <Peak1D F1="2.6477" intensity="9.138079e-003" type="0"/>
    <Peak1D F1="2.6389" intensity="9.072284e-003" type="0"/>
    <Peak1D F1="2.6290" intensity="2.106259e-002" type="0"/>
    <Peak1D F1="2.6165" intensity="1.489368e-002" type="0"/>
    <Peak1D F1="2.6108" intensity="2.216161e-002" type="0"/>
    <Peak1D F1="2.6003" intensity="1.538941e-002" type="0"/>
    <Peak1D F1="2.5926" intensity="1.319985e-002" type="0"/>
    <Peak1D F1="2.5790" intensity="7.942888e-003" type="0"/>
    <Peak1D F1="2.5289" intensity="3.560044e-003" type="0"/>
    <Peak1D F1="2.5041" intensity="3.298854e-003" type="0"/>
    <Peak1D F1="2.4462" intensity="5.030437e-003" type="0"/>
    <Peak1D F1="2.4275" intensity="4.248748e-003" type="0"/>
    <Peak1D F1="2.4029" intensity="1.313428e-002" type="0"/>
    <Peak1D F1="2.3762" intensity="5.649844e-003" type="0"/>
    <Peak1D F1="2.3579" intensity="9.291720e-003" type="0"/>
    <Peak1D F1="2.3387" intensity="8.289823e-003" type="0"/>
    <Peak1D F1="2.3016" intensity="1.554258e-002" type="0"/>
    <Peak1D F1="2.2875" intensity="5.651141e-003" type="0"/>
    <Peak1D F1="2.2221" intensity="4.515081e-003" type="0"/>
    <Peak1D F1="2.2035" intensity="4.407821e-003" type="0"/>
    <Peak1D F1="2.1771" intensity="5.341139e-003" type="0"/>
    <Peak1D F1="2.1523" intensity="3.404629e-003" type="0"/>
    <Peak1D F1="2.1373" intensity="3.967256e-003" type="0"/>
    <Peak1D F1="2.1276" intensity="4.067063e-003" type="0"/>
    <Peak1D F1="2.1016" intensity="4.811652e-003" type="0"/>
    <Peak1D F1="2.0522" intensity="1.502922e-002" type="0"/>
    <Peak1D F1="2.0221" intensity="4.733003e-003" type="0"/>
    <Peak1D F1="2.0037" intensity="5.820585e-003" type="0"/>
    <Peak1D F1="1.9883" intensity="5.552880e-003" type="0"/>
    <Peak1D F1="1.9705" intensity="6.138134e-003" type="0"/>
    <Peak1D F1="1.9279" intensity="8.402135e-003" type="0"/>
    <Peak1D F1="1.8976" intensity="1.422191e-002" type="0"/>
    <Peak1D F1="1.8794" intensity="1.610879e-002" type="0"/>
    <Peak1D F1="1.8689" intensity="1.494208e-002" type="0"/>
    <Peak1D F1="1.8423" intensity="1.251830e-002" type="0"/>
    <Peak1D F1="1.6679" intensity="6.050482e-002" type="0"/>
    <Peak1D F1="1.6514" intensity="6.095900e-002" type="0"/>
    <Peak1D F1="1.6156" intensity="4.679760e-002" type="0"/>
    <Peak1D F1="1.5175" intensity="2.006527e-002" type="0"/>
    <Peak1D F1="1.5013" intensity="6.361863e-002" type="0"/>
    <Peak1D F1="1.4829" intensity="1.082422e-001" type="0"/>
    <Peak1D F1="1.4643" intensity="5.950846e-002" type="0"/>
    <Peak1D F1="1.4283" intensity="2.607701e-002" type="0"/>
    <Peak1D F1="1.4105" intensity="3.541784e-002" type="0"/>
    <Peak1D F1="1.3919" intensity="5.043554e-002" type="0"/>
    <Peak1D F1="1.3736" intensity="3.330522e-002" type="0"/>
    <Peak1D F1="1.3412" intensity="8.013213e-002" type="0"/>
    <Peak1D F1="1.3186" intensity="7.433567e-002" type="0"/>
    <Peak1D F1="1.2994" intensity="6.219144e-002" type="0"/>
    <Peak1D F1="1.2896" intensity="1.154293e-001" type="0"/>
    <Peak1D F1="1.2619" intensity="3.471201e-001" type="0"/>
    <Peak1D F1="1.2526" intensity="3.787312e+000" type="0"/>
    <Peak1D F1="1.2343" intensity="7.537804e+000" type="0"/>
    <Peak1D F1="1.2159" intensity="3.633322e+000" type="0"/>
    <Peak1D F1="1.1777" intensity="4.265185e-002" type="0"/>
    <Peak1D F1="1.1721" intensity="5.513514e-002" type="0"/>
    <Peak1D F1="1.1481" intensity="2.530814e-002" type="0"/>
    <Peak1D F1="1.1160" intensity="2.059757e-002" type="0"/>
    <Peak1D F1="1.0913" intensity="3.823119e-002" type="0"/>
    <Peak1D F1="1.0728" intensity="5.801216e-002" type="0"/>
    <Peak1D F1="1.0546" intensity="3.560255e-002" type="0"/>
    <Peak1D F1="1.0320" intensity="2.135458e-002" type="0"/>
    <Peak1D F1="1.0166" intensity="2.217338e-002" type="0"/>
    <Peak1D F1="0.9984" intensity="1.716283e-002" type="0"/>
    <Peak1D F1="0.9515" intensity="1.270922e-002" type="0"/>
    <Peak1D F1="0.9346" intensity="1.937356e-002" type="0"/>
    <Peak1D F1="0.9271" intensity="1.712890e-002" type="0"/>
    <Peak1D F1="0.9204" intensity="2.887456e-002" type="0"/>
    <Peak1D F1="0.9030" intensity="4.840261e-002" type="0"/>
    <Peak1D F1="0.8873" intensity="6.585139e-002" type="0"/>
    <Peak1D F1="0.8500" intensity="1.184206e-001" type="0"/>
    <Peak1D F1="0.8434" intensity="1.246867e-001" type="0"/>
    <Peak1D F1="0.8186" intensity="6.761061e-002" type="0"/>
    <Peak1D F1="0.7610" intensity="6.698984e-003" type="0"/>
    <Peak1D F1="0.7342" intensity="4.818321e-003" type="0"/>
    <Peak1D F1="0.7172" intensity="5.635451e-003" type="0"/>
    <Peak1D F1="0.6913" intensity="4.672354e-003" type="0"/>
    <Peak1D F1="0.6451" intensity="4.158934e-003" type="0"/>
    <Peak1D F1="0.5858" intensity="3.155752e-003" type="0"/>
    <Peak1D F1="0.5460" intensity="2.772513e-003" type="0"/>
    <Peak1D F1="0.5095" intensity="3.205170e-003" type="0"/>
    <Peak1D F1="0.3675" intensity="3.174058e-003" type="0"/>
    <Peak1D F1="0.3237" intensity="2.679925e-003" type="0"/>
    <Peak1D F1="0.1794" intensity="4.670533e-003" type="0"/>
    <Peak1D F1="0.1010" intensity="4.705462e-003" type="0"/>
    <Peak1D F1="0.0841" intensity="2.076835e-002" type="0"/>
    <Peak1D F1="0.0774" intensity="1.502616e-001" type="0"/>
    <Peak1D F1="0.0449" intensity="3.601781e-003" type="0"/>
    <Peak1D F1="-0.0110" intensity="2.892422e-003" type="0"/>
    <Peak1D F1="-5.5779" intensity="2.840096e-003" type="0"/>
  </PeakList1D>
</PeakList>
