<?xml version="1.0" encoding="UTF-8"?>
<PeakList>
  <PeakList1D>
    <PeakList1DHeader creator="Lijin_Xu" date="2017-10-03T11:33:26.764+08:00" expNo="2" name="zhq-422" owner="" procNo="1" source="D:">
      <PeakPickDetails>F1=235.494ppm, F2=-15.494ppm, MI=0.00cm, MAXI=10000.00cm, PC=1.400
      </PeakPickDetails>
    </PeakList1DHeader>
    <Peak1D F1="163.8796" intensity="5.20" type="0"/>
    <Peak1D F1="155.2288" intensity="6.67" type="0"/>
    <Peak1D F1="151.9219" intensity="5.33" type="0"/>
    <Peak1D F1="149.7961" intensity="13.31" type="0"/>
    <Peak1D F1="140.3662" intensity="13.15" type="0"/>
    <Peak1D F1="138.4217" intensity="12.84" type="0"/>
    <Peak1D F1="124.1262" intensity="14.67" type="0"/>
    <Peak1D F1="123.9353" intensity="14.27" type="0"/>
    <Peak1D F1="118.2493" intensity="14.38" type="0"/>
    <Peak1D F1="102.9244" intensity="13.84" type="0"/>
    <Peak1D F1="77.3893" intensity="46.11" type="0"/>
    <Peak1D F1="77.0714" intensity="46.46" type="0"/>
    <Peak1D F1="76.7534" intensity="46.27" type="0"/>
    <Peak1D F1="40.8306" intensity="14.95" type="0"/>
    <Peak1D F1="33.2836" intensity="3.82" type="0"/>
    <Peak1D F1="32.5988" intensity="3.42" type="0"/>
    <Peak1D F1="26.2712" intensity="10.50" type="0"/>
    <Peak1D F1="25.6866" intensity="15.00" type="0"/>
  </PeakList1D>
</PeakList>
