<?xml version="1.0" encoding="UTF-8"?>
<PeakList>
  <PeakList1D>
    <PeakList1DHeader creator="chemist" date="2019-03-12T23:29:43.544+00:00" expNo="10" name="Y1438" owner="" procNo="1" source="d:\">
      <PeakPickDetails>F1=245.691ppm, F2=-23.691ppm, MI=0.00cm, MAXI=10000.00cm, PC=1.400
      </PeakPickDetails>
    </PeakList1DHeader>
    <Peak1D F1="159.7389" intensity="0.24" type="0"/>
    <Peak1D F1="155.2217" intensity="0.21" type="0"/>
    <Peak1D F1="151.3221" intensity="0.16" type="0"/>
    <Peak1D F1="138.6199" intensity="0.13" type="0"/>
    <Peak1D F1="132.4573" intensity="0.86" type="0"/>
    <Peak1D F1="130.3604" intensity="0.20" type="0"/>
    <Peak1D F1="128.5314" intensity="0.24" type="0"/>
    <Peak1D F1="127.6992" intensity="0.64" type="0"/>
    <Peak1D F1="127.1985" intensity="0.67" type="0"/>
    <Peak1D F1="114.8035" intensity="0.88" type="0"/>
    <Peak1D F1="114.7039" intensity="0.14" type="0"/>
    <Peak1D F1="78.2242" intensity="13.38" type="0"/>
    <Peak1D F1="78.0126" intensity="13.50" type="0"/>
    <Peak1D F1="77.8010" intensity="13.25" type="0"/>
    <Peak1D F1="75.4406" intensity="0.51" type="0"/>
    <Peak1D F1="56.2057" intensity="0.61" type="0"/>
    <Peak1D F1="50.3093" intensity="0.37" type="0"/>
    <Peak1D F1="50.2055" intensity="0.15" type="0"/>
    <Peak1D F1="33.8892" intensity="0.35" type="0"/>
    <Peak1D F1="30.3655" intensity="0.39" type="0"/>
    <Peak1D F1="26.3591" intensity="0.42" type="0"/>
    <Peak1D F1="25.5231" intensity="0.30" type="0"/>
  </PeakList1D>
</PeakList>
