<?xml version="1.0" encoding="UTF-8"?>
<PeakList>
  <PeakList1D>
    <PeakList1DHeader creator="nmrsu" date="2023-07-20T13:47:54.038-05:00" expNo="1258010" name="Jul20-2023" owner="" procNo="1" source="G:/data/chem-synthesis-summer-a-team3/nmr">
      <PeakPickDetails>F1=219.460297ppm, F2=-19.460289ppm, MI=0.00cm, MAXI=10000.00cm, PC=1.400
      </PeakPickDetails>
    </PeakList1DHeader>
    <Peak1D F1="174.398315" intensity="2.118417e+000" type="0"/>
    <Peak1D F1="127.359650" intensity="4.270761e+000" type="0"/>
    <Peak1D F1="77.336632" intensity="1.780597e+001" type="0"/>
    <Peak1D F1="77.019432" intensity="1.781568e+001" type="0"/>
    <Peak1D F1="76.701569" intensity="1.770913e+001" type="0"/>
    <Peak1D F1="40.406727" intensity="1.362413e+001" type="0"/>
    <Peak1D F1="30.481844" intensity="1.500000e+001" type="0"/>
    <Peak1D F1="19.291229" intensity="8.895259e+000" type="0"/>
  </PeakList1D>
</PeakList>
