<?xml version="1.0" encoding="UTF-8"?>
<PeakList>
  <PeakList1D>
    <PeakList1DHeader creator="JRomeo" date="2019-12-11T09:16:55" expNo="2" name="2JR97" owner="" procNo="1" source="C:\Bruker\TOPSPIN">
      <PeakPickDetails>F1=7.109ppm, F2=6.635ppm, MI=0.47cm, MAXI=3.78cm, PC=1.000
      </PeakPickDetails>
    </PeakList1DHeader>
    <Peak1D F1="7.0943" intensity="1.78" type="0"/>
    <Peak1D F1="7.0826" intensity="2.85" type="0"/>
    <Peak1D F1="7.0653" intensity="1.54" type="0"/>
    <Peak1D F1="6.7641" intensity="1.48" type="0"/>
    <Peak1D F1="6.7461" intensity="1.34" type="0"/>
  </PeakList1D>
  <PeakList1D>
    <PeakList1DHeader creator="JRomeo" date="2019-12-11T09:16:55" expNo="2" name="2JR97" owner="" procNo="1" source="C:\Bruker\TOPSPIN">
      <PeakPickDetails>F1=5.607ppm, F2=3.500ppm, MI=0.19cm, MAXI=2.65cm, PC=1.000
      </PeakPickDetails>
    </PeakList1DHeader>
    <Peak1D F1="5.4184" intensity="0.64" type="0"/>
    <Peak1D F1="5.4132" intensity="0.62" type="0"/>
    <Peak1D F1="5.3766" intensity="0.69" type="0"/>
    <Peak1D F1="5.2733" intensity="0.65" type="0"/>
    <Peak1D F1="4.9338" intensity="1.03" type="0"/>
    <Peak1D F1="4.5729" intensity="0.44" type="0"/>
    <Peak1D F1="4.5598" intensity="0.44" type="0"/>
    <Peak1D F1="4.4586" intensity="0.28" type="0"/>
    <Peak1D F1="4.4529" intensity="0.23" type="0"/>
    <Peak1D F1="4.4338" intensity="0.43" type="0"/>
    <Peak1D F1="4.4287" intensity="0.43" type="0"/>
    <Peak1D F1="4.4158" intensity="0.62" type="0"/>
    <Peak1D F1="4.4062" intensity="0.62" type="0"/>
    <Peak1D F1="3.8295" intensity="0.19" type="0"/>
    <Peak1D F1="3.8246" intensity="0.22" type="0"/>
    <Peak1D F1="3.8196" intensity="0.25" type="0"/>
    <Peak1D F1="3.8147" intensity="0.25" type="0"/>
    <Peak1D F1="3.807" intensity="0.22" type="0"/>
    <Peak1D F1="3.8016" intensity="0.26" type="0"/>
    <Peak1D F1="3.7926" intensity="0.4" type="0"/>
    <Peak1D F1="3.7779" intensity="0.23" type="0"/>
    <Peak1D F1="3.7691" intensity="0.25" type="0"/>
    <Peak1D F1="3.7631" intensity="0.28" type="0"/>
    <Peak1D F1="3.7598" intensity="0.27" type="0"/>
    <Peak1D F1="3.7537" intensity="0.25" type="0"/>
    <Peak1D F1="3.7392" intensity="0.77" type="0"/>
    <Peak1D F1="3.7249" intensity="0.89" type="0"/>
    <Peak1D F1="3.7132" intensity="0.7" type="0"/>
    <Peak1D F1="3.7008" intensity="0.7" type="0"/>
    <Peak1D F1="3.6871" intensity="0.38" type="0"/>
    <Peak1D F1="3.6821" intensity="0.32" type="0"/>
    <Peak1D F1="3.6732" intensity="0.24" type="0"/>
    <Peak1D F1="3.5435" intensity="0.72" type="0"/>
  </PeakList1D>
  <PeakList1D>
    <PeakList1DHeader creator="JRomeo" date="2019-12-11T09:16:55" expNo="2" name="2JR97" owner="" procNo="1" source="C:\Bruker\TOPSPIN">
      <PeakPickDetails>F1=3.434ppm, F2=2.909ppm, MI=1.52cm, MAXI=7.11cm, PC=1.000
      </PeakPickDetails>
    </PeakList1DHeader>
    <Peak1D F1="3.3152" intensity="6.13" type="0"/>
    <Peak1D F1="3.2118" intensity="5.29" type="0"/>
    <Peak1D F1="3.1725" intensity="5.28" type="0"/>
    <Peak1D F1="3.1433" intensity="5.43" type="0"/>
  </PeakList1D>
  <PeakList1D>
    <PeakList1DHeader creator="JRomeo" date="2019-12-11T09:16:55" expNo="2" name="2JR97" owner="" procNo="1" source="C:\Bruker\TOPSPIN">
      <PeakPickDetails>F1=2.632ppm, F2=1.823ppm, MI=0.12cm, MAXI=1.88cm, PC=1.000
      </PeakPickDetails>
    </PeakList1DHeader>
    <Peak1D F1="2.3991" intensity="0.15" type="0"/>
    <Peak1D F1="2.3924" intensity="0.16" type="0"/>
    <Peak1D F1="2.3749" intensity="0.32" type="0"/>
    <Peak1D F1="2.3684" intensity="0.33" type="0"/>
    <Peak1D F1="2.351" intensity="0.18" type="0"/>
    <Peak1D F1="2.3446" intensity="0.17" type="0"/>
    <Peak1D F1="2.2193" intensity="0.31" type="0"/>
    <Peak1D F1="2.2134" intensity="0.3" type="0"/>
    <Peak1D F1="2.1912" intensity="0.6" type="0"/>
    <Peak1D F1="2.1829" intensity="0.45" type="0"/>
    <Peak1D F1="2.1669" intensity="0.35" type="0"/>
    <Peak1D F1="2.16" intensity="0.44" type="0"/>
    <Peak1D F1="2.1515" intensity="0.3" type="0"/>
    <Peak1D F1="2.1415" intensity="0.46" type="0"/>
    <Peak1D F1="2.1355" intensity="0.68" type="0"/>
    <Peak1D F1="2.1269" intensity="0.38" type="0"/>
    <Peak1D F1="2.1177" intensity="0.28" type="0"/>
    <Peak1D F1="2.1107" intensity="0.24" type="0"/>
    <Peak1D F1="2.0661" intensity="0.22" type="0"/>
    <Peak1D F1="2.0589" intensity="0.25" type="0"/>
    <Peak1D F1="2.0406" intensity="0.61" type="0"/>
    <Peak1D F1="2.0224" intensity="0.3" type="0"/>
    <Peak1D F1="2.0156" intensity="0.35" type="0"/>
    <Peak1D F1="2.004" intensity="0.33" type="0"/>
    <Peak1D F1="1.9957" intensity="0.32" type="0"/>
    <Peak1D F1="1.9798" intensity="0.28" type="0"/>
    <Peak1D F1="1.9723" intensity="0.26" type="0"/>
  </PeakList1D>
  <PeakList1D>
    <PeakList1DHeader creator="JRomeo" date="2019-12-11T09:16:55" expNo="2" name="2JR97" owner="" procNo="1" source="C:\Bruker\TOPSPIN">
      <PeakPickDetails>F1=1.444ppm, F2=0.787ppm, MI=1.33cm, MAXI=16.88cm, PC=1.000
      </PeakPickDetails>
    </PeakList1DHeader>
    <Peak1D F1="1.2647" intensity="15.0" type="0"/>
    <Peak1D F1="1.2273" intensity="2.71" type="0"/>
    <Peak1D F1="1.217" intensity="2.82" type="0"/>
    <Peak1D F1="1.2147" intensity="2.78" type="0"/>
    <Peak1D F1="1.2053" intensity="2.58" type="0"/>
    <Peak1D F1="1.1923" intensity="2.33" type="0"/>
    <Peak1D F1="1.0237" intensity="14.1" type="0"/>
    <Peak1D F1="0.9796" intensity="1.92" type="0"/>
    <Peak1D F1="0.9667" intensity="1.92" type="0"/>
  </PeakList1D>
  <PeakList1D>
    <PeakList1DHeader creator="JRomeo" date="2019-12-11T09:16:55" expNo="2" name="2JR97" owner="" procNo="1" source="C:\Bruker\TOPSPIN">
      <PeakPickDetails>F1=0.372ppm, F2=0.058ppm, MI=4.68cm, MAXI=10.64cm, PC=1.000
      </PeakPickDetails>
    </PeakList1DHeader>
    <Peak1D F1="0.1937" intensity="8.81" type="0"/>
  </PeakList1D>
</PeakList>
