<?xml version="1.0" encoding="UTF-8"?>
<PeakList>
  <PeakList1D>
    <PeakList1DHeader creator="JRomeo" date="2020-03-13T13:10:16" expNo="1" name="2JR108" owner="" procNo="1" source="C:\Bruker\TOPSPIN">
      <PeakPickDetails>F1=8.365ppm, F2=7.360ppm, MI=0.29cm, MAXI=4.84cm, PC=1.000
      </PeakPickDetails>
    </PeakList1DHeader>
    <Peak1D F1="7.8196" intensity="3.47" type="0"/>
    <Peak1D F1="7.8137" intensity="3.52" type="0"/>
    <Peak1D F1="7.8111" intensity="3.52" type="0"/>
    <Peak1D F1="7.8046" intensity="3.62" type="0"/>
    <Peak1D F1="7.5557" intensity="1.29" type="0"/>
    <Peak1D F1="7.5533" intensity="1.28" type="0"/>
    <Peak1D F1="7.5385" intensity="1.14" type="0"/>
    <Peak1D F1="7.5363" intensity="1.14" type="0"/>
    <Peak1D F1="7.4729" intensity="0.34" type="0"/>
    <Peak1D F1="7.463" intensity="1.42" type="0"/>
    <Peak1D F1="7.4594" intensity="2.05" type="0"/>
    <Peak1D F1="7.452" intensity="2.21" type="0"/>
    <Peak1D F1="7.4445" intensity="2.01" type="0"/>
    <Peak1D F1="7.4409" intensity="1.25" type="0"/>
    <Peak1D F1="7.4308" intensity="0.31" type="0"/>
  </PeakList1D>
  <PeakList1D>
    <PeakList1DHeader creator="JRomeo" date="2020-03-13T13:10:16" expNo="1" name="2JR108" owner="" procNo="1" source="C:\Bruker\TOPSPIN">
      <PeakPickDetails>F1=6.690ppm, F2=6.217ppm, MI=0.25cm, MAXI=1.99cm, PC=1.000
      </PeakPickDetails>
    </PeakList1DHeader>
    <Peak1D F1="6.3637" intensity="1.17" type="0"/>
    <Peak1D F1="6.3609" intensity="1.2" type="0"/>
    <Peak1D F1="6.3512" intensity="1.22" type="0"/>
    <Peak1D F1="6.3484" intensity="1.22" type="0"/>
  </PeakList1D>
  <PeakList1D>
    <PeakList1DHeader creator="JRomeo" date="2020-03-13T13:10:16" expNo="1" name="2JR108" owner="" procNo="1" source="C:\Bruker\TOPSPIN">
      <PeakPickDetails>F1=5.498ppm, F2=4.523ppm, MI=0.54cm, MAXI=3.64cm, PC=1.000
      </PeakPickDetails>
    </PeakList1DHeader>
    <Peak1D F1="5.0837" intensity="1.55" type="0"/>
    <Peak1D F1="5.0593" intensity="1.9" type="0"/>
    <Peak1D F1="4.8512" intensity="2.05" type="0"/>
    <Peak1D F1="4.8268" intensity="2.67" type="0"/>
    <Peak1D F1="4.8178" intensity="0.94" type="0"/>
    <Peak1D F1="4.8145" intensity="1.08" type="0"/>
    <Peak1D F1="4.8133" intensity="1.09" type="0"/>
    <Peak1D F1="4.8101" intensity="0.83" type="0"/>
  </PeakList1D>
  <PeakList1D>
    <PeakList1DHeader creator="JRomeo" date="2020-03-13T13:10:16" expNo="1" name="2JR108" owner="" procNo="1" source="C:\Bruker\TOPSPIN">
      <PeakPickDetails>F1=4.404ppm, F2=3.646ppm, MI=0.40cm, MAXI=2.60cm, PC=1.000
      </PeakPickDetails>
    </PeakList1DHeader>
    <Peak1D F1="4.0541" intensity="0.88" type="0"/>
    <Peak1D F1="4.041" intensity="1.48" type="0"/>
    <Peak1D F1="4.0379" intensity="1.59" type="0"/>
    <Peak1D F1="4.033" intensity="1.44" type="0"/>
    <Peak1D F1="4.0304" intensity="1.5" type="0"/>
    <Peak1D F1="4.0279" intensity="1.39" type="0"/>
    <Peak1D F1="3.7313" intensity="0.85" type="0"/>
    <Peak1D F1="3.7283" intensity="1.35" type="0"/>
    <Peak1D F1="3.7241" intensity="1.3" type="0"/>
    <Peak1D F1="3.7201" intensity="1.31" type="0"/>
  </PeakList1D>
  <PeakList1D>
    <PeakList1DHeader creator="JRomeo" date="2020-03-13T13:10:16" expNo="1" name="2JR108" owner="" procNo="1" source="C:\Bruker\TOPSPIN">
      <PeakPickDetails>F1=3.567ppm, F2=3.064ppm, MI=11.29cm, MAXI=15.97cm, PC=1.000
      </PeakPickDetails>
    </PeakList1DHeader>
    <Peak1D F1="3.4372" intensity="15.0" type="0"/>
  </PeakList1D>
  <PeakList1D>
    <PeakList1DHeader creator="JRomeo" date="2020-03-13T13:10:16" expNo="1" name="2JR108" owner="" procNo="1" source="C:\Bruker\TOPSPIN">
      <PeakPickDetails>F1=1.882ppm, F2=0.562ppm, MI=3.81cm, MAXI=10.29cm, PC=1.000
      </PeakPickDetails>
    </PeakList1DHeader>
    <Peak1D F1="1.2732" intensity="6.33" type="0"/>
    <Peak1D F1="1.26" intensity="6.37" type="0"/>
  </PeakList1D>
</PeakList>
