{"IFD.version":"0.1.0-beta+2025.07.24",
"FAIRSpec.extractor.version":"0.1.0-beta+2025.07.24",
"FAIRSpec.extractor.code":"https://github.com/IUPAC/IUPAC-FAIRSpec/blob/main/src/main/java/com/integratedgraphics/extractor/IFDExtractor.java",
"FAIRSpec.extractor.creation_date":"17 Aug 2025 02:48:44 GMT",
"FAIRSpec.extractor.script":"IFD-extract.json",
"FAIRSpec.extractor.sources":
["file:///c:/temp/iupac/acs/zip/22613762.zip",
"file:/C:/Users/hanso/git/IUPAC-FAIRSpec/./extract/acs.orglett.0c01277/structures/"
],
"FAIRSpec.extractor.list_type":"manifest",
"FAIRSpec.extractor.list_fileCount":333,
"FAIRSpec.extractor.list_byteCount":51221155,
"FAIRSpec.extractor.list":
[
"22613762/alkylation_orginal_FID_submitted_3aa_1.zip",
"22613762/alkylation_orginal_FID_submitted_3aa_1_pdata_1_thumb.png",
"22613762/alkylation_orginal_FID_submitted_3aa_2.zip",
"22613762/alkylation_orginal_FID_submitted_3aa_2_pdata_1_thumb.png",
"22613762/alkylation_orginal_FID_submitted_3ab_update_1.zip",
"22613762/alkylation_orginal_FID_submitted_3ab_update_2.zip",
"22613762/alkylation_orginal_FID_submitted_3ac_1.zip",
"22613762/alkylation_orginal_FID_submitted_3ac_2.zip",
"22613762/alkylation_orginal_FID_submitted_3ad_1.zip",
"22613762/alkylation_orginal_FID_submitted_3ad_2.zip",
"22613762/alkylation_orginal_FID_submitted_3ae_1.zip",
"22613762/alkylation_orginal_FID_submitted_3ae_2.zip",
"22613762/alkylation_orginal_FID_submitted_3af_1.zip",
"22613762/alkylation_orginal_FID_submitted_3af_2.zip",
"22613762/alkylation_orginal_FID_submitted_3ag_1.zip",
"22613762/alkylation_orginal_FID_submitted_3ag_2.zip",
"22613762/alkylation_orginal_FID_submitted_3ah_1.zip",
"22613762/alkylation_orginal_FID_submitted_3ah_2.zip",
"22613762/alkylation_orginal_FID_submitted_3ai_1.zip",
"22613762/alkylation_orginal_FID_submitted_3ai_1_pdata_1_thumb.png",
"22613762/alkylation_orginal_FID_submitted_3ai_2.zip",
"22613762/alkylation_orginal_FID_submitted_3ai_2_pdata_1_thumb.png",
"22613762/alkylation_orginal_FID_submitted_3aj_1.zip",
"22613762/alkylation_orginal_FID_submitted_3aj_2.zip",
"22613762/alkylation_orginal_FID_submitted_3ak_1.zip",
"22613762/alkylation_orginal_FID_submitted_3ak_2.zip",
"22613762/alkylation_orginal_FID_submitted_3al_1.zip",
"22613762/alkylation_orginal_FID_submitted_3al_2.zip",
"22613762/alkylation_orginal_FID_submitted_3am_1.zip",
"22613762/alkylation_orginal_FID_submitted_3am_1_pdata_1_thumb.png",
"22613762/alkylation_orginal_FID_submitted_3am_2.zip",
"22613762/alkylation_orginal_FID_submitted_3am_2_pdata_1_thumb.png",
"22613762/alkylation_orginal_FID_submitted_3an_1.zip",
"22613762/alkylation_orginal_FID_submitted_3an_2.zip",
"22613762/alkylation_orginal_FID_submitted_3ao_1.zip",
"22613762/alkylation_orginal_FID_submitted_3ao_2.zip",
"22613762/alkylation_orginal_FID_submitted_3ap_1.zip",
"22613762/alkylation_orginal_FID_submitted_3ap_1_pdata_1_thumb.png",
"22613762/alkylation_orginal_FID_submitted_3ap_2.zip",
"22613762/alkylation_orginal_FID_submitted_3ap_2_pdata_1_thumb.png",
"22613762/alkylation_orginal_FID_submitted_3aq_1.zip",
"22613762/alkylation_orginal_FID_submitted_3aq_1_pdata_1_thumb.png",
"22613762/alkylation_orginal_FID_submitted_3aq_2.zip",
"22613762/alkylation_orginal_FID_submitted_3aq_2_pdata_1_thumb.png",
"22613762/alkylation_orginal_FID_submitted_3ar_1.zip",
"22613762/alkylation_orginal_FID_submitted_3ar_1_pdata_1_thumb.png",
"22613762/alkylation_orginal_FID_submitted_3ar_2.zip",
"22613762/alkylation_orginal_FID_submitted_3ar_2_pdata_1_thumb.png",
"22613762/alkylation_orginal_FID_submitted_3as_1.zip",
"22613762/alkylation_orginal_FID_submitted_3as_2.zip",
"22613762/alkylation_orginal_FID_submitted_3at_1.zip",
"22613762/alkylation_orginal_FID_submitted_3at_2.zip",
"22613762/alkylation_orginal_FID_submitted_3au_1.zip",
"22613762/alkylation_orginal_FID_submitted_3au_1_pdata_1_thumb.png",
"22613762/alkylation_orginal_FID_submitted_3au_2.zip",
"22613762/alkylation_orginal_FID_submitted_3au_2_pdata_1_thumb.png",
"22613762/alkylation_orginal_FID_submitted_3av_1.zip",
"22613762/alkylation_orginal_FID_submitted_3av_2.zip",
"22613762/alkylation_orginal_FID_submitted_3aw_1.zip",
"22613762/alkylation_orginal_FID_submitted_3aw_2.zip",
"22613762/alkylation_orginal_FID_submitted_3ax_1.zip",
"22613762/alkylation_orginal_FID_submitted_3ax_1_pdata_1_thumb.png",
"22613762/alkylation_orginal_FID_submitted_3ax_2.zip",
"22613762/alkylation_orginal_FID_submitted_3ax_2_pdata_1_thumb.png",
"22613762/alkylation_orginal_FID_submitted_3ay_update_20.zip",
"22613762/alkylation_orginal_FID_submitted_3ay_update_20_pdata_1_email_xjb-xq-1_20_1.pdf",
"22613762/alkylation_orginal_FID_submitted_3ay_update_20_pdata_1_thumb.png",
"22613762/alkylation_orginal_FID_submitted_3ay_update_30.zip",
"22613762/alkylation_orginal_FID_submitted_3ay_update_30_pdata_1_email_xjb-xq-1_30_1.pdf",
"22613762/alkylation_orginal_FID_submitted_3ay_update_30_pdata_1_thumb.png",
"22613762/alkylation_orginal_FID_submitted_3ba_1.zip",
"22613762/alkylation_orginal_FID_submitted_3ba_2.zip",
"22613762/alkylation_orginal_FID_submitted_3ca_1.zip",
"22613762/alkylation_orginal_FID_submitted_3ca_1_pdata_1_thumb.png",
"22613762/alkylation_orginal_FID_submitted_3ca_2.zip",
"22613762/alkylation_orginal_FID_submitted_3ca_2_pdata_1_thumb.png",
"22613762/alkylation_orginal_FID_submitted_3da_1.zip",
"22613762/alkylation_orginal_FID_submitted_3da_2.zip",
"22613762/alkylation_orginal_FID_submitted_3ea_1.zip",
"22613762/alkylation_orginal_FID_submitted_3ea_2.zip",
"22613762/alkylation_orginal_FID_submitted_3fa_1.zip",
"22613762/alkylation_orginal_FID_submitted_3fa_2.zip",
"22613762/alkylation_orginal_FID_submitted_3ga_1.zip",
"22613762/alkylation_orginal_FID_submitted_3ga_2.zip",
"22613762/alkylation_orginal_FID_submitted_3ha_1.zip",
"22613762/alkylation_orginal_FID_submitted_3ha_1_pdata_1_thumb.png",
"22613762/alkylation_orginal_FID_submitted_3ha_2.zip",
"22613762/alkylation_orginal_FID_submitted_3ha_2_pdata_1_thumb.png",
"22613762/alkylation_orginal_FID_submitted_3ia_1.zip",
"22613762/alkylation_orginal_FID_submitted_3ia_1_pdata_1_thumb.png",
"22613762/alkylation_orginal_FID_submitted_3ia_2.zip",
"22613762/alkylation_orginal_FID_submitted_3ia_2_pdata_1_thumb.png",
"22613762/alkylation_orginal_FID_submitted_3ja_1.zip",
"22613762/alkylation_orginal_FID_submitted_3ja_2.zip",
"22613762/alkylation_orginal_FID_submitted_3ka_1.zip",
"22613762/alkylation_orginal_FID_submitted_3ka_2.zip",
"22613762/alkylation_orginal_FID_submitted_3la_1.zip",
"22613762/alkylation_orginal_FID_submitted_3la_2.zip",
"22613762/alkylation_orginal_FID_submitted_3ma_1.zip",
"22613762/alkylation_orginal_FID_submitted_3ma_2.zip",
"22613762/alkylation_orginal_FID_submitted_3na_1.zip",
"22613762/alkylation_orginal_FID_submitted_3na_2.zip",
"22613762/alkylation_orginal_FID_submitted_3oa_1.zip",
"22613762/alkylation_orginal_FID_submitted_3oa_2.zip",
"22613762/alkylation_orginal_FID_submitted_3pa_1.zip",
"22613762/alkylation_orginal_FID_submitted_3pa_2.zip",
"22613762/alkylation_orginal_FID_submitted_3qa_1.zip",
"22613762/alkylation_orginal_FID_submitted_3qa_2.zip",
"22613762/alkylation_orginal_FID_submitted_3ra_1.zip",
"22613762/alkylation_orginal_FID_submitted_3ra_1_pdata_1_thumb.png",
"22613762/alkylation_orginal_FID_submitted_3ra_2.zip",
"22613762/alkylation_orginal_FID_submitted_3ra_2_pdata_1_thumb.png",
"22613762/alkylation_orginal_FID_submitted_3sa_1.zip",
"22613762/alkylation_orginal_FID_submitted_3sa_2.zip",
"22613762/alkylation_orginal_FID_submitted_3ta_1.zip",
"22613762/alkylation_orginal_FID_submitted_3ta_2.zip",
"22613762/alkylation_orginal_FID_submitted_3ua_1.zip",
"22613762/alkylation_orginal_FID_submitted_3ua_2.zip",
"22613762/alkylation_orginal_FID_submitted_3va_1.zip",
"22613762/alkylation_orginal_FID_submitted_3va_2.zip",
"22613762/alkylation_orginal_FID_submitted_3wa_1.zip",
"22613762/alkylation_orginal_FID_submitted_3wa_1_pdata_1_thumb.png",
"22613762/alkylation_orginal_FID_submitted_3wa_2.zip",
"22613762/alkylation_orginal_FID_submitted_3wa_update_1.zip",
"22613762/alkylation_orginal_FID_submitted_3wa_update_1_pdata_1_thumb.png",
"22613762/alkylation_orginal_FID_submitted_3wa_update_2.zip",
"22613762/alkylation_orginal_FID_submitted_3xa_1.zip",
"22613762/alkylation_orginal_FID_submitted_3xa_2.zip",
"22613762/alkylation_orginal_FID_submitted_3ya_1.zip",
"22613762/alkylation_orginal_FID_submitted_3ya_1_pdata_1_thumb.png",
"22613762/alkylation_orginal_FID_submitted_3ya_2.zip",
"22613762/alkylation_orginal_FID_submitted_3ya_2_pdata_1_thumb.png",
"22613762/alkylation_orginal_FID_submitted_5aa_1.zip",
"22613762/alkylation_orginal_FID_submitted_5aa_1_pdata_1_thumb.png",
"22613762/alkylation_orginal_FID_submitted_5aa_2.zip",
"22613762/alkylation_orginal_FID_submitted_5aa_2_pdata_1_thumb.png",
"22613762/alkylation_orginal_FID_submitted_5ab_1.zip",
"22613762/alkylation_orginal_FID_submitted_5ab_2.zip",
"22613762/alkylation_orginal_FID_submitted_5ac_1.zip",
"22613762/alkylation_orginal_FID_submitted_5ac_2.zip",
"22613762/alkylation_orginal_FID_submitted_5ad_1.zip",
"22613762/alkylation_orginal_FID_submitted_5ad_2.zip",
"22613762/alkylation_orginal_FID_submitted_5ae_1.zip",
"22613762/alkylation_orginal_FID_submitted_5ae_1_pdata_1_thumb.png",
"22613762/alkylation_orginal_FID_submitted_5ae_2.zip",
"22613762/alkylation_orginal_FID_submitted_5ae_2_pdata_1_thumb.png",
"22613762/alkylation_orginal_FID_submitted_5af_1.zip",
"22613762/alkylation_orginal_FID_submitted_5af_1_pdata_1_thumb.png",
"22613762/alkylation_orginal_FID_submitted_5af_2.zip",
"22613762/alkylation_orginal_FID_submitted_5af_2_pdata_1_thumb.png",
"22613762/alkylation_orginal_FID_submitted_5ag_update_1.zip",
"22613762/alkylation_orginal_FID_submitted_5ag_update_2.zip",
"22613762/alkylation_orginal_FID_submitted_5ah_1.zip",
"22613762/alkylation_orginal_FID_submitted_5ah_2.zip",
"22613762/alkylation_orginal_FID_submitted_5ah_2_pdata_1_thumb.png",
"22613762/alkylation_orginal_FID_submitted_6_1.zip",
"22613762/alkylation_orginal_FID_submitted_6_2.zip",
"22613762/alkylation_orginal_FID_submitted_7_1.zip",
"22613762/alkylation_orginal_FID_submitted_7_2.zip",
"22613762/alkylation_orginal_FID_submitted_8_1.zip",
"22613762/alkylation_orginal_FID_submitted_8_1_pdata_1_thumb.png",
"22613762/alkylation_orginal_FID_submitted_8_2.zip",
"22613762/alkylation_orginal_FID_submitted_8_2_pdata_1_thumb.png",
"22613762/alkylation_orginal_FID_submitted_HD_exchange_Rxn_1_ratio_20-80.zip",
"22613762/alkylation_orginal_FID_submitted_HD_exchange_Rxn_2_ratio_11-89.zip"
,"structures/(E,Z)3ax+(E,E)3ax_(E,E)3ax.cdxml",
"structures/(E,Z)3ax+(E,E)3ax_(E,E)3ax.cdxml.mol",
"structures/(E,Z)3ax+(E,E)3ax_(E,E)3ax.cdxml.png",
"structures/3aa.cdxml",
"structures/3aa.cdxml.mol",
"structures/3aa.cdxml.png",
"structures/3ab.cdxml",
"structures/3ab.cdxml.mol",
"structures/3ab.cdxml.png",
"structures/3ac.cdxml",
"structures/3ac.cdxml.mol",
"structures/3ac.cdxml.png",
"structures/3ad.cdxml",
"structures/3ad.cdxml.mol",
"structures/3ad.cdxml.png",
"structures/3ae.cdxml",
"structures/3ae.cdxml.mol",
"structures/3ae.cdxml.png",
"structures/3af.cdxml",
"structures/3af.cdxml.mol",
"structures/3af.cdxml.png",
"structures/3ag.cdxml",
"structures/3ag.cdxml.mol",
"structures/3ag.cdxml.png",
"structures/3ah.cdxml",
"structures/3ah.cdxml.mol",
"structures/3ah.cdxml.png",
"structures/3ai.cdxml",
"structures/3ai.cdxml.mol",
"structures/3ai.cdxml.png",
"structures/3aj.cdxml",
"structures/3aj.cdxml.mol",
"structures/3aj.cdxml.png",
"structures/3al.cdxml",
"structures/3al.cdxml.mol",
"structures/3al.cdxml.png",
"structures/3am.cdxml",
"structures/3am.cdxml.mol",
"structures/3am.cdxml.png",
"structures/3an.cdxml",
"structures/3an.cdxml.mol",
"structures/3an.cdxml.png",
"structures/3ao.cdxml",
"structures/3ao.cdxml.mol",
"structures/3ao.cdxml.png",
"structures/3ap.cdxml",
"structures/3ap.cdxml.mol",
"structures/3ap.cdxml.png",
"structures/3aq.cdxml",
"structures/3aq.cdxml.mol",
"structures/3aq.cdxml.png",
"structures/3ar.cdxml",
"structures/3ar.cdxml.mol",
"structures/3ar.cdxml.png",
"structures/3as.cdxml",
"structures/3as.cdxml.mol",
"structures/3as.cdxml.png",
"structures/3at.cdxml",
"structures/3at.cdxml.mol",
"structures/3at.cdxml.png",
"structures/3aw.cdxml",
"structures/3aw.cdxml.mol",
"structures/3aw.cdxml.png",
"structures/3ay.cdxml",
"structures/3ay.cdxml.mol",
"structures/3ay.cdxml.png",
"structures/3ba.cdxml",
"structures/3ba.cdxml.mol",
"structures/3ba.cdxml.png",
"structures/3ca.cdxml",
"structures/3ca.cdxml.mol",
"structures/3ca.cdxml.png",
"structures/3da.cdxml",
"structures/3da.cdxml.mol",
"structures/3da.cdxml.png",
"structures/3ea.cdxml",
"structures/3ea.cdxml.mol",
"structures/3ea.cdxml.png",
"structures/3fa.cdxml",
"structures/3fa.cdxml.mol",
"structures/3fa.cdxml.png",
"structures/3ga.cdxml",
"structures/3ga.cdxml.mol",
"structures/3ga.cdxml.png",
"structures/3ha.cdxml",
"structures/3ha.cdxml.mol",
"structures/3ha.cdxml.png",
"structures/3ia.cdxml",
"structures/3ia.cdxml.mol",
"structures/3ia.cdxml.png",
"structures/3ja.cdxml",
"structures/3ja.cdxml.mol",
"structures/3ja.cdxml.png",
"structures/3ka.cdxml",
"structures/3ka.cdxml.mol",
"structures/3ka.cdxml.png",
"structures/3la.cdxml",
"structures/3la.cdxml.mol",
"structures/3la.cdxml.png",
"structures/3ma.cdxml",
"structures/3ma.cdxml.mol",
"structures/3ma.cdxml.png",
"structures/3na.cdxml",
"structures/3na.cdxml.mol",
"structures/3na.cdxml.png",
"structures/3oa.cdxml",
"structures/3oa.cdxml.mol",
"structures/3oa.cdxml.png",
"structures/3pa.cdxml",
"structures/3pa.cdxml.mol",
"structures/3pa.cdxml.png",
"structures/3qa.cdxml",
"structures/3qa.cdxml.mol",
"structures/3qa.cdxml.png",
"structures/3ra.cdxml",
"structures/3ra.cdxml.mol",
"structures/3ra.cdxml.png",
"structures/3sa.cdxml",
"structures/3sa.cdxml.mol",
"structures/3sa.cdxml.png",
"structures/3ta.cdxml",
"structures/3ta.cdxml.mol",
"structures/3ta.cdxml.png",
"structures/3ua.cdxml",
"structures/3ua.cdxml.mol",
"structures/3ua.cdxml.png",
"structures/3va.cdxml",
"structures/3va.cdxml.mol",
"structures/3va.cdxml.png",
"structures/3wa.cdxml",
"structures/3wa.cdxml.mol",
"structures/3wa.cdxml.png",
"structures/3xa.cdxml",
"structures/3xa.cdxml.mol",
"structures/3xa.cdxml.png",
"structures/3ya.cdxml",
"structures/3ya.cdxml.mol",
"structures/3ya.cdxml.png",
"structures/5aa.cdxml",
"structures/5aa.cdxml.mol",
"structures/5aa.cdxml.png",
"structures/5ab.cdxml",
"structures/5ab.cdxml.mol",
"structures/5ab.cdxml.png",
"structures/5ac.cdxml",
"structures/5ac.cdxml.mol",
"structures/5ac.cdxml.png",
"structures/5ad.cdxml",
"structures/5ad.cdxml.mol",
"structures/5ad.cdxml.png",
"structures/5ae.cdxml",
"structures/5ae.cdxml.mol",
"structures/5ae.cdxml.png",
"structures/5af.cdxml",
"structures/5af.cdxml.mol",
"structures/5af.cdxml.png",
"structures/5ag.cdxml",
"structures/5ag.cdxml.mol",
"structures/5ag.cdxml.png",
"structures/5ah.cdxml",
"structures/5ah.cdxml.mol",
"structures/5ah.cdxml.png",
"structures/7.cdxml",
"structures/7.cdxml.mol",
"structures/7.cdxml.png",
"structures/8.cdxml",
"structures/8.cdxml.mol",
"structures/8.cdxml.png"
]
}
