<?xml version="1.0" encoding="UTF-8"?>
<PeakList>
  <PeakList1D>
    <PeakList1DHeader creator="chemist" date="2019-01-09T00:06:50.670+00:00" expNo="10" name="Z143374" owner="" procNo="1" source="f:\data\chemist\nmr\">
      <PeakPickDetails>F1=15.000ppm, F2=-0.100ppm, MI=0.50cm, MAXI=80.00cm, PC=1.000
      </PeakPickDetails>
    </PeakList1DHeader>
    <Peak1D F1="7.3447" intensity="2.371689e+000" type="0"/>
    <Peak1D F1="7.3396" intensity="1.042845e+000" type="0"/>
    <Peak1D F1="7.3286" intensity="1.633147e+000" type="0"/>
    <Peak1D F1="7.3232" intensity="6.670827e+000" type="0"/>
    <Peak1D F1="7.2988" intensity="6.156882e+000" type="0"/>
    <Peak1D F1="7.2936" intensity="1.571688e+000" type="0"/>
    <Peak1D F1="7.2848" intensity="3.424052e+000" type="0"/>
    <Peak1D F1="7.2775" intensity="2.278341e+000" type="0"/>
    <Peak1D F1="7.1169" intensity="5.042354e-001" type="0"/>
    <Peak1D F1="7.1101" intensity="3.593946e+000" type="0"/>
    <Peak1D F1="7.0886" intensity="4.247697e+000" type="0"/>
    <Peak1D F1="7.0817" intensity="5.643212e-001" type="0"/>
    <Peak1D F1="6.8830" intensity="6.412520e-001" type="0"/>
    <Peak1D F1="6.8759" intensity="4.729348e+000" type="0"/>
    <Peak1D F1="6.8708" intensity="1.578757e+000" type="0"/>
    <Peak1D F1="6.8591" intensity="1.442634e+000" type="0"/>
    <Peak1D F1="6.8543" intensity="3.844023e+000" type="0"/>
    <Peak1D F1="4.8767" intensity="5.561214e-001" type="0"/>
    <Peak1D F1="4.8711" intensity="6.129562e-001" type="0"/>
    <Peak1D F1="4.8641" intensity="6.578399e-001" type="0"/>
    <Peak1D F1="4.8575" intensity="1.015037e+000" type="0"/>
    <Peak1D F1="4.8507" intensity="6.626074e-001" type="0"/>
    <Peak1D F1="4.8441" intensity="6.020599e-001" type="0"/>
    <Peak1D F1="4.8383" intensity="5.432584e-001" type="0"/>
    <Peak1D F1="3.8193" intensity="2.000000e+001" type="0"/>
    <Peak1D F1="3.0070" intensity="6.205692e-001" type="0"/>
    <Peak1D F1="2.9943" intensity="6.808441e-001" type="0"/>
    <Peak1D F1="2.9726" intensity="1.829478e+000" type="0"/>
    <Peak1D F1="2.9599" intensity="1.746198e+000" type="0"/>
    <Peak1D F1="2.9407" intensity="1.907710e+000" type="0"/>
    <Peak1D F1="2.9201" intensity="1.800390e+000" type="0"/>
    <Peak1D F1="2.9063" intensity="6.409770e-001" type="0"/>
    <Peak1D F1="2.8857" intensity="6.812828e-001" type="0"/>
    <Peak1D F1="1.9883" intensity="1.835546e+000" type="0"/>
    <Peak1D F1="1.9816" intensity="1.685760e+000" type="0"/>
    <Peak1D F1="1.5817" intensity="1.232813e+000" type="0"/>
  </PeakList1D>
</PeakList>
