<?xml version="1.0" encoding="UTF-8"?>
<PeakList>
  <PeakList1D>
    <PeakList1DHeader creator="nmrsu" date="2023-06-20T09:15:52.081-05:00" expNo="1210410" name="Jun20-2023" owner="" procNo="1" source="G:/data/chem-synthesis-a-team6/nmr">
      <PeakPickDetails>F1=219.460297ppm, F2=-19.460289ppm, MI=0.00cm, MAXI=10000.00cm, PC=1.400
      </PeakPickDetails>
    </PeakList1DHeader>
    <Peak1D F1="168.530121" intensity="1.839363e+000" type="0"/>
    <Peak1D F1="135.323425" intensity="2.638833e+000" type="0"/>
    <Peak1D F1="134.000427" intensity="3.033867e+000" type="0"/>
    <Peak1D F1="129.446732" intensity="1.500000e+001" type="0"/>
    <Peak1D F1="120.176994" intensity="1.497877e+001" type="0"/>
    <Peak1D F1="77.362183" intensity="2.186295e+001" type="0"/>
    <Peak1D F1="77.044258" intensity="2.236901e+001" type="0"/>
    <Peak1D F1="76.726631" intensity="2.168871e+001" type="0"/>
    <Peak1D F1="24.393684" intensity="4.638871e+000" type="0"/>
    <Peak1D F1="20.845510" intensity="5.280388e+000" type="0"/>
  </PeakList1D>
</PeakList>
