<?xml version="1.0" encoding="UTF-8"?>
<PeakList>
  <PeakList1D>
    <PeakList1DHeader creator="JRomeo" date="2019-02-11T12:23:36" expNo="2" name="1JR139" owner="" procNo="1" source="C:\Bruker\TOPSPIN">
      <PeakPickDetails>F1=160.357ppm, F2=131.544ppm, MI=0.67cm, MAXI=3.98cm, PC=1.400
      </PeakPickDetails>
    </PeakList1DHeader>
    <Peak1D F1="154.6516" intensity="2.46" type="0"/>
    <Peak1D F1="151.0804" intensity="2.91" type="0"/>
    <Peak1D F1="136.5975" intensity="2.83" type="0"/>
    <Peak1D F1="133.2754" intensity="2.83" type="0"/>
    <Peak1D F1="132.9711" intensity="3.0" type="0"/>
  </PeakList1D>
  <PeakList1D>
    <PeakList1DHeader creator="JRomeo" date="2019-02-11T12:23:36" expNo="2" name="1JR139" owner="" procNo="1" source="C:\Bruker\TOPSPIN">
      <PeakPickDetails>F1=129.955ppm, F2=94.386ppm, MI=0.97cm, MAXI=15.74cm, PC=1.400
      </PeakPickDetails>
    </PeakList1DHeader>
    <Peak1D F1="127.9148" intensity="7.94" type="0"/>
    <Peak1D F1="127.8663" intensity="6.72" type="0"/>
    <Peak1D F1="127.6678" intensity="7.06" type="0"/>
    <Peak1D F1="126.687" intensity="5.92" type="0"/>
    <Peak1D F1="126.5048" intensity="6.2" type="0"/>
    <Peak1D F1="125.9019" intensity="6.51" type="0"/>
    <Peak1D F1="125.6789" intensity="5.77" type="0"/>
    <Peak1D F1="117.5638" intensity="11.62" type="0"/>
    <Peak1D F1="114.576" intensity="12.66" type="0"/>
    <Peak1D F1="99.673" intensity="6.97" type="0"/>
    <Peak1D F1="97.1831" intensity="5.05" type="0"/>
  </PeakList1D>
  <PeakList1D>
    <PeakList1DHeader creator="JRomeo" date="2019-02-11T12:23:36" expNo="2" name="1JR139" owner="" procNo="1" source="C:\Bruker\TOPSPIN">
      <PeakPickDetails>F1=76.105ppm, F2=51.664ppm, MI=0.92cm, MAXI=13.19cm, PC=1.400
      </PeakPickDetails>
    </PeakList1DHeader>
    <Peak1D F1="75.2308" intensity="3.82" type="0"/>
    <Peak1D F1="74.9792" intensity="5.42" type="0"/>
    <Peak1D F1="74.4288" intensity="6.11" type="0"/>
    <Peak1D F1="73.591" intensity="5.08" type="0"/>
    <Peak1D F1="67.6667" intensity="6.0" type="0"/>
    <Peak1D F1="67.0552" intensity="5.82" type="0"/>
    <Peak1D F1="56.5155" intensity="5.42" type="0"/>
    <Peak1D F1="56.145" intensity="5.43" type="0"/>
    <Peak1D F1="55.6531" intensity="7.43" type="0"/>
  </PeakList1D>
  <PeakList1D>
    <PeakList1DHeader creator="JRomeo" date="2019-02-11T12:23:36" expNo="2" name="1JR139" owner="" procNo="1" source="C:\Bruker\TOPSPIN">
      <PeakPickDetails>F1=36.562ppm, F2=12.717ppm, MI=1.64cm, MAXI=8.64cm, PC=1.400
      </PeakPickDetails>
    </PeakList1DHeader>
    <Peak1D F1="31.1388" intensity="5.54" type="0"/>
    <Peak1D F1="30.5504" intensity="5.19" type="0"/>
    <Peak1D F1="17.5611" intensity="6.68" type="0"/>
    <Peak1D F1="17.4606" intensity="5.94" type="0"/>
  </PeakList1D>
</PeakList>
