<?xml version="1.0" encoding="UTF-8"?>
<PeakList>
  <PeakList1D>
    <PeakList1DHeader creator="Lijin_Xu" date="2017-11-24T21:10:25.690+08:00" expNo="2" name="zhq-477" owner="" procNo="1" source="D:">
      <PeakPickDetails>F1=235.494ppm, F2=-15.494ppm, MI=0.00cm, MAXI=10000.00cm, PC=1.400
      </PeakPickDetails>
    </PeakList1DHeader>
    <Peak1D F1="173.0379" intensity="5.97" type="0"/>
    <Peak1D F1="163.8199" intensity="3.71" type="0"/>
    <Peak1D F1="151.6030" intensity="3.68" type="0"/>
    <Peak1D F1="150.1243" intensity="1.54" type="0"/>
    <Peak1D F1="149.8615" intensity="11.70" type="0"/>
    <Peak1D F1="148.6195" intensity="6.00" type="0"/>
    <Peak1D F1="140.0705" intensity="10.01" type="0"/>
    <Peak1D F1="138.6211" intensity="11.31" type="0"/>
    <Peak1D F1="138.0299" intensity="1.34" type="0"/>
    <Peak1D F1="124.1093" intensity="13.65" type="0"/>
    <Peak1D F1="124.0637" intensity="12.75" type="0"/>
    <Peak1D F1="122.4095" intensity="1.62" type="0"/>
    <Peak1D F1="119.2012" intensity="1.91" type="0"/>
    <Peak1D F1="118.9861" intensity="10.52" type="0"/>
    <Peak1D F1="115.8457" intensity="1.62" type="0"/>
    <Peak1D F1="110.4801" intensity="1.32" type="0"/>
    <Peak1D F1="105.2852" intensity="9.48" type="0"/>
    <Peak1D F1="77.4082" intensity="49.64" type="0"/>
    <Peak1D F1="77.2935" intensity="5.78" type="0"/>
    <Peak1D F1="77.0904" intensity="50.64" type="0"/>
    <Peak1D F1="76.7722" intensity="49.85" type="0"/>
    <Peak1D F1="51.6116" intensity="12.45" type="0"/>
    <Peak1D F1="32.9547" intensity="13.72" type="0"/>
    <Peak1D F1="32.1527" intensity="14.07" type="0"/>
    <Peak1D F1="22.9840" intensity="15.00" type="0"/>
  </PeakList1D>
</PeakList>
