<?xml version="1.0" encoding="UTF-8"?>
<PeakList modified="2020-02-08T14:29:51">
  <PeakList1D>
    <PeakList1DHeader creator="Dell" date="2020-02-08T14:29:51" expNo="7" name="SDT369A" owner="" procNo="1" source="C:/Users/Dell/Desktop/NMR/Boronate EE analysis">
      <PeakPickDetails>F1=166.808685ppm, F2=159.669006ppm, MI=0.01cm, MAXI=0.05cm, PC=1.400
      </PeakPickDetails>
    </PeakList1DHeader>
    <Peak1D F1="163.194138" intensity="0.02470538" type="0"/>
    <Peak1D F1="163.165802" intensity="0.02464916" type="0"/>
  </PeakList1D>
  <PeakList1D>
    <PeakList1DHeader creator="Dell" date="2020-02-08T14:29:51" expNo="7" name="SDT369A" owner="" procNo="1" source="C:/Users/Dell/Desktop/NMR/Boronate EE analysis">
      <PeakPickDetails>F1=146.038727ppm, F2=142.144363ppm, MI=0.01cm, MAXI=0.07cm, PC=1.400
      </PeakPickDetails>
    </PeakList1DHeader>
    <Peak1D F1="143.522247" intensity="0.05221332" type="0"/>
  </PeakList1D>
  <PeakList1D>
    <PeakList1DHeader creator="Dell" date="2020-02-08T14:29:51" expNo="7" name="SDT369A" owner="" procNo="1" source="C:/Users/Dell/Desktop/NMR/Boronate EE analysis">
      <PeakPickDetails>F1=128.175140ppm, F2=127.812416ppm, MI=9.65cm, MAXI=24.03cm, PC=1.400
      </PeakPickDetails>
    </PeakList1DHeader>
    <Peak1D F1="128.13797" intensity="14.08984" type="0"/>
    <Peak1D F1="128.000504" intensity="15.0" type="0"/>
    <Peak1D F1="127.862854" intensity="14.32785" type="0"/>
  </PeakList1D>
  <PeakList1D>
    <PeakList1DHeader creator="Dell" date="2020-02-08T14:29:51" expNo="7" name="SDT369A" owner="" procNo="1" source="C:/Users/Dell/Desktop/NMR/Boronate EE analysis">
      <PeakPickDetails>F1=89.570419ppm, F2=84.377930ppm, MI=0.02cm, MAXI=0.09cm, PC=1.400
      </PeakPickDetails>
    </PeakList1DHeader>
    <Peak1D F1="86.656082" intensity="0.05845309" type="0"/>
    <Peak1D F1="86.450592" intensity="0.06971601" type="0"/>
  </PeakList1D>
  <PeakList1D>
    <PeakList1DHeader creator="Dell" date="2020-02-08T14:29:51" expNo="7" name="SDT369A" owner="" procNo="1" source="C:/Users/Dell/Desktop/NMR/Boronate EE analysis">
      <PeakPickDetails>F1=63.607979ppm, F2=55.386539ppm, MI=0.01cm, MAXI=0.08cm, PC=1.400
      </PeakPickDetails>
    </PeakList1DHeader>
    <Peak1D F1="61.191227" intensity="0.06058421" type="0"/>
    <Peak1D F1="61.103275" intensity="0.06438771" type="0"/>
  </PeakList1D>
  <PeakList1D>
    <PeakList1DHeader creator="Dell" date="2020-02-08T14:29:51" expNo="7" name="SDT369A" owner="" procNo="1" source="C:/Users/Dell/Desktop/NMR/Boronate EE analysis">
      <PeakPickDetails>F1=50.410404ppm, F2=44.136150ppm, MI=0.01cm, MAXI=0.08cm, PC=1.400
      </PeakPickDetails>
    </PeakList1DHeader>
    <Peak1D F1="48.130016" intensity="0.03788078" type="0"/>
    <Peak1D F1="47.042606" intensity="0.03916364" type="0"/>
  </PeakList1D>
  <PeakList1D>
    <PeakList1DHeader creator="Dell" date="2020-02-08T14:29:51" expNo="7" name="SDT369A" owner="" procNo="1" source="C:/Users/Dell/Desktop/NMR/Boronate EE analysis">
      <PeakPickDetails>F1=35.986588ppm, F2=34.828842ppm, MI=0.01cm, MAXI=0.08cm, PC=1.400
      </PeakPickDetails>
    </PeakList1DHeader>
    <Peak1D F1="35.612823" intensity="0.04128023" type="0"/>
    <Peak1D F1="35.379398" intensity="0.04065066" type="0"/>
  </PeakList1D>
  <PeakList1D>
    <PeakList1DHeader creator="Dell" date="2020-02-08T14:29:51" expNo="7" name="SDT369A" owner="" procNo="1" source="C:/Users/Dell/Desktop/NMR/Boronate EE analysis">
      <PeakPickDetails>F1=30.390818ppm, F2=29.586826ppm, MI=0.06cm, MAXI=0.15cm, PC=1.400
      </PeakPickDetails>
    </PeakList1DHeader>
    <Peak1D F1="30.169422" intensity="0.1121306" type="0"/>
  </PeakList1D>
  <PeakList1D>
    <PeakList1DHeader creator="Dell" date="2020-02-08T14:29:51" expNo="7" name="SDT369A" owner="" procNo="1" source="C:/Users/Dell/Desktop/NMR/Boronate EE analysis">
      <PeakPickDetails>F1=27.924612ppm, F2=24.491259ppm, MI=0.09cm, MAXI=0.47cm, PC=1.400
      </PeakPickDetails>
    </PeakList1DHeader>
    <Peak1D F1="26.197851" intensity="0.3823135" type="0"/>
  </PeakList1D>
  <PeakList1D>
    <PeakList1DHeader creator="Dell" date="2020-02-08T14:29:51" expNo="7" name="SDT369A" owner="" procNo="1" source="C:/Users/Dell/Desktop/NMR/Boronate EE analysis">
      <PeakPickDetails>F1=20.657530ppm, F2=19.342463ppm, MI=0.03cm, MAXI=0.19cm, PC=1.400
      </PeakPickDetails>
    </PeakList1DHeader>
    <Peak1D F1="20.127066" intensity="0.06873044" type="0"/>
    <Peak1D F1="20.111423" intensity="0.08009056" type="0"/>
    <Peak1D F1="20.095406" intensity="0.1195181" type="0"/>
    <Peak1D F1="20.012505" intensity="0.06467038" type="0"/>
    <Peak1D F1="19.950338" intensity="0.0656202" type="0"/>
    <Peak1D F1="19.926659" intensity="0.06737389" type="0"/>
    <Peak1D F1="19.880886" intensity="0.06226913" type="0"/>
  </PeakList1D>
  <PeakList1D>
    <PeakList1DHeader creator="Dell" date="2020-02-08T14:29:51" expNo="7" name="SDT369A" owner="" procNo="1" source="C:/Users/Dell/Desktop/NMR/Boronate EE analysis">
      <PeakPickDetails>F1=-3.845776ppm, F2=-6.976058ppm, MI=0.03cm, MAXI=0.11cm, PC=1.400
      </PeakPickDetails>
    </PeakList1DHeader>
    <Peak1D F1="-5.062068" intensity="0.07851917" type="0"/>
    <Peak1D F1="-5.070466" intensity="0.08459555" type="0"/>
    <Peak1D F1="-5.123887" intensity="0.07475116" type="0"/>
    <Peak1D F1="-5.142285" intensity="0.07419907" type="0"/>
  </PeakList1D>
</PeakList>
