<?xml version="1.0" encoding="UTF-8"?>
<PeakList>
  <PeakList1D>
    <PeakList1DHeader creator="nmr600" date="2019-09-18T14:06:58.894+02:00" expNo="41" name="6Sep1819" owner="" procNo="1" source="/opt/topspin3.0/data/nmr600/nmr">
      <PeakPickDetails>F1=219.446198ppm, F2=-19.452496ppm, MI=0.00cm, MAXI=10000.00cm, PC=1.400
      </PeakPickDetails>
    </PeakList1DHeader>
    <Peak1D F1="172.636551" intensity="1.761403e+00" type="0"/>
    <Peak1D F1="156.779297" intensity="1.643123e+00" type="0"/>
    <Peak1D F1="138.111206" intensity="2.077492e+00" type="0"/>
    <Peak1D F1="133.126221" intensity="2.475605e+00" type="0"/>
    <Peak1D F1="128.796646" intensity="-6.666425e-01" type="0"/>
    <Peak1D F1="128.705811" intensity="-1.030788e+00" type="0"/>
    <Peak1D F1="128.539398" intensity="-1.470371e+01" type="0"/>
    <Peak1D F1="128.270142" intensity="-8.540866e+00" type="0"/>
    <Peak1D F1="128.136215" intensity="-3.372220e-01" type="0"/>
    <Peak1D F1="128.019196" intensity="-1.055103e+00" type="0"/>
    <Peak1D F1="127.555588" intensity="-1.500000e+01" type="0"/>
    <Peak1D F1="127.195374" intensity="-4.306274e-01" type="0"/>
    <Peak1D F1="127.017220" intensity="-7.646187e+00" type="0"/>
    <Peak1D F1="123.931358" intensity="1.609499e+00" type="0"/>
    <Peak1D F1="120.888420" intensity="-4.960871e-01" type="0"/>
    <Peak1D F1="117.583115" intensity="-8.578085e+00" type="0"/>
    <Peak1D F1="109.426041" intensity="-8.764617e+00" type="0"/>
    <Peak1D F1="108.199883" intensity="-5.968395e-01" type="0"/>
    <Peak1D F1="77.237915" intensity="2.862155e+01" type="0"/>
    <Peak1D F1="77.026009" intensity="3.135260e+01" type="0"/>
    <Peak1D F1="76.814339" intensity="3.179503e+01" type="0"/>
    <Peak1D F1="55.600868" intensity="-1.459422e+01" type="0"/>
    <Peak1D F1="55.421623" intensity="-1.006052e+00" type="0"/>
    <Peak1D F1="53.436710" intensity="4.282967e-01" type="0"/>
    <Peak1D F1="51.825130" intensity="-5.398858e-01" type="0"/>
    <Peak1D F1="46.482937" intensity="-7.516758e+00" type="0"/>
    <Peak1D F1="45.156528" intensity="1.250361e+01" type="0"/>
    <Peak1D F1="40.598633" intensity="8.450935e-01" type="0"/>
    <Peak1D F1="30.946463" intensity="-1.117928e+00" type="0"/>
  </PeakList1D>
</PeakList>
