<?xml version="1.0" encoding="UTF-8"?>
<PeakList>
  <PeakList1D>
    <PeakList1DHeader creator="Lijin_Xu" date="2018-11-05T15:38:16.796+08:00" expNo="2" name="zhq-746" owner="" procNo="1" source="D:">
      <PeakPickDetails>F1=235.494ppm, F2=-15.494ppm, MI=0.00cm, MAXI=10000.00cm, PC=1.400
      </PeakPickDetails>
    </PeakList1DHeader>
    <Peak1D F1="178.2639" intensity="1.06" type="0"/>
    <Peak1D F1="152.1294" intensity="0.89" type="0"/>
    <Peak1D F1="150.9463" intensity="2.26" type="0"/>
    <Peak1D F1="149.9150" intensity="1.23" type="0"/>
    <Peak1D F1="142.0354" intensity="0.92" type="0"/>
    <Peak1D F1="139.6831" intensity="2.29" type="0"/>
    <Peak1D F1="131.7215" intensity="2.44" type="0"/>
    <Peak1D F1="126.2738" intensity="2.38" type="0"/>
    <Peak1D F1="125.5359" intensity="0.90" type="0"/>
    <Peak1D F1="124.9421" intensity="2.34" type="0"/>
    <Peak1D F1="124.2883" intensity="2.56" type="0"/>
    <Peak1D F1="123.5316" intensity="2.40" type="0"/>
    <Peak1D F1="116.7045" intensity="2.41" type="0"/>
    <Peak1D F1="111.3829" intensity="2.49" type="0"/>
    <Peak1D F1="77.3818" intensity="14.76" type="0"/>
    <Peak1D F1="77.0641" intensity="15.00" type="0"/>
    <Peak1D F1="76.7463" intensity="14.72" type="0"/>
    <Peak1D F1="21.4373" intensity="2.40" type="0"/>
  </PeakList1D>
</PeakList>
