<?xml version="1.0" encoding="UTF-8"?>
<PeakList>
  <PeakList1D>
    <PeakList1DHeader creator="nmrsu" date="2019-01-18T12:13:07.792-02:00" expNo="3" name="2B202_MS293" owner="" procNo="1" source="C:/NMRData/data/marcio_marilia/nmr">
      <PeakPickDetails>F1=224.014ppm, F2=-21.183ppm, MI=0.00cm, MAXI=10000.00cm, PC=1.400
      </PeakPickDetails>
    </PeakList1DHeader>
    <Peak1D F1="174.1171" intensity="6.230038e+000" type="0"/>
    <Peak1D F1="170.7568" intensity="1.575031e+000" type="0"/>
    <Peak1D F1="151.9834" intensity="1.050631e+000" type="0"/>
    <Peak1D F1="148.8443" intensity="2.735193e+000" type="0"/>
    <Peak1D F1="148.6560" intensity="2.807881e+000" type="0"/>
    <Peak1D F1="139.3271" intensity="4.964606e+000" type="0"/>
    <Peak1D F1="134.3006" intensity="2.622092e+000" type="0"/>
    <Peak1D F1="131.3956" intensity="2.731377e+000" type="0"/>
    <Peak1D F1="130.3665" intensity="1.164868e+000" type="0"/>
    <Peak1D F1="128.7566" intensity="5.410189e+000" type="0"/>
    <Peak1D F1="125.0129" intensity="1.479354e+001" type="0"/>
    <Peak1D F1="121.0069" intensity="1.500000e+001" type="0"/>
    <Peak1D F1="120.8232" intensity="3.176488e+000" type="0"/>
    <Peak1D F1="120.6993" intensity="3.074751e+000" type="0"/>
    <Peak1D F1="120.3551" intensity="1.420290e+001" type="0"/>
    <Peak1D F1="119.4503" intensity="3.015248e+000" type="0"/>
    <Peak1D F1="118.2639" intensity="6.118545e+000" type="0"/>
    <Peak1D F1="118.1345" intensity="4.427467e+000" type="0"/>
    <Peak1D F1="117.7677" intensity="5.588080e+000" type="0"/>
    <Peak1D F1="116.3194" intensity="5.766935e+000" type="0"/>
    <Peak1D F1="116.0335" intensity="1.109015e+001" type="0"/>
    <Peak1D F1="115.7030" intensity="2.771181e+000" type="0"/>
    <Peak1D F1="115.5678" intensity="2.157545e+000" type="0"/>
    <Peak1D F1="112.6762" intensity="1.441435e+001" type="0"/>
    <Peak1D F1="111.3713" intensity="1.077725e+001" type="0"/>
    <Peak1D F1="102.8936" intensity="9.872146e+000" type="0"/>
    <Peak1D F1="52.6588" intensity="1.058872e+001" type="0"/>
    <Peak1D F1="49.6677" intensity="2.395582e+001" type="0"/>
    <Peak1D F1="49.4550" intensity="7.054166e+001" type="0"/>
    <Peak1D F1="49.2421" intensity="1.423869e+002" type="0"/>
    <Peak1D F1="49.0295" intensity="1.658499e+002" type="0"/>
    <Peak1D F1="48.8163" intensity="1.436147e+002" type="0"/>
    <Peak1D F1="48.6039" intensity="7.253548e+001" type="0"/>
    <Peak1D F1="48.3907" intensity="2.410844e+001" type="0"/>
    <Peak1D F1="31.3968" intensity="1.374797e+001" type="0"/>
  </PeakList1D>
</PeakList>
