<?xml version="1.0" encoding="UTF-8"?>
<PeakList>
  <PeakList1D>
    <PeakList1DHeader creator="JRomeo" date="2020-01-04T21:07:02" expNo="5" name="2JR85_p" owner="" procNo="1" source="C:/Bruker/TOPSPIN">
      <PeakPickDetails>F1=138.300ppm, F2=132.265ppm, MI=0.19cm, MAXI=0.47cm, PC=1.400
      </PeakPickDetails>
    </PeakList1DHeader>
    <Peak1D F1="136.5588" intensity="0.32" type="0"/>
    <Peak1D F1="133.243" intensity="0.31" type="0"/>
    <Peak1D F1="132.9459" intensity="0.28" type="0"/>
  </PeakList1D>
  <PeakList1D>
    <PeakList1DHeader creator="JRomeo" date="2020-01-04T21:07:02" expNo="5" name="2JR85_p" owner="" procNo="1" source="C:/Bruker/TOPSPIN">
      <PeakPickDetails>F1=129.111ppm, F2=122.207ppm, MI=0.46cm, MAXI=1.76cm, PC=1.400
      </PeakPickDetails>
    </PeakList1DHeader>
    <Peak1D F1="127.9022" intensity="1.43" type="0"/>
    <Peak1D F1="127.8538" intensity="1.3" type="0"/>
    <Peak1D F1="127.6525" intensity="1.29" type="0"/>
    <Peak1D F1="126.6824" intensity="0.96" type="0"/>
    <Peak1D F1="126.5269" intensity="0.48" type="0"/>
    <Peak1D F1="126.5003" intensity="0.95" type="0"/>
    <Peak1D F1="125.8875" intensity="1.33" type="0"/>
    <Peak1D F1="125.6674" intensity="1.38" type="0"/>
  </PeakList1D>
  <PeakList1D>
    <PeakList1DHeader creator="JRomeo" date="2020-01-04T21:07:02" expNo="5" name="2JR85_p" owner="" procNo="1" source="C:/Bruker/TOPSPIN">
      <PeakPickDetails>F1=103.234ppm, F2=90.707ppm, MI=0.22cm, MAXI=1.30cm, PC=1.400
      </PeakPickDetails>
    </PeakList1DHeader>
    <Peak1D F1="99.8389" intensity="0.46" type="0"/>
    <Peak1D F1="99.5998" intensity="1.22" type="0"/>
    <Peak1D F1="94.5478" intensity="0.5" type="0"/>
    <Peak1D F1="92.5904" intensity="1.1" type="0"/>
  </PeakList1D>
  <PeakList1D>
    <PeakList1DHeader creator="JRomeo" date="2020-01-04T21:07:02" expNo="5" name="2JR85_p" owner="" procNo="1" source="C:/Bruker/TOPSPIN">
      <PeakPickDetails>F1=79.734ppm, F2=77.905ppm, MI=0.28cm, MAXI=0.65cm, PC=1.400
      </PeakPickDetails>
    </PeakList1DHeader>
    <Peak1D F1="78.3436" intensity="0.45" type="0"/>
  </PeakList1D>
  <PeakList1D>
    <PeakList1DHeader creator="JRomeo" date="2020-01-04T21:07:02" expNo="5" name="2JR85_p" owner="" procNo="1" source="C:/Bruker/TOPSPIN">
      <PeakPickDetails>F1=76.305ppm, F2=70.179ppm, MI=0.32cm, MAXI=1.82cm, PC=1.400
      </PeakPickDetails>
    </PeakList1DHeader>
    <Peak1D F1="75.1243" intensity="1.2" type="0"/>
    <Peak1D F1="74.5608" intensity="1.12" type="0"/>
    <Peak1D F1="74.4" intensity="1.6" type="0"/>
    <Peak1D F1="73.7615" intensity="1.08" type="0"/>
    <Peak1D F1="72.624" intensity="0.48" type="0"/>
    <Peak1D F1="71.2091" intensity="0.42" type="0"/>
  </PeakList1D>
  <PeakList1D>
    <PeakList1DHeader creator="JRomeo" date="2020-01-04T21:07:02" expNo="5" name="2JR85_p" owner="" procNo="1" source="C:/Bruker/TOPSPIN">
      <PeakPickDetails>F1=68.579ppm, F2=61.172ppm, MI=0.48cm, MAXI=1.46cm, PC=1.400
      </PeakPickDetails>
    </PeakList1DHeader>
    <Peak1D F1="67.0757" intensity="1.13" type="0"/>
    <Peak1D F1="67.0444" intensity="0.59" type="0"/>
    <Peak1D F1="66.9849" intensity="1.19" type="0"/>
  </PeakList1D>
  <PeakList1D>
    <PeakList1DHeader creator="JRomeo" date="2020-01-04T21:07:02" expNo="5" name="2JR85_p" owner="" procNo="1" source="C:/Bruker/TOPSPIN">
      <PeakPickDetails>F1=58.978ppm, F2=53.949ppm, MI=0.16cm, MAXI=1.02cm, PC=1.400
      </PeakPickDetails>
    </PeakList1DHeader>
    <Peak1D F1="56.7567" intensity="0.26" type="0"/>
    <Peak1D F1="56.4665" intensity="0.72" type="0"/>
    <Peak1D F1="56.172" intensity="0.28" type="0"/>
    <Peak1D F1="56.1334" intensity="0.61" type="0"/>
  </PeakList1D>
  <PeakList1D>
    <PeakList1DHeader creator="JRomeo" date="2020-01-04T21:07:02" expNo="5" name="2JR85_p" owner="" procNo="1" source="C:/Bruker/TOPSPIN">
      <PeakPickDetails>F1=37.444ppm, F2=28.254ppm, MI=0.11cm, MAXI=1.60cm, PC=1.400
      </PeakPickDetails>
    </PeakList1DHeader>
    <Peak1D F1="34.2868" intensity="0.41" type="0"/>
    <Peak1D F1="30.8537" intensity="1.07" type="0"/>
    <Peak1D F1="30.5205" intensity="1.03" type="0"/>
    <Peak1D F1="30.4787" intensity="0.45" type="0"/>
  </PeakList1D>
  <PeakList1D>
    <PeakList1DHeader creator="JRomeo" date="2020-01-04T21:07:02" expNo="5" name="2JR85_p" owner="" procNo="1" source="C:/Bruker/TOPSPIN">
      <PeakPickDetails>F1=21.991ppm, F2=14.996ppm, MI=0.17cm, MAXI=1.67cm, PC=1.400
      </PeakPickDetails>
    </PeakList1DHeader>
    <Peak1D F1="17.5759" intensity="1.09" type="0"/>
    <Peak1D F1="17.5289" intensity="1.28" type="0"/>
    <Peak1D F1="17.4191" intensity="0.54" type="0"/>
  </PeakList1D>
</PeakList>
