<?xml version="1.0" encoding="UTF-8"?>
<PeakList>
  <PeakList1D>
    <PeakList1DHeader creator="nightrun" date="2020-03-26T21:05:25.538+09:00" expNo="1" name="200326_KG16-31-P_13C" owner="" procNo="1" source="/opt/topspin3.5pl7/data/geon0202">
      <PeakPickDetails>F1=219.463303ppm, F2=-19.463253ppm, MI=0.00cm, MAXI=10000.00cm, PC=1.400
      </PeakPickDetails>
    </PeakList1DHeader>
    <Peak1D F1="193.314072" intensity="3.373278e+00" type="0"/>
    <Peak1D F1="170.182861" intensity="3.523604e+00" type="0"/>
    <Peak1D F1="139.703903" intensity="7.170267e+00" type="0"/>
    <Peak1D F1="136.669296" intensity="3.540467e+00" type="0"/>
    <Peak1D F1="135.519272" intensity="3.695805e+00" type="0"/>
    <Peak1D F1="129.127121" intensity="7.147873e+00" type="0"/>
    <Peak1D F1="128.860718" intensity="1.393526e+01" type="0"/>
    <Peak1D F1="127.420746" intensity="7.806110e+00" type="0"/>
    <Peak1D F1="127.267693" intensity="1.500000e+01" type="0"/>
    <Peak1D F1="115.755814" intensity="6.783360e+00" type="0"/>
    <Peak1D F1="82.140747" intensity="7.536533e+00" type="0"/>
    <Peak1D F1="77.352875" intensity="3.304424e+01" type="0"/>
    <Peak1D F1="77.238365" intensity="1.651810e+00" type="0"/>
    <Peak1D F1="77.035187" intensity="3.456360e+01" type="0"/>
    <Peak1D F1="76.717285" intensity="3.321823e+01" type="0"/>
    <Peak1D F1="67.580315" intensity="7.316396e+00" type="0"/>
    <Peak1D F1="59.740185" intensity="5.258387e+00" type="0"/>
    <Peak1D F1="57.362843" intensity="8.224144e+00" type="0"/>
    <Peak1D F1="55.088078" intensity="7.985671e+00" type="0"/>
    <Peak1D F1="29.704926" intensity="5.450120e-01" type="0"/>
    <Peak1D F1="25.952843" intensity="6.925012e+00" type="0"/>
    <Peak1D F1="25.871983" intensity="8.581856e+00" type="0"/>
    <Peak1D F1="18.019762" intensity="6.330338e+00" type="0"/>
  </PeakList1D>
</PeakList>
