<?xml version="1.0" encoding="UTF-8"?>
<PeakList>
  <PeakList1D>
    <PeakList1DHeader creator="nmrsu" date="2023-08-03T11:16:54.700-05:00" expNo="1295310" name="Aug03-2023" owner="" procNo="1" source="G:/data/chem-synthesis-summer-a-team3/nmr">
      <PeakPickDetails>F1=16.187771ppm, F2=-3.837772ppm, MI=0.00cm, MAXI=10000.00cm, PC=1.000
      </PeakPickDetails>
    </PeakList1DHeader>
    <Peak1D F1="10.552708" intensity="2.150880e-003" type="0"/>
    <Peak1D F1="10.208602" intensity="2.062218e-003" type="0"/>
    <Peak1D F1="9.791837" intensity="1.923538e-003" type="0"/>
    <Peak1D F1="9.707956" intensity="2.195063e-003" type="0"/>
    <Peak1D F1="9.684070" intensity="1.948074e-003" type="0"/>
    <Peak1D F1="9.365603" intensity="2.056983e-003" type="0"/>
    <Peak1D F1="9.349765" intensity="2.129978e-003" type="0"/>
    <Peak1D F1="9.060073" intensity="1.916242e-003" type="0"/>
    <Peak1D F1="8.999937" intensity="2.101165e-003" type="0"/>
    <Peak1D F1="8.926775" intensity="2.098244e-003" type="0"/>
    <Peak1D F1="8.816663" intensity="2.186739e-003" type="0"/>
    <Peak1D F1="8.781098" intensity="2.031414e-003" type="0"/>
    <Peak1D F1="8.764807" intensity="2.025801e-003" type="0"/>
    <Peak1D F1="8.685438" intensity="2.503774e-003" type="0"/>
    <Peak1D F1="8.654204" intensity="2.592126e-003" type="0"/>
    <Peak1D F1="8.621975" intensity="2.895423e-003" type="0"/>
    <Peak1D F1="8.530624" intensity="2.616218e-003" type="0"/>
    <Peak1D F1="8.473273" intensity="2.811086e-003" type="0"/>
    <Peak1D F1="8.459257" intensity="2.758048e-003" type="0"/>
    <Peak1D F1="8.446236" intensity="2.341591e-003" type="0"/>
    <Peak1D F1="8.420300" intensity="3.648930e-003" type="0"/>
    <Peak1D F1="8.408551" intensity="2.806758e-003" type="0"/>
    <Peak1D F1="8.306233" intensity="3.774174e-003" type="0"/>
    <Peak1D F1="8.276054" intensity="1.517422e-002" type="0"/>
    <Peak1D F1="8.255997" intensity="1.603477e-002" type="0"/>
    <Peak1D F1="8.224304" intensity="7.022631e-003" type="0"/>
    <Peak1D F1="8.177802" intensity="9.988275e-003" type="0"/>
    <Peak1D F1="8.155090" intensity="1.545648e-002" type="0"/>
    <Peak1D F1="8.131454" intensity="1.303805e-002" type="0"/>
    <Peak1D F1="8.102156" intensity="1.090510e-002" type="0"/>
    <Peak1D F1="8.050575" intensity="1.633202e-002" type="0"/>
    <Peak1D F1="8.031118" intensity="1.984048e-002" type="0"/>
    <Peak1D F1="8.017916" intensity="2.018590e-002" type="0"/>
    <Peak1D F1="7.996019" intensity="2.331311e-002" type="0"/>
    <Peak1D F1="7.973613" intensity="2.685278e-002" type="0"/>
    <Peak1D F1="7.948230" intensity="3.662407e-002" type="0"/>
    <Peak1D F1="7.929946" intensity="4.548441e-002" type="0"/>
    <Peak1D F1="7.910859" intensity="3.621891e-002" type="0"/>
    <Peak1D F1="7.882952" intensity="2.925484e-002" type="0"/>
    <Peak1D F1="7.853670" intensity="2.385414e-002" type="0"/>
    <Peak1D F1="7.821692" intensity="3.169231e-002" type="0"/>
    <Peak1D F1="7.799976" intensity="3.073967e-002" type="0"/>
    <Peak1D F1="7.770529" intensity="8.154009e-002" type="0"/>
    <Peak1D F1="7.751412" intensity="1.037049e-001" type="0"/>
    <Peak1D F1="7.734639" intensity="7.692305e-002" type="0"/>
    <Peak1D F1="7.716825" intensity="8.064163e-002" type="0"/>
    <Peak1D F1="7.696997" intensity="7.512537e-002" type="0"/>
    <Peak1D F1="7.680181" intensity="7.209451e-002" type="0"/>
    <Peak1D F1="7.656958" intensity="1.212748e-001" type="0"/>
    <Peak1D F1="7.638052" intensity="1.438593e-001" type="0"/>
    <Peak1D F1="7.571857" intensity="8.872774e-001" type="0"/>
    <Peak1D F1="7.555717" intensity="3.216434e+000" type="0"/>
    <Peak1D F1="7.552556" intensity="3.134274e+000" type="0"/>
    <Peak1D F1="7.535939" intensity="3.316516e+000" type="0"/>
    <Peak1D F1="7.515377" intensity="3.924399e+000" type="0"/>
    <Peak1D F1="7.493894" intensity="3.990513e+000" type="0"/>
    <Peak1D F1="7.458457" intensity="1.573460e-001" type="0"/>
    <Peak1D F1="7.418001" intensity="3.661607e-001" type="0"/>
    <Peak1D F1="7.404782" intensity="6.146121e-001" type="0"/>
    <Peak1D F1="7.383317" intensity="2.023548e+000" type="0"/>
    <Peak1D F1="7.367696" intensity="4.081052e+000" type="0"/>
    <Peak1D F1="7.350050" intensity="5.134114e+000" type="0"/>
    <Peak1D F1="7.335442" intensity="1.086859e+000" type="0"/>
    <Peak1D F1="7.318759" intensity="3.769960e-001" type="0"/>
    <Peak1D F1="7.283780" intensity="9.855602e-001" type="0"/>
    <Peak1D F1="7.229527" intensity="7.958729e-002" type="0"/>
    <Peak1D F1="7.213669" intensity="1.259340e-001" type="0"/>
    <Peak1D F1="7.195416" intensity="1.401321e-001" type="0"/>
    <Peak1D F1="7.175379" intensity="1.629680e-001" type="0"/>
    <Peak1D F1="7.139565" intensity="5.948824e-002" type="0"/>
    <Peak1D F1="7.118134" intensity="6.092183e-002" type="0"/>
    <Peak1D F1="7.099270" intensity="5.719269e-002" type="0"/>
    <Peak1D F1="7.072103" intensity="3.778150e-002" type="0"/>
    <Peak1D F1="7.058903" intensity="3.977913e-002" type="0"/>
    <Peak1D F1="7.040359" intensity="3.685648e-002" type="0"/>
    <Peak1D F1="7.018445" intensity="4.458174e-002" type="0"/>
    <Peak1D F1="6.920366" intensity="4.039227e+000" type="0"/>
    <Peak1D F1="6.898888" intensity="3.675316e+000" type="0"/>
    <Peak1D F1="6.839835" intensity="1.413496e-002" type="0"/>
    <Peak1D F1="6.760438" intensity="8.410390e-003" type="0"/>
    <Peak1D F1="6.751137" intensity="1.100060e-002" type="0"/>
    <Peak1D F1="6.737683" intensity="2.790253e-002" type="0"/>
    <Peak1D F1="6.721257" intensity="2.413313e-002" type="0"/>
    <Peak1D F1="6.700175" intensity="1.874018e-002" type="0"/>
    <Peak1D F1="6.693391" intensity="1.641431e-002" type="0"/>
    <Peak1D F1="6.636266" intensity="4.693922e-003" type="0"/>
    <Peak1D F1="6.608342" intensity="5.706017e-003" type="0"/>
    <Peak1D F1="6.570221" intensity="5.109049e-003" type="0"/>
    <Peak1D F1="6.550585" intensity="5.201425e-003" type="0"/>
    <Peak1D F1="6.529572" intensity="2.138209e-003" type="0"/>
    <Peak1D F1="6.514242" intensity="1.982778e-003" type="0"/>
    <Peak1D F1="6.470588" intensity="2.901808e-003" type="0"/>
    <Peak1D F1="6.442215" intensity="5.756945e-003" type="0"/>
    <Peak1D F1="6.401491" intensity="5.079903e-003" type="0"/>
    <Peak1D F1="6.161357" intensity="6.495594e-003" type="0"/>
    <Peak1D F1="6.017020" intensity="6.544644e-002" type="0"/>
    <Peak1D F1="5.998137" intensity="1.829802e-002" type="0"/>
    <Peak1D F1="5.972069" intensity="3.773056e-003" type="0"/>
    <Peak1D F1="5.941232" intensity="2.162471e-003" type="0"/>
    <Peak1D F1="5.928235" intensity="2.834219e-003" type="0"/>
    <Peak1D F1="5.892723" intensity="2.014206e-003" type="0"/>
    <Peak1D F1="5.796419" intensity="6.585141e-002" type="0"/>
    <Peak1D F1="5.767819" intensity="8.596771e-002" type="0"/>
    <Peak1D F1="5.526760" intensity="1.949422e-003" type="0"/>
    <Peak1D F1="5.464906" intensity="8.454408e-002" type="0"/>
    <Peak1D F1="5.429853" intensity="1.670479e-002" type="0"/>
    <Peak1D F1="5.122203" intensity="2.175232e-003" type="0"/>
    <Peak1D F1="4.367133" intensity="2.639071e-003" type="0"/>
    <Peak1D F1="4.355951" intensity="2.099442e-003" type="0"/>
    <Peak1D F1="4.269568" intensity="3.559866e-003" type="0"/>
    <Peak1D F1="4.255103" intensity="5.164962e-003" type="0"/>
    <Peak1D F1="4.238568" intensity="3.783794e-003" type="0"/>
    <Peak1D F1="4.221694" intensity="4.229160e-003" type="0"/>
    <Peak1D F1="4.183544" intensity="4.638829e-003" type="0"/>
    <Peak1D F1="4.146881" intensity="4.523384e-003" type="0"/>
    <Peak1D F1="4.126282" intensity="3.954388e-003" type="0"/>
    <Peak1D F1="4.111015" intensity="5.344271e-003" type="0"/>
    <Peak1D F1="4.068328" intensity="7.497165e-003" type="0"/>
    <Peak1D F1="4.033523" intensity="8.549861e-002" type="0"/>
    <Peak1D F1="3.981211" intensity="1.128105e-002" type="0"/>
    <Peak1D F1="3.947658" intensity="2.334663e-002" type="0"/>
    <Peak1D F1="3.911218" intensity="5.780510e-002" type="0"/>
    <Peak1D F1="3.855823" intensity="1.500000e+001" type="0"/>
    <Peak1D F1="3.789105" intensity="3.585909e-002" type="0"/>
    <Peak1D F1="3.751210" intensity="2.035400e-002" type="0"/>
    <Peak1D F1="3.707547" intensity="2.426485e-002" type="0"/>
    <Peak1D F1="3.696878" intensity="2.148893e-002" type="0"/>
    <Peak1D F1="3.673388" intensity="9.117477e-002" type="0"/>
    <Peak1D F1="3.639462" intensity="9.663107e-003" type="0"/>
    <Peak1D F1="3.629939" intensity="7.991099e-003" type="0"/>
    <Peak1D F1="3.607551" intensity="7.920212e-003" type="0"/>
    <Peak1D F1="3.571559" intensity="9.288057e-003" type="0"/>
    <Peak1D F1="3.563900" intensity="8.097079e-003" type="0"/>
    <Peak1D F1="3.556960" intensity="8.290567e-003" type="0"/>
    <Peak1D F1="3.505445" intensity="8.475087e-003" type="0"/>
    <Peak1D F1="3.496372" intensity="8.868142e-003" type="0"/>
    <Peak1D F1="3.434548" intensity="5.571117e-003" type="0"/>
    <Peak1D F1="3.413711" intensity="5.488338e-003" type="0"/>
    <Peak1D F1="3.403270" intensity="5.271718e-003" type="0"/>
    <Peak1D F1="3.374623" intensity="4.568906e-003" type="0"/>
    <Peak1D F1="3.342720" intensity="4.544898e-003" type="0"/>
    <Peak1D F1="3.312331" intensity="5.045384e-003" type="0"/>
    <Peak1D F1="3.302024" intensity="4.466334e-003" type="0"/>
    <Peak1D F1="3.280770" intensity="5.392847e-003" type="0"/>
    <Peak1D F1="3.262640" intensity="7.052302e-003" type="0"/>
    <Peak1D F1="3.246754" intensity="7.399923e-003" type="0"/>
    <Peak1D F1="3.223461" intensity="5.554404e-003" type="0"/>
    <Peak1D F1="3.200118" intensity="5.852193e-003" type="0"/>
    <Peak1D F1="3.154337" intensity="5.438252e-003" type="0"/>
    <Peak1D F1="3.138731" intensity="4.985805e-003" type="0"/>
    <Peak1D F1="3.103759" intensity="4.772152e-002" type="0"/>
    <Peak1D F1="3.083182" intensity="3.625094e-003" type="0"/>
    <Peak1D F1="3.044317" intensity="3.321395e-003" type="0"/>
    <Peak1D F1="2.990391" intensity="4.863947e-003" type="0"/>
    <Peak1D F1="2.957048" intensity="3.381020e-003" type="0"/>
    <Peak1D F1="2.910082" intensity="2.517746e-003" type="0"/>
    <Peak1D F1="2.881232" intensity="2.283314e-003" type="0"/>
    <Peak1D F1="2.820386" intensity="2.095768e-003" type="0"/>
    <Peak1D F1="2.790236" intensity="2.609038e-003" type="0"/>
    <Peak1D F1="2.765226" intensity="2.947655e-003" type="0"/>
    <Peak1D F1="2.753470" intensity="2.583266e-003" type="0"/>
    <Peak1D F1="2.725247" intensity="2.143586e-003" type="0"/>
    <Peak1D F1="2.690673" intensity="2.965973e-003" type="0"/>
    <Peak1D F1="2.671652" intensity="2.773924e-003" type="0"/>
    <Peak1D F1="2.640692" intensity="3.802134e-003" type="0"/>
    <Peak1D F1="2.577929" intensity="4.408292e-003" type="0"/>
    <Peak1D F1="2.527576" intensity="3.145971e-003" type="0"/>
    <Peak1D F1="2.498709" intensity="2.970978e-003" type="0"/>
    <Peak1D F1="2.471662" intensity="7.506292e-003" type="0"/>
    <Peak1D F1="2.442522" intensity="8.206497e-003" type="0"/>
    <Peak1D F1="2.424051" intensity="4.493510e-003" type="0"/>
    <Peak1D F1="2.410763" intensity="6.233979e-003" type="0"/>
    <Peak1D F1="2.396949" intensity="8.541229e-003" type="0"/>
    <Peak1D F1="2.377008" intensity="4.007511e-003" type="0"/>
    <Peak1D F1="2.352184" intensity="4.552803e-003" type="0"/>
    <Peak1D F1="2.316392" intensity="2.458467e-003" type="0"/>
    <Peak1D F1="2.293807" intensity="2.127702e-003" type="0"/>
    <Peak1D F1="2.257742" intensity="2.569176e-003" type="0"/>
    <Peak1D F1="2.196376" intensity="5.736712e-003" type="0"/>
    <Peak1D F1="2.169832" intensity="5.485329e-003" type="0"/>
    <Peak1D F1="2.151585" intensity="2.545450e-003" type="0"/>
    <Peak1D F1="2.123669" intensity="4.356781e-003" type="0"/>
    <Peak1D F1="2.100026" intensity="3.634744e-003" type="0"/>
    <Peak1D F1="2.076692" intensity="6.734519e-003" type="0"/>
    <Peak1D F1="2.049068" intensity="2.831096e-003" type="0"/>
    <Peak1D F1="2.019791" intensity="2.745194e-003" type="0"/>
    <Peak1D F1="1.985240" intensity="2.639612e-003" type="0"/>
    <Peak1D F1="1.961255" intensity="2.145520e-003" type="0"/>
    <Peak1D F1="1.895691" intensity="3.782118e-003" type="0"/>
    <Peak1D F1="1.788185" intensity="4.711146e-003" type="0"/>
    <Peak1D F1="1.780688" intensity="5.603666e-003" type="0"/>
    <Peak1D F1="1.713614" intensity="1.006768e-002" type="0"/>
    <Peak1D F1="1.588523" intensity="1.931512e+000" type="0"/>
    <Peak1D F1="1.463249" intensity="1.557070e-002" type="0"/>
    <Peak1D F1="1.449835" intensity="1.487760e-002" type="0"/>
    <Peak1D F1="1.426648" intensity="1.607497e-002" type="0"/>
    <Peak1D F1="1.401816" intensity="1.381257e-002" type="0"/>
    <Peak1D F1="1.370689" intensity="2.517368e-002" type="0"/>
    <Peak1D F1="1.348908" intensity="2.771269e-002" type="0"/>
    <Peak1D F1="1.319620" intensity="4.617874e-002" type="0"/>
    <Peak1D F1="1.291206" intensity="2.863552e-001" type="0"/>
    <Peak1D F1="1.171152" intensity="1.568236e-002" type="0"/>
    <Peak1D F1="1.152511" intensity="1.755336e-002" type="0"/>
    <Peak1D F1="1.134864" intensity="1.457125e-002" type="0"/>
    <Peak1D F1="1.096524" intensity="1.062302e-002" type="0"/>
    <Peak1D F1="1.045293" intensity="1.035510e-002" type="0"/>
    <Peak1D F1="1.027543" intensity="9.782008e-003" type="0"/>
    <Peak1D F1="1.009083" intensity="9.355064e-003" type="0"/>
    <Peak1D F1="0.992477" intensity="9.779123e-003" type="0"/>
    <Peak1D F1="0.982385" intensity="9.324699e-003" type="0"/>
    <Peak1D F1="0.974201" intensity="1.359530e-002" type="0"/>
    <Peak1D F1="0.956141" intensity="1.734714e-002" type="0"/>
    <Peak1D F1="0.931719" intensity="3.593880e-002" type="0"/>
    <Peak1D F1="0.917241" intensity="5.070901e-002" type="0"/>
    <Peak1D F1="0.898543" intensity="3.897410e-002" type="0"/>
    <Peak1D F1="0.868204" intensity="3.042285e-002" type="0"/>
    <Peak1D F1="0.768045" intensity="5.116281e-003" type="0"/>
    <Peak1D F1="0.752916" intensity="4.717942e-003" type="0"/>
    <Peak1D F1="0.693027" intensity="2.841549e-003" type="0"/>
    <Peak1D F1="0.655752" intensity="2.231834e-003" type="0"/>
    <Peak1D F1="0.635062" intensity="2.417543e-003" type="0"/>
    <Peak1D F1="0.613679" intensity="1.977657e-003" type="0"/>
    <Peak1D F1="0.597521" intensity="1.920510e-003" type="0"/>
    <Peak1D F1="0.475183" intensity="2.063569e-003" type="0"/>
    <Peak1D F1="0.109761" intensity="6.419883e-003" type="0"/>
  </PeakList1D>
</PeakList>
