<?xml version="1.0" encoding="UTF-8"?>
<PeakList modified="2020-02-07T19:43:57">
  <PeakList1D>
    <PeakList1DHeader creator="Dell" date="2020-02-07T19:43:57" expNo="3" name="SDT378C6D6" owner="" procNo="1" source="C:/Users/Dell/Desktop/NMR/Boronate EE analysis">
      <PeakPickDetails>F1=92.398354ppm, F2=82.587715ppm, MI=1.27cm, MAXI=11.59cm, PC=1.400
      </PeakPickDetails>
    </PeakList1DHeader>
    <Peak1D F1="86.468422" intensity="3.599111" type="0"/>
  </PeakList1D>
  <PeakList1D>
    <PeakList1DHeader creator="Dell" date="2020-02-07T19:43:57" expNo="3" name="SDT378C6D6" owner="" procNo="1" source="C:/Users/Dell/Desktop/NMR/Boronate EE analysis">
      <PeakPickDetails>F1=50.335445ppm, F2=43.878422ppm, MI=0.31cm, MAXI=1.85cm, PC=1.400
      </PeakPickDetails>
    </PeakList1DHeader>
    <Peak1D F1="48.122532" intensity="0.7100375" type="0"/>
    <Peak1D F1="47.02935" intensity="0.9798799" type="0"/>
  </PeakList1D>
  <PeakList1D>
    <PeakList1DHeader creator="Dell" date="2020-02-07T19:43:57" expNo="3" name="SDT378C6D6" owner="" procNo="1" source="C:/Users/Dell/Desktop/NMR/Boronate EE analysis">
      <PeakPickDetails>F1=31.394035ppm, F2=21.940149ppm, MI=3.66cm, MAXI=11.19cm, PC=1.400
      </PeakPickDetails>
    </PeakList1DHeader>
    <Peak1D F1="26.201969" intensity="7.968617" type="0"/>
  </PeakList1D>
  <PeakList1D>
    <PeakList1DHeader creator="Dell" date="2020-02-07T19:43:57" expNo="3" name="SDT378C6D6" owner="" procNo="1" source="C:/Users/Dell/Desktop/NMR/Boronate EE analysis">
      <PeakPickDetails>F1=21.940149ppm, F2=18.551022ppm, MI=0.87cm, MAXI=3.60cm, PC=1.400
      </PeakPickDetails>
    </PeakList1DHeader>
    <Peak1D F1="20.12837" intensity="2.025192" type="0"/>
    <Peak1D F1="20.114805" intensity="2.019798" type="0"/>
    <Peak1D F1="19.95134" intensity="1.889023" type="0"/>
    <Peak1D F1="19.924715" intensity="1.954337" type="0"/>
  </PeakList1D>
  <PeakList1D>
    <PeakList1DHeader creator="Dell" date="2020-02-07T19:43:57" expNo="3" name="SDT378C6D6" owner="" procNo="1" source="C:/Users/Dell/Desktop/NMR/Boronate EE analysis">
      <PeakPickDetails>F1=2.935011ppm, F2=-0.146751ppm, MI=0.09cm, MAXI=0.51cm, PC=1.400
      </PeakPickDetails>
    </PeakList1DHeader>
    <Peak1D F1="61.20061906382057" intensity="-2.215972735671417" type="1"/>
    <Peak1D F1="35.40553908605276" intensity="-1.909436222203796" type="1"/>
    <Peak1D F1="1.362092" intensity="0.2458623" type="0"/>
  </PeakList1D>
  <PeakList1D>
    <PeakList1DHeader creator="Dell" date="2020-02-07T19:43:57" expNo="3" name="SDT378C6D6" owner="" procNo="1" source="C:/Users/Dell/Desktop/NMR/Boronate EE analysis">
      <PeakPickDetails>F1=-2.318878ppm, F2=-6.599883ppm, MI=0.87cm, MAXI=3.26cm, PC=1.400
      </PeakPickDetails>
    </PeakList1DHeader>
    <Peak1D F1="-5.059825" intensity="1.790897" type="0"/>
    <Peak1D F1="-5.140866" intensity="1.78932" type="0"/>
  </PeakList1D>
</PeakList>
