<?xml version="1.0" encoding="UTF-8"?>
<PeakList>
  <PeakList1D>
    <PeakList1DHeader creator="chemist" date="2019-02-28T20:03:44.125+00:00" expNo="10" name="Y803" owner="" procNo="1" source="d:\">
      <PeakPickDetails>F1=18.412ppm, F2=-6.608ppm, MI=0.00cm, MAXI=10000.00cm, PC=1.000
      </PeakPickDetails>
    </PeakList1DHeader>
    <Peak1D F1="15.2935" intensity="0.00" type="0"/>
    <Peak1D F1="14.6949" intensity="0.00" type="0"/>
    <Peak1D F1="13.9014" intensity="0.00" type="0"/>
    <Peak1D F1="12.6255" intensity="0.00" type="0"/>
    <Peak1D F1="11.7441" intensity="0.00" type="0"/>
    <Peak1D F1="10.1826" intensity="0.00" type="0"/>
    <Peak1D F1="7.8166" intensity="0.00" type="0"/>
    <Peak1D F1="7.8108" intensity="0.00" type="0"/>
    <Peak1D F1="7.8070" intensity="0.00" type="0"/>
    <Peak1D F1="7.8017" intensity="0.00" type="0"/>
    <Peak1D F1="7.7194" intensity="0.01" type="0"/>
    <Peak1D F1="7.7147" intensity="0.00" type="0"/>
    <Peak1D F1="7.7115" intensity="0.01" type="0"/>
    <Peak1D F1="7.7060" intensity="0.00" type="0"/>
    <Peak1D F1="7.6979" intensity="0.01" type="0"/>
    <Peak1D F1="7.5995" intensity="0.02" type="0"/>
    <Peak1D F1="7.5831" intensity="0.04" type="0"/>
    <Peak1D F1="7.5708" intensity="0.08" type="0"/>
    <Peak1D F1="7.5588" intensity="0.04" type="0"/>
    <Peak1D F1="7.5428" intensity="0.01" type="0"/>
    <Peak1D F1="7.5314" intensity="0.00" type="0"/>
    <Peak1D F1="7.5286" intensity="0.00" type="0"/>
    <Peak1D F1="7.5262" intensity="0.00" type="0"/>
    <Peak1D F1="7.5166" intensity="0.01" type="0"/>
    <Peak1D F1="7.5027" intensity="0.01" type="0"/>
    <Peak1D F1="7.4889" intensity="0.01" type="0"/>
    <Peak1D F1="7.4695" intensity="3.10" type="0"/>
    <Peak1D F1="7.4571" intensity="3.50" type="0"/>
    <Peak1D F1="7.4347" intensity="0.01" type="0"/>
    <Peak1D F1="7.3947" intensity="0.01" type="0"/>
    <Peak1D F1="7.3875" intensity="0.01" type="0"/>
    <Peak1D F1="7.3818" intensity="0.01" type="0"/>
    <Peak1D F1="7.3768" intensity="0.02" type="0"/>
    <Peak1D F1="7.3629" intensity="0.01" type="0"/>
    <Peak1D F1="7.3485" intensity="0.02" type="0"/>
    <Peak1D F1="7.3353" intensity="0.04" type="0"/>
    <Peak1D F1="7.3273" intensity="0.02" type="0"/>
    <Peak1D F1="7.3228" intensity="0.02" type="0"/>
    <Peak1D F1="7.3149" intensity="0.05" type="0"/>
    <Peak1D F1="7.3090" intensity="0.01" type="0"/>
    <Peak1D F1="7.3021" intensity="0.04" type="0"/>
    <Peak1D F1="7.2896" intensity="0.03" type="0"/>
    <Peak1D F1="7.2840" intensity="0.02" type="0"/>
    <Peak1D F1="7.2783" intensity="0.02" type="0"/>
    <Peak1D F1="7.2702" intensity="0.03" type="0"/>
    <Peak1D F1="7.2594" intensity="1.32" type="0"/>
    <Peak1D F1="7.2580" intensity="1.57" type="0"/>
    <Peak1D F1="7.2457" intensity="3.34" type="0"/>
    <Peak1D F1="7.2348" intensity="1.54" type="0"/>
    <Peak1D F1="7.2334" intensity="1.92" type="0"/>
    <Peak1D F1="7.2183" intensity="2.21" type="0"/>
    <Peak1D F1="7.2060" intensity="4.04" type="0"/>
    <Peak1D F1="7.1794" intensity="4.02" type="0"/>
    <Peak1D F1="7.1670" intensity="3.30" type="0"/>
    <Peak1D F1="7.1547" intensity="1.16" type="0"/>
    <Peak1D F1="7.1447" intensity="0.03" type="0"/>
    <Peak1D F1="7.1383" intensity="0.01" type="0"/>
    <Peak1D F1="7.1321" intensity="0.01" type="0"/>
    <Peak1D F1="7.1233" intensity="0.03" type="0"/>
    <Peak1D F1="7.1099" intensity="0.04" type="0"/>
    <Peak1D F1="7.0979" intensity="0.02" type="0"/>
    <Peak1D F1="7.0890" intensity="0.08" type="0"/>
    <Peak1D F1="7.0828" intensity="0.02" type="0"/>
    <Peak1D F1="7.0699" intensity="0.02" type="0"/>
    <Peak1D F1="7.0445" intensity="0.02" type="0"/>
    <Peak1D F1="7.0329" intensity="0.03" type="0"/>
    <Peak1D F1="7.0213" intensity="0.01" type="0"/>
    <Peak1D F1="7.0110" intensity="0.06" type="0"/>
    <Peak1D F1="7.0024" intensity="0.01" type="0"/>
    <Peak1D F1="6.9982" intensity="0.01" type="0"/>
    <Peak1D F1="6.9882" intensity="0.00" type="0"/>
    <Peak1D F1="6.9650" intensity="0.04" type="0"/>
    <Peak1D F1="6.9582" intensity="0.01" type="0"/>
    <Peak1D F1="6.9455" intensity="0.01" type="0"/>
    <Peak1D F1="6.9326" intensity="0.00" type="0"/>
    <Peak1D F1="6.9233" intensity="0.01" type="0"/>
    <Peak1D F1="6.9102" intensity="0.01" type="0"/>
    <Peak1D F1="6.9044" intensity="0.00" type="0"/>
    <Peak1D F1="6.8945" intensity="0.00" type="0"/>
    <Peak1D F1="6.8892" intensity="0.00" type="0"/>
    <Peak1D F1="6.8782" intensity="0.00" type="0"/>
    <Peak1D F1="6.8711" intensity="0.00" type="0"/>
    <Peak1D F1="6.8653" intensity="0.01" type="0"/>
    <Peak1D F1="6.8557" intensity="0.01" type="0"/>
    <Peak1D F1="6.8492" intensity="0.01" type="0"/>
    <Peak1D F1="6.8341" intensity="0.33" type="0"/>
    <Peak1D F1="6.8294" intensity="3.08" type="0"/>
    <Peak1D F1="6.8151" intensity="3.53" type="0"/>
    <Peak1D F1="6.8106" intensity="0.42" type="0"/>
    <Peak1D F1="6.7933" intensity="0.00" type="0"/>
    <Peak1D F1="6.7841" intensity="0.00" type="0"/>
    <Peak1D F1="6.7739" intensity="0.02" type="0"/>
    <Peak1D F1="6.7593" intensity="0.03" type="0"/>
    <Peak1D F1="6.7424" intensity="0.02" type="0"/>
    <Peak1D F1="6.7383" intensity="0.01" type="0"/>
    <Peak1D F1="6.7330" intensity="0.01" type="0"/>
    <Peak1D F1="6.7213" intensity="0.01" type="0"/>
    <Peak1D F1="6.6975" intensity="0.01" type="0"/>
    <Peak1D F1="6.6941" intensity="0.01" type="0"/>
    <Peak1D F1="6.6920" intensity="0.01" type="0"/>
    <Peak1D F1="6.6835" intensity="0.01" type="0"/>
    <Peak1D F1="6.6797" intensity="0.01" type="0"/>
    <Peak1D F1="6.6666" intensity="0.00" type="0"/>
    <Peak1D F1="6.6532" intensity="0.01" type="0"/>
    <Peak1D F1="6.6489" intensity="0.01" type="0"/>
    <Peak1D F1="6.6444" intensity="0.01" type="0"/>
    <Peak1D F1="6.6373" intensity="0.01" type="0"/>
    <Peak1D F1="6.6302" intensity="0.01" type="0"/>
    <Peak1D F1="6.6252" intensity="0.01" type="0"/>
    <Peak1D F1="6.6105" intensity="0.42" type="0"/>
    <Peak1D F1="6.6056" intensity="3.68" type="0"/>
    <Peak1D F1="6.5913" intensity="3.29" type="0"/>
    <Peak1D F1="6.5865" intensity="0.35" type="0"/>
    <Peak1D F1="6.5748" intensity="0.01" type="0"/>
    <Peak1D F1="6.4959" intensity="0.02" type="0"/>
    <Peak1D F1="6.4816" intensity="0.02" type="0"/>
    <Peak1D F1="6.4741" intensity="0.01" type="0"/>
    <Peak1D F1="6.4703" intensity="0.01" type="0"/>
    <Peak1D F1="6.4597" intensity="0.01" type="0"/>
    <Peak1D F1="6.4549" intensity="0.01" type="0"/>
    <Peak1D F1="5.5105" intensity="0.02" type="0"/>
    <Peak1D F1="5.4937" intensity="0.02" type="0"/>
    <Peak1D F1="5.4661" intensity="0.01" type="0"/>
    <Peak1D F1="5.4496" intensity="0.01" type="0"/>
    <Peak1D F1="5.2164" intensity="0.03" type="0"/>
    <Peak1D F1="4.5188" intensity="0.01" type="0"/>
    <Peak1D F1="4.4927" intensity="0.01" type="0"/>
    <Peak1D F1="4.2781" intensity="0.01" type="0"/>
    <Peak1D F1="4.2535" intensity="0.01" type="0"/>
    <Peak1D F1="4.2291" intensity="0.01" type="0"/>
    <Peak1D F1="4.2033" intensity="0.01" type="0"/>
    <Peak1D F1="4.0734" intensity="0.01" type="0"/>
    <Peak1D F1="4.0659" intensity="0.00" type="0"/>
    <Peak1D F1="4.0557" intensity="0.08" type="0"/>
    <Peak1D F1="4.0437" intensity="0.23" type="0"/>
    <Peak1D F1="4.0318" intensity="0.23" type="0"/>
    <Peak1D F1="4.0199" intensity="0.08" type="0"/>
    <Peak1D F1="3.9297" intensity="0.00" type="0"/>
    <Peak1D F1="3.9060" intensity="0.00" type="0"/>
    <Peak1D F1="3.8964" intensity="0.00" type="0"/>
    <Peak1D F1="3.8362" intensity="0.00" type="0"/>
    <Peak1D F1="3.7809" intensity="0.08" type="0"/>
    <Peak1D F1="3.7645" intensity="0.00" type="0"/>
    <Peak1D F1="3.7590" intensity="0.00" type="0"/>
    <Peak1D F1="3.7440" intensity="0.00" type="0"/>
    <Peak1D F1="3.7398" intensity="0.00" type="0"/>
    <Peak1D F1="3.7371" intensity="0.01" type="0"/>
    <Peak1D F1="3.7263" intensity="0.01" type="0"/>
    <Peak1D F1="3.7231" intensity="0.01" type="0"/>
    <Peak1D F1="3.7145" intensity="0.01" type="0"/>
    <Peak1D F1="3.6992" intensity="0.10" type="0"/>
    <Peak1D F1="3.6926" intensity="0.09" type="0"/>
    <Peak1D F1="3.6838" intensity="0.03" type="0"/>
    <Peak1D F1="3.6780" intensity="0.03" type="0"/>
    <Peak1D F1="3.6636" intensity="15.00" type="0"/>
    <Peak1D F1="3.6473" intensity="0.04" type="0"/>
    <Peak1D F1="3.6420" intensity="0.02" type="0"/>
    <Peak1D F1="3.6326" intensity="0.01" type="0"/>
    <Peak1D F1="3.6282" intensity="0.01" type="0"/>
    <Peak1D F1="3.6153" intensity="0.10" type="0"/>
    <Peak1D F1="3.6075" intensity="0.01" type="0"/>
    <Peak1D F1="3.5939" intensity="0.01" type="0"/>
    <Peak1D F1="3.5773" intensity="0.00" type="0"/>
    <Peak1D F1="3.5521" intensity="0.00" type="0"/>
    <Peak1D F1="3.5416" intensity="0.08" type="0"/>
    <Peak1D F1="3.5306" intensity="0.00" type="0"/>
    <Peak1D F1="3.5226" intensity="0.00" type="0"/>
    <Peak1D F1="3.5201" intensity="0.00" type="0"/>
    <Peak1D F1="3.4980" intensity="0.01" type="0"/>
    <Peak1D F1="3.4753" intensity="0.01" type="0"/>
    <Peak1D F1="3.4530" intensity="0.00" type="0"/>
    <Peak1D F1="3.4429" intensity="0.00" type="0"/>
    <Peak1D F1="3.4345" intensity="0.00" type="0"/>
    <Peak1D F1="3.4274" intensity="0.00" type="0"/>
    <Peak1D F1="3.4118" intensity="0.00" type="0"/>
    <Peak1D F1="3.3972" intensity="0.01" type="0"/>
    <Peak1D F1="3.3902" intensity="0.01" type="0"/>
    <Peak1D F1="3.2599" intensity="0.04" type="0"/>
    <Peak1D F1="3.2146" intensity="0.00" type="0"/>
    <Peak1D F1="3.2033" intensity="0.01" type="0"/>
    <Peak1D F1="3.2012" intensity="0.00" type="0"/>
    <Peak1D F1="3.1977" intensity="0.01" type="0"/>
    <Peak1D F1="3.1728" intensity="0.02" type="0"/>
    <Peak1D F1="3.1543" intensity="7.42" type="0"/>
    <Peak1D F1="3.1381" intensity="0.04" type="0"/>
    <Peak1D F1="3.1190" intensity="0.01" type="0"/>
    <Peak1D F1="3.1163" intensity="0.01" type="0"/>
    <Peak1D F1="3.1093" intensity="0.00" type="0"/>
    <Peak1D F1="3.0972" intensity="0.00" type="0"/>
    <Peak1D F1="3.0862" intensity="0.00" type="0"/>
    <Peak1D F1="3.0675" intensity="0.00" type="0"/>
    <Peak1D F1="3.0453" intensity="0.04" type="0"/>
    <Peak1D F1="3.0111" intensity="0.00" type="0"/>
    <Peak1D F1="2.6475" intensity="0.00" type="0"/>
    <Peak1D F1="2.2797" intensity="0.01" type="0"/>
    <Peak1D F1="2.1283" intensity="0.00" type="0"/>
    <Peak1D F1="2.1200" intensity="0.00" type="0"/>
    <Peak1D F1="2.1110" intensity="0.00" type="0"/>
    <Peak1D F1="2.1019" intensity="0.03" type="0"/>
    <Peak1D F1="2.0872" intensity="0.46" type="0"/>
    <Peak1D F1="2.0781" intensity="3.21" type="0"/>
    <Peak1D F1="2.0435" intensity="0.00" type="0"/>
    <Peak1D F1="2.0330" intensity="0.00" type="0"/>
    <Peak1D F1="2.0116" intensity="0.00" type="0"/>
    <Peak1D F1="1.9937" intensity="0.00" type="0"/>
    <Peak1D F1="1.9796" intensity="0.00" type="0"/>
    <Peak1D F1="1.9604" intensity="1.01" type="0"/>
    <Peak1D F1="1.9408" intensity="0.01" type="0"/>
    <Peak1D F1="1.9297" intensity="0.02" type="0"/>
    <Peak1D F1="1.9180" intensity="0.02" type="0"/>
    <Peak1D F1="1.9139" intensity="0.00" type="0"/>
    <Peak1D F1="1.9059" intensity="0.01" type="0"/>
    <Peak1D F1="1.8946" intensity="0.01" type="0"/>
    <Peak1D F1="1.8826" intensity="0.00" type="0"/>
    <Peak1D F1="1.8511" intensity="0.00" type="0"/>
    <Peak1D F1="1.8065" intensity="0.00" type="0"/>
    <Peak1D F1="1.7858" intensity="0.02" type="0"/>
    <Peak1D F1="1.7689" intensity="0.02" type="0"/>
    <Peak1D F1="1.6789" intensity="0.00" type="0"/>
    <Peak1D F1="1.6710" intensity="0.00" type="0"/>
    <Peak1D F1="1.6535" intensity="0.00" type="0"/>
    <Peak1D F1="1.6453" intensity="0.01" type="0"/>
    <Peak1D F1="1.6292" intensity="0.01" type="0"/>
    <Peak1D F1="1.6100" intensity="0.00" type="0"/>
    <Peak1D F1="1.5768" intensity="0.00" type="0"/>
    <Peak1D F1="1.5573" intensity="0.00" type="0"/>
    <Peak1D F1="1.5420" intensity="0.00" type="0"/>
    <Peak1D F1="1.5312" intensity="0.00" type="0"/>
    <Peak1D F1="1.5191" intensity="0.01" type="0"/>
    <Peak1D F1="1.5074" intensity="0.02" type="0"/>
    <Peak1D F1="1.5043" intensity="0.02" type="0"/>
    <Peak1D F1="1.5004" intensity="0.01" type="0"/>
    <Peak1D F1="1.4947" intensity="0.04" type="0"/>
    <Peak1D F1="1.4918" intensity="0.05" type="0"/>
    <Peak1D F1="1.4773" intensity="1.66" type="0"/>
    <Peak1D F1="1.4669" intensity="0.11" type="0"/>
    <Peak1D F1="1.4558" intensity="0.09" type="0"/>
    <Peak1D F1="1.4516" intensity="0.04" type="0"/>
    <Peak1D F1="1.4444" intensity="0.05" type="0"/>
    <Peak1D F1="1.4365" intensity="0.05" type="0"/>
    <Peak1D F1="1.4301" intensity="0.03" type="0"/>
    <Peak1D F1="1.4224" intensity="0.01" type="0"/>
    <Peak1D F1="1.4128" intensity="0.00" type="0"/>
    <Peak1D F1="1.4013" intensity="0.00" type="0"/>
    <Peak1D F1="1.3896" intensity="0.00" type="0"/>
    <Peak1D F1="1.3712" intensity="0.00" type="0"/>
    <Peak1D F1="1.3626" intensity="0.01" type="0"/>
    <Peak1D F1="1.3508" intensity="0.02" type="0"/>
    <Peak1D F1="1.3423" intensity="0.01" type="0"/>
    <Peak1D F1="1.3344" intensity="0.01" type="0"/>
    <Peak1D F1="1.3261" intensity="0.01" type="0"/>
    <Peak1D F1="1.3161" intensity="0.01" type="0"/>
    <Peak1D F1="1.3061" intensity="0.01" type="0"/>
    <Peak1D F1="1.2938" intensity="0.03" type="0"/>
    <Peak1D F1="1.2865" intensity="0.03" type="0"/>
    <Peak1D F1="1.2829" intensity="0.06" type="0"/>
    <Peak1D F1="1.2740" intensity="0.08" type="0"/>
    <Peak1D F1="1.2709" intensity="0.06" type="0"/>
    <Peak1D F1="1.2650" intensity="0.05" type="0"/>
    <Peak1D F1="1.2615" intensity="0.11" type="0"/>
    <Peak1D F1="1.2523" intensity="0.08" type="0"/>
    <Peak1D F1="1.2487" intensity="0.08" type="0"/>
    <Peak1D F1="1.2450" intensity="0.07" type="0"/>
    <Peak1D F1="1.2398" intensity="0.09" type="0"/>
    <Peak1D F1="1.2323" intensity="0.12" type="0"/>
    <Peak1D F1="1.2276" intensity="0.08" type="0"/>
    <Peak1D F1="1.2195" intensity="0.13" type="0"/>
    <Peak1D F1="1.2155" intensity="0.06" type="0"/>
    <Peak1D F1="1.2068" intensity="0.10" type="0"/>
    <Peak1D F1="1.1912" intensity="0.30" type="0"/>
    <Peak1D F1="1.1871" intensity="0.06" type="0"/>
    <Peak1D F1="1.1793" intensity="0.55" type="0"/>
    <Peak1D F1="1.1674" intensity="0.28" type="0"/>
    <Peak1D F1="1.1540" intensity="0.04" type="0"/>
    <Peak1D F1="1.1356" intensity="0.64" type="0"/>
    <Peak1D F1="1.1230" intensity="0.03" type="0"/>
    <Peak1D F1="1.1129" intensity="0.01" type="0"/>
    <Peak1D F1="1.1097" intensity="0.01" type="0"/>
    <Peak1D F1="1.1042" intensity="0.01" type="0"/>
    <Peak1D F1="1.0909" intensity="0.10" type="0"/>
    <Peak1D F1="1.0861" intensity="0.41" type="0"/>
    <Peak1D F1="1.0795" intensity="0.12" type="0"/>
    <Peak1D F1="1.0750" intensity="0.13" type="0"/>
    <Peak1D F1="1.0711" intensity="0.06" type="0"/>
    <Peak1D F1="1.0622" intensity="0.26" type="0"/>
    <Peak1D F1="1.0531" intensity="0.12" type="0"/>
    <Peak1D F1="1.0506" intensity="0.09" type="0"/>
    <Peak1D F1="1.0406" intensity="0.09" type="0"/>
    <Peak1D F1="1.0282" intensity="0.06" type="0"/>
    <Peak1D F1="1.0160" intensity="0.02" type="0"/>
    <Peak1D F1="0.9997" intensity="0.00" type="0"/>
    <Peak1D F1="0.9941" intensity="0.00" type="0"/>
    <Peak1D F1="0.9839" intensity="0.00" type="0"/>
    <Peak1D F1="0.9797" intensity="0.00" type="0"/>
    <Peak1D F1="0.9746" intensity="0.00" type="0"/>
    <Peak1D F1="0.9709" intensity="0.00" type="0"/>
    <Peak1D F1="0.9595" intensity="0.00" type="0"/>
    <Peak1D F1="0.9563" intensity="0.00" type="0"/>
    <Peak1D F1="0.9490" intensity="0.00" type="0"/>
    <Peak1D F1="0.9371" intensity="0.00" type="0"/>
    <Peak1D F1="0.9255" intensity="0.00" type="0"/>
    <Peak1D F1="0.9179" intensity="0.00" type="0"/>
    <Peak1D F1="0.8985" intensity="0.01" type="0"/>
    <Peak1D F1="0.8934" intensity="0.00" type="0"/>
    <Peak1D F1="0.8871" intensity="0.01" type="0"/>
    <Peak1D F1="0.8776" intensity="0.01" type="0"/>
    <Peak1D F1="0.8647" intensity="0.08" type="0"/>
    <Peak1D F1="0.8524" intensity="0.16" type="0"/>
    <Peak1D F1="0.8401" intensity="0.08" type="0"/>
    <Peak1D F1="0.8339" intensity="0.21" type="0"/>
    <Peak1D F1="0.8224" intensity="0.25" type="0"/>
    <Peak1D F1="0.8163" intensity="0.32" type="0"/>
    <Peak1D F1="0.8112" intensity="0.13" type="0"/>
    <Peak1D F1="0.8041" intensity="0.61" type="0"/>
    <Peak1D F1="0.7966" intensity="1.50" type="0"/>
    <Peak1D F1="0.7919" intensity="0.36" type="0"/>
    <Peak1D F1="0.7851" intensity="1.70" type="0"/>
    <Peak1D F1="0.7759" intensity="0.49" type="0"/>
    <Peak1D F1="0.7721" intensity="0.43" type="0"/>
    <Peak1D F1="0.7703" intensity="0.38" type="0"/>
    <Peak1D F1="0.7650" intensity="0.46" type="0"/>
    <Peak1D F1="0.7589" intensity="0.28" type="0"/>
    <Peak1D F1="0.7530" intensity="0.03" type="0"/>
    <Peak1D F1="0.7479" intensity="0.02" type="0"/>
    <Peak1D F1="0.7350" intensity="0.01" type="0"/>
    <Peak1D F1="0.7281" intensity="0.01" type="0"/>
    <Peak1D F1="0.7207" intensity="0.00" type="0"/>
    <Peak1D F1="0.7182" intensity="0.00" type="0"/>
    <Peak1D F1="0.7126" intensity="0.00" type="0"/>
    <Peak1D F1="0.7067" intensity="0.00" type="0"/>
    <Peak1D F1="0.7034" intensity="0.00" type="0"/>
    <Peak1D F1="0.6981" intensity="0.00" type="0"/>
    <Peak1D F1="0.6911" intensity="0.01" type="0"/>
    <Peak1D F1="0.6792" intensity="0.01" type="0"/>
    <Peak1D F1="0.6651" intensity="0.01" type="0"/>
    <Peak1D F1="0.6595" intensity="0.00" type="0"/>
    <Peak1D F1="0.6502" intensity="0.00" type="0"/>
    <Peak1D F1="0.6044" intensity="0.00" type="0"/>
    <Peak1D F1="0.0884" intensity="0.00" type="0"/>
    <Peak1D F1="-0.0001" intensity="0.13" type="0"/>
    <Peak1D F1="-1.1857" intensity="0.00" type="0"/>
    <Peak1D F1="-1.8264" intensity="0.00" type="0"/>
    <Peak1D F1="-4.2276" intensity="0.00" type="0"/>
    <Peak1D F1="-4.9564" intensity="0.00" type="0"/>
    <Peak1D F1="-5.0616" intensity="0.00" type="0"/>
  </PeakList1D>
</PeakList>
