{"IFD.version":"0.1.0-beta+2025.07.24",
"FAIRSpec.extractor.version":"0.1.0-beta+2025.07.24",
"FAIRSpec.extractor.code":"https://github.com/IUPAC/IUPAC-FAIRSpec/blob/main/src/main/java/com/integratedgraphics/extractor/IFDExtractor.java",
"FAIRSpec.extractor.creation_date":"17 Aug 2025 02:44:25 GMT",
"FAIRSpec.extractor.script":"IFD-extract.json",
"FAIRSpec.extractor.sources":
["file:///c:/temp/iupac/acs/zip/22233351.zip",
"file:/C:/Users/hanso/git/IUPAC-FAIRSpec/./extract/acs.orglett.0c00874/structures/"
],
"FAIRSpec.extractor.list_type":"manifest",
"FAIRSpec.extractor.list_fileCount":192,
"FAIRSpec.extractor.list_byteCount":28025757,
"FAIRSpec.extractor.list":
[
"22233351/NMR_FID_files_3a_1.zip",
"22233351/NMR_FID_files_3a_2.zip",
"22233351/NMR_FID_files_3b_1.zip",
"22233351/NMR_FID_files_3b_2.zip",
"22233351/NMR_FID_files_3c_1.zip",
"22233351/NMR_FID_files_3c_2.zip",
"22233351/NMR_FID_files_3d_1.zip",
"22233351/NMR_FID_files_3d_2.zip",
"22233351/NMR_FID_files_3e_1.zip",
"22233351/NMR_FID_files_3e_2.zip",
"22233351/NMR_FID_files_3f_1.zip",
"22233351/NMR_FID_files_3f_2.zip",
"22233351/NMR_FID_files_3g_1.zip",
"22233351/NMR_FID_files_3g_2.zip",
"22233351/NMR_FID_files_3h_1.zip",
"22233351/NMR_FID_files_3h_2.zip",
"22233351/NMR_FID_files_3i_1.zip",
"22233351/NMR_FID_files_3i_2.zip",
"22233351/NMR_FID_files_3j_1.zip",
"22233351/NMR_FID_files_3j_2.zip",
"22233351/NMR_FID_files_3k_1.zip",
"22233351/NMR_FID_files_3k_2.zip",
"22233351/NMR_FID_files_3k_cd-wzh-2019-84_1.zip",
"22233351/NMR_FID_files_3k_cd-wzh-2019-84_2.zip",
"22233351/NMR_FID_files_3l_1.zip",
"22233351/NMR_FID_files_3l_2.zip",
"22233351/NMR_FID_files_3m_1.zip",
"22233351/NMR_FID_files_3m_2.zip",
"22233351/NMR_FID_files_3m_cd-wzh-2019-32_1.zip",
"22233351/NMR_FID_files_3m_cd-wzh-2019-32_2.zip",
"22233351/NMR_FID_files_3n_1.zip",
"22233351/NMR_FID_files_3n_2.zip",
"22233351/NMR_FID_files_3o_1.zip",
"22233351/NMR_FID_files_3o_2.zip",
"22233351/NMR_FID_files_3p_1.zip",
"22233351/NMR_FID_files_3p_2.zip",
"22233351/NMR_FID_files_3q_1.zip",
"22233351/NMR_FID_files_3q_2.zip",
"22233351/NMR_FID_files_3r_1.zip",
"22233351/NMR_FID_files_3r_2.zip",
"22233351/NMR_FID_files_3s_1.zip",
"22233351/NMR_FID_files_3s_2.zip",
"22233351/NMR_FID_files_3t_1.zip",
"22233351/NMR_FID_files_3t_2.zip",
"22233351/NMR_FID_files_3u_10.zip",
"22233351/NMR_FID_files_3u_11.zip",
"22233351/NMR_FID_files_3u_11_pdata_1_thumb.png",
"22233351/NMR_FID_files_3v_1.zip",
"22233351/NMR_FID_files_3v_2.zip",
"22233351/NMR_FID_files_3y_10.zip",
"22233351/NMR_FID_files_3y_11.zip",
"22233351/NMR_FID_files_3y_11_pdata_1_thumb.png",
"22233351/NMR_FID_files_3z_1.zip",
"22233351/NMR_FID_files_3z_2.zip",
"22233351/NMR_FID_files_5a_1.zip",
"22233351/NMR_FID_files_5a_2.zip",
"22233351/NMR_FID_files_5b_10.zip",
"22233351/NMR_FID_files_5b_11.zip",
"22233351/NMR_FID_files_5b_11_pdata_1_thumb.png",
"22233351/NMR_FID_files_5c_10.zip",
"22233351/NMR_FID_files_5c_11.zip",
"22233351/NMR_FID_files_5c_11_pdata_1_thumb.png",
"22233351/NMR_FID_files_5d_1.zip",
"22233351/NMR_FID_files_5d_2.zip",
"22233351/NMR_FID_files_5e_1.zip",
"22233351/NMR_FID_files_5e_2.zip",
"22233351/NMR_FID_files_5f_10.zip",
"22233351/NMR_FID_files_5f_70.zip",
"22233351/NMR_FID_files_5g_10.zip",
"22233351/NMR_FID_files_5g_11.zip",
"22233351/NMR_FID_files_5g_11_pdata_1_thumb.png",
"22233351/NMR_FID_files_5h_10.zip",
"22233351/NMR_FID_files_5h_11.zip",
"22233351/NMR_FID_files_5h_11_pdata_1_thumb.png",
"22233351/NMR_FID_files_5i_10.zip",
"22233351/NMR_FID_files_5i_11.zip",
"22233351/NMR_FID_files_5i_11_pdata_1_thumb.png",
"22233351/NMR_FID_files_5j_10.zip",
"22233351/NMR_FID_files_5j_11.zip",
"22233351/NMR_FID_files_5j_11_pdata_1_thumb.png",
"22233351/NMR_FID_files_7a_1.zip",
"22233351/NMR_FID_files_7a_2.zip",
"22233351/NMR_FID_files_8_1.zip",
"22233351/NMR_FID_files_8_2.zip"
,"structures/3a.cdxml",
"structures/3a.cdxml.mol",
"structures/3a.cdxml.png",
"structures/3b.cdxml",
"structures/3b.cdxml.mol",
"structures/3b.cdxml.png",
"structures/3c.cdxml",
"structures/3c.cdxml.mol",
"structures/3c.cdxml.png",
"structures/3d.cdxml",
"structures/3d.cdxml.mol",
"structures/3d.cdxml.png",
"structures/3e.cdxml",
"structures/3e.cdxml.mol",
"structures/3e.cdxml.png",
"structures/3f.cdxml",
"structures/3f.cdxml.mol",
"structures/3f.cdxml.png",
"structures/3g.cdxml",
"structures/3g.cdxml.mol",
"structures/3g.cdxml.png",
"structures/3h.cdxml",
"structures/3h.cdxml.mol",
"structures/3h.cdxml.png",
"structures/3i.cdxml",
"structures/3i.cdxml.mol",
"structures/3i.cdxml.png",
"structures/3j.cdxml",
"structures/3j.cdxml.mol",
"structures/3j.cdxml.png",
"structures/3k.cdxml",
"structures/3k.cdxml.mol",
"structures/3k.cdxml.png",
"structures/3l.cdxml",
"structures/3l.cdxml.mol",
"structures/3l.cdxml.png",
"structures/3m.cdxml",
"structures/3m.cdxml.mol",
"structures/3m.cdxml.png",
"structures/3n.cdxml",
"structures/3n.cdxml.mol",
"structures/3n.cdxml.png",
"structures/3o.cdxml",
"structures/3o.cdxml.mol",
"structures/3o.cdxml.png",
"structures/3p.cdxml",
"structures/3p.cdxml.mol",
"structures/3p.cdxml.png",
"structures/3q.cdxml",
"structures/3q.cdxml.mol",
"structures/3q.cdxml.png",
"structures/3r.cdxml",
"structures/3r.cdxml.mol",
"structures/3r.cdxml.png",
"structures/3s.cdxml",
"structures/3s.cdxml.mol",
"structures/3s.cdxml.png",
"structures/3t.cdxml",
"structures/3t.cdxml.mol",
"structures/3t.cdxml.png",
"structures/3u.cdxml",
"structures/3u.cdxml.mol",
"structures/3u.cdxml.png",
"structures/3v.cdxml",
"structures/3v.cdxml.mol",
"structures/3v.cdxml.png",
"structures/3y.cdxml",
"structures/3y.cdxml.mol",
"structures/3y.cdxml.png",
"structures/3z.cdxml",
"structures/3z.cdxml.mol",
"structures/3z.cdxml.png",
"structures/5a.cdxml",
"structures/5a.cdxml.mol",
"structures/5a.cdxml.png",
"structures/5b.cdxml",
"structures/5b.cdxml.mol",
"structures/5b.cdxml.png",
"structures/5c.cdxml",
"structures/5c.cdxml.mol",
"structures/5c.cdxml.png",
"structures/5d.cdxml",
"structures/5d.cdxml.mol",
"structures/5d.cdxml.png",
"structures/5e.cdxml",
"structures/5e.cdxml.mol",
"structures/5e.cdxml.png",
"structures/5f.cdxml",
"structures/5f.cdxml.mol",
"structures/5f.cdxml.png",
"structures/5g.cdxml",
"structures/5g.cdxml.mol",
"structures/5g.cdxml.png",
"structures/5h.cdxml",
"structures/5h.cdxml.mol",
"structures/5h.cdxml.png",
"structures/5i.cdxml",
"structures/5i.cdxml.mol",
"structures/5i.cdxml.png",
"structures/5j.cdxml",
"structures/5j.cdxml.mol",
"structures/5j.cdxml.png",
"structures/7a.cdxml",
"structures/7a.cdxml.mol",
"structures/7a.cdxml.png",
"structures/8.cdxml",
"structures/8.cdxml.mol",
"structures/8.cdxml.png"
]
}
