{"IFD-extract-version":"0.2.0-alpha","keys":[
 {"example":"compound directories containing identified mnova files"},
 {"journal":"acs.orglett"},{"hash":"0c01022"},
 {"figshareid":"22195341"},
  
 {"IFDid=IFD.property.fairdata.collection.id":"{journal}.{hash}"},
 {"IFD.property.fairdata.collection.source.publication.uri":"https://doi.org/10.1021/{IFDid}"},
 {"IFD.property.fairdata.collection.data.license.uri":"https://creativecommons.org/licenses/by-nc/4.0"},
 {"IFD.property.fairdata.collection.data.license.name":"cc-by-nc-4.0"},
 
 {"data0":"{IFD.property.fairdata.collection.source.data.uri::https://pubs.acs.org/doi/suppl/10.1021/{IFDid}/suppl_file/ol{hash}_si_002.zip}"},
 {"data":"{IFD.property.fairdata.collection.source.data.uri::https://ndownloader.figshare.com/files/{figshareid}}"},
 
 {"path":"{data}|NMR DATA"},
 {"IFD.property.fairdata.collection.object":"{path}/*/{IFD.representation.data.spec.nmr.vendor.dataset::{IFD.property.data.spec.nmr.expt.label::{id=IFD.property.sample.label::*}-*.mnova}}"},
 {"IFD.property.fairdata.collection.object":"{path}/*/{IFD.representation.data.spec.nmr.vendor.dataset::{IFD.property.data.spec.nmr.expt.label::{id=IFD.property.sample.label::*}.mnova}}"}
]}