{"IFD.fairdata.version":"0.0.2-alpha+2002.04.02",
"IFD.extractor.version":"0.0.2-alpha+2002.04.02",
"IFD.extractor.code":"https://github.com/IUPAC/IUPAC-FAIRSpec/blob/main/src/main/java/com/integratedgraphics/ifd/Extractor.java",
"IFD.extractor.list.type":"manifest",
"IFD.extractor.scirpt":"_IFD_extract.json",
"IFD.extractor.source":"https://ndownloader.figshare.com/files/22195341",
"IFD.extractor.creation.date":"2 Apr 2022 12:31:02 GMT",
"IFD.extractor.count":168,
"IFD.extractor.list":
[
"NMR_DATA_product_3a-C.mnova"
,"NMR_DATA_product_3a-H.mnova"
,"NMR_DATA_product_3aa-C.mnova"
,"NMR_DATA_product_3aa-H.mnova"
,"NMR_DATA_product_3ar+3ar'.mnova"
,"NMR_DATA_product_3b-C.mnova"
,"NMR_DATA_product_3b-H.mnova"
,"NMR_DATA_product_3c-C.mnova"
,"NMR_DATA_product_3c-H.mnova"
,"NMR_DATA_product_3d-C.mnova"
,"NMR_DATA_product_3d-H.mnova"
,"NMR_DATA_product_3e-C.mnova"
,"NMR_DATA_product_3e-H.mnova"
,"NMR_DATA_product_3f-C.mnova"
,"NMR_DATA_product_3f-H.mnova"
,"NMR_DATA_product_3g-C.mnova"
,"NMR_DATA_product_3g-H.mnova"
,"NMR_DATA_product_3h-C.mnova"
,"NMR_DATA_product_3h-H.mnova"
,"NMR_DATA_product_3i-C.mnova"
,"NMR_DATA_product_3i-H.mnova"
,"NMR_DATA_product_3j-C.mnova"
,"NMR_DATA_product_3j-H.mnova"
,"NMR_DATA_product_3k-C.mnova"
,"NMR_DATA_product_3k-H.mnova"
,"NMR_DATA_product_3l-C.mnova"
,"NMR_DATA_product_3l-H.mnova"
,"NMR_DATA_product_3m-C.mnova"
,"NMR_DATA_product_3m-H.mnova"
,"NMR_DATA_product_3n-C.mnova"
,"NMR_DATA_product_3n-H.mnova"
,"NMR_DATA_product_3o-C.mnova"
,"NMR_DATA_product_3o-H.mnova"
,"NMR_DATA_product_3p-C.mnova"
,"NMR_DATA_product_3p-H.mnova"
,"NMR_DATA_product_3q-C.mnova"
,"NMR_DATA_product_3q-H.mnova"
,"NMR_DATA_product_3r-C.mnova"
,"NMR_DATA_product_3r-H.mnova"
,"NMR_DATA_product_3s-C.mnova"
,"NMR_DATA_product_3s-H.mnova"
,"NMR_DATA_product_3t-C.mnova"
,"NMR_DATA_product_3t-H.mnova"
,"NMR_DATA_product_3u-C.mnova"
,"NMR_DATA_product_3u-H.mnova"
,"NMR_DATA_product_3v-C.mnova"
,"NMR_DATA_product_3v-H.mnova"
,"NMR_DATA_product_3w-C.mnova"
,"NMR_DATA_product_3w-H.mnova"
,"NMR_DATA_product_3x-C.mnova"
,"NMR_DATA_product_3x-H.mnova"
,"NMR_DATA_product_3y-C.mnova"
,"NMR_DATA_product_3y-H.mnova"
,"NMR_DATA_product_3z-C.mnova"
,"NMR_DATA_product_3z-H.mnova"
,"NMR_DATA_product_4-H.mnova"
,"NMR_DATA_product_5-C.mnova"
,"NMR_DATA_product_5-H.mnova"
,"NMR_DATA_starting_material_1k-C.mnova"
,"NMR_DATA_starting_material_1k-H.mnova"
,"NMR_DATA_starting_material_1n-C.mnova"
,"NMR_DATA_starting_material_1n-H.mnova"
,"NMR_DATA_starting_material_1o-C.mnova"
,"NMR_DATA_starting_material_1o-H.mnova"
,"NMR_DATA_starting_material_1p-C.mnova"
,"NMR_DATA_starting_material_1p-H.mnova"
,"NMR_DATA_product_3a-C.mnova_page1.cdx"
,"NMR_DATA_product_3a-C.mnova_page1.png"
,"NMR_DATA_product_3a-H.mnova_page1.cdx"
,"NMR_DATA_product_3aa-C.mnova_page1.cdx"
,"NMR_DATA_product_3aa-C.mnova_page1.png"
,"NMR_DATA_product_3aa-H.mnova_page1.cdx"
,"NMR_DATA_product_3ar+3ar'.mnova_page1.cdx"
,"NMR_DATA_product_3ar+3ar'.mnova_page1.png"
,"NMR_DATA_product_3b-C.mnova_page1.cdx"
,"NMR_DATA_product_3b-C.mnova_page1.png"
,"NMR_DATA_product_3b-H.mnova_page1.cdx"
,"NMR_DATA_product_3c-C.mnova_page1.cdx"
,"NMR_DATA_product_3c-C.mnova_page1.png"
,"NMR_DATA_product_3c-H.mnova_page1.cdx"
,"NMR_DATA_product_3d-C.mnova_page1.cdx"
,"NMR_DATA_product_3d-C.mnova_page1.png"
,"NMR_DATA_product_3d-H.mnova_page1.cdx"
,"NMR_DATA_product_3e-C.mnova_page1.cdx"
,"NMR_DATA_product_3e-C.mnova_page1.png"
,"NMR_DATA_product_3e-H.mnova_page1.cdx"
,"NMR_DATA_product_3f-C.mnova_page1.cdx"
,"NMR_DATA_product_3f-C.mnova_page1.png"
,"NMR_DATA_product_3f-H.mnova_page1.cdx"
,"NMR_DATA_product_3g-C.mnova_page1.cdx"
,"NMR_DATA_product_3g-C.mnova_page1.png"
,"NMR_DATA_product_3g-H.mnova_page1.cdx"
,"NMR_DATA_product_3h-C.mnova_page1.cdx"
,"NMR_DATA_product_3h-C.mnova_page1.png"
,"NMR_DATA_product_3h-H.mnova_page1.cdx"
,"NMR_DATA_product_3i-C.mnova_page1.cdx"
,"NMR_DATA_product_3i-C.mnova_page1.png"
,"NMR_DATA_product_3i-H.mnova_page1.cdx"
,"NMR_DATA_product_3j-C.mnova_page1.cdx"
,"NMR_DATA_product_3j-C.mnova_page1.png"
,"NMR_DATA_product_3j-H.mnova_page1.cdx"
,"NMR_DATA_product_3k-C.mnova_page1.cdx"
,"NMR_DATA_product_3k-C.mnova_page1.png"
,"NMR_DATA_product_3k-H.mnova_page1.cdx"
,"NMR_DATA_product_3l-C.mnova_page1.cdx"
,"NMR_DATA_product_3l-C.mnova_page1.png"
,"NMR_DATA_product_3l-H.mnova_page1.cdx"
,"NMR_DATA_product_3m-C.mnova_page1.cdx"
,"NMR_DATA_product_3m-C.mnova_page1.png"
,"NMR_DATA_product_3m-H.mnova_page1.cdx"
,"NMR_DATA_product_3n-C.mnova_page1.cdx"
,"NMR_DATA_product_3n-C.mnova_page1.png"
,"NMR_DATA_product_3n-H.mnova_page1.cdx"
,"NMR_DATA_product_3n-H.mnova_page1.png"
,"NMR_DATA_product_3o-C.mnova_page1.cdx"
,"NMR_DATA_product_3o-C.mnova_page1.png"
,"NMR_DATA_product_3o-H.mnova_page1.cdx"
,"NMR_DATA_product_3p-C.mnova_page1.cdx"
,"NMR_DATA_product_3p-C.mnova_page1.png"
,"NMR_DATA_product_3p-H.mnova_page1.cdx"
,"NMR_DATA_product_3q-C.mnova_page1.cdx"
,"NMR_DATA_product_3q-C.mnova_page1.png"
,"NMR_DATA_product_3q-H.mnova_page1.cdx"
,"NMR_DATA_product_3r-C.mnova_page1.cdx"
,"NMR_DATA_product_3r-C.mnova_page1.png"
,"NMR_DATA_product_3r-H.mnova_page1.cdx"
,"NMR_DATA_product_3s-C.mnova_page1.cdx"
,"NMR_DATA_product_3s-C.mnova_page1.png"
,"NMR_DATA_product_3s-H.mnova_page1.cdx"
,"NMR_DATA_product_3t-C.mnova_page1.cdx"
,"NMR_DATA_product_3t-C.mnova_page1.png"
,"NMR_DATA_product_3t-H.mnova_page1.cdx"
,"NMR_DATA_product_3u-C.mnova_page1.cdx"
,"NMR_DATA_product_3u-C.mnova_page1.png"
,"NMR_DATA_product_3u-H.mnova_page1.cdx"
,"NMR_DATA_product_3v-C.mnova_page1.cdx"
,"NMR_DATA_product_3v-C.mnova_page1.png"
,"NMR_DATA_product_3v-H.mnova_page1.cdx"
,"NMR_DATA_product_3w-C.mnova_page1.cdx"
,"NMR_DATA_product_3w-C.mnova_page1.png"
,"NMR_DATA_product_3w-H.mnova_page1.cdx"
,"NMR_DATA_product_3x-C.mnova_page1.cdx"
,"NMR_DATA_product_3x-C.mnova_page1.png"
,"NMR_DATA_product_3x-H.mnova_page1.cdx"
,"NMR_DATA_product_3y-C.mnova_page1.cdx"
,"NMR_DATA_product_3y-C.mnova_page1.png"
,"NMR_DATA_product_3y-H.mnova_page1.cdx"
,"NMR_DATA_product_3z-C.mnova_page1.cdx"
,"NMR_DATA_product_3z-C.mnova_page1.png"
,"NMR_DATA_product_3z-H.mnova_page1.cdx"
,"NMR_DATA_product_4-H.mnova_page1.cdx"
,"NMR_DATA_product_4-H.mnova_page1.png"
,"NMR_DATA_product_5-C.mnova_page1.cdx"
,"NMR_DATA_product_5-C.mnova_page1.png"
,"NMR_DATA_product_5-H.mnova_page1.cdx"
,"NMR_DATA_product_5-H.mnova_page1.png"
,"NMR_DATA_starting_material_1k-C.mnova_page1.cdx"
,"NMR_DATA_starting_material_1k-C.mnova_page1.png"
,"NMR_DATA_starting_material_1k-H.mnova_page1.cdx"
,"NMR_DATA_starting_material_1n-C.mnova_page1.cdx"
,"NMR_DATA_starting_material_1n-C.mnova_page1.png"
,"NMR_DATA_starting_material_1n-H.mnova_page1.cdx"
,"NMR_DATA_starting_material_1o-C.mnova_page1.cdx"
,"NMR_DATA_starting_material_1o-C.mnova_page1.png"
,"NMR_DATA_starting_material_1o-H.mnova_page1.cdx"
,"NMR_DATA_starting_material_1p-C.mnova_page1.cdx"
,"NMR_DATA_starting_material_1p-C.mnova_page1.png"
,"NMR_DATA_starting_material_1p-H.mnova_page1.cdx"
]}
