<?xml version="1.0" encoding="UTF-8"?>
<PeakList>
  <PeakList1D>
    <PeakList1DHeader creator="chemist" date="2019-01-21T23:40:26.100+00:00" expNo="10" name="Z144056" owner="" procNo="1" source="f:\data\chemist\nmr\">
      <PeakPickDetails>F1=250.000ppm, F2=-10.000ppm, MI=1.00cm, MAXI=2000.00cm, PC=1.000
      </PeakPickDetails>
    </PeakList1DHeader>
    <Peak1D F1="181.5483" intensity="2.746243e+000" type="0"/>
    <Peak1D F1="158.6047" intensity="4.765616e+001" type="0"/>
    <Peak1D F1="147.7153" intensity="2.548326e+001" type="0"/>
    <Peak1D F1="131.6398" intensity="2.619626e+000" type="0"/>
    <Peak1D F1="130.5078" intensity="2.134052e+002" type="0"/>
    <Peak1D F1="130.1825" intensity="3.930974e+000" type="0"/>
    <Peak1D F1="129.8602" intensity="1.437090e+001" type="0"/>
    <Peak1D F1="129.5387" intensity="1.516376e+001" type="0"/>
    <Peak1D F1="129.2161" intensity="4.054615e+000" type="0"/>
    <Peak1D F1="129.1277" intensity="5.889819e+001" type="0"/>
    <Peak1D F1="128.2445" intensity="4.851594e+000" type="0"/>
    <Peak1D F1="126.1929" intensity="2.115554e+002" type="0"/>
    <Peak1D F1="125.5382" intensity="9.479401e+000" type="0"/>
    <Peak1D F1="125.3683" intensity="2.597565e+001" type="0"/>
    <Peak1D F1="125.3309" intensity="7.198284e+001" type="0"/>
    <Peak1D F1="125.2935" intensity="7.562698e+001" type="0"/>
    <Peak1D F1="125.2555" intensity="2.663144e+001" type="0"/>
    <Peak1D F1="122.8315" intensity="1.162801e+001" type="0"/>
    <Peak1D F1="120.1264" intensity="3.631344e+000" type="0"/>
    <Peak1D F1="115.9224" intensity="2.970481e+000" type="0"/>
    <Peak1D F1="114.1016" intensity="2.097903e+002" type="0"/>
    <Peak1D F1="77.3450" intensity="4.546261e+002" type="0"/>
    <Peak1D F1="77.2291" intensity="1.754909e+001" type="0"/>
    <Peak1D F1="77.0270" intensity="4.645760e+002" type="0"/>
    <Peak1D F1="76.7089" intensity="4.540090e+002" type="0"/>
    <Peak1D F1="74.7352" intensity="9.044708e+001" type="0"/>
    <Peak1D F1="55.2747" intensity="1.102170e+002" type="0"/>
    <Peak1D F1="45.2515" intensity="8.194489e+001" type="0"/>
    <Peak1D F1="19.1499" intensity="2.976935e+000" type="0"/>
  </PeakList1D>
</PeakList>
