<?xml version="1.0" encoding="UTF-8"?>
<PeakList>
  <PeakList1D>
    <PeakList1DHeader creator="Lijin_Xu" date="2017-12-13T14:36:38.150+08:00" expNo="2" name="zhq-495" owner="" procNo="1" source="D:">
      <PeakPickDetails>F1=235.494ppm, F2=-15.494ppm, MI=0.00cm, MAXI=10000.00cm, PC=1.400
      </PeakPickDetails>
    </PeakList1DHeader>
    <Peak1D F1="163.2854" intensity="5.12" type="0"/>
    <Peak1D F1="152.6088" intensity="4.79" type="0"/>
    <Peak1D F1="149.9674" intensity="15.00" type="0"/>
    <Peak1D F1="143.9753" intensity="13.63" type="0"/>
    <Peak1D F1="141.8648" intensity="5.59" type="0"/>
    <Peak1D F1="138.7718" intensity="13.78" type="0"/>
    <Peak1D F1="130.1695" intensity="0.94" type="0"/>
    <Peak1D F1="128.3328" intensity="1.41" type="0"/>
    <Peak1D F1="123.9219" intensity="14.72" type="0"/>
    <Peak1D F1="123.7525" intensity="14.11" type="0"/>
    <Peak1D F1="118.1199" intensity="13.84" type="0"/>
    <Peak1D F1="112.7733" intensity="5.85" type="0"/>
    <Peak1D F1="77.4424" intensity="41.10" type="0"/>
    <Peak1D F1="77.3294" intensity="5.23" type="0"/>
    <Peak1D F1="77.1242" intensity="41.49" type="0"/>
    <Peak1D F1="76.8063" intensity="41.04" type="0"/>
    <Peak1D F1="53.4805" intensity="1.11" type="0"/>
    <Peak1D F1="26.8949" intensity="0.99" type="0"/>
    <Peak1D F1="17.4497" intensity="14.52" type="0"/>
    <Peak1D F1="17.2588" intensity="14.51" type="0"/>
  </PeakList1D>
</PeakList>
