<?xml version="1.0" encoding="UTF-8"?>
<PeakList>
  <PeakList1D>
    <PeakList1DHeader creator="chemist" date="2019-01-23T14:03:04.748+00:00" expNo="10" name="Z144334" owner="" procNo="1" source="f:\data\chemist\nmr\">
      <PeakPickDetails>F1=15.000ppm, F2=-0.100ppm, MI=0.50cm, MAXI=80.00cm, PC=1.000
      </PeakPickDetails>
    </PeakList1DHeader>
    <Peak1D F1="7.7749" intensity="2.961165e+000" type="0"/>
    <Peak1D F1="7.7668" intensity="3.017987e+000" type="0"/>
    <Peak1D F1="7.3168" intensity="3.437190e+000" type="0"/>
    <Peak1D F1="7.3087" intensity="3.275283e+000" type="0"/>
    <Peak1D F1="7.2846" intensity="2.764340e+000" type="0"/>
    <Peak1D F1="7.1803" intensity="3.909503e+000" type="0"/>
    <Peak1D F1="7.1589" intensity="4.469509e+000" type="0"/>
    <Peak1D F1="6.8914" intensity="7.026734e-001" type="0"/>
    <Peak1D F1="6.8843" intensity="4.878497e+000" type="0"/>
    <Peak1D F1="6.8628" intensity="4.131389e+000" type="0"/>
    <Peak1D F1="5.2257" intensity="5.434127e-001" type="0"/>
    <Peak1D F1="5.2152" intensity="1.039892e+000" type="0"/>
    <Peak1D F1="5.2047" intensity="1.067702e+000" type="0"/>
    <Peak1D F1="5.1943" intensity="1.034892e+000" type="0"/>
    <Peak1D F1="5.1835" intensity="5.379995e-001" type="0"/>
    <Peak1D F1="3.8149" intensity="2.000000e+001" type="0"/>
    <Peak1D F1="3.3468" intensity="1.191580e+000" type="0"/>
    <Peak1D F1="3.3361" intensity="1.162734e+000" type="0"/>
    <Peak1D F1="3.3119" intensity="1.538527e+000" type="0"/>
    <Peak1D F1="3.3012" intensity="1.487240e+000" type="0"/>
    <Peak1D F1="3.0939" intensity="1.568140e+000" type="0"/>
    <Peak1D F1="3.0729" intensity="1.542604e+000" type="0"/>
    <Peak1D F1="3.0589" intensity="1.204351e+000" type="0"/>
    <Peak1D F1="3.0380" intensity="1.173553e+000" type="0"/>
    <Peak1D F1="2.8858" intensity="1.489386e+000" type="0"/>
    <Peak1D F1="2.8745" intensity="1.391180e+000" type="0"/>
    <Peak1D F1="1.6481" intensity="5.517355e-001" type="0"/>
    <Peak1D F1="1.2594" intensity="3.339507e+000" type="0"/>
  </PeakList1D>
</PeakList>
