<?xml version="1.0" encoding="UTF-8"?>
<PeakList>
  <PeakList1D>
    <PeakList1DHeader creator="JRomeo" date="2019-06-24T12:31:08" expNo="2" name="2JR33" owner="" procNo="1" source="C:\Bruker\TOPSPIN">
      <PeakPickDetails>F1=178.837ppm, F2=175.061ppm, MI=0.25cm, MAXI=1.08cm, PC=1.400
      </PeakPickDetails>
    </PeakList1DHeader>
    <Peak1D F1="175.8076" intensity="0.37" type="0"/>
  </PeakList1D>
  <PeakList1D>
    <PeakList1DHeader creator="JRomeo" date="2019-06-24T12:31:08" expNo="2" name="2JR33" owner="" procNo="1" source="C:\Bruker\TOPSPIN">
      <PeakPickDetails>F1=165.523ppm, F2=102.533ppm, MI=0.29cm, MAXI=5.95cm, PC=1.400
      </PeakPickDetails>
    </PeakList1DHeader>
    <Peak1D F1="158.7691" intensity="2.07" type="0"/>
    <Peak1D F1="155.0902" intensity="1.33" type="0"/>
    <Peak1D F1="147.8506" intensity="0.91" type="0"/>
    <Peak1D F1="142.3272" intensity="0.79" type="0"/>
    <Peak1D F1="129.7616" intensity="2.17" type="0"/>
    <Peak1D F1="111.4727" intensity="1.05" type="0"/>
    <Peak1D F1="107.7462" intensity="3.42" type="0"/>
  </PeakList1D>
  <PeakList1D>
    <PeakList1DHeader creator="JRomeo" date="2019-06-24T12:31:08" expNo="2" name="2JR33" owner="" procNo="1" source="C:\Bruker\TOPSPIN">
      <PeakPickDetails>F1=68.157ppm, F2=51.863ppm, MI=1.05cm, MAXI=6.28cm, PC=1.400
      </PeakPickDetails>
    </PeakList1DHeader>
    <Peak1D F1="62.7208" intensity="2.39" type="0"/>
    <Peak1D F1="61.1463" intensity="2.36" type="0"/>
    <Peak1D F1="56.343" intensity="3.41" type="0"/>
  </PeakList1D>
</PeakList>
