<?xml version="1.0" encoding="UTF-8"?>
<PeakList>
  <PeakList1D>
    <PeakList1DHeader creator="pjw" date="2020-02-26T10:28:25.830-05:00" expNo="2" name="hz-5af-c1" owner="" procNo="1" source="D:\pjw-UNI500">
      <PeakPickDetails>F1=218.326508ppm, F2=-18.334021ppm, MI=0.00cm, MAXI=10000.00cm, PC=1.400
      </PeakPickDetails>
    </PeakList1DHeader>
    <Peak1D F1="163.759598" intensity="6.880476e-001" type="0"/>
    <Peak1D F1="152.996597" intensity="1.158697e+000" type="0"/>
    <Peak1D F1="151.619400" intensity="8.481250e-001" type="0"/>
    <Peak1D F1="149.834305" intensity="3.039596e+000" type="0"/>
    <Peak1D F1="140.337616" intensity="2.553956e+000" type="0"/>
    <Peak1D F1="138.598129" intensity="2.637784e+000" type="0"/>
    <Peak1D F1="124.250954" intensity="2.605967e+000" type="0"/>
    <Peak1D F1="124.200317" intensity="2.760252e+000" type="0"/>
    <Peak1D F1="118.986435" intensity="2.486347e+000" type="0"/>
    <Peak1D F1="103.364403" intensity="2.416721e+000" type="0"/>
    <Peak1D F1="77.306747" intensity="1.478085e+001" type="0"/>
    <Peak1D F1="77.052879" intensity="1.500000e+001" type="0"/>
    <Peak1D F1="76.798531" intensity="1.432930e+001" type="0"/>
    <Peak1D F1="67.728966" intensity="1.501114e+000" type="0"/>
    <Peak1D F1="38.191162" intensity="3.596927e+000" type="0"/>
    <Peak1D F1="32.497543" intensity="6.075919e-001" type="0"/>
    <Peak1D F1="28.659197" intensity="3.656402e-001" type="0"/>
  </PeakList1D>
</PeakList>
