<?xml version="1.0" encoding="UTF-8"?>
<PeakList>
  <PeakList1D>
    <PeakList1DHeader creator="chemist" date="2019-03-03T19:01:30.937+00:00" expNo="10" name="Y916" owner="" procNo="1" source="d:\">
      <PeakPickDetails>F1=18.510ppm, F2=-6.510ppm, MI=0.00cm, MAXI=10000.00cm, PC=1.000
      </PeakPickDetails>
    </PeakList1DHeader>
    <Peak1D F1="17.1420" intensity="0.00" type="0"/>
    <Peak1D F1="17.1119" intensity="0.00" type="0"/>
    <Peak1D F1="8.7567" intensity="0.02" type="0"/>
    <Peak1D F1="8.7486" intensity="0.02" type="0"/>
    <Peak1D F1="8.6030" intensity="0.01" type="0"/>
    <Peak1D F1="8.5878" intensity="0.00" type="0"/>
    <Peak1D F1="8.5785" intensity="0.01" type="0"/>
    <Peak1D F1="8.5766" intensity="0.01" type="0"/>
    <Peak1D F1="8.5702" intensity="0.01" type="0"/>
    <Peak1D F1="8.4307" intensity="1.01" type="0"/>
    <Peak1D F1="8.4233" intensity="1.00" type="0"/>
    <Peak1D F1="8.4226" intensity="1.01" type="0"/>
    <Peak1D F1="8.2779" intensity="0.01" type="0"/>
    <Peak1D F1="8.2717" intensity="0.01" type="0"/>
    <Peak1D F1="8.2353" intensity="0.00" type="0"/>
    <Peak1D F1="8.1718" intensity="0.00" type="0"/>
    <Peak1D F1="8.0994" intensity="0.04" type="0"/>
    <Peak1D F1="8.0908" intensity="0.02" type="0"/>
    <Peak1D F1="8.0877" intensity="0.04" type="0"/>
    <Peak1D F1="8.0855" intensity="0.04" type="0"/>
    <Peak1D F1="8.0760" intensity="0.02" type="0"/>
    <Peak1D F1="8.0628" intensity="0.03" type="0"/>
    <Peak1D F1="8.0067" intensity="0.01" type="0"/>
    <Peak1D F1="7.9930" intensity="0.01" type="0"/>
    <Peak1D F1="7.9405" intensity="0.01" type="0"/>
    <Peak1D F1="7.9377" intensity="0.01" type="0"/>
    <Peak1D F1="7.9276" intensity="0.02" type="0"/>
    <Peak1D F1="7.9248" intensity="0.02" type="0"/>
    <Peak1D F1="7.9146" intensity="0.01" type="0"/>
    <Peak1D F1="7.9121" intensity="0.01" type="0"/>
    <Peak1D F1="7.8002" intensity="0.00" type="0"/>
    <Peak1D F1="7.7864" intensity="0.01" type="0"/>
    <Peak1D F1="7.7745" intensity="0.01" type="0"/>
    <Peak1D F1="7.7719" intensity="0.00" type="0"/>
    <Peak1D F1="7.7553" intensity="0.01" type="0"/>
    <Peak1D F1="7.7422" intensity="0.01" type="0"/>
    <Peak1D F1="7.7036" intensity="0.00" type="0"/>
    <Peak1D F1="7.6805" intensity="0.01" type="0"/>
    <Peak1D F1="7.6672" intensity="0.61" type="0"/>
    <Peak1D F1="7.6644" intensity="0.63" type="0"/>
    <Peak1D F1="7.6542" intensity="1.13" type="0"/>
    <Peak1D F1="7.6515" intensity="1.13" type="0"/>
    <Peak1D F1="7.6415" intensity="0.76" type="0"/>
    <Peak1D F1="7.6386" intensity="0.76" type="0"/>
    <Peak1D F1="7.6278" intensity="1.86" type="0"/>
    <Peak1D F1="7.6257" intensity="2.46" type="0"/>
    <Peak1D F1="7.6136" intensity="2.50" type="0"/>
    <Peak1D F1="7.6124" intensity="2.44" type="0"/>
    <Peak1D F1="7.5824" intensity="0.02" type="0"/>
    <Peak1D F1="7.5711" intensity="0.01" type="0"/>
    <Peak1D F1="7.5519" intensity="0.00" type="0"/>
    <Peak1D F1="7.5481" intensity="0.00" type="0"/>
    <Peak1D F1="7.5272" intensity="0.04" type="0"/>
    <Peak1D F1="7.5224" intensity="0.02" type="0"/>
    <Peak1D F1="7.5204" intensity="0.02" type="0"/>
    <Peak1D F1="7.5143" intensity="0.07" type="0"/>
    <Peak1D F1="7.5081" intensity="0.02" type="0"/>
    <Peak1D F1="7.5016" intensity="0.04" type="0"/>
    <Peak1D F1="7.4963" intensity="0.02" type="0"/>
    <Peak1D F1="7.4924" intensity="0.02" type="0"/>
    <Peak1D F1="7.4795" intensity="0.02" type="0"/>
    <Peak1D F1="7.4767" intensity="0.02" type="0"/>
    <Peak1D F1="7.4630" intensity="1.69" type="0"/>
    <Peak1D F1="7.4497" intensity="1.50" type="0"/>
    <Peak1D F1="7.4367" intensity="0.01" type="0"/>
    <Peak1D F1="7.4226" intensity="0.01" type="0"/>
    <Peak1D F1="7.4093" intensity="0.00" type="0"/>
    <Peak1D F1="7.3979" intensity="0.01" type="0"/>
    <Peak1D F1="7.3876" intensity="0.01" type="0"/>
    <Peak1D F1="7.3839" intensity="0.01" type="0"/>
    <Peak1D F1="7.3757" intensity="0.01" type="0"/>
    <Peak1D F1="7.3593" intensity="1.44" type="0"/>
    <Peak1D F1="7.3564" intensity="0.55" type="0"/>
    <Peak1D F1="7.3468" intensity="2.69" type="0"/>
    <Peak1D F1="7.3335" intensity="1.76" type="0"/>
    <Peak1D F1="7.3137" intensity="0.02" type="0"/>
    <Peak1D F1="7.3066" intensity="0.01" type="0"/>
    <Peak1D F1="7.3031" intensity="0.01" type="0"/>
    <Peak1D F1="7.2780" intensity="1.28" type="0"/>
    <Peak1D F1="7.2664" intensity="0.90" type="0"/>
    <Peak1D F1="7.2542" intensity="1.39" type="0"/>
    <Peak1D F1="7.2420" intensity="0.53" type="0"/>
    <Peak1D F1="7.2227" intensity="0.02" type="0"/>
    <Peak1D F1="7.2111" intensity="0.02" type="0"/>
    <Peak1D F1="7.2005" intensity="0.01" type="0"/>
    <Peak1D F1="7.1962" intensity="0.01" type="0"/>
    <Peak1D F1="7.1838" intensity="0.00" type="0"/>
    <Peak1D F1="7.1750" intensity="0.00" type="0"/>
    <Peak1D F1="7.1485" intensity="0.78" type="0"/>
    <Peak1D F1="7.1470" intensity="0.83" type="0"/>
    <Peak1D F1="7.1403" intensity="0.81" type="0"/>
    <Peak1D F1="7.1388" intensity="0.87" type="0"/>
    <Peak1D F1="7.1362" intensity="0.84" type="0"/>
    <Peak1D F1="7.1347" intensity="0.82" type="0"/>
    <Peak1D F1="7.1280" intensity="0.75" type="0"/>
    <Peak1D F1="7.1265" intensity="0.77" type="0"/>
    <Peak1D F1="7.1141" intensity="0.01" type="0"/>
    <Peak1D F1="7.1076" intensity="0.01" type="0"/>
    <Peak1D F1="7.1011" intensity="0.01" type="0"/>
    <Peak1D F1="7.0946" intensity="0.01" type="0"/>
    <Peak1D F1="7.0896" intensity="0.01" type="0"/>
    <Peak1D F1="7.0783" intensity="0.01" type="0"/>
    <Peak1D F1="7.0696" intensity="0.01" type="0"/>
    <Peak1D F1="7.0560" intensity="0.00" type="0"/>
    <Peak1D F1="7.0473" intensity="0.00" type="0"/>
    <Peak1D F1="7.0339" intensity="0.01" type="0"/>
    <Peak1D F1="7.0185" intensity="0.01" type="0"/>
    <Peak1D F1="7.0098" intensity="0.01" type="0"/>
    <Peak1D F1="7.0001" intensity="0.01" type="0"/>
    <Peak1D F1="6.9881" intensity="0.01" type="0"/>
    <Peak1D F1="6.9823" intensity="0.00" type="0"/>
    <Peak1D F1="6.9396" intensity="0.00" type="0"/>
    <Peak1D F1="6.9297" intensity="0.00" type="0"/>
    <Peak1D F1="6.9232" intensity="0.01" type="0"/>
    <Peak1D F1="6.9101" intensity="0.31" type="0"/>
    <Peak1D F1="6.9053" intensity="2.83" type="0"/>
    <Peak1D F1="6.8909" intensity="3.27" type="0"/>
    <Peak1D F1="6.8861" intensity="0.39" type="0"/>
    <Peak1D F1="6.8706" intensity="0.01" type="0"/>
    <Peak1D F1="6.8638" intensity="0.01" type="0"/>
    <Peak1D F1="6.8598" intensity="0.01" type="0"/>
    <Peak1D F1="6.8552" intensity="0.01" type="0"/>
    <Peak1D F1="6.8490" intensity="0.01" type="0"/>
    <Peak1D F1="6.8352" intensity="0.01" type="0"/>
    <Peak1D F1="6.8294" intensity="0.01" type="0"/>
    <Peak1D F1="6.8201" intensity="0.01" type="0"/>
    <Peak1D F1="6.8144" intensity="0.01" type="0"/>
    <Peak1D F1="6.8038" intensity="0.01" type="0"/>
    <Peak1D F1="6.8011" intensity="0.01" type="0"/>
    <Peak1D F1="6.7888" intensity="0.00" type="0"/>
    <Peak1D F1="6.7720" intensity="0.01" type="0"/>
    <Peak1D F1="6.7600" intensity="0.01" type="0"/>
    <Peak1D F1="6.7554" intensity="0.01" type="0"/>
    <Peak1D F1="6.7495" intensity="0.00" type="0"/>
    <Peak1D F1="6.7411" intensity="0.00" type="0"/>
    <Peak1D F1="6.7209" intensity="0.00" type="0"/>
    <Peak1D F1="6.7089" intensity="0.00" type="0"/>
    <Peak1D F1="6.7052" intensity="0.01" type="0"/>
    <Peak1D F1="6.6916" intensity="0.39" type="0"/>
    <Peak1D F1="6.6867" intensity="3.50" type="0"/>
    <Peak1D F1="6.6834" intensity="1.14" type="0"/>
    <Peak1D F1="6.6756" intensity="1.03" type="0"/>
    <Peak1D F1="6.6723" intensity="3.11" type="0"/>
    <Peak1D F1="6.6673" intensity="0.33" type="0"/>
    <Peak1D F1="6.6606" intensity="0.03" type="0"/>
    <Peak1D F1="6.6526" intensity="0.01" type="0"/>
    <Peak1D F1="6.6454" intensity="0.01" type="0"/>
    <Peak1D F1="6.6408" intensity="0.01" type="0"/>
    <Peak1D F1="6.6369" intensity="0.01" type="0"/>
    <Peak1D F1="6.6300" intensity="0.01" type="0"/>
    <Peak1D F1="6.6259" intensity="0.00" type="0"/>
    <Peak1D F1="6.6139" intensity="0.00" type="0"/>
    <Peak1D F1="6.5995" intensity="0.00" type="0"/>
    <Peak1D F1="6.5692" intensity="0.00" type="0"/>
    <Peak1D F1="6.5547" intensity="0.01" type="0"/>
    <Peak1D F1="6.5511" intensity="0.01" type="0"/>
    <Peak1D F1="6.5467" intensity="0.00" type="0"/>
    <Peak1D F1="6.5416" intensity="0.01" type="0"/>
    <Peak1D F1="6.5360" intensity="0.01" type="0"/>
    <Peak1D F1="6.3414" intensity="0.00" type="0"/>
    <Peak1D F1="5.5987" intensity="0.00" type="0"/>
    <Peak1D F1="5.4482" intensity="0.00" type="0"/>
    <Peak1D F1="5.4240" intensity="0.00" type="0"/>
    <Peak1D F1="5.4182" intensity="0.01" type="0"/>
    <Peak1D F1="5.3996" intensity="4.42" type="0"/>
    <Peak1D F1="5.3883" intensity="0.02" type="0"/>
    <Peak1D F1="5.3794" intensity="0.01" type="0"/>
    <Peak1D F1="5.3733" intensity="0.01" type="0"/>
    <Peak1D F1="5.3685" intensity="0.01" type="0"/>
    <Peak1D F1="5.3579" intensity="0.00" type="0"/>
    <Peak1D F1="5.3484" intensity="0.00" type="0"/>
    <Peak1D F1="5.3376" intensity="0.00" type="0"/>
    <Peak1D F1="5.3280" intensity="0.00" type="0"/>
    <Peak1D F1="5.3205" intensity="0.00" type="0"/>
    <Peak1D F1="5.2883" intensity="0.00" type="0"/>
    <Peak1D F1="4.8486" intensity="0.00" type="0"/>
    <Peak1D F1="4.5590" intensity="0.00" type="0"/>
    <Peak1D F1="4.1625" intensity="0.01" type="0"/>
    <Peak1D F1="4.1505" intensity="0.03" type="0"/>
    <Peak1D F1="4.1387" intensity="0.03" type="0"/>
    <Peak1D F1="4.1269" intensity="0.01" type="0"/>
    <Peak1D F1="4.0416" intensity="0.02" type="0"/>
    <Peak1D F1="3.8865" intensity="0.00" type="0"/>
    <Peak1D F1="3.8773" intensity="0.00" type="0"/>
    <Peak1D F1="3.8688" intensity="0.00" type="0"/>
    <Peak1D F1="3.8616" intensity="0.08" type="0"/>
    <Peak1D F1="3.8463" intensity="0.00" type="0"/>
    <Peak1D F1="3.8353" intensity="0.01" type="0"/>
    <Peak1D F1="3.8310" intensity="0.01" type="0"/>
    <Peak1D F1="3.8192" intensity="0.07" type="0"/>
    <Peak1D F1="3.8127" intensity="0.01" type="0"/>
    <Peak1D F1="3.8041" intensity="0.01" type="0"/>
    <Peak1D F1="3.7986" intensity="0.01" type="0"/>
    <Peak1D F1="3.7923" intensity="0.01" type="0"/>
    <Peak1D F1="3.7880" intensity="0.00" type="0"/>
    <Peak1D F1="3.7832" intensity="0.01" type="0"/>
    <Peak1D F1="3.7781" intensity="0.00" type="0"/>
    <Peak1D F1="3.7685" intensity="0.01" type="0"/>
    <Peak1D F1="3.7658" intensity="0.01" type="0"/>
    <Peak1D F1="3.7614" intensity="0.05" type="0"/>
    <Peak1D F1="3.7443" intensity="15.00" type="0"/>
    <Peak1D F1="3.7329" intensity="0.07" type="0"/>
    <Peak1D F1="3.7241" intensity="0.02" type="0"/>
    <Peak1D F1="3.7215" intensity="0.02" type="0"/>
    <Peak1D F1="3.7178" intensity="0.04" type="0"/>
    <Peak1D F1="3.7132" intensity="0.03" type="0"/>
    <Peak1D F1="3.7029" intensity="0.02" type="0"/>
    <Peak1D F1="3.6973" intensity="0.01" type="0"/>
    <Peak1D F1="3.6802" intensity="1.49" type="0"/>
    <Peak1D F1="3.6575" intensity="2.23" type="0"/>
    <Peak1D F1="3.6363" intensity="0.01" type="0"/>
    <Peak1D F1="3.6224" intensity="0.08" type="0"/>
    <Peak1D F1="3.5915" intensity="0.01" type="0"/>
    <Peak1D F1="3.5754" intensity="2.21" type="0"/>
    <Peak1D F1="3.5528" intensity="1.46" type="0"/>
    <Peak1D F1="3.5316" intensity="0.01" type="0"/>
    <Peak1D F1="3.5281" intensity="0.01" type="0"/>
    <Peak1D F1="3.5242" intensity="0.00" type="0"/>
    <Peak1D F1="3.5127" intensity="0.00" type="0"/>
    <Peak1D F1="3.4923" intensity="0.00" type="0"/>
    <Peak1D F1="3.4662" intensity="0.01" type="0"/>
    <Peak1D F1="3.4556" intensity="0.00" type="0"/>
    <Peak1D F1="3.4436" intensity="0.01" type="0"/>
    <Peak1D F1="3.3722" intensity="0.00" type="0"/>
    <Peak1D F1="3.3101" intensity="0.00" type="0"/>
    <Peak1D F1="3.2444" intensity="0.00" type="0"/>
    <Peak1D F1="3.1865" intensity="0.01" type="0"/>
    <Peak1D F1="2.3783" intensity="0.00" type="0"/>
    <Peak1D F1="2.1038" intensity="0.00" type="0"/>
    <Peak1D F1="2.0950" intensity="0.00" type="0"/>
    <Peak1D F1="2.0921" intensity="0.00" type="0"/>
    <Peak1D F1="2.0667" intensity="0.14" type="0"/>
    <Peak1D F1="1.7102" intensity="0.00" type="0"/>
    <Peak1D F1="1.6543" intensity="0.01" type="0"/>
    <Peak1D F1="1.6477" intensity="0.00" type="0"/>
    <Peak1D F1="1.6368" intensity="0.00" type="0"/>
    <Peak1D F1="1.6265" intensity="0.00" type="0"/>
    <Peak1D F1="1.6148" intensity="0.01" type="0"/>
    <Peak1D F1="1.5979" intensity="1.71" type="0"/>
    <Peak1D F1="1.5756" intensity="0.01" type="0"/>
    <Peak1D F1="1.5644" intensity="0.01" type="0"/>
    <Peak1D F1="1.5529" intensity="0.01" type="0"/>
    <Peak1D F1="1.5418" intensity="0.00" type="0"/>
    <Peak1D F1="1.5269" intensity="0.01" type="0"/>
    <Peak1D F1="1.5237" intensity="0.01" type="0"/>
    <Peak1D F1="1.5215" intensity="0.00" type="0"/>
    <Peak1D F1="1.5201" intensity="0.00" type="0"/>
    <Peak1D F1="1.5164" intensity="0.00" type="0"/>
    <Peak1D F1="1.4612" intensity="0.00" type="0"/>
    <Peak1D F1="1.4476" intensity="0.01" type="0"/>
    <Peak1D F1="1.4128" intensity="0.01" type="0"/>
    <Peak1D F1="1.3958" intensity="0.00" type="0"/>
    <Peak1D F1="1.3800" intensity="0.01" type="0"/>
    <Peak1D F1="1.3768" intensity="0.00" type="0"/>
    <Peak1D F1="1.3706" intensity="0.00" type="0"/>
    <Peak1D F1="1.3595" intensity="0.01" type="0"/>
    <Peak1D F1="1.3431" intensity="0.01" type="0"/>
    <Peak1D F1="1.3361" intensity="0.01" type="0"/>
    <Peak1D F1="1.3291" intensity="0.01" type="0"/>
    <Peak1D F1="1.3242" intensity="0.01" type="0"/>
    <Peak1D F1="1.3173" intensity="0.01" type="0"/>
    <Peak1D F1="1.3130" intensity="0.01" type="0"/>
    <Peak1D F1="1.3049" intensity="0.01" type="0"/>
    <Peak1D F1="1.2936" intensity="0.05" type="0"/>
    <Peak1D F1="1.2817" intensity="0.11" type="0"/>
    <Peak1D F1="1.2698" intensity="0.04" type="0"/>
    <Peak1D F1="1.2623" intensity="0.01" type="0"/>
    <Peak1D F1="1.2534" intensity="0.01" type="0"/>
    <Peak1D F1="1.2396" intensity="0.01" type="0"/>
    <Peak1D F1="1.2366" intensity="0.02" type="0"/>
    <Peak1D F1="1.2310" intensity="0.01" type="0"/>
    <Peak1D F1="1.2180" intensity="0.00" type="0"/>
    <Peak1D F1="1.2070" intensity="0.00" type="0"/>
    <Peak1D F1="1.1869" intensity="0.01" type="0"/>
    <Peak1D F1="1.1722" intensity="0.01" type="0"/>
    <Peak1D F1="1.1626" intensity="0.01" type="0"/>
    <Peak1D F1="1.1505" intensity="0.01" type="0"/>
    <Peak1D F1="1.1373" intensity="0.01" type="0"/>
    <Peak1D F1="1.1259" intensity="0.00" type="0"/>
    <Peak1D F1="1.1036" intensity="0.00" type="0"/>
    <Peak1D F1="1.0890" intensity="0.00" type="0"/>
    <Peak1D F1="1.0722" intensity="0.00" type="0"/>
    <Peak1D F1="1.0318" intensity="0.00" type="0"/>
    <Peak1D F1="1.0107" intensity="0.00" type="0"/>
    <Peak1D F1="0.9695" intensity="0.00" type="0"/>
    <Peak1D F1="0.9583" intensity="0.00" type="0"/>
    <Peak1D F1="0.9508" intensity="0.00" type="0"/>
    <Peak1D F1="0.9342" intensity="0.00" type="0"/>
    <Peak1D F1="0.9133" intensity="0.03" type="0"/>
    <Peak1D F1="0.9051" intensity="0.01" type="0"/>
    <Peak1D F1="0.9011" intensity="0.05" type="0"/>
    <Peak1D F1="0.8939" intensity="0.12" type="0"/>
    <Peak1D F1="0.8891" intensity="0.03" type="0"/>
    <Peak1D F1="0.8826" intensity="0.12" type="0"/>
    <Peak1D F1="0.8793" intensity="0.04" type="0"/>
    <Peak1D F1="0.8732" intensity="0.03" type="0"/>
    <Peak1D F1="0.8695" intensity="0.03" type="0"/>
    <Peak1D F1="0.8671" intensity="0.04" type="0"/>
    <Peak1D F1="0.8624" intensity="0.03" type="0"/>
    <Peak1D F1="0.8561" intensity="0.03" type="0"/>
    <Peak1D F1="0.8454" intensity="0.01" type="0"/>
    <Peak1D F1="0.8244" intensity="0.00" type="0"/>
    <Peak1D F1="0.8196" intensity="0.00" type="0"/>
    <Peak1D F1="0.8077" intensity="0.00" type="0"/>
    <Peak1D F1="0.2375" intensity="0.00" type="0"/>
    <Peak1D F1="0.0967" intensity="0.02" type="0"/>
    <Peak1D F1="-0.3846" intensity="0.00" type="0"/>
    <Peak1D F1="-3.1471" intensity="0.00" type="0"/>
    <Peak1D F1="-4.9635" intensity="0.00" type="0"/>
  </PeakList1D>
</PeakList>
