{"IFD.fairdata.version":"0.0.2-alpha+2002.04.02",
"IFD.extractor.version":"0.0.2-alpha+2002.04.02",
"IFD.extractor.code":"https://github.com/IUPAC/IUPAC-FAIRSpec/blob/main/src/main/java/com/integratedgraphics/ifd/Extractor.java",
"IFD.extractor.list.type":"manifest",
"IFD.extractor.scirpt":"_IFD_extract.json",
"IFD.extractor.source":"https://ndownloader.figshare.com/files/22111341",
"IFD.extractor.creation.date":"2 Apr 2022 12:30:55 GMT",
"IFD.extractor.count":128,
"IFD.extractor.list":
[
"1d_1d-1H_.zip"
,"1e_1e-13C_.zip"
,"1e_1e-1H_.zip"
,"1g_1g-1H_.zip"
,"1h_1h-1H_.zip"
,"2a_2a-13C_4_.zip"
,"2a_2a-1H_4_.zip"
,"2b_2b-13C_.zip"
,"2b_2b-1H_.zip"
,"2c_2c-13C_1_.zip"
,"2c_2c-1H_4_.zip"
,"2d_2d-13C_1_.zip"
,"2d_2d-1H_6_.zip"
,"2e_2e-13C_2_.zip"
,"2e_2e-1H_13_.zip"
,"2f_2f-13C_1_.zip"
,"2f_2f-1H_3_.zip"
,"2g_2g-13C_1_.zip"
,"2g_2g-1H_1_.zip"
,"2h_2H-13C_.zip"
,"2h_2h-1H_.zip"
,"2i_2i-13C_5_.zip"
,"2i_2i-1H_7_.zip"
,"2j_2j-13C_.zip"
,"2j_2j-1H_.zip"
,"2k_2k-13C_.zip"
,"2k_2k-1H_.zip"
,"2l_2l-13C_1_.zip"
,"2l_2l-1H_2_.zip"
,"2m_2m-13C_.zip"
,"2m_2m-1H_.zip"
,"2n_2n-13C_.zip"
,"2n_2n-1H_.zip"
,"2o_2o-13c_7_.zip"
,"2o_2o-1H_8_.zip"
,"2p_2p-13C_3_.zip"
,"2p_2p-1H_9_.zip"
,"4f_4f-13C_.zip"
,"4f_4f-1H_.zip"
,"5a_5a-13C_.zip"
,"5a_5a-1H_.zip"
,"5b_5b-13C_.zip"
,"5b_5b-1H_.zip"
,"5c_5c-13C_.zip"
,"5c_5c-1H_.zip"
,"5d_5d-13C_.zip"
,"5d_5d-1H_.zip"
,"5e_5e-13C_4_.zip"
,"5e_5e-1H_3_.zip"
,"5f_5f-13C_.zip"
,"5f_5f-1H_.zip"
,"5g_5g-13C_3_.zip"
,"5g_5g-1H_12_.zip"
,"5h_5h-13C_.zip"
,"5h_5h-1H_.zip"
,"5i_5i-13C_3_.zip"
,"5i_5i-1H_3_.zip"
,"5j_5j-1H_2_.zip"
,"5k_5k-13C_1_.zip"
,"5k_5k-1H_6_.zip"
,"7d_7d-13C_.zip"
,"7d_7d-1H_.zip"
,"1d_1d-13C.jdf"
,"1d_1d-1H_pdata_1_thumb.png"
,"1e_1e-13C_pdata_1_thumb.png"
,"1e_1e-1H_pdata_1_thumb.png"
,"1g_1g-13C.jdf"
,"1g_1g-1H_pdata_1_thumb.png"
,"1h_1h-13C.jdf"
,"1h_1h-1H_pdata_1_thumb.png"
,"2a_2a-13C_4_pdata_1_thumb.png"
,"2a_2a-1H_4_pdata_1_thumb.png"
,"2b_2b-13C_pdata_1_thumb.png"
,"2b_2b-1H_pdata_1_thumb.png"
,"2c_2c-13C_1_pdata_1_thumb.png"
,"2c_2c-1H_4_pdata_1_thumb.png"
,"2d_2d-13C_1_pdata_1_thumb.png"
,"2d_2d-1H_6_pdata_1_thumb.png"
,"2e_2e-13C_2_pdata_1_thumb.png"
,"2e_2e-1H_13_pdata_1_thumb.png"
,"2f_2f-13C_1_pdata_1_thumb.png"
,"2f_2f-1H_3_pdata_1_thumb.png"
,"2g_2g-13C_1_pdata_1_thumb.png"
,"2g_2g-1H_1_pdata_1_thumb.png"
,"2h_2H-13C_pdata_1_thumb.png"
,"2h_2h-1H_pdata_1_thumb.png"
,"2i_2i-13C_5_pdata_1_thumb.png"
,"2i_2i-1H_7_pdata_1_thumb.png"
,"2j_2j-13C_pdata_1_thumb.png"
,"2j_2j-1H_pdata_1_thumb.png"
,"2k_2k-13C_pdata_1_thumb.png"
,"2k_2k-1H_pdata_1_thumb.png"
,"2l_2l-13C_1_pdata_1_thumb.png"
,"2l_2l-1H_2_pdata_1_thumb.png"
,"2m_2m-13C_pdata_1_thumb.png"
,"2m_2m-1H_pdata_1_thumb.png"
,"2n_2n-13C_pdata_1_thumb.png"
,"2n_2n-1H_pdata_1_thumb.png"
,"2o_2o-13c_7_pdata_1_thumb.png"
,"2o_2o-1H_8_pdata_1_thumb.png"
,"2p_2p-13C_3_pdata_1_thumb.png"
,"2p_2p-1H_9_pdata_1_thumb.png"
,"4f_4f-13C_pdata_1_thumb.png"
,"4f_4f-1H_pdata_1_thumb.png"
,"5a_5a-13C_pdata_1_thumb.png"
,"5a_5a-1H_pdata_1_thumb.png"
,"5b_5b-13C_pdata_1_thumb.png"
,"5b_5b-1H_pdata_1_thumb.png"
,"5c_5c-13C_pdata_1_thumb.png"
,"5c_5c-1H_pdata_1_thumb.png"
,"5d_5d-13C_pdata_1_thumb.png"
,"5d_5d-1H_pdata_1_thumb.png"
,"5e_5e-13C_4_pdata_1_thumb.png"
,"5e_5e-1H_3_pdata_1_thumb.png"
,"5f_5f-13C_pdata_1_thumb.png"
,"5f_5f-1H_pdata_1_thumb.png"
,"5g_5g-13C_3_pdata_1_thumb.png"
,"5g_5g-1H_12_pdata_1_thumb.png"
,"5h_5h-13C_pdata_1_thumb.png"
,"5h_5h-1H_pdata_1_thumb.png"
,"5i_5i-13C_3_pdata_1_thumb.png"
,"5i_5i-1H_3_pdata_1_thumb.png"
,"5j_5J-13C.jdf"
,"5j_5j-1H_2_pdata_1_thumb.png"
,"5k_5k-13C_1_pdata_1_thumb.png"
,"5k_5k-1H_6_pdata_1_thumb.png"
,"7d_7d-13C_pdata_1_thumb.png"
,"7d_7d-1H_pdata_1_thumb.png"
]}
