<?xml version="1.0" encoding="UTF-8"?>
<PeakList>
  <PeakList1D>
    <PeakList1DHeader creator="nmrsu" date="2023-07-20T13:40:06.301-05:00" expNo="1257710" name="Jul20-2023" owner="" procNo="1" source="G:/data/chem-synthesis-summer-a-team3/nmr">
      <PeakPickDetails>F1=16.187771ppm, F2=-3.837772ppm, MI=0.00cm, MAXI=10000.00cm, PC=1.000
      </PeakPickDetails>
    </PeakList1DHeader>
    <Peak1D F1="15.070136" intensity="1.171395e-003" type="0"/>
    <Peak1D F1="14.533298" intensity="1.207421e-003" type="0"/>
    <Peak1D F1="12.440258" intensity="1.203132e-003" type="0"/>
    <Peak1D F1="9.704703" intensity="1.229709e-003" type="0"/>
    <Peak1D F1="7.542113" intensity="3.359950e-003" type="0"/>
    <Peak1D F1="7.283155" intensity="6.050003e-001" type="0"/>
    <Peak1D F1="7.252933" intensity="4.101540e-003" type="0"/>
    <Peak1D F1="7.206184" intensity="1.923174e-003" type="0"/>
    <Peak1D F1="7.165232" intensity="1.464763e-003" type="0"/>
    <Peak1D F1="7.126326" intensity="1.318178e-003" type="0"/>
    <Peak1D F1="7.107109" intensity="1.189840e-003" type="0"/>
    <Peak1D F1="7.088245" intensity="1.226953e-003" type="0"/>
    <Peak1D F1="7.018504" intensity="3.863444e-003" type="0"/>
    <Peak1D F1="7.006272" intensity="1.432839e-003" type="0"/>
    <Peak1D F1="6.482656" intensity="3.380031e-003" type="0"/>
    <Peak1D F1="6.227756" intensity="1.164899e-003" type="0"/>
    <Peak1D F1="4.482960" intensity="2.882687e-003" type="0"/>
    <Peak1D F1="4.465974" intensity="2.000136e-003" type="0"/>
    <Peak1D F1="4.391755" intensity="3.134386e-003" type="0"/>
    <Peak1D F1="4.378664" intensity="2.393402e-003" type="0"/>
    <Peak1D F1="4.348102" intensity="2.075640e-003" type="0"/>
    <Peak1D F1="4.315511" intensity="3.960973e-003" type="0"/>
    <Peak1D F1="4.281704" intensity="8.895518e-003" type="0"/>
    <Peak1D F1="4.232526" intensity="6.069136e-003" type="0"/>
    <Peak1D F1="4.221959" intensity="5.656618e-003" type="0"/>
    <Peak1D F1="4.205807" intensity="4.239888e-003" type="0"/>
    <Peak1D F1="4.190844" intensity="3.696278e-003" type="0"/>
    <Peak1D F1="4.163656" intensity="4.901094e-003" type="0"/>
    <Peak1D F1="4.146437" intensity="1.028078e-002" type="0"/>
    <Peak1D F1="4.128234" intensity="9.335125e-003" type="0"/>
    <Peak1D F1="4.111331" intensity="3.939744e-003" type="0"/>
    <Peak1D F1="3.909590" intensity="1.438407e-003" type="0"/>
    <Peak1D F1="3.869874" intensity="1.906872e-003" type="0"/>
    <Peak1D F1="3.836290" intensity="3.399850e-003" type="0"/>
    <Peak1D F1="3.814337" intensity="6.875528e-003" type="0"/>
    <Peak1D F1="3.801905" intensity="9.913425e-003" type="0"/>
    <Peak1D F1="3.779321" intensity="1.462099e-002" type="0"/>
    <Peak1D F1="3.745597" intensity="5.180284e-002" type="0"/>
    <Peak1D F1="3.726041" intensity="5.150859e-002" type="0"/>
    <Peak1D F1="3.712974" intensity="5.831468e-002" type="0"/>
    <Peak1D F1="3.690499" intensity="6.931911e-002" type="0"/>
    <Peak1D F1="3.663847" intensity="5.401775e-002" type="0"/>
    <Peak1D F1="3.652156" intensity="4.271197e-002" type="0"/>
    <Peak1D F1="3.605938" intensity="8.048703e-003" type="0"/>
    <Peak1D F1="3.566515" intensity="4.141440e-003" type="0"/>
    <Peak1D F1="3.541707" intensity="8.935084e-003" type="0"/>
    <Peak1D F1="3.523780" intensity="1.501774e-002" type="0"/>
    <Peak1D F1="3.504959" intensity="1.273094e-002" type="0"/>
    <Peak1D F1="3.498412" intensity="1.184133e-002" type="0"/>
    <Peak1D F1="3.382059" intensity="1.682737e-001" type="0"/>
    <Peak1D F1="3.359934" intensity="2.005328e+000" type="0"/>
    <Peak1D F1="3.352648" intensity="2.061989e+000" type="0"/>
    <Peak1D F1="3.346551" intensity="2.071950e+000" type="0"/>
    <Peak1D F1="3.323611" intensity="1.481170e-001" type="0"/>
    <Peak1D F1="3.202601" intensity="1.349916e-002" type="0"/>
    <Peak1D F1="3.185214" intensity="1.461116e-002" type="0"/>
    <Peak1D F1="3.178189" intensity="1.608646e-002" type="0"/>
    <Peak1D F1="3.160382" intensity="1.093718e-002" type="0"/>
    <Peak1D F1="3.153875" intensity="9.777322e-003" type="0"/>
    <Peak1D F1="3.137190" intensity="6.606008e-003" type="0"/>
    <Peak1D F1="3.130168" intensity="6.988500e-003" type="0"/>
    <Peak1D F1="3.116709" intensity="6.659819e-003" type="0"/>
    <Peak1D F1="3.086184" intensity="1.613698e-002" type="0"/>
    <Peak1D F1="3.073408" intensity="2.759876e-002" type="0"/>
    <Peak1D F1="3.059348" intensity="1.483985e-002" type="0"/>
    <Peak1D F1="3.027100" intensity="5.871058e-003" type="0"/>
    <Peak1D F1="2.983538" intensity="7.000542e-003" type="0"/>
    <Peak1D F1="2.965423" intensity="7.401261e-003" type="0"/>
    <Peak1D F1="2.953384" intensity="7.126198e-003" type="0"/>
    <Peak1D F1="2.939421" intensity="7.009742e-003" type="0"/>
    <Peak1D F1="2.886917" intensity="4.434171e-003" type="0"/>
    <Peak1D F1="2.874994" intensity="4.385293e-003" type="0"/>
    <Peak1D F1="2.831876" intensity="5.019961e-003" type="0"/>
    <Peak1D F1="2.793746" intensity="5.143589e-003" type="0"/>
    <Peak1D F1="2.750985" intensity="6.233402e-003" type="0"/>
    <Peak1D F1="2.735193" intensity="6.763228e-003" type="0"/>
    <Peak1D F1="2.676941" intensity="1.797413e-002" type="0"/>
    <Peak1D F1="2.638741" intensity="2.586529e-002" type="0"/>
    <Peak1D F1="2.511593" intensity="1.859627e+000" type="0"/>
    <Peak1D F1="2.473773" intensity="2.717438e+000" type="0"/>
    <Peak1D F1="2.315735" intensity="1.239784e+000" type="0"/>
    <Peak1D F1="2.280328" intensity="8.613630e-001" type="0"/>
    <Peak1D F1="2.156296" intensity="2.798651e-002" type="0"/>
    <Peak1D F1="2.116617" intensity="2.318379e-002" type="0"/>
    <Peak1D F1="2.059811" intensity="5.297647e-002" type="0"/>
    <Peak1D F1="2.023355" intensity="1.579302e-002" type="0"/>
    <Peak1D F1="2.016964" intensity="1.543597e-002" type="0"/>
    <Peak1D F1="1.956760" intensity="1.610839e-002" type="0"/>
    <Peak1D F1="1.892176" intensity="8.595592e-002" type="0"/>
    <Peak1D F1="1.736496" intensity="1.500000e+001" type="0"/>
    <Peak1D F1="1.683450" intensity="3.082675e-002" type="0"/>
    <Peak1D F1="1.647280" intensity="2.395808e-001" type="0"/>
    <Peak1D F1="1.576727" intensity="7.384131e-002" type="0"/>
    <Peak1D F1="1.544206" intensity="9.329104e-003" type="0"/>
    <Peak1D F1="1.532504" intensity="8.364961e-003" type="0"/>
    <Peak1D F1="1.526041" intensity="8.764631e-003" type="0"/>
    <Peak1D F1="1.512512" intensity="7.602436e-003" type="0"/>
    <Peak1D F1="1.471312" intensity="5.610563e-003" type="0"/>
    <Peak1D F1="1.444456" intensity="6.214036e-003" type="0"/>
    <Peak1D F1="1.428804" intensity="5.631689e-003" type="0"/>
    <Peak1D F1="1.411369" intensity="5.467972e-003" type="0"/>
    <Peak1D F1="1.403890" intensity="5.435733e-003" type="0"/>
    <Peak1D F1="1.385969" intensity="6.192020e-003" type="0"/>
    <Peak1D F1="1.356199" intensity="1.653289e-002" type="0"/>
    <Peak1D F1="1.319968" intensity="2.355401e-002" type="0"/>
    <Peak1D F1="1.283159" intensity="6.813437e-002" type="0"/>
    <Peak1D F1="1.258771" intensity="1.994607e-002" type="0"/>
    <Peak1D F1="1.224686" intensity="5.193824e-003" type="0"/>
    <Peak1D F1="1.191536" intensity="4.753872e-003" type="0"/>
    <Peak1D F1="1.173754" intensity="6.651475e-003" type="0"/>
    <Peak1D F1="1.156670" intensity="7.211062e-003" type="0"/>
    <Peak1D F1="1.142985" intensity="6.281523e-003" type="0"/>
    <Peak1D F1="1.123804" intensity="6.157846e-003" type="0"/>
    <Peak1D F1="1.105985" intensity="5.102668e-003" type="0"/>
    <Peak1D F1="1.093014" intensity="5.250200e-003" type="0"/>
    <Peak1D F1="1.064618" intensity="5.015731e-003" type="0"/>
    <Peak1D F1="1.046643" intensity="4.577546e-003" type="0"/>
    <Peak1D F1="1.037329" intensity="3.682403e-003" type="0"/>
    <Peak1D F1="0.991209" intensity="1.710984e-002" type="0"/>
    <Peak1D F1="0.974551" intensity="1.616095e-002" type="0"/>
    <Peak1D F1="0.916657" intensity="3.828005e-002" type="0"/>
    <Peak1D F1="0.900312" intensity="8.255096e-002" type="0"/>
    <Peak1D F1="0.891673" intensity="4.325108e-002" type="0"/>
    <Peak1D F1="0.883170" intensity="4.212991e-002" type="0"/>
    <Peak1D F1="0.873005" intensity="4.922721e-002" type="0"/>
    <Peak1D F1="0.853343" intensity="2.269716e-002" type="0"/>
    <Peak1D F1="0.818406" intensity="2.335768e-003" type="0"/>
    <Peak1D F1="0.759050" intensity="2.058506e-003" type="0"/>
    <Peak1D F1="0.697280" intensity="1.730149e-003" type="0"/>
    <Peak1D F1="0.686136" intensity="1.611298e-003" type="0"/>
    <Peak1D F1="0.678198" intensity="1.589818e-003" type="0"/>
    <Peak1D F1="0.665149" intensity="1.558553e-003" type="0"/>
    <Peak1D F1="0.649973" intensity="1.600499e-003" type="0"/>
    <Peak1D F1="0.594070" intensity="1.481235e-003" type="0"/>
    <Peak1D F1="0.566188" intensity="1.495289e-003" type="0"/>
    <Peak1D F1="0.547893" intensity="1.520088e-003" type="0"/>
    <Peak1D F1="0.504870" intensity="1.309706e-003" type="0"/>
    <Peak1D F1="0.458916" intensity="1.293427e-003" type="0"/>
    <Peak1D F1="0.420660" intensity="1.185939e-003" type="0"/>
    <Peak1D F1="0.399719" intensity="1.296046e-003" type="0"/>
    <Peak1D F1="0.378182" intensity="1.484530e-003" type="0"/>
    <Peak1D F1="0.354739" intensity="1.154315e-003" type="0"/>
    <Peak1D F1="0.333763" intensity="1.225873e-003" type="0"/>
    <Peak1D F1="0.260556" intensity="1.189683e-003" type="0"/>
    <Peak1D F1="0.245525" intensity="1.750862e-003" type="0"/>
    <Peak1D F1="0.205551" intensity="1.566135e-003" type="0"/>
    <Peak1D F1="0.096679" intensity="1.453975e-003" type="0"/>
    <Peak1D F1="-0.091670" intensity="1.309848e-003" type="0"/>
    <Peak1D F1="-2.013242" intensity="1.200594e-003" type="0"/>
    <Peak1D F1="-3.055701" intensity="1.195931e-003" type="0"/>
    <Peak1D F1="-3.387786" intensity="1.326113e-003" type="0"/>
  </PeakList1D>
</PeakList>
