<?xml version="1.0" encoding="UTF-8"?>
<PeakList>
  <PeakList1D>
    <PeakList1DHeader creator="nmr600" date="2019-09-14T15:51:11.665+02:00" expNo="211" name="6Sep1319" owner="" procNo="1" source="/opt/topspin3.0/data/nmr600/nmr">
      <PeakPickDetails>F1=219.446198ppm, F2=-19.452496ppm, MI=0.00cm, MAXI=10000.00cm, PC=1.400
      </PeakPickDetails>
    </PeakList1DHeader>
    <Peak1D F1="170.001404" intensity="-1.017700e+00" type="0"/>
    <Peak1D F1="169.072205" intensity="-4.243922e-02" type="0"/>
    <Peak1D F1="164.311325" intensity="-5.135014e-02" type="0"/>
    <Peak1D F1="162.216553" intensity="-4.402766e-02" type="0"/>
    <Peak1D F1="159.696838" intensity="-6.970900e-02" type="0"/>
    <Peak1D F1="156.022568" intensity="-1.538197e+00" type="0"/>
    <Peak1D F1="151.546173" intensity="-7.418400e-02" type="0"/>
    <Peak1D F1="140.328140" intensity="-4.042434e-02" type="0"/>
    <Peak1D F1="139.028442" intensity="-9.504035e-02" type="0"/>
    <Peak1D F1="136.449417" intensity="-8.900200e-02" type="0"/>
    <Peak1D F1="136.396210" intensity="4.131935e-02" type="0"/>
    <Peak1D F1="135.369736" intensity="-6.804812e-02" type="0"/>
    <Peak1D F1="135.086746" intensity="-5.746996e-02" type="0"/>
    <Peak1D F1="134.880844" intensity="-1.004140e-01" type="0"/>
    <Peak1D F1="134.617599" intensity="-9.844020e-02" type="0"/>
    <Peak1D F1="134.151627" intensity="1.696076e-01" type="0"/>
    <Peak1D F1="133.301132" intensity="-1.761905e+00" type="0"/>
    <Peak1D F1="132.312866" intensity="4.684984e-02" type="0"/>
    <Peak1D F1="131.797028" intensity="2.121836e-01" type="0"/>
    <Peak1D F1="131.580109" intensity="1.263827e-01" type="0"/>
    <Peak1D F1="130.943420" intensity="2.022568e-01" type="0"/>
    <Peak1D F1="130.772522" intensity="1.304694e-01" type="0"/>
    <Peak1D F1="130.694183" intensity="7.693291e-02" type="0"/>
    <Peak1D F1="130.135330" intensity="8.813250e-02" type="0"/>
    <Peak1D F1="129.774887" intensity="6.968458e+00" type="0"/>
    <Peak1D F1="129.650665" intensity="1.059487e-01" type="0"/>
    <Peak1D F1="129.460266" intensity="1.394628e+01" type="0"/>
    <Peak1D F1="129.327469" intensity="4.186621e-01" type="0"/>
    <Peak1D F1="129.212387" intensity="2.815795e-01" type="0"/>
    <Peak1D F1="129.057648" intensity="2.274778e-01" type="0"/>
    <Peak1D F1="129.009048" intensity="2.470291e-01" type="0"/>
    <Peak1D F1="128.972122" intensity="2.362523e-01" type="0"/>
    <Peak1D F1="128.815247" intensity="2.021589e-01" type="0"/>
    <Peak1D F1="128.704559" intensity="4.550313e-01" type="0"/>
    <Peak1D F1="128.582764" intensity="2.132833e-01" type="0"/>
    <Peak1D F1="128.425064" intensity="1.281623e-01" type="0"/>
    <Peak1D F1="128.359314" intensity="1.636740e-01" type="0"/>
    <Peak1D F1="128.328888" intensity="1.150296e-01" type="0"/>
    <Peak1D F1="128.290268" intensity="1.484228e-01" type="0"/>
    <Peak1D F1="128.169647" intensity="1.440954e-01" type="0"/>
    <Peak1D F1="127.933746" intensity="2.219334e-01" type="0"/>
    <Peak1D F1="127.816948" intensity="1.133782e-01" type="0"/>
    <Peak1D F1="127.782791" intensity="2.198136e-01" type="0"/>
    <Peak1D F1="127.734901" intensity="1.255259e-01" type="0"/>
    <Peak1D F1="127.479866" intensity="1.034658e-01" type="0"/>
    <Peak1D F1="127.302689" intensity="1.500000e+01" type="0"/>
    <Peak1D F1="127.145309" intensity="8.439516e-02" type="0"/>
    <Peak1D F1="127.074760" intensity="1.185337e-01" type="0"/>
    <Peak1D F1="126.836990" intensity="1.936995e-01" type="0"/>
    <Peak1D F1="126.685486" intensity="1.285850e-01" type="0"/>
    <Peak1D F1="126.024269" intensity="6.808501e-02" type="0"/>
    <Peak1D F1="125.757584" intensity="1.031009e-01" type="0"/>
    <Peak1D F1="125.318939" intensity="2.021196e-01" type="0"/>
    <Peak1D F1="125.059685" intensity="2.521642e-01" type="0"/>
    <Peak1D F1="124.226227" intensity="1.139163e-01" type="0"/>
    <Peak1D F1="122.792244" intensity="-9.566392e-02" type="0"/>
    <Peak1D F1="121.988724" intensity="1.300641e-01" type="0"/>
    <Peak1D F1="121.788605" intensity="-7.715167e-02" type="0"/>
    <Peak1D F1="121.103508" intensity="1.939392e-01" type="0"/>
    <Peak1D F1="120.068237" intensity="2.082444e-01" type="0"/>
    <Peak1D F1="119.665932" intensity="-6.514376e-02" type="0"/>
    <Peak1D F1="116.721840" intensity="-6.728554e-02" type="0"/>
    <Peak1D F1="116.563171" intensity="-7.280880e-02" type="0"/>
    <Peak1D F1="89.489143" intensity="4.141764e-02" type="0"/>
    <Peak1D F1="81.589897" intensity="5.706657e-02" type="0"/>
    <Peak1D F1="77.269882" intensity="-5.489193e+00" type="0"/>
    <Peak1D F1="77.174980" intensity="8.652666e+00" type="0"/>
    <Peak1D F1="77.057899" intensity="-5.849513e+00" type="0"/>
    <Peak1D F1="76.846077" intensity="-5.926730e+00" type="0"/>
    <Peak1D F1="72.052361" intensity="5.640558e-02" type="0"/>
    <Peak1D F1="69.154427" intensity="1.246909e-01" type="0"/>
    <Peak1D F1="57.836636" intensity="-7.755201e-02" type="0"/>
    <Peak1D F1="55.498074" intensity="-5.175881e-01" type="0"/>
    <Peak1D F1="54.584713" intensity="8.045801e-02" type="0"/>
    <Peak1D F1="53.449825" intensity="-6.456226e-02" type="0"/>
    <Peak1D F1="53.185101" intensity="-6.560184e-02" type="0"/>
    <Peak1D F1="52.860283" intensity="-6.336452e-02" type="0"/>
    <Peak1D F1="52.140221" intensity="-2.124106e-01" type="0"/>
    <Peak1D F1="51.928211" intensity="-5.493647e-02" type="0"/>
    <Peak1D F1="51.122742" intensity="-2.539397e-01" type="0"/>
    <Peak1D F1="50.950287" intensity="-1.117621e-01" type="0"/>
    <Peak1D F1="50.889656" intensity="-8.476077e-02" type="0"/>
    <Peak1D F1="50.368576" intensity="-7.861027e-02" type="0"/>
    <Peak1D F1="50.280716" intensity="-1.358761e-01" type="0"/>
    <Peak1D F1="50.144047" intensity="-1.807997e-01" type="0"/>
    <Peak1D F1="49.807682" intensity="-1.892515e-01" type="0"/>
    <Peak1D F1="49.172375" intensity="-1.078781e-01" type="0"/>
    <Peak1D F1="49.064068" intensity="-4.443619e-02" type="0"/>
    <Peak1D F1="48.900043" intensity="-9.530466e+00" type="0"/>
    <Peak1D F1="48.717209" intensity="-6.256974e-02" type="0"/>
    <Peak1D F1="48.565262" intensity="-5.208254e-02" type="0"/>
    <Peak1D F1="46.911503" intensity="-4.254441e-02" type="0"/>
    <Peak1D F1="46.884007" intensity="-1.758986e-01" type="0"/>
    <Peak1D F1="46.800148" intensity="-1.307897e+01" type="0"/>
    <Peak1D F1="46.674229" intensity="-3.704341e-01" type="0"/>
    <Peak1D F1="46.565968" intensity="-2.384500e-01" type="0"/>
    <Peak1D F1="46.531124" intensity="-2.504038e-01" type="0"/>
    <Peak1D F1="46.186001" intensity="-9.923626e-02" type="0"/>
    <Peak1D F1="46.091892" intensity="-2.979692e-01" type="0"/>
    <Peak1D F1="45.930958" intensity="-1.907465e-01" type="0"/>
    <Peak1D F1="45.819561" intensity="-3.052931e-01" type="0"/>
    <Peak1D F1="45.568722" intensity="-1.889244e-01" type="0"/>
    <Peak1D F1="45.520576" intensity="-2.120872e-01" type="0"/>
    <Peak1D F1="45.449463" intensity="-7.956596e-02" type="0"/>
    <Peak1D F1="45.312481" intensity="-1.568478e-01" type="0"/>
    <Peak1D F1="45.267284" intensity="-2.097374e-01" type="0"/>
    <Peak1D F1="44.439259" intensity="-8.485655e-02" type="0"/>
    <Peak1D F1="42.298069" intensity="-1.749485e-01" type="0"/>
    <Peak1D F1="36.887215" intensity="-4.097852e-02" type="0"/>
    <Peak1D F1="35.662334" intensity="6.282339e-02" type="0"/>
    <Peak1D F1="35.205360" intensity="4.294521e-02" type="0"/>
    <Peak1D F1="33.610741" intensity="-4.542505e-02" type="0"/>
    <Peak1D F1="32.042431" intensity="-4.961641e-02" type="0"/>
    <Peak1D F1="30.937435" intensity="8.329053e-02" type="0"/>
    <Peak1D F1="30.323442" intensity="9.339065e-02" type="0"/>
    <Peak1D F1="29.924923" intensity="7.749983e-02" type="0"/>
    <Peak1D F1="29.696665" intensity="-9.731118e-02" type="0"/>
    <Peak1D F1="29.488226" intensity="4.935010e-02" type="0"/>
    <Peak1D F1="28.080114" intensity="2.361714e-01" type="0"/>
    <Peak1D F1="28.007307" intensity="1.163599e-01" type="0"/>
    <Peak1D F1="27.970314" intensity="1.762450e-01" type="0"/>
    <Peak1D F1="27.010530" intensity="3.643058e-01" type="0"/>
    <Peak1D F1="26.887316" intensity="6.438374e-02" type="0"/>
    <Peak1D F1="26.752682" intensity="4.740696e-02" type="0"/>
    <Peak1D F1="26.157330" intensity="-1.809487e-01" type="0"/>
    <Peak1D F1="26.123625" intensity="-3.809636e-01" type="0"/>
    <Peak1D F1="25.946243" intensity="-1.043095e-01" type="0"/>
    <Peak1D F1="25.879063" intensity="-1.523386e-01" type="0"/>
    <Peak1D F1="25.746677" intensity="-2.031260e-01" type="0"/>
    <Peak1D F1="25.546812" intensity="-2.158200e-01" type="0"/>
    <Peak1D F1="25.377733" intensity="-4.355967e-01" type="0"/>
    <Peak1D F1="25.305111" intensity="-8.203017e-01" type="0"/>
    <Peak1D F1="24.987230" intensity="-1.546501e-01" type="0"/>
    <Peak1D F1="24.947573" intensity="-6.058015e-01" type="0"/>
    <Peak1D F1="24.791964" intensity="-9.735822e-02" type="0"/>
    <Peak1D F1="24.449591" intensity="-5.150295e-02" type="0"/>
    <Peak1D F1="24.389372" intensity="-2.826684e-01" type="0"/>
    <Peak1D F1="24.355268" intensity="-2.219736e-01" type="0"/>
    <Peak1D F1="24.336756" intensity="-2.937927e-01" type="0"/>
    <Peak1D F1="24.084177" intensity="-2.960011e-01" type="0"/>
    <Peak1D F1="24.026522" intensity="-2.194888e-01" type="0"/>
    <Peak1D F1="23.978107" intensity="-1.110034e-01" type="0"/>
    <Peak1D F1="23.929962" intensity="-7.688436e-02" type="0"/>
    <Peak1D F1="23.811689" intensity="-8.548156e-02" type="0"/>
    <Peak1D F1="23.200190" intensity="-4.923313e-02" type="0"/>
    <Peak1D F1="22.496704" intensity="9.303449e-02" type="0"/>
    <Peak1D F1="17.974276" intensity="4.233373e-02" type="0"/>
    <Peak1D F1="17.194252" intensity="-4.668360e-02" type="0"/>
  </PeakList1D>
</PeakList>
