<?xml version="1.0" encoding="UTF-8"?>
<PeakList>
  <PeakList1D>
    <PeakList1DHeader creator="nmrsu" date="2019-07-10T17:57:18.376-03:00" expNo="1" name="2A127_CMK_ms330-2" owner="" procNo="1" source="C:/NMRData/data/marcio_camila/nmr">
      <PeakPickDetails>F1=15.914190ppm, F2=-1.124873ppm, MI=0.00cm, MAXI=10000.00cm, PC=1.000
      </PeakPickDetails>
    </PeakList1DHeader>
    <Peak1D F1="14.519678" intensity="1.031791e-002" type="0"/>
    <Peak1D F1="14.353566" intensity="1.017075e-002" type="0"/>
    <Peak1D F1="12.963127" intensity="1.063848e-002" type="0"/>
    <Peak1D F1="11.182929" intensity="1.091724e-002" type="0"/>
    <Peak1D F1="10.181940" intensity="1.019333e-002" type="0"/>
    <Peak1D F1="8.969590" intensity="1.105798e-002" type="0"/>
    <Peak1D F1="8.650535" intensity="1.204068e-002" type="0"/>
    <Peak1D F1="8.233055" intensity="1.088123e-002" type="0"/>
    <Peak1D F1="8.216601" intensity="1.756849e-002" type="0"/>
    <Peak1D F1="8.211129" intensity="1.671237e-002" type="0"/>
    <Peak1D F1="8.198174" intensity="1.627761e-002" type="0"/>
    <Peak1D F1="8.188086" intensity="1.729135e-002" type="0"/>
    <Peak1D F1="8.162529" intensity="2.777314e-002" type="0"/>
    <Peak1D F1="8.146132" intensity="4.130022e-002" type="0"/>
    <Peak1D F1="8.093197" intensity="1.017862e+000" type="0"/>
    <Peak1D F1="8.030758" intensity="3.853301e-002" type="0"/>
    <Peak1D F1="8.016667" intensity="2.468210e-002" type="0"/>
    <Peak1D F1="8.006045" intensity="2.051271e-002" type="0"/>
    <Peak1D F1="7.993276" intensity="1.788801e-002" type="0"/>
    <Peak1D F1="7.990723" intensity="1.628176e-002" type="0"/>
    <Peak1D F1="7.982906" intensity="2.317514e-002" type="0"/>
    <Peak1D F1="7.967282" intensity="2.911951e-002" type="0"/>
    <Peak1D F1="7.961065" intensity="2.130302e-002" type="0"/>
    <Peak1D F1="7.946754" intensity="2.043469e-002" type="0"/>
    <Peak1D F1="7.929632" intensity="1.081035e-002" type="0"/>
    <Peak1D F1="7.910369" intensity="1.108474e-002" type="0"/>
    <Peak1D F1="7.681323" intensity="1.042564e-002" type="0"/>
    <Peak1D F1="7.666758" intensity="1.235006e-002" type="0"/>
    <Peak1D F1="7.656848" intensity="1.168056e-002" type="0"/>
    <Peak1D F1="7.644909" intensity="1.925448e-002" type="0"/>
    <Peak1D F1="7.622868" intensity="1.360921e-002" type="0"/>
    <Peak1D F1="7.553155" intensity="1.102995e-002" type="0"/>
    <Peak1D F1="7.530511" intensity="1.037286e-002" type="0"/>
    <Peak1D F1="7.526353" intensity="1.254874e-002" type="0"/>
    <Peak1D F1="7.524026" intensity="1.140608e-002" type="0"/>
    <Peak1D F1="7.499573" intensity="1.586250e-002" type="0"/>
    <Peak1D F1="7.479980" intensity="1.145839e+000" type="0"/>
    <Peak1D F1="7.466766" intensity="1.170637e+000" type="0"/>
    <Peak1D F1="7.458158" intensity="1.245131e+000" type="0"/>
    <Peak1D F1="7.445182" intensity="1.226233e+000" type="0"/>
    <Peak1D F1="7.412282" intensity="2.205320e-002" type="0"/>
    <Peak1D F1="7.396850" intensity="1.525036e-002" type="0"/>
    <Peak1D F1="7.383017" intensity="1.370809e-002" type="0"/>
    <Peak1D F1="7.368061" intensity="2.087936e-002" type="0"/>
    <Peak1D F1="7.362478" intensity="2.471199e-002" type="0"/>
    <Peak1D F1="7.342044" intensity="3.125750e-002" type="0"/>
    <Peak1D F1="7.335003" intensity="1.830067e-002" type="0"/>
    <Peak1D F1="7.332652" intensity="1.741362e-002" type="0"/>
    <Peak1D F1="7.323709" intensity="2.581787e-002" type="0"/>
    <Peak1D F1="7.304049" intensity="1.283652e-002" type="0"/>
    <Peak1D F1="7.291272" intensity="1.602859e-002" type="0"/>
    <Peak1D F1="7.271007" intensity="3.143793e-002" type="0"/>
    <Peak1D F1="7.256206" intensity="5.035955e-002" type="0"/>
    <Peak1D F1="7.239367" intensity="6.674859e-002" type="0"/>
    <Peak1D F1="7.225838" intensity="3.622878e-002" type="0"/>
    <Peak1D F1="7.205506" intensity="7.831731e-002" type="0"/>
    <Peak1D F1="7.180267" intensity="1.493329e+000" type="0"/>
    <Peak1D F1="7.165471" intensity="1.225896e+000" type="0"/>
    <Peak1D F1="7.145703" intensity="3.590133e+000" type="0"/>
    <Peak1D F1="7.127691" intensity="2.888505e+000" type="0"/>
    <Peak1D F1="7.084818" intensity="1.514270e+000" type="0"/>
    <Peak1D F1="7.067518" intensity="1.729317e+000" type="0"/>
    <Peak1D F1="7.048450" intensity="5.985648e-001" type="0"/>
    <Peak1D F1="7.031052" intensity="4.178953e+000" type="0"/>
    <Peak1D F1="7.011198" intensity="3.087656e+000" type="0"/>
    <Peak1D F1="6.989206" intensity="4.251844e-002" type="0"/>
    <Peak1D F1="6.979575" intensity="2.555694e-002" type="0"/>
    <Peak1D F1="6.959591" intensity="4.217613e-002" type="0"/>
    <Peak1D F1="6.953794" intensity="4.802867e-002" type="0"/>
    <Peak1D F1="6.950709" intensity="5.135851e-002" type="0"/>
    <Peak1D F1="6.934087" intensity="5.096713e-002" type="0"/>
    <Peak1D F1="6.905998" intensity="1.514968e+000" type="0"/>
    <Peak1D F1="6.879466" intensity="1.846462e+000" type="0"/>
    <Peak1D F1="6.852424" intensity="1.508581e+000" type="0"/>
    <Peak1D F1="6.828465" intensity="7.422810e-001" type="0"/>
    <Peak1D F1="6.809874" intensity="3.339148e-002" type="0"/>
    <Peak1D F1="6.793972" intensity="1.550117e-002" type="0"/>
    <Peak1D F1="6.787869" intensity="1.245388e-002" type="0"/>
    <Peak1D F1="6.778973" intensity="1.281545e-002" type="0"/>
    <Peak1D F1="6.766655" intensity="1.227970e-002" type="0"/>
    <Peak1D F1="6.762970" intensity="1.113944e-002" type="0"/>
    <Peak1D F1="6.731314" intensity="1.086533e-002" type="0"/>
    <Peak1D F1="6.704749" intensity="1.626259e-002" type="0"/>
    <Peak1D F1="6.666780" intensity="3.983993e-002" type="0"/>
    <Peak1D F1="6.647238" intensity="3.627736e-002" type="0"/>
    <Peak1D F1="6.635904" intensity="1.285779e-002" type="0"/>
    <Peak1D F1="6.537086" intensity="1.153256e-002" type="0"/>
    <Peak1D F1="6.497734" intensity="1.037469e-002" type="0"/>
    <Peak1D F1="6.364438" intensity="1.002598e-002" type="0"/>
    <Peak1D F1="5.487306" intensity="4.695379e-002" type="0"/>
    <Peak1D F1="5.218379" intensity="1.603044e-001" type="0"/>
    <Peak1D F1="4.011492" intensity="1.010639e-002" type="0"/>
    <Peak1D F1="3.982144" intensity="5.596933e-002" type="0"/>
    <Peak1D F1="3.961733" intensity="1.291183e-002" type="0"/>
    <Peak1D F1="3.960292" intensity="1.253013e-002" type="0"/>
    <Peak1D F1="3.953785" intensity="1.967716e-002" type="0"/>
    <Peak1D F1="3.944880" intensity="1.207105e-002" type="0"/>
    <Peak1D F1="3.896317" intensity="1.396823e-002" type="0"/>
    <Peak1D F1="3.874156" intensity="1.111343e-002" type="0"/>
    <Peak1D F1="3.866375" intensity="1.241374e-002" type="0"/>
    <Peak1D F1="3.862272" intensity="1.652721e-002" type="0"/>
    <Peak1D F1="3.822218" intensity="9.433412e+000" type="0"/>
    <Peak1D F1="3.801124" intensity="2.664695e-002" type="0"/>
    <Peak1D F1="3.768860" intensity="1.346924e-002" type="0"/>
    <Peak1D F1="3.737696" intensity="1.121935e-002" type="0"/>
    <Peak1D F1="3.726211" intensity="8.352410e-002" type="0"/>
    <Peak1D F1="3.659395" intensity="5.357249e-002" type="0"/>
    <Peak1D F1="3.651705" intensity="1.503405e-002" type="0"/>
    <Peak1D F1="3.637825" intensity="1.207816e-002" type="0"/>
    <Peak1D F1="3.632415" intensity="2.867775e-002" type="0"/>
    <Peak1D F1="3.620486" intensity="1.914016e-002" type="0"/>
    <Peak1D F1="3.597518" intensity="2.518655e-002" type="0"/>
    <Peak1D F1="3.559893" intensity="2.028572e-001" type="0"/>
    <Peak1D F1="3.544805" intensity="1.500000e+001" type="0"/>
    <Peak1D F1="3.512966" intensity="1.097867e-002" type="0"/>
    <Peak1D F1="3.480078" intensity="2.348530e-002" type="0"/>
    <Peak1D F1="3.478492" intensity="2.146937e-002" type="0"/>
    <Peak1D F1="3.403333" intensity="4.283811e-002" type="0"/>
    <Peak1D F1="3.358320" intensity="8.342806e-002" type="0"/>
    <Peak1D F1="2.376593" intensity="1.029163e-002" type="0"/>
    <Peak1D F1="2.355809" intensity="1.381575e-002" type="0"/>
    <Peak1D F1="2.276817" intensity="1.107167e-002" type="0"/>
    <Peak1D F1="2.262472" intensity="1.290736e-002" type="0"/>
    <Peak1D F1="2.257761" intensity="1.243963e-002" type="0"/>
    <Peak1D F1="2.248424" intensity="1.563642e-002" type="0"/>
    <Peak1D F1="2.222371" intensity="2.219849e-002" type="0"/>
    <Peak1D F1="2.194396" intensity="1.259236e-002" type="0"/>
    <Peak1D F1="2.166725" intensity="1.673057e-001" type="0"/>
    <Peak1D F1="2.100999" intensity="1.108847e-002" type="0"/>
    <Peak1D F1="2.090464" intensity="1.021860e-001" type="0"/>
    <Peak1D F1="1.867853" intensity="1.023728e-002" type="0"/>
    <Peak1D F1="1.844576" intensity="1.140728e-002" type="0"/>
    <Peak1D F1="1.836612" intensity="1.140441e-002" type="0"/>
    <Peak1D F1="1.825661" intensity="1.252946e-002" type="0"/>
    <Peak1D F1="1.813761" intensity="1.057427e-002" type="0"/>
    <Peak1D F1="1.772482" intensity="1.068396e-002" type="0"/>
    <Peak1D F1="1.741439" intensity="1.099807e-002" type="0"/>
    <Peak1D F1="1.738857" intensity="1.555089e-002" type="0"/>
    <Peak1D F1="1.734909" intensity="1.212788e-002" type="0"/>
    <Peak1D F1="1.700408" intensity="1.315167e-002" type="0"/>
    <Peak1D F1="1.689760" intensity="1.214799e-002" type="0"/>
    <Peak1D F1="1.672771" intensity="1.319835e-002" type="0"/>
    <Peak1D F1="1.669464" intensity="1.430348e-002" type="0"/>
    <Peak1D F1="1.652266" intensity="1.694615e-002" type="0"/>
    <Peak1D F1="1.633832" intensity="2.130161e-002" type="0"/>
    <Peak1D F1="1.630668" intensity="2.120812e-002" type="0"/>
    <Peak1D F1="1.614353" intensity="2.619387e-002" type="0"/>
    <Peak1D F1="1.607270" intensity="2.783932e-002" type="0"/>
    <Peak1D F1="1.592688" intensity="2.907360e-002" type="0"/>
    <Peak1D F1="1.588214" intensity="3.003372e-002" type="0"/>
    <Peak1D F1="1.522587" intensity="7.823005e-002" type="0"/>
    <Peak1D F1="1.514758" intensity="8.205105e-002" type="0"/>
    <Peak1D F1="1.492339" intensity="7.510841e-002" type="0"/>
    <Peak1D F1="1.484823" intensity="6.650741e-002" type="0"/>
    <Peak1D F1="1.462418" intensity="4.441724e-002" type="0"/>
    <Peak1D F1="1.459108" intensity="4.391386e-002" type="0"/>
    <Peak1D F1="1.451812" intensity="4.228820e-002" type="0"/>
    <Peak1D F1="1.436473" intensity="4.168528e-002" type="0"/>
    <Peak1D F1="1.422440" intensity="3.737348e-002" type="0"/>
    <Peak1D F1="1.405001" intensity="2.087158e-002" type="0"/>
    <Peak1D F1="1.399527" intensity="2.144097e-002" type="0"/>
    <Peak1D F1="1.381115" intensity="2.246947e-002" type="0"/>
    <Peak1D F1="1.375610" intensity="2.921575e-002" type="0"/>
    <Peak1D F1="1.350433" intensity="2.643136e-002" type="0"/>
    <Peak1D F1="1.342071" intensity="1.614569e-002" type="0"/>
    <Peak1D F1="1.332227" intensity="2.330574e-002" type="0"/>
    <Peak1D F1="1.323835" intensity="1.545020e-002" type="0"/>
    <Peak1D F1="1.302058" intensity="1.716965e-002" type="0"/>
    <Peak1D F1="1.292965" intensity="1.887353e-002" type="0"/>
    <Peak1D F1="1.278694" intensity="2.273237e-002" type="0"/>
    <Peak1D F1="1.272835" intensity="2.434585e-002" type="0"/>
    <Peak1D F1="1.260461" intensity="2.494032e-002" type="0"/>
    <Peak1D F1="1.242526" intensity="2.932677e-002" type="0"/>
    <Peak1D F1="1.227189" intensity="3.122667e-002" type="0"/>
    <Peak1D F1="1.208717" intensity="4.820278e-002" type="0"/>
    <Peak1D F1="1.206656" intensity="4.882656e-002" type="0"/>
    <Peak1D F1="1.205275" intensity="4.601369e-002" type="0"/>
    <Peak1D F1="1.182719" intensity="4.622940e-001" type="0"/>
    <Peak1D F1="1.161196" intensity="3.113895e-002" type="0"/>
    <Peak1D F1="1.149416" intensity="2.355757e-002" type="0"/>
    <Peak1D F1="1.115618" intensity="1.519346e-002" type="0"/>
    <Peak1D F1="1.107827" intensity="1.464937e-002" type="0"/>
    <Peak1D F1="1.089887" intensity="1.552557e-002" type="0"/>
    <Peak1D F1="1.083702" intensity="1.530949e-002" type="0"/>
    <Peak1D F1="1.074533" intensity="1.476962e-002" type="0"/>
    <Peak1D F1="1.069368" intensity="1.278871e-002" type="0"/>
    <Peak1D F1="1.062318" intensity="1.855815e-002" type="0"/>
    <Peak1D F1="1.055321" intensity="1.699832e-002" type="0"/>
    <Peak1D F1="1.039969" intensity="1.403361e-002" type="0"/>
    <Peak1D F1="1.030598" intensity="1.640261e-002" type="0"/>
    <Peak1D F1="1.027753" intensity="1.657558e-002" type="0"/>
    <Peak1D F1="1.013418" intensity="1.285998e-002" type="0"/>
    <Peak1D F1="0.995059" intensity="1.356337e-002" type="0"/>
    <Peak1D F1="0.983831" intensity="1.111286e-002" type="0"/>
    <Peak1D F1="0.928451" intensity="1.173894e-002" type="0"/>
    <Peak1D F1="0.864228" intensity="1.027744e-002" type="0"/>
    <Peak1D F1="0.851009" intensity="1.151179e-002" type="0"/>
    <Peak1D F1="0.840948" intensity="1.248852e-002" type="0"/>
    <Peak1D F1="0.838205" intensity="1.156199e-002" type="0"/>
    <Peak1D F1="0.826319" intensity="2.289581e-002" type="0"/>
    <Peak1D F1="0.821632" intensity="2.878899e-002" type="0"/>
    <Peak1D F1="0.814587" intensity="2.721835e-002" type="0"/>
    <Peak1D F1="0.805471" intensity="4.192064e-002" type="0"/>
    <Peak1D F1="0.796880" intensity="2.516558e-002" type="0"/>
    <Peak1D F1="0.787982" intensity="3.744991e-002" type="0"/>
    <Peak1D F1="0.777875" intensity="3.706635e-002" type="0"/>
    <Peak1D F1="0.774071" intensity="3.900572e-002" type="0"/>
    <Peak1D F1="0.763573" intensity="3.485667e-002" type="0"/>
    <Peak1D F1="0.758417" intensity="3.447982e-002" type="0"/>
    <Peak1D F1="0.754255" intensity="3.121199e-002" type="0"/>
    <Peak1D F1="-0.000130" intensity="2.413883e-001" type="0"/>
    <Peak1D F1="-0.010521" intensity="1.243793e-002" type="0"/>
  </PeakList1D>
</PeakList>
