<?xml version="1.0" encoding="UTF-8"?>
<PeakList modified="2020-02-01T11:45:18">
  <PeakList1D>
    <PeakList1DHeader creator="Dell" date="2020-02-01T11:45:18" expNo="1" name="SDT498A" owner="" procNo="1" source="C:/Users/Dell/Desktop/NMR/Z-synthesis">
      <PeakPickDetails>F1=7.387243ppm, F2=7.319592ppm, MI=0.24cm, MAXI=0.73cm, PC=1.000
      </PeakPickDetails>
    </PeakList1DHeader>
    <Peak1D F1="7.364219" intensity="0.4059081" type="0"/>
    <Peak1D F1="7.362294" intensity="0.4159026" type="0"/>
    <Peak1D F1="7.352997" intensity="0.4299231" type="0"/>
    <Peak1D F1="7.351077" intensity="0.4271575" type="0"/>
  </PeakList1D>
  <PeakList1D>
    <PeakList1DHeader creator="Dell" date="2020-02-01T11:45:18" expNo="1" name="SDT498A" owner="" procNo="1" source="C:/Users/Dell/Desktop/NMR/Z-synthesis">
      <PeakPickDetails>F1=7.277450ppm, F2=7.256378ppm, MI=0.77cm, MAXI=1.12cm, PC=1.000
      </PeakPickDetails>
    </PeakList1DHeader>
    <Peak1D F1="7.259747" intensity="0.9480028" type="0"/>
  </PeakList1D>
  <PeakList1D>
    <PeakList1DHeader creator="Dell" date="2020-02-01T11:45:18" expNo="1" name="SDT498A" owner="" procNo="1" source="C:/Users/Dell/Desktop/NMR/Z-synthesis">
      <PeakPickDetails>F1=7.256378ppm, F2=7.213126ppm, MI=0.26cm, MAXI=0.73cm, PC=1.000
      </PeakPickDetails>
    </PeakList1DHeader>
    <Peak1D F1="7.246306" intensity="0.4480927" type="0"/>
    <Peak1D F1="7.244268" intensity="0.4248335" type="0"/>
    <Peak1D F1="7.235028" intensity="0.475481" type="0"/>
    <Peak1D F1="7.233" intensity="0.4338956" type="0"/>
  </PeakList1D>
  <PeakList1D>
    <PeakList1DHeader creator="Dell" date="2020-02-01T11:45:18" expNo="1" name="SDT498A" owner="" procNo="1" source="C:/Users/Dell/Desktop/NMR/Z-synthesis">
      <PeakPickDetails>F1=6.822748ppm, F2=6.753988ppm, MI=0.26cm, MAXI=0.96cm, PC=1.000
      </PeakPickDetails>
    </PeakList1DHeader>
    <Peak1D F1="6.808197" intensity="0.4591427" type="0"/>
    <Peak1D F1="6.796985" intensity="0.851383" type="0"/>
    <Peak1D F1="6.785747" intensity="0.4104809" type="0"/>
  </PeakList1D>
  <PeakList1D>
    <PeakList1DHeader creator="Dell" date="2020-02-01T11:45:18" expNo="1" name="SDT498A" owner="" procNo="1" source="C:/Users/Dell/Desktop/NMR/Z-synthesis">
      <PeakPickDetails>F1=5.562891ppm, F2=5.318904ppm, MI=0.07cm, MAXI=0.65cm, PC=1.000
      </PeakPickDetails>
    </PeakList1DHeader>
    <Peak1D F1="5.470212" intensity="0.2220501" type="0"/>
    <Peak1D F1="5.459908" intensity="0.4543192" type="0"/>
    <Peak1D F1="5.449643" intensity="0.2269537" type="0"/>
  </PeakList1D>
  <PeakList1D>
    <PeakList1DHeader creator="Dell" date="2020-02-01T11:45:18" expNo="1" name="SDT498A" owner="" procNo="1" source="C:/Users/Dell/Desktop/NMR/Z-synthesis">
      <PeakPickDetails>F1=4.536303ppm, F2=4.321077ppm, MI=0.34cm, MAXI=1.00cm, PC=1.000
      </PeakPickDetails>
    </PeakList1DHeader>
    <Peak1D F1="4.442323" intensity="0.7269464" type="0"/>
    <Peak1D F1="4.434247" intensity="0.8831352" type="0"/>
    <Peak1D F1="4.426233" intensity="0.7456796" type="0"/>
  </PeakList1D>
  <PeakList1D>
    <PeakList1DHeader creator="Dell" date="2020-02-01T11:45:18" expNo="1" name="SDT498A" owner="" procNo="1" source="C:/Users/Dell/Desktop/NMR/Z-synthesis">
      <PeakPickDetails>F1=3.803814ppm, F2=3.703542ppm, MI=0.45cm, MAXI=1.84cm, PC=1.000
      </PeakPickDetails>
    </PeakList1DHeader>
    <Peak1D F1="3.760488" intensity="0.6999913" type="0"/>
    <Peak1D F1="3.75117" intensity="1.472782" type="0"/>
    <Peak1D F1="3.741884" intensity="0.7294236" type="0"/>
  </PeakList1D>
  <PeakList1D>
    <PeakList1DHeader creator="Dell" date="2020-02-01T11:45:18" expNo="1" name="SDT498A" owner="" procNo="1" source="C:/Users/Dell/Desktop/NMR/Z-synthesis">
      <PeakPickDetails>F1=2.657259ppm, F2=2.612946ppm, MI=0.10cm, MAXI=0.95cm, PC=1.000
      </PeakPickDetails>
    </PeakList1DHeader>
    <Peak1D F1="2.650105" intensity="0.2402828" type="0"/>
    <Peak1D F1="2.640592" intensity="0.6773434" type="0"/>
    <Peak1D F1="2.630893" intensity="0.6690602" type="0"/>
    <Peak1D F1="2.621254" intensity="0.2403856" type="0"/>
  </PeakList1D>
  <PeakList1D>
    <PeakList1DHeader creator="Dell" date="2020-02-01T11:45:18" expNo="1" name="SDT498A" owner="" procNo="1" source="C:/Users/Dell/Desktop/NMR/Z-synthesis">
      <PeakPickDetails>F1=2.594610ppm, F2=2.533488ppm, MI=0.25cm, MAXI=1.07cm, PC=1.000
      </PeakPickDetails>
    </PeakList1DHeader>
    <Peak1D F1="2.583414" intensity="0.4276364" type="0"/>
    <Peak1D F1="2.575398" intensity="0.6592237" type="0"/>
    <Peak1D F1="2.567508" intensity="0.4399072" type="0"/>
  </PeakList1D>
  <PeakList1D>
    <PeakList1DHeader creator="Dell" date="2020-02-01T11:45:18" expNo="1" name="SDT498A" owner="" procNo="1" source="C:/Users/Dell/Desktop/NMR/Z-synthesis">
      <PeakPickDetails>F1=1.008506ppm, F2=0.727346ppm, MI=3.05cm, MAXI=20.58cm, PC=1.000
      </PeakPickDetails>
    </PeakList1DHeader>
    <Peak1D F1="0.896712" intensity="15.0" type="0"/>
  </PeakList1D>
  <PeakList1D>
    <PeakList1DHeader creator="Dell" date="2020-02-01T11:45:18" expNo="1" name="SDT498A" owner="" procNo="1" source="C:/Users/Dell/Desktop/NMR/Z-synthesis">
      <PeakPickDetails>F1=0.128355ppm, F2=0.111618ppm, MI=1.24cm, MAXI=13.66cm, PC=1.000
      </PeakPickDetails>
    </PeakList1DHeader>
  </PeakList1D>
  <PeakList1D>
    <PeakList1DHeader creator="Dell" date="2020-02-01T11:45:18" expNo="1" name="SDT498A" owner="" procNo="1" source="C:/Users/Dell/Desktop/NMR/Z-synthesis">
      <PeakPickDetails>F1=0.090690ppm, F2=0.023254ppm, MI=6.26cm, MAXI=13.17cm, PC=1.000
      </PeakPickDetails>
    </PeakList1DHeader>
    <Peak1D F1="0.065326" intensity="10.02462" type="0"/>
  </PeakList1D>
</PeakList>
