<?xml version="1.0" encoding="UTF-8"?>
<PeakList modified="2019-10-19T15:11:40">
  <PeakList1D>
    <PeakList1DHeader creator="tanpures" date="2019-10-19T15:11:40" expNo="2" name="SDT461" owner="" procNo="1" source="/opt/osu/chemistry/data/tanpures/nmr">
      <PeakPickDetails>F1=7.344966ppm, F2=7.194973ppm, MI=6.29cm, MAXI=20.10cm, PC=1.000
      </PeakPickDetails>
    </PeakList1DHeader>
    <Peak1D F1="7.306357" intensity="11.49839" type="0"/>
    <Peak1D F1="7.295115" intensity="12.02561" type="0"/>
    <Peak1D F1="7.259657" intensity="9.268942" type="0"/>
    <Peak1D F1="7.233906" intensity="11.65337" type="0"/>
    <Peak1D F1="7.222982" intensity="12.28838" type="0"/>
  </PeakList1D>
  <PeakList1D>
    <PeakList1DHeader creator="tanpures" date="2019-10-19T15:11:40" expNo="2" name="SDT461" owner="" procNo="1" source="/opt/osu/chemistry/data/tanpures/nmr">
      <PeakPickDetails>F1=6.964985ppm, F2=6.650334ppm, MI=3.06cm, MAXI=23.09cm, PC=1.000
      </PeakPickDetails>
    </PeakList1DHeader>
    <Peak1D F1="6.875595" intensity="8.092653" type="0"/>
    <Peak1D F1="6.864555" intensity="15.0" type="0"/>
    <Peak1D F1="6.853437" intensity="7.132159" type="0"/>
  </PeakList1D>
  <PeakList1D>
    <PeakList1DHeader creator="tanpures" date="2019-10-19T15:11:40" expNo="2" name="SDT461" owner="" procNo="1" source="/opt/osu/chemistry/data/tanpures/nmr">
      <PeakPickDetails>F1=5.269070ppm, F2=3.914471ppm, MI=3.00cm, MAXI=17.69cm, PC=1.000
      </PeakPickDetails>
    </PeakList1DHeader>
    <Peak1D F1="4.807182" intensity="9.670951" type="0"/>
    <Peak1D F1="4.428977" intensity="5.006183" type="0"/>
    <Peak1D F1="4.419165" intensity="5.308517" type="0"/>
    <Peak1D F1="4.413129" intensity="9.857836" type="0"/>
    <Peak1D F1="4.407229" intensity="4.885368" type="0"/>
    <Peak1D F1="4.390217" intensity="6.144668" type="0"/>
    <Peak1D F1="4.387396" intensity="5.678769" type="0"/>
    <Peak1D F1="4.374632" intensity="8.696375" type="0"/>
    <Peak1D F1="4.371732" intensity="7.718584" type="0"/>
    <Peak1D F1="4.358985" intensity="3.160178" type="0"/>
  </PeakList1D>
  <PeakList1D>
    <PeakList1DHeader creator="tanpures" date="2019-10-19T15:11:40" expNo="2" name="SDT461" owner="" procNo="1" source="/opt/osu/chemistry/data/tanpures/nmr">
      <PeakPickDetails>F1=2.282552ppm, F2=2.066023ppm, MI=1.53cm, MAXI=8.76cm, PC=1.000
      </PeakPickDetails>
    </PeakList1DHeader>
    <Peak1D F1="2.163299" intensity="1.60623" type="0"/>
    <Peak1D F1="2.157633" intensity="3.026654" type="0"/>
    <Peak1D F1="2.151663" intensity="1.763465" type="0"/>
    <Peak1D F1="2.142606" intensity="5.146239" type="0"/>
    <Peak1D F1="2.137232" intensity="6.238627" type="0"/>
    <Peak1D F1="2.131385" intensity="2.834111" type="0"/>
    <Peak1D F1="2.127437" intensity="2.83877" type="0"/>
    <Peak1D F1="2.121725" intensity="5.124044" type="0"/>
    <Peak1D F1="2.11601" intensity="2.539061" type="0"/>
    <Peak1D F1="2.085855" intensity="3.280739" type="0"/>
    <Peak1D F1="2.081843" intensity="6.396663" type="0"/>
    <Peak1D F1="2.076924" intensity="6.916753" type="0"/>
    <Peak1D F1="2.070925" intensity="2.865327" type="0"/>
  </PeakList1D>
  <PeakList1D>
    <PeakList1DHeader creator="tanpures" date="2019-10-19T15:11:40" expNo="2" name="SDT461" owner="" procNo="1" source="/opt/osu/chemistry/data/tanpures/nmr">
      <PeakPickDetails>F1=2.066023ppm, F2=1.631071ppm, MI=6.29cm, MAXI=16.63cm, PC=1.000
      </PeakPickDetails>
    </PeakList1DHeader>
    <Peak1D F1="1.891087" intensity="9.128995" type="0"/>
  </PeakList1D>
</PeakList>
