<?xml version="1.0" encoding="UTF-8"?>
<PeakList>
  <PeakList1D>
    <PeakList1DHeader creator="Lijin_Xu" date="2018-04-23T20:07:20.674+08:00" expNo="2" name="zhq-537B" owner="" procNo="1" source="D:">
      <PeakPickDetails>F1=235.494ppm, F2=-15.494ppm, MI=0.00cm, MAXI=10000.00cm, PC=1.400
      </PeakPickDetails>
    </PeakList1DHeader>
    <Peak1D F1="163.9087" intensity="5.16" type="0"/>
    <Peak1D F1="151.8375" intensity="5.14" type="0"/>
    <Peak1D F1="150.0185" intensity="5.01" type="0"/>
    <Peak1D F1="149.8097" intensity="12.84" type="0"/>
    <Peak1D F1="140.1443" intensity="13.57" type="0"/>
    <Peak1D F1="138.4595" intensity="12.54" type="0"/>
    <Peak1D F1="130.4566" intensity="2.78" type="0"/>
    <Peak1D F1="130.1942" intensity="2.49" type="0"/>
    <Peak1D F1="130.1012" intensity="3.02" type="0"/>
    <Peak1D F1="129.9504" intensity="2.42" type="0"/>
    <Peak1D F1="129.6330" intensity="2.05" type="0"/>
    <Peak1D F1="124.0698" intensity="15.00" type="0"/>
    <Peak1D F1="123.9672" intensity="13.70" type="0"/>
    <Peak1D F1="118.4952" intensity="11.98" type="0"/>
    <Peak1D F1="104.9555" intensity="12.81" type="0"/>
    <Peak1D F1="77.3826" intensity="52.16" type="0"/>
    <Peak1D F1="77.0651" intensity="52.48" type="0"/>
    <Peak1D F1="76.7470" intensity="51.86" type="0"/>
    <Peak1D F1="32.9666" intensity="12.30" type="0"/>
    <Peak1D F1="32.5831" intensity="8.56" type="0"/>
    <Peak1D F1="31.8921" intensity="7.68" type="0"/>
    <Peak1D F1="29.6400" intensity="13.16" type="0"/>
    <Peak1D F1="29.4727" intensity="8.00" type="0"/>
    <Peak1D F1="29.3051" intensity="10.91" type="0"/>
    <Peak1D F1="29.1741" intensity="11.35" type="0"/>
    <Peak1D F1="29.0082" intensity="13.00" type="0"/>
    <Peak1D F1="28.5538" intensity="2.53" type="0"/>
    <Peak1D F1="27.8027" intensity="10.69" type="0"/>
    <Peak1D F1="27.2077" intensity="3.79" type="0"/>
    <Peak1D F1="22.6690" intensity="10.40" type="0"/>
    <Peak1D F1="14.1081" intensity="12.01" type="0"/>
  </PeakList1D>
</PeakList>
