<?xml version="1.0" encoding="UTF-8"?>
<PeakList>
  <PeakList1D>
    <PeakList1DHeader creator="chemist" date="2019-01-21T05:34:02.674+00:00" expNo="10" name="Z144052" owner="" procNo="1" source="f:\data\chemist\nmr\">
      <PeakPickDetails>F1=250.000ppm, F2=-10.000ppm, MI=1.00cm, MAXI=2000.00cm, PC=1.000
      </PeakPickDetails>
    </PeakList1DHeader>
    <Peak1D F1="140.5693" intensity="1.490705e+000" type="0"/>
    <Peak1D F1="133.6735" intensity="1.016426e+000" type="0"/>
    <Peak1D F1="130.5204" intensity="5.507223e+000" type="0"/>
    <Peak1D F1="129.2323" intensity="5.636853e+000" type="0"/>
    <Peak1D F1="128.7121" intensity="6.276114e+000" type="0"/>
    <Peak1D F1="127.2513" intensity="5.810388e+000" type="0"/>
    <Peak1D F1="127.0630" intensity="2.761764e+000" type="0"/>
    <Peak1D F1="77.3350" intensity="1.072071e+002" type="0"/>
    <Peak1D F1="77.2203" intensity="3.690470e+000" type="0"/>
    <Peak1D F1="77.0172" intensity="1.096191e+002" type="0"/>
    <Peak1D F1="76.6992" intensity="1.077923e+002" type="0"/>
    <Peak1D F1="70.9417" intensity="2.832373e+000" type="0"/>
    <Peak1D F1="44.2232" intensity="2.573882e+000" type="0"/>
  </PeakList1D>
</PeakList>
