<?xml version="1.0" encoding="UTF-8"?>
<PeakList>
  <PeakList1D>
    <PeakList1DHeader creator="nmrsu" date="2023-07-20T12:49:04.437-05:00" expNo="1257110" name="Jul20-2023" owner="" procNo="1" source="G:/data/chem-synthesis-summer-a-team1/nmr">
      <PeakPickDetails>F1=16.187771ppm, F2=-3.837772ppm, MI=0.00cm, MAXI=10000.00cm, PC=1.000
      </PeakPickDetails>
    </PeakList1DHeader>
    <Peak1D F1="7.541370" intensity="6.054959e-003" type="0"/>
    <Peak1D F1="7.283492" intensity="1.060986e+000" type="0"/>
    <Peak1D F1="7.131868" intensity="3.071136e-003" type="0"/>
    <Peak1D F1="7.115839" intensity="3.127306e-003" type="0"/>
    <Peak1D F1="7.096707" intensity="2.386108e-003" type="0"/>
    <Peak1D F1="7.073701" intensity="2.657893e-003" type="0"/>
    <Peak1D F1="7.019050" intensity="6.898491e-003" type="0"/>
    <Peak1D F1="6.992341" intensity="2.835205e-003" type="0"/>
    <Peak1D F1="6.985435" intensity="2.313051e-003" type="0"/>
    <Peak1D F1="6.938387" intensity="2.514495e-003" type="0"/>
    <Peak1D F1="6.845465" intensity="2.490017e-003" type="0"/>
    <Peak1D F1="5.319993" intensity="3.615375e-002" type="0"/>
    <Peak1D F1="4.993291" intensity="2.235069e-003" type="0"/>
    <Peak1D F1="4.477887" intensity="3.008187e-003" type="0"/>
    <Peak1D F1="4.392664" intensity="2.802256e-003" type="0"/>
    <Peak1D F1="4.371117" intensity="3.481627e-003" type="0"/>
    <Peak1D F1="4.347726" intensity="3.908914e-003" type="0"/>
    <Peak1D F1="4.292275" intensity="4.729281e-003" type="0"/>
    <Peak1D F1="4.279949" intensity="6.287523e-003" type="0"/>
    <Peak1D F1="4.265623" intensity="4.814393e-003" type="0"/>
    <Peak1D F1="4.237318" intensity="4.609439e-003" type="0"/>
    <Peak1D F1="4.224613" intensity="4.254095e-003" type="0"/>
    <Peak1D F1="4.186899" intensity="4.892785e-003" type="0"/>
    <Peak1D F1="4.166741" intensity="9.434410e-003" type="0"/>
    <Peak1D F1="4.149289" intensity="2.288663e-002" type="0"/>
    <Peak1D F1="4.131434" intensity="2.122314e-002" type="0"/>
    <Peak1D F1="4.112287" intensity="7.074321e-003" type="0"/>
    <Peak1D F1="3.832541" intensity="2.880928e-003" type="0"/>
    <Peak1D F1="3.805606" intensity="6.511565e-003" type="0"/>
    <Peak1D F1="3.742831" intensity="2.651252e-002" type="0"/>
    <Peak1D F1="3.717411" intensity="3.031026e-002" type="0"/>
    <Peak1D F1="3.686126" intensity="3.274303e-002" type="0"/>
    <Peak1D F1="3.674887" intensity="3.550363e-002" type="0"/>
    <Peak1D F1="3.627948" intensity="1.008314e-002" type="0"/>
    <Peak1D F1="3.610427" intensity="1.325468e-002" type="0"/>
    <Peak1D F1="3.541859" intensity="1.067909e-002" type="0"/>
    <Peak1D F1="3.525159" intensity="1.620475e-002" type="0"/>
    <Peak1D F1="3.505863" intensity="1.342081e-002" type="0"/>
    <Peak1D F1="3.382997" intensity="1.577028e-001" type="0"/>
    <Peak1D F1="3.360523" intensity="2.009087e+000" type="0"/>
    <Peak1D F1="3.353948" intensity="2.060606e+000" type="0"/>
    <Peak1D F1="3.347300" intensity="2.070634e+000" type="0"/>
    <Peak1D F1="3.324559" intensity="1.573202e-001" type="0"/>
    <Peak1D F1="3.195725" intensity="1.336389e-002" type="0"/>
    <Peak1D F1="3.179466" intensity="1.644957e-002" type="0"/>
    <Peak1D F1="3.160466" intensity="1.118659e-002" type="0"/>
    <Peak1D F1="3.088923" intensity="2.868209e-002" type="0"/>
    <Peak1D F1="3.074424" intensity="5.292208e-002" type="0"/>
    <Peak1D F1="3.059839" intensity="2.899024e-002" type="0"/>
    <Peak1D F1="3.023190" intensity="7.129375e-003" type="0"/>
    <Peak1D F1="2.990116" intensity="6.631502e-003" type="0"/>
    <Peak1D F1="2.940867" intensity="6.222185e-003" type="0"/>
    <Peak1D F1="2.891773" intensity="4.778831e-003" type="0"/>
    <Peak1D F1="2.871719" intensity="4.766272e-003" type="0"/>
    <Peak1D F1="2.794811" intensity="5.474246e-003" type="0"/>
    <Peak1D F1="2.776335" intensity="5.462084e-003" type="0"/>
    <Peak1D F1="2.751309" intensity="5.915250e-003" type="0"/>
    <Peak1D F1="2.735636" intensity="6.668418e-003" type="0"/>
    <Peak1D F1="2.677043" intensity="1.680035e-002" type="0"/>
    <Peak1D F1="2.640451" intensity="2.382206e-002" type="0"/>
    <Peak1D F1="2.514992" intensity="1.855720e+000" type="0"/>
    <Peak1D F1="2.477149" intensity="2.691775e+000" type="0"/>
    <Peak1D F1="2.317134" intensity="1.232409e+000" type="0"/>
    <Peak1D F1="2.281640" intensity="8.616482e-001" type="0"/>
    <Peak1D F1="2.189482" intensity="6.828549e-002" type="0"/>
    <Peak1D F1="2.151176" intensity="3.472609e-002" type="0"/>
    <Peak1D F1="2.112442" intensity="3.766885e-002" type="0"/>
    <Peak1D F1="2.062956" intensity="1.264662e-001" type="0"/>
    <Peak1D F1="1.894550" intensity="1.865144e-001" type="0"/>
    <Peak1D F1="1.846667" intensity="1.360448e-001" type="0"/>
    <Peak1D F1="1.738644" intensity="1.500000e+001" type="0"/>
    <Peak1D F1="1.649071" intensity="3.884549e-001" type="0"/>
    <Peak1D F1="1.578875" intensity="8.966774e-002" type="0"/>
    <Peak1D F1="1.494612" intensity="1.909811e-002" type="0"/>
    <Peak1D F1="1.446845" intensity="1.627988e-002" type="0"/>
    <Peak1D F1="1.419518" intensity="1.418209e-002" type="0"/>
    <Peak1D F1="1.374493" intensity="1.452565e-002" type="0"/>
    <Peak1D F1="1.352668" intensity="1.983022e-002" type="0"/>
    <Peak1D F1="1.322868" intensity="2.838812e-002" type="0"/>
    <Peak1D F1="1.295037" intensity="6.696811e-002" type="0"/>
    <Peak1D F1="1.278127" intensity="1.121036e-001" type="0"/>
    <Peak1D F1="1.261319" intensity="4.157972e-002" type="0"/>
    <Peak1D F1="1.214571" intensity="9.225068e-003" type="0"/>
    <Peak1D F1="1.178437" intensity="8.990805e-003" type="0"/>
    <Peak1D F1="1.154850" intensity="9.231100e-003" type="0"/>
    <Peak1D F1="1.124566" intensity="8.934035e-003" type="0"/>
    <Peak1D F1="1.095809" intensity="8.076168e-003" type="0"/>
    <Peak1D F1="1.065905" intensity="7.866230e-003" type="0"/>
    <Peak1D F1="1.027087" intensity="5.969115e-003" type="0"/>
    <Peak1D F1="0.994524" intensity="1.717978e-002" type="0"/>
    <Peak1D F1="0.977669" intensity="1.678198e-002" type="0"/>
    <Peak1D F1="0.917580" intensity="3.440665e-002" type="0"/>
    <Peak1D F1="0.902384" intensity="7.056173e-002" type="0"/>
    <Peak1D F1="0.885020" intensity="3.805721e-002" type="0"/>
    <Peak1D F1="0.875386" intensity="3.260529e-002" type="0"/>
    <Peak1D F1="0.855405" intensity="1.820328e-002" type="0"/>
    <Peak1D F1="0.766973" intensity="3.668773e-003" type="0"/>
    <Peak1D F1="0.666769" intensity="2.978008e-003" type="0"/>
    <Peak1D F1="0.645285" intensity="3.283989e-003" type="0"/>
    <Peak1D F1="0.621978" intensity="2.755293e-003" type="0"/>
    <Peak1D F1="0.577496" intensity="2.609679e-003" type="0"/>
    <Peak1D F1="0.556769" intensity="2.342883e-003" type="0"/>
    <Peak1D F1="0.522439" intensity="3.002965e-003" type="0"/>
    <Peak1D F1="0.501967" intensity="2.280002e-003" type="0"/>
    <Peak1D F1="0.453995" intensity="2.454725e-003" type="0"/>
    <Peak1D F1="0.089565" intensity="7.218571e-003" type="0"/>
    <Peak1D F1="-3.471091" intensity="2.535780e-003" type="0"/>
    <Peak1D F1="-3.674285" intensity="2.743743e-003" type="0"/>
  </PeakList1D>
</PeakList>
