<?xml version="1.0" encoding="UTF-8"?>
<PeakList>
  <PeakList1D>
    <PeakList1DHeader creator="nmrsu" date="2023-08-03T11:37:32.730-05:00" expNo="1295510" name="Aug03-2023" owner="" procNo="1" source="G:/data/chem-synthesis-summer-a-team1/nmr">
      <PeakPickDetails>F1=16.096781ppm, F2=-3.928760ppm, MI=0.00cm, MAXI=10000.00cm, PC=1.000
      </PeakPickDetails>
    </PeakList1DHeader>
    <Peak1D F1="12.867195" intensity="3.097540e-002" type="0"/>
    <Peak1D F1="10.324028" intensity="2.811307e-002" type="0"/>
    <Peak1D F1="8.191500" intensity="2.989130e-002" type="0"/>
    <Peak1D F1="8.158388" intensity="2.721902e-002" type="0"/>
    <Peak1D F1="8.117049" intensity="3.254797e-002" type="0"/>
    <Peak1D F1="8.076465" intensity="4.229041e-002" type="0"/>
    <Peak1D F1="8.067443" intensity="4.173196e-002" type="0"/>
    <Peak1D F1="8.050407" intensity="4.417178e-002" type="0"/>
    <Peak1D F1="8.003098" intensity="4.907117e-002" type="0"/>
    <Peak1D F1="7.985561" intensity="5.059178e-002" type="0"/>
    <Peak1D F1="7.947602" intensity="7.594903e-002" type="0"/>
    <Peak1D F1="7.881250" intensity="8.653960e-002" type="0"/>
    <Peak1D F1="7.450340" intensity="8.267708e+000" type="0"/>
    <Peak1D F1="7.430921" intensity="7.349211e+000" type="0"/>
    <Peak1D F1="7.410216" intensity="6.812876e+000" type="0"/>
    <Peak1D F1="7.388579" intensity="5.397277e+000" type="0"/>
    <Peak1D F1="7.279488" intensity="6.671104e+000" type="0"/>
    <Peak1D F1="7.264770" intensity="8.042882e+000" type="0"/>
    <Peak1D F1="7.247259" intensity="6.679656e+000" type="0"/>
    <Peak1D F1="7.211159" intensity="1.369474e+000" type="0"/>
    <Peak1D F1="7.186981" intensity="3.164985e+000" type="0"/>
    <Peak1D F1="7.107685" intensity="2.696689e-001" type="0"/>
    <Peak1D F1="7.093005" intensity="2.748300e-001" type="0"/>
    <Peak1D F1="7.084257" intensity="2.816083e-001" type="0"/>
    <Peak1D F1="6.817986" intensity="5.860941e+000" type="0"/>
    <Peak1D F1="6.796463" intensity="3.817487e+000" type="0"/>
    <Peak1D F1="6.740560" intensity="7.446079e-002" type="0"/>
    <Peak1D F1="6.699797" intensity="5.637337e-002" type="0"/>
    <Peak1D F1="6.642866" intensity="6.076082e-002" type="0"/>
    <Peak1D F1="6.620297" intensity="6.099757e-002" type="0"/>
    <Peak1D F1="6.555841" intensity="4.102380e-002" type="0"/>
    <Peak1D F1="6.546470" intensity="3.797445e-002" type="0"/>
    <Peak1D F1="6.536430" intensity="3.740957e-002" type="0"/>
    <Peak1D F1="6.520266" intensity="4.393698e-002" type="0"/>
    <Peak1D F1="6.502650" intensity="3.124660e-002" type="0"/>
    <Peak1D F1="6.460104" intensity="3.156806e-002" type="0"/>
    <Peak1D F1="6.442547" intensity="3.296373e-002" type="0"/>
    <Peak1D F1="6.437129" intensity="3.658171e-002" type="0"/>
    <Peak1D F1="5.992799" intensity="2.995833e-002" type="0"/>
    <Peak1D F1="5.916769" intensity="5.079590e-002" type="0"/>
    <Peak1D F1="5.722378" intensity="3.181623e-002" type="0"/>
    <Peak1D F1="5.694276" intensity="5.671464e-002" type="0"/>
    <Peak1D F1="4.459393" intensity="3.447980e-002" type="0"/>
    <Peak1D F1="4.423789" intensity="4.061148e-002" type="0"/>
    <Peak1D F1="4.371133" intensity="6.676824e-002" type="0"/>
    <Peak1D F1="4.317934" intensity="1.149257e-001" type="0"/>
    <Peak1D F1="4.284387" intensity="1.375976e-001" type="0"/>
    <Peak1D F1="4.267580" intensity="1.443249e-001" type="0"/>
    <Peak1D F1="4.182782" intensity="5.198705e-002" type="0"/>
    <Peak1D F1="3.935687" intensity="5.598601e-001" type="0"/>
    <Peak1D F1="3.757915" intensity="1.500000e+001" type="0"/>
    <Peak1D F1="3.700875" intensity="1.862823e-001" type="0"/>
    <Peak1D F1="3.607251" intensity="2.165846e-001" type="0"/>
    <Peak1D F1="3.596935" intensity="2.130491e-001" type="0"/>
    <Peak1D F1="3.575695" intensity="1.658707e-001" type="0"/>
    <Peak1D F1="3.483253" intensity="5.076399e-002" type="0"/>
    <Peak1D F1="3.457436" intensity="4.814363e-002" type="0"/>
    <Peak1D F1="3.419584" intensity="4.273080e-002" type="0"/>
    <Peak1D F1="3.322708" intensity="2.998291e-002" type="0"/>
    <Peak1D F1="3.298086" intensity="3.122015e-002" type="0"/>
    <Peak1D F1="3.284312" intensity="3.004092e-002" type="0"/>
    <Peak1D F1="3.176127" intensity="2.848148e-002" type="0"/>
    <Peak1D F1="3.158187" intensity="2.873923e-002" type="0"/>
    <Peak1D F1="3.043397" intensity="3.169197e-002" type="0"/>
    <Peak1D F1="2.999564" intensity="5.030818e-002" type="0"/>
    <Peak1D F1="2.428065" intensity="2.825334e-002" type="0"/>
    <Peak1D F1="2.349171" intensity="3.667797e-002" type="0"/>
    <Peak1D F1="2.339930" intensity="3.535249e-002" type="0"/>
    <Peak1D F1="2.294645" intensity="4.887138e-002" type="0"/>
    <Peak1D F1="2.280809" intensity="4.330811e-002" type="0"/>
    <Peak1D F1="2.271941" intensity="4.721313e-002" type="0"/>
    <Peak1D F1="2.255415" intensity="4.582670e-002" type="0"/>
    <Peak1D F1="2.215052" intensity="3.271767e-002" type="0"/>
    <Peak1D F1="2.189392" intensity="3.254344e-002" type="0"/>
    <Peak1D F1="2.146982" intensity="3.831233e-002" type="0"/>
    <Peak1D F1="2.106786" intensity="4.283490e-002" type="0"/>
    <Peak1D F1="2.076643" intensity="4.803263e-002" type="0"/>
    <Peak1D F1="1.972984" intensity="5.832398e-002" type="0"/>
    <Peak1D F1="1.962672" intensity="5.525970e-002" type="0"/>
    <Peak1D F1="1.941086" intensity="6.990693e-002" type="0"/>
    <Peak1D F1="1.508854" intensity="1.429122e+001" type="0"/>
    <Peak1D F1="1.425576" intensity="5.154801e-001" type="0"/>
    <Peak1D F1="1.323255" intensity="8.685917e-001" type="0"/>
    <Peak1D F1="1.184473" intensity="3.566023e+000" type="0"/>
    <Peak1D F1="1.070103" intensity="3.878868e-001" type="0"/>
    <Peak1D F1="1.049841" intensity="3.237401e-001" type="0"/>
    <Peak1D F1="1.030420" intensity="3.069009e-001" type="0"/>
    <Peak1D F1="1.006621" intensity="3.102166e-001" type="0"/>
    <Peak1D F1="0.977236" intensity="3.254720e-001" type="0"/>
    <Peak1D F1="0.825009" intensity="1.005994e+000" type="0"/>
    <Peak1D F1="0.809188" intensity="1.116105e+000" type="0"/>
    <Peak1D F1="0.793956" intensity="8.102497e-001" type="0"/>
    <Peak1D F1="0.563580" intensity="4.897198e-002" type="0"/>
    <Peak1D F1="0.550084" intensity="4.520556e-002" type="0"/>
    <Peak1D F1="0.539516" intensity="4.477964e-002" type="0"/>
    <Peak1D F1="0.440057" intensity="4.161780e-002" type="0"/>
    <Peak1D F1="0.389349" intensity="3.718442e-002" type="0"/>
    <Peak1D F1="0.374365" intensity="3.749774e-002" type="0"/>
    <Peak1D F1="0.367869" intensity="3.582365e-002" type="0"/>
    <Peak1D F1="0.334524" intensity="3.528628e-002" type="0"/>
    <Peak1D F1="0.300344" intensity="3.357712e-002" type="0"/>
    <Peak1D F1="0.271458" intensity="3.270163e-002" type="0"/>
    <Peak1D F1="0.231798" intensity="3.119016e-002" type="0"/>
    <Peak1D F1="0.197537" intensity="3.898596e-002" type="0"/>
    <Peak1D F1="0.189609" intensity="4.149891e-002" type="0"/>
    <Peak1D F1="0.162609" intensity="5.038194e-002" type="0"/>
    <Peak1D F1="0.139464" intensity="5.184256e-002" type="0"/>
    <Peak1D F1="0.130878" intensity="5.722126e-002" type="0"/>
    <Peak1D F1="0.111008" intensity="5.517341e-002" type="0"/>
    <Peak1D F1="-0.000148" intensity="4.697599e-001" type="0"/>
    <Peak1D F1="-0.048051" intensity="2.977511e-002" type="0"/>
    <Peak1D F1="-0.517989" intensity="2.754636e-002" type="0"/>
    <Peak1D F1="-3.215229" intensity="3.027353e-002" type="0"/>
    <Peak1D F1="-3.664746" intensity="2.755125e-002" type="0"/>
  </PeakList1D>
</PeakList>
