<?xml version="1.0" encoding="UTF-8"?>
<PeakList>
  <PeakList1D>
    <PeakList1DHeader creator="JRomeo" date="2020-01-04T17:41:12" expNo="2" name="2JR85_p" owner="" procNo="1" source="C:\Bruker\TOPSPIN">
      <PeakPickDetails>F1=8.034ppm, F2=7.401ppm, MI=0.13cm, MAXI=3.86cm, PC=1.000
      </PeakPickDetails>
    </PeakList1DHeader>
    <Peak1D F1="7.8294" intensity="0.96" type="0"/>
    <Peak1D F1="7.8193" intensity="2.37" type="0"/>
    <Peak1D F1="7.8105" intensity="1.12" type="0"/>
    <Peak1D F1="7.8017" intensity="1.07" type="0"/>
    <Peak1D F1="7.5613" intensity="0.71" type="0"/>
    <Peak1D F1="7.5583" intensity="0.66" type="0"/>
    <Peak1D F1="7.5446" intensity="0.61" type="0"/>
    <Peak1D F1="7.5414" intensity="0.59" type="0"/>
    <Peak1D F1="7.4784" intensity="0.17" type="0"/>
    <Peak1D F1="7.4685" intensity="0.76" type="0"/>
    <Peak1D F1="7.465" intensity="1.05" type="0"/>
    <Peak1D F1="7.4575" intensity="1.17" type="0"/>
    <Peak1D F1="7.4499" intensity="1.0" type="0"/>
    <Peak1D F1="7.4462" intensity="0.66" type="0"/>
    <Peak1D F1="7.4364" intensity="0.15" type="0"/>
  </PeakList1D>
  <PeakList1D>
    <PeakList1DHeader creator="JRomeo" date="2020-01-04T17:41:12" expNo="2" name="2JR85_p" owner="" procNo="1" source="C:\Bruker\TOPSPIN">
      <PeakPickDetails>F1=5.599ppm, F2=5.368ppm, MI=0.33cm, MAXI=2.71cm, PC=1.000
      </PeakPickDetails>
    </PeakList1DHeader>
    <Peak1D F1="5.4303" intensity="0.52" type="0"/>
  </PeakList1D>
  <PeakList1D>
    <PeakList1DHeader creator="JRomeo" date="2020-01-04T17:41:12" expNo="2" name="2JR85_p" owner="" procNo="1" source="C:\Bruker\TOPSPIN">
      <PeakPickDetails>F1=5.153ppm, F2=4.683ppm, MI=0.30cm, MAXI=2.02cm, PC=1.000
      </PeakPickDetails>
    </PeakList1DHeader>
    <Peak1D F1="5.0868" intensity="0.75" type="0"/>
    <Peak1D F1="5.063" intensity="0.85" type="0"/>
    <Peak1D F1="5.0338" intensity="0.5" type="0"/>
    <Peak1D F1="5.0267" intensity="0.56" type="0"/>
    <Peak1D F1="4.8056" intensity="0.66" type="0"/>
    <Peak1D F1="4.7817" intensity="0.53" type="0"/>
  </PeakList1D>
  <PeakList1D>
    <PeakList1DHeader creator="JRomeo" date="2020-01-04T17:41:12" expNo="2" name="2JR85_p" owner="" procNo="1" source="C:\Bruker\TOPSPIN">
      <PeakPickDetails>F1=4.365ppm, F2=4.195ppm, MI=0.03cm, MAXI=0.66cm, PC=1.000
      </PeakPickDetails>
    </PeakList1DHeader>
    <Peak1D F1="4.2807" intensity="0.12" type="0"/>
    <Peak1D F1="4.2678" intensity="0.42" type="0"/>
    <Peak1D F1="4.2548" intensity="0.52" type="0"/>
    <Peak1D F1="4.2421" intensity="0.27" type="0"/>
    <Peak1D F1="4.2298" intensity="0.05" type="0"/>
  </PeakList1D>
  <PeakList1D>
    <PeakList1DHeader creator="JRomeo" date="2020-01-04T17:41:12" expNo="2" name="2JR85_p" owner="" procNo="1" source="C:\Bruker\TOPSPIN">
      <PeakPickDetails>F1=4.136ppm, F2=4.007ppm, MI=0.06cm, MAXI=0.55cm, PC=1.000
      </PeakPickDetails>
    </PeakList1DHeader>
    <Peak1D F1="4.0744" intensity="0.13" type="0"/>
    <Peak1D F1="4.0613" intensity="0.43" type="0"/>
    <Peak1D F1="4.0481" intensity="0.44" type="0"/>
    <Peak1D F1="4.0349" intensity="0.14" type="0"/>
  </PeakList1D>
  <PeakList1D>
    <PeakList1DHeader creator="JRomeo" date="2020-01-04T17:41:12" expNo="2" name="2JR85_p" owner="" procNo="1" source="C:\Bruker\TOPSPIN">
      <PeakPickDetails>F1=3.910ppm, F2=3.607ppm, MI=0.12cm, MAXI=1.60cm, PC=1.000
      </PeakPickDetails>
    </PeakList1DHeader>
    <Peak1D F1="3.8446" intensity="0.59" type="0"/>
    <Peak1D F1="3.8402" intensity="0.61" type="0"/>
    <Peak1D F1="3.7727" intensity="0.22" type="0"/>
    <Peak1D F1="3.7673" intensity="0.31" type="0"/>
    <Peak1D F1="3.7627" intensity="0.39" type="0"/>
    <Peak1D F1="3.7582" intensity="0.31" type="0"/>
    <Peak1D F1="3.7488" intensity="0.26" type="0"/>
    <Peak1D F1="3.7401" intensity="0.45" type="0"/>
    <Peak1D F1="3.735" intensity="0.45" type="0"/>
    <Peak1D F1="3.6731" intensity="0.22" type="0"/>
    <Peak1D F1="3.6588" intensity="1.16" type="0"/>
    <Peak1D F1="3.6488" intensity="0.27" type="0"/>
    <Peak1D F1="3.6432" intensity="0.26" type="0"/>
    <Peak1D F1="3.6398" intensity="0.25" type="0"/>
    <Peak1D F1="3.6343" intensity="0.21" type="0"/>
  </PeakList1D>
  <PeakList1D>
    <PeakList1DHeader creator="JRomeo" date="2020-01-04T17:41:12" expNo="2" name="2JR85_p" owner="" procNo="1" source="C:\Bruker\TOPSPIN">
      <PeakPickDetails>F1=3.526ppm, F2=3.452ppm, MI=0.03cm, MAXI=0.28cm, PC=1.000
      </PeakPickDetails>
    </PeakList1DHeader>
    <Peak1D F1="3.4993" intensity="0.06" type="0"/>
    <Peak1D F1="3.4863" intensity="0.18" type="0"/>
    <Peak1D F1="3.4735" intensity="0.19" type="0"/>
    <Peak1D F1="3.4602" intensity="0.06" type="0"/>
  </PeakList1D>
  <PeakList1D>
    <PeakList1DHeader creator="JRomeo" date="2020-01-04T17:41:12" expNo="2" name="2JR85_p" owner="" procNo="1" source="C:\Bruker\TOPSPIN">
      <PeakPickDetails>F1=3.442ppm, F2=3.377ppm, MI=1.89cm, MAXI=9.50cm, PC=1.000
      </PeakPickDetails>
    </PeakList1DHeader>
    <Peak1D F1="3.422" intensity="3.57" type="0"/>
    <Peak1D F1="3.4139" intensity="9.0" type="0"/>
    <Peak1D F1="3.3974" intensity="8.08" type="0"/>
    <Peak1D F1="3.3908" intensity="3.29" type="0"/>
  </PeakList1D>
  <PeakList1D>
    <PeakList1DHeader creator="JRomeo" date="2020-01-04T17:41:12" expNo="2" name="2JR85_p" owner="" procNo="1" source="C:\Bruker\TOPSPIN">
      <PeakPickDetails>F1=3.295ppm, F2=3.190ppm, MI=0.06cm, MAXI=0.37cm, PC=1.000
      </PeakPickDetails>
    </PeakList1DHeader>
    <Peak1D F1="3.2529" intensity="0.1" type="0"/>
    <Peak1D F1="3.2469" intensity="0.11" type="0"/>
    <Peak1D F1="3.2442" intensity="0.11" type="0"/>
    <Peak1D F1="3.2385" intensity="0.09" type="0"/>
    <Peak1D F1="3.2278" intensity="0.1" type="0"/>
    <Peak1D F1="3.222" intensity="0.12" type="0"/>
    <Peak1D F1="3.2195" intensity="0.1" type="0"/>
    <Peak1D F1="3.2138" intensity="0.09" type="0"/>
  </PeakList1D>
  <PeakList1D>
    <PeakList1DHeader creator="JRomeo" date="2020-01-04T17:41:12" expNo="2" name="2JR85_p" owner="" procNo="1" source="C:\Bruker\TOPSPIN">
      <PeakPickDetails>F1=3.009ppm, F2=2.840ppm, MI=0.12cm, MAXI=0.59cm, PC=1.000
      </PeakPickDetails>
    </PeakList1DHeader>
    <Peak1D F1="2.9429" intensity="0.32" type="0"/>
    <Peak1D F1="2.9289" intensity="0.31" type="0"/>
  </PeakList1D>
  <PeakList1D>
    <PeakList1DHeader creator="JRomeo" date="2020-01-04T17:41:12" expNo="2" name="2JR85_p" owner="" procNo="1" source="C:\Bruker\TOPSPIN">
      <PeakPickDetails>F1=2.495ppm, F2=2.313ppm, MI=0.26cm, MAXI=1.02cm, PC=1.000
      </PeakPickDetails>
    </PeakList1DHeader>
    <Peak1D F1="2.3872" intensity="0.4" type="0"/>
    <Peak1D F1="2.3824" intensity="0.65" type="0"/>
    <Peak1D F1="2.3775" intensity="0.4" type="0"/>
  </PeakList1D>
  <PeakList1D>
    <PeakList1DHeader creator="JRomeo" date="2020-01-04T17:41:12" expNo="2" name="2JR85_p" owner="" procNo="1" source="C:\Bruker\TOPSPIN">
      <PeakPickDetails>F1=2.263ppm, F2=2.061ppm, MI=0.07cm, MAXI=0.74cm, PC=1.000
      </PeakPickDetails>
    </PeakList1DHeader>
    <Peak1D F1="2.1924" intensity="0.14" type="0"/>
    <Peak1D F1="2.1847" intensity="0.16" type="0"/>
    <Peak1D F1="2.1754" intensity="0.2" type="0"/>
    <Peak1D F1="2.1678" intensity="0.37" type="0"/>
    <Peak1D F1="2.1602" intensity="0.47" type="0"/>
    <Peak1D F1="2.1527" intensity="0.2" type="0"/>
    <Peak1D F1="2.1442" intensity="0.41" type="0"/>
    <Peak1D F1="2.1368" intensity="0.52" type="0"/>
    <Peak1D F1="2.1329" intensity="0.36" type="0"/>
    <Peak1D F1="2.1257" intensity="0.39" type="0"/>
    <Peak1D F1="2.1158" intensity="0.39" type="0"/>
    <Peak1D F1="2.101" intensity="0.18" type="0"/>
    <Peak1D F1="2.0913" intensity="0.14" type="0"/>
  </PeakList1D>
  <PeakList1D>
    <PeakList1DHeader creator="JRomeo" date="2020-01-04T17:41:12" expNo="2" name="2JR85_p" owner="" procNo="1" source="C:\Bruker\TOPSPIN">
      <PeakPickDetails>F1=2.049ppm, F2=1.913ppm, MI=0.05cm, MAXI=0.64cm, PC=1.000
      </PeakPickDetails>
    </PeakList1DHeader>
    <Peak1D F1="2.0283" intensity="0.08" type="0"/>
    <Peak1D F1="2.0113" intensity="0.09" type="0"/>
    <Peak1D F1="2.0045" intensity="0.1" type="0"/>
    <Peak1D F1="1.9931" intensity="0.1" type="0"/>
    <Peak1D F1="1.9886" intensity="0.12" type="0"/>
    <Peak1D F1="1.9861" intensity="0.12" type="0"/>
    <Peak1D F1="1.9817" intensity="0.1" type="0"/>
    <Peak1D F1="1.9682" intensity="0.22" type="0"/>
    <Peak1D F1="1.9638" intensity="0.27" type="0"/>
    <Peak1D F1="1.9614" intensity="0.26" type="0"/>
    <Peak1D F1="1.9569" intensity="0.22" type="0"/>
    <Peak1D F1="1.9435" intensity="0.14" type="0"/>
    <Peak1D F1="1.9391" intensity="0.17" type="0"/>
    <Peak1D F1="1.9365" intensity="0.16" type="0"/>
    <Peak1D F1="1.9322" intensity="0.14" type="0"/>
  </PeakList1D>
  <PeakList1D>
    <PeakList1DHeader creator="JRomeo" date="2020-01-04T17:41:12" expNo="2" name="2JR85_p" owner="" procNo="1" source="C:\Bruker\TOPSPIN">
      <PeakPickDetails>F1=1.893ppm, F2=1.698ppm, MI=0.04cm, MAXI=0.51cm, PC=1.000
      </PeakPickDetails>
    </PeakList1DHeader>
    <Peak1D F1="1.8588" intensity="0.31" type="0"/>
    <Peak1D F1="1.8497" intensity="0.33" type="0"/>
    <Peak1D F1="1.8338" intensity="0.23" type="0"/>
    <Peak1D F1="1.8248" intensity="0.21" type="0"/>
    <Peak1D F1="1.7801" intensity="0.09" type="0"/>
    <Peak1D F1="1.7606" intensity="0.1" type="0"/>
    <Peak1D F1="1.7559" intensity="0.15" type="0"/>
    <Peak1D F1="1.7365" intensity="0.15" type="0"/>
    <Peak1D F1="1.7319" intensity="0.08" type="0"/>
    <Peak1D F1="1.7124" intensity="0.07" type="0"/>
  </PeakList1D>
  <PeakList1D>
    <PeakList1DHeader creator="JRomeo" date="2020-01-04T17:41:12" expNo="2" name="2JR85_p" owner="" procNo="1" source="C:\Bruker\TOPSPIN">
      <PeakPickDetails>F1=1.323ppm, F2=1.278ppm, MI=0.62cm, MAXI=2.11cm, PC=1.000
      </PeakPickDetails>
    </PeakList1DHeader>
    <Peak1D F1="1.3021" intensity="0.98" type="0"/>
    <Peak1D F1="1.2892" intensity="0.98" type="0"/>
  </PeakList1D>
  <PeakList1D>
    <PeakList1DHeader creator="JRomeo" date="2020-01-04T17:41:12" expNo="2" name="2JR85_p" owner="" procNo="1" source="C:\Bruker\TOPSPIN">
      <PeakPickDetails>F1=1.248ppm, F2=1.151ppm, MI=0.76cm, MAXI=3.58cm, PC=1.000
      </PeakPickDetails>
    </PeakList1DHeader>
    <Peak1D F1="1.2315" intensity="2.46" type="0"/>
    <Peak1D F1="1.2183" intensity="2.44" type="0"/>
    <Peak1D F1="1.1922" intensity="2.95" type="0"/>
    <Peak1D F1="1.1838" intensity="1.39" type="0"/>
    <Peak1D F1="1.1792" intensity="2.93" type="0"/>
    <Peak1D F1="1.1709" intensity="1.19" type="0"/>
  </PeakList1D>
</PeakList>
