<?xml version="1.0" encoding="UTF-8"?>
<PeakList>
  <PeakList1D>
    <PeakList1DHeader creator="nmr600" date="2019-09-07T11:49:20.488+02:00" expNo="101" name="6Sep0619" owner="" procNo="1" source="/opt/topspin3.0/data/nmr600/nmr">
      <PeakPickDetails>F1=219.446198ppm, F2=-19.452496ppm, MI=0.00cm, MAXI=10000.00cm, PC=1.400
      </PeakPickDetails>
    </PeakList1DHeader>
    <Peak1D F1="174.975174" intensity="-1.709316e+00" type="0"/>
    <Peak1D F1="169.547897" intensity="-3.436468e-02" type="0"/>
    <Peak1D F1="139.741058" intensity="-2.348894e+00" type="0"/>
    <Peak1D F1="137.925034" intensity="-2.711266e-02" type="0"/>
    <Peak1D F1="137.739716" intensity="-2.251419e+00" type="0"/>
    <Peak1D F1="134.985886" intensity="-4.055614e-02" type="0"/>
    <Peak1D F1="133.351334" intensity="-2.096400e+00" type="0"/>
    <Peak1D F1="133.195648" intensity="2.472946e-02" type="0"/>
    <Peak1D F1="132.954681" intensity="3.724771e-02" type="0"/>
    <Peak1D F1="132.770706" intensity="7.270148e+00" type="0"/>
    <Peak1D F1="131.608459" intensity="1.146964e-01" type="0"/>
    <Peak1D F1="131.293472" intensity="4.608422e-02" type="0"/>
    <Peak1D F1="131.108810" intensity="7.256368e+00" type="0"/>
    <Peak1D F1="130.920059" intensity="-3.432160e-02" type="0"/>
    <Peak1D F1="130.888016" intensity="2.985262e-02" type="0"/>
    <Peak1D F1="130.559509" intensity="8.690349e-02" type="0"/>
    <Peak1D F1="129.886230" intensity="2.377944e-02" type="0"/>
    <Peak1D F1="128.984512" intensity="4.647684e-01" type="0"/>
    <Peak1D F1="128.839874" intensity="9.810731e-02" type="0"/>
    <Peak1D F1="128.780914" intensity="1.127751e-01" type="0"/>
    <Peak1D F1="128.715225" intensity="1.690954e-01" type="0"/>
    <Peak1D F1="128.647980" intensity="1.466670e+01" type="0"/>
    <Peak1D F1="128.609268" intensity="2.561613e-01" type="0"/>
    <Peak1D F1="128.599380" intensity="4.829740e-01" type="0"/>
    <Peak1D F1="128.565826" intensity="3.396068e-02" type="0"/>
    <Peak1D F1="128.467514" intensity="-7.045610e-02" type="0"/>
    <Peak1D F1="128.455765" intensity="7.190300e-02" type="0"/>
    <Peak1D F1="128.252121" intensity="1.219623e-01" type="0"/>
    <Peak1D F1="127.968826" intensity="1.382903e-01" type="0"/>
    <Peak1D F1="127.801155" intensity="6.830908e+00" type="0"/>
    <Peak1D F1="127.704338" intensity="5.889113e-02" type="0"/>
    <Peak1D F1="127.240387" intensity="4.023770e-02" type="0"/>
    <Peak1D F1="127.137535" intensity="7.759124e-02" type="0"/>
    <Peak1D F1="127.095718" intensity="1.253807e-01" type="0"/>
    <Peak1D F1="126.967522" intensity="7.067049e+00" type="0"/>
    <Peak1D F1="126.920120" intensity="8.004571e-02" type="0"/>
    <Peak1D F1="126.822212" intensity="7.159925e+00" type="0"/>
    <Peak1D F1="126.786293" intensity="1.500000e+01" type="0"/>
    <Peak1D F1="126.733025" intensity="8.550238e-02" type="0"/>
    <Peak1D F1="126.725479" intensity="7.134565e-02" type="0"/>
    <Peak1D F1="126.718040" intensity="6.649177e-02" type="0"/>
    <Peak1D F1="126.701828" intensity="2.278184e-01" type="0"/>
    <Peak1D F1="126.641678" intensity="-3.552794e-02" type="0"/>
    <Peak1D F1="126.605423" intensity="-7.348329e-02" type="0"/>
    <Peak1D F1="126.576096" intensity="-6.085790e-02" type="0"/>
    <Peak1D F1="126.557800" intensity="6.573769e-02" type="0"/>
    <Peak1D F1="125.552284" intensity="-2.439935e-02" type="0"/>
    <Peak1D F1="125.226921" intensity="5.866511e-02" type="0"/>
    <Peak1D F1="125.168129" intensity="4.226090e-02" type="0"/>
    <Peak1D F1="123.734131" intensity="-2.930250e-02" type="0"/>
    <Peak1D F1="123.075058" intensity="4.238097e-02" type="0"/>
    <Peak1D F1="119.685585" intensity="4.951669e-02" type="0"/>
    <Peak1D F1="77.274826" intensity="-3.082083e+00" type="0"/>
    <Peak1D F1="77.062813" intensity="-3.370899e+00" type="0"/>
    <Peak1D F1="76.851074" intensity="-3.397067e+00" type="0"/>
    <Peak1D F1="60.596573" intensity="4.267994e-02" type="0"/>
    <Peak1D F1="60.444851" intensity="6.538486e+00" type="0"/>
    <Peak1D F1="60.296307" intensity="8.077893e-02" type="0"/>
    <Peak1D F1="60.268867" intensity="6.026778e-02" type="0"/>
    <Peak1D F1="53.455509" intensity="-4.544476e-02" type="0"/>
    <Peak1D F1="49.549820" intensity="-1.685169e-01" type="0"/>
    <Peak1D F1="46.895325" intensity="-4.326095e-01" type="0"/>
    <Peak1D F1="45.946594" intensity="-4.150361e-01" type="0"/>
    <Peak1D F1="42.317879" intensity="-4.135376e-01" type="0"/>
    <Peak1D F1="39.670120" intensity="-3.974801e-02" type="0"/>
    <Peak1D F1="39.550251" intensity="-1.001587e+01" type="0"/>
    <Peak1D F1="39.426338" intensity="-7.878261e-02" type="0"/>
    <Peak1D F1="33.804211" intensity="-4.402172e-02" type="0"/>
    <Peak1D F1="33.770149" intensity="3.460073e-02" type="0"/>
    <Peak1D F1="33.669621" intensity="-1.088481e+01" type="0"/>
    <Peak1D F1="33.538715" intensity="-8.643926e-02" type="0"/>
    <Peak1D F1="33.514637" intensity="-1.071590e-01" type="0"/>
    <Peak1D F1="30.953867" intensity="5.471627e-02" type="0"/>
    <Peak1D F1="29.715988" intensity="-7.733845e-02" type="0"/>
    <Peak1D F1="29.377628" intensity="-3.032238e-02" type="0"/>
    <Peak1D F1="26.172010" intensity="-3.827981e-01" type="0"/>
    <Peak1D F1="25.217810" intensity="-1.574284e-01" type="0"/>
    <Peak1D F1="24.369678" intensity="-3.660009e-01" type="0"/>
    <Peak1D F1="14.147959" intensity="2.983236e-02" type="0"/>
  </PeakList1D>
</PeakList>
