<?xml version="1.0" encoding="UTF-8"?>
<PeakList>
  <PeakList1D>
    <PeakList1DHeader creator="nmrsu" date="2023-08-03T15:59:16.709-05:00" expNo="1296010" name="Aug03-2023" owner="" procNo="1" source="G:/data/chem-synthesis-summer-a-team3/nmr">
      <PeakPickDetails>F1=219.460297ppm, F2=-19.460289ppm, MI=0.00cm, MAXI=10000.00cm, PC=1.400
      </PeakPickDetails>
    </PeakList1DHeader>
    <Peak1D F1="189.730164" intensity="2.212076e+000" type="0"/>
    <Peak1D F1="143.824463" intensity="2.756491e+000" type="0"/>
    <Peak1D F1="142.863602" intensity="5.376525e+000" type="0"/>
    <Peak1D F1="136.295731" intensity="2.906967e+000" type="0"/>
    <Peak1D F1="135.481964" intensity="2.010677e+000" type="0"/>
    <Peak1D F1="133.530197" intensity="2.205868e+000" type="0"/>
    <Peak1D F1="129.540115" intensity="1.209685e+001" type="0"/>
    <Peak1D F1="129.379318" intensity="1.291394e+001" type="0"/>
    <Peak1D F1="129.219666" intensity="1.500000e+001" type="0"/>
    <Peak1D F1="128.652222" intensity="1.402149e+001" type="0"/>
    <Peak1D F1="122.558754" intensity="3.830539e+000" type="0"/>
    <Peak1D F1="77.350136" intensity="3.376300e+001" type="0"/>
    <Peak1D F1="77.032425" intensity="3.414197e+001" type="0"/>
    <Peak1D F1="76.715027" intensity="3.398093e+001" type="0"/>
    <Peak1D F1="72.937729" intensity="3.099287e+000" type="0"/>
    <Peak1D F1="72.794823" intensity="1.902509e+000" type="0"/>
    <Peak1D F1="72.596992" intensity="2.476234e+000" type="0"/>
    <Peak1D F1="70.537575" intensity="3.144034e+000" type="0"/>
    <Peak1D F1="70.454994" intensity="3.240329e+000" type="0"/>
    <Peak1D F1="70.387352" intensity="2.956397e+000" type="0"/>
    <Peak1D F1="70.092682" intensity="1.718713e+000" type="0"/>
    <Peak1D F1="70.005486" intensity="2.915360e+000" type="0"/>
    <Peak1D F1="61.728104" intensity="2.213977e+000" type="0"/>
    <Peak1D F1="61.587189" intensity="3.222941e+000" type="0"/>
    <Peak1D F1="21.673910" intensity="4.650186e+000" type="0"/>
  </PeakList1D>
</PeakList>
