<?xml version="1.0" encoding="UTF-8"?>
<PeakList>
  <PeakList1D>
    <PeakList1DHeader creator="Lijin_Xu" date="2019-10-05T20:49:47.095+08:00" expNo="2" name="zh1-875-875" owner="" procNo="1" source="D:">
      <PeakPickDetails>F1=235.494ppm, F2=-15.494ppm, MI=0.00cm, MAXI=10000.00cm, PC=1.400
      </PeakPickDetails>
    </PeakList1DHeader>
    <Peak1D F1="163.9967" intensity="3.10" type="0"/>
    <Peak1D F1="154.6933" intensity="4.05" type="0"/>
    <Peak1D F1="152.2063" intensity="2.96" type="0"/>
    <Peak1D F1="149.7861" intensity="8.48" type="0"/>
    <Peak1D F1="140.3070" intensity="8.37" type="0"/>
    <Peak1D F1="138.3751" intensity="8.26" type="0"/>
    <Peak1D F1="124.4134" intensity="8.54" type="0"/>
    <Peak1D F1="123.9302" intensity="8.56" type="0"/>
    <Peak1D F1="118.2154" intensity="8.81" type="0"/>
    <Peak1D F1="102.3730" intensity="8.35" type="0"/>
    <Peak1D F1="77.4042" intensity="24.97" type="0"/>
    <Peak1D F1="77.0861" intensity="25.46" type="0"/>
    <Peak1D F1="76.7684" intensity="25.34" type="0"/>
    <Peak1D F1="41.7909" intensity="8.66" type="0"/>
    <Peak1D F1="33.2754" intensity="3.23" type="0"/>
    <Peak1D F1="33.1501" intensity="3.33" type="0"/>
    <Peak1D F1="25.8183" intensity="0.45" type="0"/>
    <Peak1D F1="25.2791" intensity="15.00" type="0"/>
  </PeakList1D>
</PeakList>
