<?xml version="1.0" encoding="UTF-8"?>
<PeakList>
  <PeakList1D>
    <PeakList1DHeader creator="JRomeo" date="2020-03-04T16:50:56" expNo="2" name="2JR103" owner="" procNo="1" source="C:\Bruker\TOPSPIN">
      <PeakPickDetails>F1=174.895ppm, F2=165.955ppm, MI=0.31cm, MAXI=2.07cm, PC=1.400
      </PeakPickDetails>
    </PeakList1DHeader>
    <Peak1D F1="170.5127" intensity="0.79" type="0"/>
    <Peak1D F1="170.1603" intensity="0.72" type="0"/>
    <Peak1D F1="169.9189" intensity="0.64" type="0"/>
    <Peak1D F1="169.1117" intensity="0.74" type="0"/>
  </PeakList1D>
  <PeakList1D>
    <PeakList1DHeader creator="JRomeo" date="2020-03-04T16:50:56" expNo="2" name="2JR103" owner="" procNo="1" source="C:\Bruker\TOPSPIN">
      <PeakPickDetails>F1=92.649ppm, F2=87.772ppm, MI=0.85cm, MAXI=2.86cm, PC=1.400
      </PeakPickDetails>
    </PeakList1DHeader>
    <Peak1D F1="89.9934" intensity="2.37" type="0"/>
  </PeakList1D>
  <PeakList1D>
    <PeakList1DHeader creator="JRomeo" date="2020-03-04T16:50:56" expNo="2" name="2JR103" owner="" procNo="1" source="C:\Bruker\TOPSPIN">
      <PeakPickDetails>F1=74.282ppm, F2=62.904ppm, MI=1.02cm, MAXI=3.81cm, PC=1.400
      </PeakPickDetails>
    </PeakList1DHeader>
    <Peak1D F1="70.6122" intensity="2.24" type="0"/>
    <Peak1D F1="67.8486" intensity="2.34" type="0"/>
    <Peak1D F1="67.2965" intensity="2.48" type="0"/>
    <Peak1D F1="66.5011" intensity="2.27" type="0"/>
  </PeakList1D>
  <PeakList1D>
    <PeakList1DHeader creator="JRomeo" date="2020-03-04T16:50:56" expNo="2" name="2JR103" owner="" procNo="1" source="C:\Bruker\TOPSPIN">
      <PeakPickDetails>F1=27.632ppm, F2=9.427ppm, MI=0.78cm, MAXI=4.05cm, PC=1.400
      </PeakPickDetails>
    </PeakList1DHeader>
    <Peak1D F1="20.9032" intensity="1.67" type="0"/>
    <Peak1D F1="20.6604" intensity="1.69" type="0"/>
    <Peak1D F1="20.5944" intensity="1.65" type="0"/>
    <Peak1D F1="20.5536" intensity="1.78" type="0"/>
    <Peak1D F1="15.9309" intensity="2.48" type="0"/>
  </PeakList1D>
</PeakList>
