<?xml version="1.0" encoding="UTF-8"?>
<PeakList>
  <PeakList1D>
    <PeakList1DHeader creator="nmr600" date="2019-07-25T18:44:59.793+02:00" expNo="102" name="6Jul2519" owner="" procNo="1" source="/opt/topspin3.0/data/nmr600/nmr">
      <PeakPickDetails>F1=-44.820339ppm, F2=-105.179672ppm, MI=0.00cm, MAXI=10000.00cm, PC=1.000
      </PeakPickDetails>
    </PeakList1DHeader>
    <Peak1D F1="-51.354389" intensity="5.441553e-04" type="0"/>
    <Peak1D F1="-72.353523" intensity="5.619012e-04" type="0"/>
    <Peak1D F1="-72.442963" intensity="5.577801e-04" type="0"/>
    <Peak1D F1="-72.915764" intensity="7.497690e-04" type="0"/>
    <Peak1D F1="-72.965561" intensity="5.721653e-04" type="0"/>
    <Peak1D F1="-73.057320" intensity="6.897714e-04" type="0"/>
    <Peak1D F1="-73.124451" intensity="5.660184e-04" type="0"/>
    <Peak1D F1="-73.185448" intensity="9.259021e-04" type="0"/>
    <Peak1D F1="-73.218704" intensity="7.350543e-04" type="0"/>
    <Peak1D F1="-73.308876" intensity="6.126815e-04" type="0"/>
    <Peak1D F1="-73.373016" intensity="6.008400e-04" type="0"/>
    <Peak1D F1="-73.654007" intensity="5.752837e-04" type="0"/>
    <Peak1D F1="-73.728569" intensity="7.031635e-04" type="0"/>
    <Peak1D F1="-73.877739" intensity="2.720508e-03" type="0"/>
    <Peak1D F1="-74.567406" intensity="4.063195e-03" type="0"/>
    <Peak1D F1="-74.665192" intensity="5.408467e-04" type="0"/>
    <Peak1D F1="-74.790947" intensity="7.289384e-04" type="0"/>
    <Peak1D F1="-75.281387" intensity="6.205756e-04" type="0"/>
    <Peak1D F1="-75.297569" intensity="8.593064e-04" type="0"/>
    <Peak1D F1="-75.358635" intensity="6.884008e-04" type="0"/>
    <Peak1D F1="-75.568886" intensity="5.539002e-04" type="0"/>
    <Peak1D F1="-75.671745" intensity="5.774087e-04" type="0"/>
    <Peak1D F1="-75.812775" intensity="5.878431e-04" type="0"/>
    <Peak1D F1="-75.841385" intensity="5.506317e-04" type="0"/>
    <Peak1D F1="-75.856049" intensity="1.507068e-03" type="0"/>
    <Peak1D F1="-75.957199" intensity="6.237510e-04" type="0"/>
    <Peak1D F1="-75.992386" intensity="7.327698e-04" type="0"/>
    <Peak1D F1="-76.008598" intensity="6.635115e-04" type="0"/>
    <Peak1D F1="-76.048683" intensity="9.537366e-04" type="0"/>
    <Peak1D F1="-76.633141" intensity="5.751197e-04" type="0"/>
    <Peak1D F1="-76.722771" intensity="6.699737e-04" type="0"/>
    <Peak1D F1="-76.794418" intensity="6.776129e-04" type="0"/>
    <Peak1D F1="-76.827660" intensity="6.728934e-04" type="0"/>
    <Peak1D F1="-76.940712" intensity="5.854623e-04" type="0"/>
    <Peak1D F1="-76.985161" intensity="7.051517e-04" type="0"/>
    <Peak1D F1="-77.010132" intensity="5.689950e-04" type="0"/>
    <Peak1D F1="-77.091431" intensity="6.853106e-04" type="0"/>
    <Peak1D F1="-77.129974" intensity="6.970134e-04" type="0"/>
    <Peak1D F1="-77.136314" intensity="6.748637e-04" type="0"/>
    <Peak1D F1="-77.197189" intensity="7.321898e-04" type="0"/>
    <Peak1D F1="-77.215393" intensity="8.075741e-04" type="0"/>
    <Peak1D F1="-77.280029" intensity="6.762330e-04" type="0"/>
    <Peak1D F1="-77.299294" intensity="8.224782e-04" type="0"/>
    <Peak1D F1="-77.326668" intensity="1.562902e-03" type="0"/>
    <Peak1D F1="-77.333321" intensity="8.286015e-04" type="0"/>
    <Peak1D F1="-77.375542" intensity="9.590179e-04" type="0"/>
    <Peak1D F1="-77.398720" intensity="1.010087e-03" type="0"/>
    <Peak1D F1="-77.409927" intensity="9.106339e-04" type="0"/>
    <Peak1D F1="-77.468330" intensity="1.369647e-03" type="0"/>
    <Peak1D F1="-77.499222" intensity="9.621738e-04" type="0"/>
    <Peak1D F1="-77.521065" intensity="9.365833e-04" type="0"/>
    <Peak1D F1="-77.555550" intensity="1.386499e-03" type="0"/>
    <Peak1D F1="-77.575798" intensity="1.077052e-03" type="0"/>
    <Peak1D F1="-77.638390" intensity="9.489579e-04" type="0"/>
    <Peak1D F1="-77.656876" intensity="1.027460e-03" type="0"/>
    <Peak1D F1="-77.672157" intensity="1.073475e-03" type="0"/>
    <Peak1D F1="-77.758888" intensity="1.228963e-03" type="0"/>
    <Peak1D F1="-77.841827" intensity="1.435422e-03" type="0"/>
    <Peak1D F1="-77.886185" intensity="1.532038e-03" type="0"/>
    <Peak1D F1="-77.929970" intensity="1.662368e-03" type="0"/>
    <Peak1D F1="-77.971504" intensity="1.933348e-03" type="0"/>
    <Peak1D F1="-78.107895" intensity="8.458092e-02" type="0"/>
    <Peak1D F1="-78.177109" intensity="9.055598e-03" type="0"/>
    <Peak1D F1="-78.263222" intensity="1.500000e+01" type="0"/>
    <Peak1D F1="-78.673965" intensity="8.417839e-02" type="0"/>
    <Peak1D F1="-79.203918" intensity="2.724105e-03" type="0"/>
    <Peak1D F1="-87.517982" intensity="5.569885e-04" type="0"/>
    <Peak1D F1="-99.488190" intensity="5.422867e-04" type="0"/>
  </PeakList1D>
</PeakList>
