<?xml version="1.0" encoding="UTF-8"?>
<PeakList modified="2020-01-31T15:24:34">
  <PeakList1D>
    <PeakList1DHeader creator="Dell" date="2020-01-31T15:24:34" expNo="1" name="SDT478" owner="" procNo="1" source="C:/Users/Dell/Desktop/NMR/Boronate">
      <PeakPickDetails>F1=7.871703ppm, F2=6.369776ppm, MI=0.54cm, MAXI=1.65cm, PC=1.000
      </PeakPickDetails>
    </PeakList1DHeader>
    <Peak1D F1="7.259554" intensity="1.159436" type="0"/>
  </PeakList1D>
  <PeakList1D>
    <PeakList1DHeader creator="Dell" date="2020-01-31T15:24:34" expNo="1" name="SDT478" owner="" procNo="1" source="C:/Users/Dell/Desktop/NMR/Boronate">
      <PeakPickDetails>F1=4.235750ppm, F2=4.087751ppm, MI=0.44cm, MAXI=2.11cm, PC=1.000
      </PeakPickDetails>
    </PeakList1DHeader>
    <Peak1D F1="4.164589" intensity="0.8879848" type="0"/>
    <Peak1D F1="4.155664" intensity="1.767605" type="0"/>
    <Peak1D F1="4.146787" intensity="0.924238" type="0"/>
  </PeakList1D>
  <PeakList1D>
    <PeakList1DHeader creator="Dell" date="2020-01-31T15:24:34" expNo="1" name="SDT478" owner="" procNo="1" source="C:/Users/Dell/Desktop/NMR/Boronate">
      <PeakPickDetails>F1=4.072764ppm, F2=4.029676ppm, MI=0.06cm, MAXI=0.14cm, PC=1.000
      </PeakPickDetails>
    </PeakList1DHeader>
    <Peak1D F1="4.048343" intensity="0.06244562" type="0"/>
  </PeakList1D>
  <PeakList1D>
    <PeakList1DHeader creator="Dell" date="2020-01-31T15:24:34" expNo="1" name="SDT478" owner="" procNo="1" source="C:/Users/Dell/Desktop/NMR/Boronate">
      <PeakPickDetails>F1=3.761781ppm, F2=3.630643ppm, MI=0.26cm, MAXI=2.16cm, PC=1.000
      </PeakPickDetails>
    </PeakList1DHeader>
    <Peak1D F1="3.724432" intensity="0.9312645" type="0"/>
    <Peak1D F1="3.715439" intensity="1.828709" type="0"/>
    <Peak1D F1="3.706458" intensity="0.9580694" type="0"/>
  </PeakList1D>
  <PeakList1D>
    <PeakList1DHeader creator="Dell" date="2020-01-31T15:24:34" expNo="1" name="SDT478" owner="" procNo="1" source="C:/Users/Dell/Desktop/NMR/Boronate">
      <PeakPickDetails>F1=1.895132ppm, F2=1.824460ppm, MI=0.10cm, MAXI=1.57cm, PC=1.000
      </PeakPickDetails>
    </PeakList1DHeader>
    <Peak1D F1="1.876146" intensity="0.2229558" type="0"/>
    <Peak1D F1="1.867287" intensity="0.8782082" type="0"/>
    <Peak1D F1="1.858325" intensity="1.30626" type="0"/>
    <Peak1D F1="1.849364" intensity="0.8774639" type="0"/>
    <Peak1D F1="1.840481" intensity="0.234057" type="0"/>
  </PeakList1D>
  <PeakList1D>
    <PeakList1DHeader creator="Dell" date="2020-01-31T15:24:34" expNo="1" name="SDT478" owner="" procNo="1" source="C:/Users/Dell/Desktop/NMR/Boronate">
      <PeakPickDetails>F1=1.272101ppm, F2=1.056364ppm, MI=2.00cm, MAXI=10.73cm, PC=1.000
      </PeakPickDetails>
    </PeakList1DHeader>
    <Peak1D F1="1.199533" intensity="9.412443" type="0"/>
    <Peak1D F1="1.189817" intensity="9.28686" type="0"/>
  </PeakList1D>
  <PeakList1D>
    <PeakList1DHeader creator="Dell" date="2020-01-31T15:24:34" expNo="1" name="SDT478" owner="" procNo="1" source="C:/Users/Dell/Desktop/NMR/Boronate">
      <PeakPickDetails>F1=0.981972ppm, F2=0.781114ppm, MI=4.06cm, MAXI=29.18cm, PC=1.000
      </PeakPickDetails>
    </PeakList1DHeader>
    <Peak1D F1="0.885562" intensity="15.0" type="0"/>
  </PeakList1D>
  <PeakList1D>
    <PeakList1DHeader creator="Dell" date="2020-01-31T15:24:34" expNo="1" name="SDT478" owner="" procNo="1" source="C:/Users/Dell/Desktop/NMR/Boronate">
      <PeakPickDetails>F1=0.133905ppm, F2=-0.066953ppm, MI=2.37cm, MAXI=15.33cm, PC=1.000
      </PeakPickDetails>
    </PeakList1DHeader>
    <Peak1D F1="0.042805" intensity="10.32788" type="0"/>
  </PeakList1D>
</PeakList>
