<?xml version="1.0" encoding="UTF-8"?>
<PeakList>
  <PeakList1D>
    <PeakList1DHeader creator="nmrsu" date="2023-07-27T05:38:55.541-05:00" expNo="1273210" name="Jul26-2023" owner="" procNo="1" source="G:/data/chem-synthesis-summer-a-team3/nmr">
      <PeakPickDetails>F1=16.187771ppm, F2=-3.837772ppm, MI=0.00cm, MAXI=10000.00cm, PC=1.000
      </PeakPickDetails>
    </PeakList1DHeader>
    <Peak1D F1="15.824597" intensity="1.022471e-003" type="0"/>
    <Peak1D F1="15.709696" intensity="1.129172e-003" type="0"/>
    <Peak1D F1="15.684418" intensity="1.035334e-003" type="0"/>
    <Peak1D F1="15.569738" intensity="1.014702e-003" type="0"/>
    <Peak1D F1="15.351113" intensity="1.234874e-003" type="0"/>
    <Peak1D F1="15.292848" intensity="1.135907e-003" type="0"/>
    <Peak1D F1="11.994967" intensity="1.010231e-003" type="0"/>
    <Peak1D F1="9.964735" intensity="1.126803e-003" type="0"/>
    <Peak1D F1="9.680120" intensity="1.011238e-003" type="0"/>
    <Peak1D F1="8.970551" intensity="9.981550e-004" type="0"/>
    <Peak1D F1="8.066982" intensity="1.246648e-003" type="0"/>
    <Peak1D F1="8.022017" intensity="1.141574e-003" type="0"/>
    <Peak1D F1="7.976575" intensity="2.161042e-003" type="0"/>
    <Peak1D F1="7.923393" intensity="9.925756e-003" type="0"/>
    <Peak1D F1="7.904708" intensity="1.154962e-002" type="0"/>
    <Peak1D F1="7.858125" intensity="4.246404e-003" type="0"/>
    <Peak1D F1="7.721427" intensity="1.750563e+000" type="0"/>
    <Peak1D F1="7.701510" intensity="1.875996e+000" type="0"/>
    <Peak1D F1="7.618320" intensity="6.082172e-003" type="0"/>
    <Peak1D F1="7.542819" intensity="6.734978e-003" type="0"/>
    <Peak1D F1="7.496041" intensity="1.621207e-002" type="0"/>
    <Peak1D F1="7.454688" intensity="6.808108e-003" type="0"/>
    <Peak1D F1="7.432904" intensity="8.136746e-003" type="0"/>
    <Peak1D F1="7.394233" intensity="2.423632e-002" type="0"/>
    <Peak1D F1="7.307202" intensity="1.812658e+000" type="0"/>
    <Peak1D F1="7.286479" intensity="1.916714e+000" type="0"/>
    <Peak1D F1="7.261085" intensity="4.212607e-001" type="0"/>
    <Peak1D F1="7.214071" intensity="5.821514e-001" type="0"/>
    <Peak1D F1="7.198002" intensity="1.170384e+000" type="0"/>
    <Peak1D F1="7.171829" intensity="5.213257e-001" type="0"/>
    <Peak1D F1="7.153149" intensity="3.775534e-001" type="0"/>
    <Peak1D F1="7.105952" intensity="1.196061e-002" type="0"/>
    <Peak1D F1="7.087153" intensity="1.050529e-002" type="0"/>
    <Peak1D F1="7.055025" intensity="3.048921e-003" type="0"/>
    <Peak1D F1="7.018160" intensity="6.048362e-003" type="0"/>
    <Peak1D F1="7.000218" intensity="7.944461e-003" type="0"/>
    <Peak1D F1="6.982583" intensity="2.398060e-003" type="0"/>
    <Peak1D F1="6.971028" intensity="3.600414e-003" type="0"/>
    <Peak1D F1="6.949256" intensity="2.963542e-003" type="0"/>
    <Peak1D F1="6.893737" intensity="1.235084e-003" type="0"/>
    <Peak1D F1="6.878538" intensity="1.098818e-003" type="0"/>
    <Peak1D F1="6.857208" intensity="1.306224e-003" type="0"/>
    <Peak1D F1="6.798181" intensity="1.012088e-003" type="0"/>
    <Peak1D F1="6.220350" intensity="1.041574e-003" type="0"/>
    <Peak1D F1="5.308645" intensity="2.350698e-003" type="0"/>
    <Peak1D F1="5.154945" intensity="9.962785e-004" type="0"/>
    <Peak1D F1="4.166677" intensity="8.530611e-003" type="0"/>
    <Peak1D F1="4.148160" intensity="2.526868e-002" type="0"/>
    <Peak1D F1="4.130349" intensity="2.559337e-002" type="0"/>
    <Peak1D F1="4.112777" intensity="8.577028e-003" type="0"/>
    <Peak1D F1="3.961228" intensity="1.693309e-003" type="0"/>
    <Peak1D F1="3.911069" intensity="1.494855e-003" type="0"/>
    <Peak1D F1="3.824235" intensity="5.412315e-003" type="0"/>
    <Peak1D F1="3.777156" intensity="5.119848e-003" type="0"/>
    <Peak1D F1="3.681099" intensity="1.911634e-002" type="0"/>
    <Peak1D F1="3.551024" intensity="1.739323e-001" type="0"/>
    <Peak1D F1="3.522390" intensity="1.715880e-001" type="0"/>
    <Peak1D F1="3.504378" intensity="2.097447e-001" type="0"/>
    <Peak1D F1="3.486843" intensity="1.900923e-001" type="0"/>
    <Peak1D F1="3.469559" intensity="1.091631e-001" type="0"/>
    <Peak1D F1="3.441145" intensity="7.101956e-002" type="0"/>
    <Peak1D F1="3.422995" intensity="8.180734e-002" type="0"/>
    <Peak1D F1="3.405175" intensity="8.206502e-002" type="0"/>
    <Peak1D F1="3.386511" intensity="7.613131e-002" type="0"/>
    <Peak1D F1="3.270928" intensity="1.304021e+000" type="0"/>
    <Peak1D F1="3.253066" intensity="3.505521e+000" type="0"/>
    <Peak1D F1="3.235198" intensity="3.496855e+000" type="0"/>
    <Peak1D F1="3.217391" intensity="1.202630e+000" type="0"/>
    <Peak1D F1="3.096138" intensity="1.237817e-002" type="0"/>
    <Peak1D F1="3.078620" intensity="2.296644e-002" type="0"/>
    <Peak1D F1="3.060587" intensity="2.185125e-002" type="0"/>
    <Peak1D F1="3.042925" intensity="9.132318e-003" type="0"/>
    <Peak1D F1="3.018005" intensity="2.835527e-003" type="0"/>
    <Peak1D F1="3.005419" intensity="3.012993e-003" type="0"/>
    <Peak1D F1="2.989592" intensity="3.169703e-003" type="0"/>
    <Peak1D F1="2.938360" intensity="1.590264e-003" type="0"/>
    <Peak1D F1="2.906192" intensity="1.447855e-003" type="0"/>
    <Peak1D F1="2.882211" intensity="1.497967e-003" type="0"/>
    <Peak1D F1="2.810950" intensity="1.151265e-003" type="0"/>
    <Peak1D F1="2.774190" intensity="1.438867e-003" type="0"/>
    <Peak1D F1="2.765640" intensity="1.712670e-003" type="0"/>
    <Peak1D F1="2.707889" intensity="2.116595e-002" type="0"/>
    <Peak1D F1="2.673276" intensity="3.408157e-003" type="0"/>
    <Peak1D F1="2.587308" intensity="3.950613e-002" type="0"/>
    <Peak1D F1="2.539716" intensity="3.016920e-002" type="0"/>
    <Peak1D F1="2.430270" intensity="6.198047e+000" type="0"/>
    <Peak1D F1="2.382914" intensity="3.458621e+000" type="0"/>
    <Peak1D F1="2.339197" intensity="9.348349e-003" type="0"/>
    <Peak1D F1="2.306784" intensity="5.913623e-003" type="0"/>
    <Peak1D F1="2.269781" intensity="3.551206e-002" type="0"/>
    <Peak1D F1="2.222605" intensity="2.114695e-002" type="0"/>
    <Peak1D F1="2.202243" intensity="3.786748e-003" type="0"/>
    <Peak1D F1="2.180657" intensity="1.240725e-002" type="0"/>
    <Peak1D F1="2.157763" intensity="3.270942e-003" type="0"/>
    <Peak1D F1="2.109986" intensity="4.159220e-003" type="0"/>
    <Peak1D F1="2.055885" intensity="1.118505e-001" type="0"/>
    <Peak1D F1="2.020176" intensity="8.820359e-003" type="0"/>
    <Peak1D F1="1.957478" intensity="2.549221e-002" type="0"/>
    <Peak1D F1="1.939510" intensity="8.905187e-002" type="0"/>
    <Peak1D F1="1.921481" intensity="2.328108e-001" type="0"/>
    <Peak1D F1="1.903277" intensity="3.958423e-001" type="0"/>
    <Peak1D F1="1.885265" intensity="4.300041e-001" type="0"/>
    <Peak1D F1="1.867240" intensity="3.003497e-001" type="0"/>
    <Peak1D F1="1.849242" intensity="1.413068e-001" type="0"/>
    <Peak1D F1="1.830661" intensity="6.745002e-002" type="0"/>
    <Peak1D F1="1.781654" intensity="5.029696e-001" type="0"/>
    <Peak1D F1="1.767207" intensity="5.604801e-001" type="0"/>
    <Peak1D F1="1.754558" intensity="6.194990e-001" type="0"/>
    <Peak1D F1="1.737934" intensity="5.992466e-001" type="0"/>
    <Peak1D F1="1.726088" intensity="4.891974e-001" type="0"/>
    <Peak1D F1="1.709124" intensity="2.807651e-001" type="0"/>
    <Peak1D F1="1.673280" intensity="1.581115e-001" type="0"/>
    <Peak1D F1="1.653883" intensity="3.898147e-001" type="0"/>
    <Peak1D F1="1.644081" intensity="5.630082e-001" type="0"/>
    <Peak1D F1="1.634526" intensity="7.177756e-001" type="0"/>
    <Peak1D F1="1.617708" intensity="5.395530e-001" type="0"/>
    <Peak1D F1="1.594514" intensity="3.100145e-001" type="0"/>
    <Peak1D F1="1.577450" intensity="3.890676e-001" type="0"/>
    <Peak1D F1="1.560216" intensity="4.656000e-001" type="0"/>
    <Peak1D F1="1.546601" intensity="6.857510e-001" type="0"/>
    <Peak1D F1="1.529448" intensity="7.521389e-001" type="0"/>
    <Peak1D F1="1.518239" intensity="5.769204e-001" type="0"/>
    <Peak1D F1="1.479287" intensity="1.440803e-001" type="0"/>
    <Peak1D F1="1.448376" intensity="3.784432e-001" type="0"/>
    <Peak1D F1="1.407019" intensity="2.480906e-001" type="0"/>
    <Peak1D F1="1.389376" intensity="5.055528e-001" type="0"/>
    <Peak1D F1="1.374501" intensity="8.500391e-001" type="0"/>
    <Peak1D F1="1.356478" intensity="1.534109e+000" type="0"/>
    <Peak1D F1="1.340439" intensity="2.477874e+000" type="0"/>
    <Peak1D F1="1.325187" intensity="4.210049e+000" type="0"/>
    <Peak1D F1="1.288406" intensity="1.279118e+001" type="0"/>
    <Peak1D F1="1.245217" intensity="1.069370e+000" type="0"/>
    <Peak1D F1="1.227879" intensity="8.735536e-001" type="0"/>
    <Peak1D F1="1.214669" intensity="5.990404e-001" type="0"/>
    <Peak1D F1="1.210790" intensity="5.938772e-001" type="0"/>
    <Peak1D F1="1.208175" intensity="5.914266e-001" type="0"/>
    <Peak1D F1="1.196146" intensity="8.622882e-001" type="0"/>
    <Peak1D F1="1.179335" intensity="1.488659e+000" type="0"/>
    <Peak1D F1="1.160836" intensity="5.013621e+000" type="0"/>
    <Peak1D F1="1.142915" intensity="8.021550e+000" type="0"/>
    <Peak1D F1="1.125309" intensity="4.195603e+000" type="0"/>
    <Peak1D F1="1.112052" intensity="9.810607e-001" type="0"/>
    <Peak1D F1="1.097448" intensity="7.732793e-001" type="0"/>
    <Peak1D F1="1.080002" intensity="7.141776e-001" type="0"/>
    <Peak1D F1="1.068146" intensity="6.850929e-001" type="0"/>
    <Peak1D F1="1.049808" intensity="5.834992e-001" type="0"/>
    <Peak1D F1="1.030519" intensity="3.355778e-001" type="0"/>
    <Peak1D F1="0.994515" intensity="3.143957e+000" type="0"/>
    <Peak1D F1="0.978027" intensity="3.034683e+000" type="0"/>
    <Peak1D F1="0.919704" intensity="7.208938e+000" type="0"/>
    <Peak1D F1="0.904118" intensity="1.500000e+001" type="0"/>
    <Peak1D F1="0.895716" intensity="9.825462e+000" type="0"/>
    <Peak1D F1="0.888078" intensity="8.221492e+000" type="0"/>
    <Peak1D F1="0.876693" intensity="1.146927e+001" type="0"/>
    <Peak1D F1="0.857593" intensity="5.744173e+000" type="0"/>
    <Peak1D F1="0.763045" intensity="6.099074e-002" type="0"/>
    <Peak1D F1="0.746797" intensity="1.041123e-001" type="0"/>
    <Peak1D F1="0.738823" intensity="6.661155e-002" type="0"/>
    <Peak1D F1="0.729948" intensity="6.217919e-002" type="0"/>
    <Peak1D F1="0.719531" intensity="7.683526e-002" type="0"/>
    <Peak1D F1="0.700591" intensity="4.306151e-002" type="0"/>
    <Peak1D F1="0.632350" intensity="7.011977e-003" type="0"/>
    <Peak1D F1="0.411343" intensity="3.003512e-003" type="0"/>
    <Peak1D F1="0.347645" intensity="2.262107e-003" type="0"/>
    <Peak1D F1="0.235945" intensity="1.529501e-003" type="0"/>
    <Peak1D F1="0.216162" intensity="1.561419e-003" type="0"/>
    <Peak1D F1="0.093589" intensity="2.975923e-003" type="0"/>
    <Peak1D F1="-0.007342" intensity="1.158499e-003" type="0"/>
    <Peak1D F1="-0.107426" intensity="1.166293e-003" type="0"/>
    <Peak1D F1="-2.341974" intensity="1.053323e-003" type="0"/>
  </PeakList1D>
</PeakList>
