<?xml version="1.0" encoding="UTF-8"?>
<PeakList modified="2020-02-03T11:53:06">
  <PeakList1D>
    <PeakList1DHeader creator="Dell" date="2020-02-03T11:51:52" expNo="3" name="SDT323B2" owner="" procNo="1" source="C:/Users/Dell/Desktop/NMR/E synthesis">
      <PeakPickDetails>F1=122.411064ppm, F2=106.398605ppm, MI=1.03cm, MAXI=6.47cm, PC=1.400
      </PeakPickDetails>
    </PeakList1DHeader>
    <Peak1D F1="120.083504" intensity="4.392415" type="0"/>
    <Peak1D F1="119.411148" intensity="4.203097" type="0"/>
    <Peak1D F1="115.807968" intensity="4.119916" type="0"/>
    <Peak1D F1="109.786507" intensity="2.824071" type="0"/>
  </PeakList1D>
  <PeakList1D>
    <PeakList1DHeader creator="Dell" date="2020-02-03T11:51:52" expNo="3" name="SDT323B2" owner="" procNo="1" source="C:/Users/Dell/Desktop/NMR/E synthesis">
      <PeakPickDetails>F1=59.625355ppm, F2=53.304646ppm, MI=1.93cm, MAXI=7.19cm, PC=1.400
      </PeakPickDetails>
    </PeakList1DHeader>
    <Peak1D F1="56.025204" intensity="5.967958" type="0"/>
  </PeakList1D>
  <PeakList1D>
    <PeakList1DHeader creator="Dell" date="2020-02-03T11:51:52" expNo="3" name="SDT323B2" owner="" procNo="1" source="C:/Users/Dell/Desktop/NMR/E synthesis">
      <PeakPickDetails>F1=29.918022ppm, F2=-14.537631ppm, MI=2.14cm, MAXI=16.00cm, PC=1.400
      </PeakPickDetails>
    </PeakList1DHeader>
    <Peak1D F1="26.097408" intensity="2.263221" type="0"/>
    <Peak1D F1="26.092731" intensity="15.0" type="0"/>
    <Peak1D F1="-5.09793" intensity="7.251159" type="0"/>
  </PeakList1D>
  <PeakList1D>
    <PeakList1DHeader creator="Dell@Dell-PC" date="2020-02-03T11:53:08" expNo="3" name="SDT323B2" owner="Dell" procNo="1" source="C:/Users/Dell/Desktop/NMR/E synthesis">
      <PeakPickDetails>Manually picked peaks
</PeakPickDetails>
    </PeakList1DHeader>
    <Peak1D F1="66.89984083544034" intensity="-4.125254048174606" type="1"/>
    <Peak1D F1="62.79224471932508" intensity="-4.042886198520967" type="1"/>
    <Peak1D F1="31.643751275340687" intensity="-2.926142825430564" type="1"/>
    <Peak1D F1="25.90720526005216" intensity="-3.6864358975212626" type="1"/>
  </PeakList1D>
</PeakList>
