<?xml version="1.0" encoding="UTF-8"?>
<PeakList modified="2019-09-22T13:10:14">
  <PeakList1D>
    <PeakList1DHeader creator="tanpures" date="2019-09-22T13:10:14" expNo="1" name="SDT431" owner="" procNo="1" source="/opt/osu/chemistry/data/tanpures/nmr">
      <PeakPickDetails>F1=7.766021ppm, F2=5.395747ppm, MI=0.34cm, MAXI=9.93cm, PC=1.000
      </PeakPickDetails>
    </PeakList1DHeader>
    <Peak1D F1="7.259746" intensity="4.407196" type="0"/>
    <Peak1D F1="7.009836" intensity="1.385016" type="0"/>
    <Peak1D F1="6.998833" intensity="1.642603" type="0"/>
    <Peak1D F1="6.972662" intensity="7.708819" type="0"/>
    <Peak1D F1="6.88403" intensity="0.8292993" type="0"/>
    <Peak1D F1="6.872592" intensity="1.97327" type="0"/>
    <Peak1D F1="6.861496" intensity="1.310221" type="0"/>
    <Peak1D F1="6.840792" intensity="1.956445" type="0"/>
    <Peak1D F1="6.82935" intensity="1.049094" type="0"/>
    <Peak1D F1="6.248203" intensity="0.8900891" type="0"/>
    <Peak1D F1="6.243565" intensity="1.671715" type="0"/>
    <Peak1D F1="6.238935" intensity="0.8980196" type="0"/>
  </PeakList1D>
  <PeakList1D>
    <PeakList1DHeader creator="tanpures" date="2019-09-22T13:10:14" expNo="1" name="SDT431" owner="" procNo="1" source="/opt/osu/chemistry/data/tanpures/nmr">
      <PeakPickDetails>F1=4.788725ppm, F2=4.229880ppm, MI=0.32cm, MAXI=2.17cm, PC=1.000
      </PeakPickDetails>
    </PeakList1DHeader>
    <Peak1D F1="4.484565" intensity="0.4217818" type="0"/>
    <Peak1D F1="4.479503" intensity="0.7679155" type="0"/>
    <Peak1D F1="4.474267" intensity="0.4666977" type="0"/>
    <Peak1D F1="4.468843" intensity="0.5314992" type="0"/>
    <Peak1D F1="4.463816" intensity="0.8985324" type="0"/>
    <Peak1D F1="4.45859" intensity="0.4837207" type="0"/>
    <Peak1D F1="4.305177" intensity="0.6054876" type="0"/>
    <Peak1D F1="4.289508" intensity="1.043144" type="0"/>
    <Peak1D F1="4.273939" intensity="0.494601" type="0"/>
  </PeakList1D>
  <PeakList1D>
    <PeakList1DHeader creator="tanpures" date="2019-09-22T13:10:14" expNo="1" name="SDT431" owner="" procNo="1" source="/opt/osu/chemistry/data/tanpures/nmr">
      <PeakPickDetails>F1=3.969728ppm, F2=3.757752ppm, MI=1.16cm, MAXI=12.94cm, PC=1.000
      </PeakPickDetails>
    </PeakList1DHeader>
    <Peak1D F1="3.870481" intensity="12.13763" type="0"/>
  </PeakList1D>
  <PeakList1D>
    <PeakList1DHeader creator="tanpures" date="2019-09-22T13:10:14" expNo="1" name="SDT431" owner="" procNo="1" source="/opt/osu/chemistry/data/tanpures/nmr">
      <PeakPickDetails>F1=3.064013ppm, F2=1.984864ppm, MI=0.44cm, MAXI=3.77cm, PC=1.000
      </PeakPickDetails>
    </PeakList1DHeader>
    <Peak1D F1="2.87863" intensity="0.7129114" type="0"/>
    <Peak1D F1="2.869009" intensity="1.725806" type="0"/>
    <Peak1D F1="2.859335" intensity="2.308886" type="0"/>
    <Peak1D F1="2.849646" intensity="1.743365" type="0"/>
    <Peak1D F1="2.839931" intensity="0.7017835" type="0"/>
    <Peak1D F1="2.368469" intensity="0.548755" type="0"/>
    <Peak1D F1="2.364742" intensity="0.6311077" type="0"/>
    <Peak1D F1="2.346758" intensity="0.5290171" type="0"/>
    <Peak1D F1="2.243407" intensity="0.8209373" type="0"/>
    <Peak1D F1="2.239427" intensity="0.8399769" type="0"/>
    <Peak1D F1="2.22223" intensity="0.6168977" type="0"/>
    <Peak1D F1="2.218245" intensity="0.5991612" type="0"/>
  </PeakList1D>
  <PeakList1D>
    <PeakList1DHeader creator="tanpures" date="2019-09-22T13:10:14" expNo="1" name="SDT431" owner="" procNo="1" source="/opt/osu/chemistry/data/tanpures/nmr">
      <PeakPickDetails>F1=1.345634ppm, F2=0.733982ppm, MI=3.01cm, MAXI=20.80cm, PC=1.000
      </PeakPickDetails>
    </PeakList1DHeader>
    <Peak1D F1="1.225921" intensity="15.0" type="0"/>
    <Peak1D F1="1.215984" intensity="14.22188" type="0"/>
    <Peak1D F1="1.164428" intensity="10.65954" type="0"/>
    <Peak1D F1="1.154721" intensity="10.58284" type="0"/>
  </PeakList1D>
</PeakList>
