<?xml version="1.0" encoding="UTF-8"?>
<PeakList>
  <PeakList1D>
    <PeakList1DHeader creator="nmr600" date="2019-07-25T10:03:43.568+02:00" expNo="25" name="6Jul2519" owner="" procNo="1" source="/opt/topspin3.0/data/nmr600/nmr">
      <PeakPickDetails>F1=-44.820339ppm, F2=-105.179672ppm, MI=0.00cm, MAXI=10000.00cm, PC=1.000
      </PeakPickDetails>
    </PeakList1DHeader>
    <Peak1D F1="-65.085564" intensity="1.662838e-03" type="0"/>
    <Peak1D F1="-65.104805" intensity="1.295800e-03" type="0"/>
    <Peak1D F1="-65.146530" intensity="1.260978e-03" type="0"/>
    <Peak1D F1="-65.165329" intensity="1.914585e-03" type="0"/>
    <Peak1D F1="-65.184364" intensity="2.764994e-03" type="0"/>
    <Peak1D F1="-65.204712" intensity="1.626257e-03" type="0"/>
    <Peak1D F1="-65.240616" intensity="5.558885e-03" type="0"/>
    <Peak1D F1="-65.259552" intensity="8.894600e-03" type="0"/>
    <Peak1D F1="-65.278412" intensity="2.398678e-03" type="0"/>
    <Peak1D F1="-75.222343" intensity="2.208901e-03" type="0"/>
    <Peak1D F1="-78.055565" intensity="3.214289e-03" type="0"/>
    <Peak1D F1="-78.061203" intensity="6.867435e-02" type="0"/>
    <Peak1D F1="-78.066895" intensity="5.340502e-03" type="0"/>
    <Peak1D F1="-78.143723" intensity="8.436472e-03" type="0"/>
    <Peak1D F1="-78.146286" intensity="8.623475e-03" type="0"/>
    <Peak1D F1="-78.149208" intensity="6.793511e-03" type="0"/>
    <Peak1D F1="-78.152054" intensity="7.192462e-03" type="0"/>
    <Peak1D F1="-78.154861" intensity="7.625712e-03" type="0"/>
    <Peak1D F1="-78.157692" intensity="8.434342e-03" type="0"/>
    <Peak1D F1="-78.160515" intensity="1.038909e-02" type="0"/>
    <Peak1D F1="-78.163300" intensity="1.030999e-02" type="0"/>
    <Peak1D F1="-78.166191" intensity="1.021164e-02" type="0"/>
    <Peak1D F1="-78.168907" intensity="1.378303e-02" type="0"/>
    <Peak1D F1="-78.171806" intensity="1.231642e-02" type="0"/>
    <Peak1D F1="-78.174675" intensity="1.370644e-02" type="0"/>
    <Peak1D F1="-78.177650" intensity="1.677564e-02" type="0"/>
    <Peak1D F1="-78.180550" intensity="2.942689e-02" type="0"/>
    <Peak1D F1="-78.183189" intensity="3.109140e-02" type="0"/>
    <Peak1D F1="-78.186104" intensity="3.049157e-02" type="0"/>
    <Peak1D F1="-78.188950" intensity="3.630949e-02" type="0"/>
    <Peak1D F1="-78.191742" intensity="4.060007e-02" type="0"/>
    <Peak1D F1="-78.194557" intensity="4.924669e-02" type="0"/>
    <Peak1D F1="-78.197380" intensity="5.865352e-02" type="0"/>
    <Peak1D F1="-78.200218" intensity="7.412023e-02" type="0"/>
    <Peak1D F1="-78.203064" intensity="9.958142e-02" type="0"/>
    <Peak1D F1="-78.206017" intensity="1.380538e-01" type="0"/>
    <Peak1D F1="-78.209091" intensity="2.190997e-01" type="0"/>
    <Peak1D F1="-78.216652" intensity="1.500000e+01" type="0"/>
    <Peak1D F1="-78.221970" intensity="1.127032e+00" type="0"/>
    <Peak1D F1="-78.226715" intensity="2.593484e-01" type="0"/>
    <Peak1D F1="-78.229637" intensity="1.752778e-01" type="0"/>
    <Peak1D F1="-78.232597" intensity="1.291928e-01" type="0"/>
    <Peak1D F1="-78.235565" intensity="1.059011e-01" type="0"/>
    <Peak1D F1="-78.238441" intensity="8.799689e-02" type="0"/>
    <Peak1D F1="-78.241272" intensity="7.457509e-02" type="0"/>
    <Peak1D F1="-78.244141" intensity="6.416474e-02" type="0"/>
    <Peak1D F1="-78.246941" intensity="5.705301e-02" type="0"/>
    <Peak1D F1="-78.249817" intensity="4.966646e-02" type="0"/>
    <Peak1D F1="-78.252579" intensity="5.358831e-02" type="0"/>
    <Peak1D F1="-78.255348" intensity="4.279648e-02" type="0"/>
    <Peak1D F1="-78.258194" intensity="3.725758e-02" type="0"/>
    <Peak1D F1="-78.261032" intensity="3.282560e-02" type="0"/>
    <Peak1D F1="-78.263809" intensity="2.766175e-02" type="0"/>
    <Peak1D F1="-78.266922" intensity="2.605634e-02" type="0"/>
    <Peak1D F1="-78.269646" intensity="2.353411e-02" type="0"/>
    <Peak1D F1="-78.272560" intensity="2.115541e-02" type="0"/>
    <Peak1D F1="-78.275398" intensity="2.114499e-02" type="0"/>
    <Peak1D F1="-78.278214" intensity="2.048463e-02" type="0"/>
    <Peak1D F1="-78.281029" intensity="1.859609e-02" type="0"/>
    <Peak1D F1="-78.283836" intensity="1.795520e-02" type="0"/>
    <Peak1D F1="-78.286644" intensity="1.675183e-02" type="0"/>
    <Peak1D F1="-78.289452" intensity="1.508280e-02" type="0"/>
    <Peak1D F1="-78.292267" intensity="1.445721e-02" type="0"/>
    <Peak1D F1="-78.295082" intensity="1.376397e-02" type="0"/>
    <Peak1D F1="-78.297928" intensity="1.280454e-02" type="0"/>
    <Peak1D F1="-78.300789" intensity="1.174316e-02" type="0"/>
    <Peak1D F1="-78.303688" intensity="1.077234e-02" type="0"/>
    <Peak1D F1="-78.306564" intensity="1.051103e-02" type="0"/>
    <Peak1D F1="-78.309395" intensity="1.024537e-02" type="0"/>
    <Peak1D F1="-78.312248" intensity="1.005435e-02" type="0"/>
    <Peak1D F1="-78.315071" intensity="9.947840e-03" type="0"/>
    <Peak1D F1="-78.317902" intensity="1.009348e-02" type="0"/>
    <Peak1D F1="-78.320694" intensity="1.019445e-02" type="0"/>
    <Peak1D F1="-78.323494" intensity="9.098307e-03" type="0"/>
    <Peak1D F1="-78.326317" intensity="8.799593e-03" type="0"/>
    <Peak1D F1="-78.329163" intensity="7.908351e-03" type="0"/>
    <Peak1D F1="-78.331978" intensity="7.485904e-03" type="0"/>
    <Peak1D F1="-78.334816" intensity="7.448344e-03" type="0"/>
    <Peak1D F1="-78.337662" intensity="7.114217e-03" type="0"/>
    <Peak1D F1="-78.340607" intensity="7.134475e-03" type="0"/>
    <Peak1D F1="-78.343414" intensity="7.264289e-03" type="0"/>
    <Peak1D F1="-78.346275" intensity="6.952985e-03" type="0"/>
    <Peak1D F1="-78.349113" intensity="6.560885e-03" type="0"/>
    <Peak1D F1="-78.351936" intensity="6.876932e-03" type="0"/>
    <Peak1D F1="-78.354752" intensity="6.679163e-03" type="0"/>
    <Peak1D F1="-78.357544" intensity="6.965325e-03" type="0"/>
    <Peak1D F1="-78.360352" intensity="6.435645e-03" type="0"/>
    <Peak1D F1="-78.363174" intensity="6.343943e-03" type="0"/>
    <Peak1D F1="-78.365959" intensity="6.212310e-03" type="0"/>
    <Peak1D F1="-78.368820" intensity="5.888624e-03" type="0"/>
    <Peak1D F1="-78.371704" intensity="5.377219e-03" type="0"/>
    <Peak1D F1="-78.374504" intensity="5.307394e-03" type="0"/>
    <Peak1D F1="-78.377419" intensity="4.918825e-03" type="0"/>
    <Peak1D F1="-78.380302" intensity="5.092612e-03" type="0"/>
    <Peak1D F1="-78.383102" intensity="5.137211e-03" type="0"/>
    <Peak1D F1="-78.385925" intensity="5.140533e-03" type="0"/>
    <Peak1D F1="-78.388809" intensity="5.239796e-03" type="0"/>
    <Peak1D F1="-78.391579" intensity="5.405191e-03" type="0"/>
    <Peak1D F1="-78.394409" intensity="5.208440e-03" type="0"/>
    <Peak1D F1="-78.397224" intensity="4.894486e-03" type="0"/>
    <Peak1D F1="-78.400024" intensity="5.035401e-03" type="0"/>
    <Peak1D F1="-78.402832" intensity="4.848980e-03" type="0"/>
    <Peak1D F1="-78.405685" intensity="4.057258e-03" type="0"/>
    <Peak1D F1="-78.408508" intensity="4.220499e-03" type="0"/>
    <Peak1D F1="-78.411415" intensity="3.985696e-03" type="0"/>
    <Peak1D F1="-78.414314" intensity="4.098557e-03" type="0"/>
    <Peak1D F1="-78.417191" intensity="4.007868e-03" type="0"/>
    <Peak1D F1="-78.420013" intensity="4.369371e-03" type="0"/>
    <Peak1D F1="-78.422783" intensity="4.010368e-03" type="0"/>
    <Peak1D F1="-78.425644" intensity="4.145071e-03" type="0"/>
    <Peak1D F1="-78.428436" intensity="4.506240e-03" type="0"/>
    <Peak1D F1="-78.431259" intensity="4.214141e-03" type="0"/>
    <Peak1D F1="-78.434082" intensity="4.026543e-03" type="0"/>
    <Peak1D F1="-78.436897" intensity="3.898485e-03" type="0"/>
    <Peak1D F1="-78.439743" intensity="3.559480e-03" type="0"/>
    <Peak1D F1="-78.442513" intensity="3.555830e-03" type="0"/>
    <Peak1D F1="-78.445419" intensity="3.436070e-03" type="0"/>
    <Peak1D F1="-78.448311" intensity="3.348301e-03" type="0"/>
    <Peak1D F1="-78.451195" intensity="3.343766e-03" type="0"/>
    <Peak1D F1="-78.454010" intensity="3.422919e-03" type="0"/>
    <Peak1D F1="-78.456886" intensity="3.621218e-03" type="0"/>
    <Peak1D F1="-78.459709" intensity="3.844381e-03" type="0"/>
    <Peak1D F1="-78.462471" intensity="3.110418e-03" type="0"/>
    <Peak1D F1="-78.465263" intensity="3.643412e-03" type="0"/>
    <Peak1D F1="-78.468155" intensity="3.336325e-03" type="0"/>
    <Peak1D F1="-78.470932" intensity="3.346679e-03" type="0"/>
    <Peak1D F1="-78.473732" intensity="3.117687e-03" type="0"/>
    <Peak1D F1="-78.476562" intensity="3.116986e-03" type="0"/>
    <Peak1D F1="-78.479416" intensity="3.125873e-03" type="0"/>
    <Peak1D F1="-78.482346" intensity="2.759417e-03" type="0"/>
    <Peak1D F1="-78.485176" intensity="2.931812e-03" type="0"/>
    <Peak1D F1="-78.488075" intensity="2.906699e-03" type="0"/>
    <Peak1D F1="-78.490906" intensity="3.036049e-03" type="0"/>
    <Peak1D F1="-78.493713" intensity="2.979805e-03" type="0"/>
    <Peak1D F1="-78.496567" intensity="3.111425e-03" type="0"/>
    <Peak1D F1="-78.499359" intensity="2.895474e-03" type="0"/>
    <Peak1D F1="-78.502167" intensity="2.951791e-03" type="0"/>
    <Peak1D F1="-78.504990" intensity="3.035993e-03" type="0"/>
    <Peak1D F1="-78.507774" intensity="2.739056e-03" type="0"/>
    <Peak1D F1="-78.510612" intensity="2.660728e-03" type="0"/>
    <Peak1D F1="-78.513451" intensity="2.579550e-03" type="0"/>
    <Peak1D F1="-78.516258" intensity="2.683216e-03" type="0"/>
    <Peak1D F1="-78.519119" intensity="2.374790e-03" type="0"/>
    <Peak1D F1="-78.522064" intensity="2.546817e-03" type="0"/>
    <Peak1D F1="-78.524918" intensity="2.256914e-03" type="0"/>
    <Peak1D F1="-78.527740" intensity="2.917499e-03" type="0"/>
    <Peak1D F1="-78.530525" intensity="2.759099e-03" type="0"/>
    <Peak1D F1="-78.533409" intensity="2.796255e-03" type="0"/>
    <Peak1D F1="-78.536209" intensity="3.150457e-03" type="0"/>
    <Peak1D F1="-78.538979" intensity="2.676070e-03" type="0"/>
    <Peak1D F1="-78.541870" intensity="2.655951e-03" type="0"/>
    <Peak1D F1="-78.544601" intensity="2.669112e-03" type="0"/>
    <Peak1D F1="-78.547447" intensity="2.348548e-03" type="0"/>
    <Peak1D F1="-78.550240" intensity="2.650490e-03" type="0"/>
    <Peak1D F1="-78.553078" intensity="2.348012e-03" type="0"/>
    <Peak1D F1="-78.556152" intensity="2.256799e-03" type="0"/>
    <Peak1D F1="-78.558853" intensity="2.227768e-03" type="0"/>
    <Peak1D F1="-78.561768" intensity="2.373729e-03" type="0"/>
    <Peak1D F1="-78.564667" intensity="2.298704e-03" type="0"/>
    <Peak1D F1="-78.567421" intensity="2.656073e-03" type="0"/>
    <Peak1D F1="-78.570206" intensity="2.392043e-03" type="0"/>
    <Peak1D F1="-78.573029" intensity="2.221542e-03" type="0"/>
    <Peak1D F1="-78.575851" intensity="2.543044e-03" type="0"/>
    <Peak1D F1="-78.578621" intensity="2.494166e-03" type="0"/>
    <Peak1D F1="-78.581451" intensity="2.098089e-03" type="0"/>
    <Peak1D F1="-78.584259" intensity="2.209400e-03" type="0"/>
    <Peak1D F1="-78.587128" intensity="1.956570e-03" type="0"/>
    <Peak1D F1="-78.589966" intensity="1.814976e-03" type="0"/>
    <Peak1D F1="-78.592911" intensity="1.870484e-03" type="0"/>
    <Peak1D F1="-78.595871" intensity="1.993390e-03" type="0"/>
    <Peak1D F1="-78.598686" intensity="2.206982e-03" type="0"/>
    <Peak1D F1="-78.601433" intensity="1.957050e-03" type="0"/>
    <Peak1D F1="-78.604233" intensity="2.083714e-03" type="0"/>
    <Peak1D F1="-78.607117" intensity="2.293366e-03" type="0"/>
    <Peak1D F1="-78.609917" intensity="2.514717e-03" type="0"/>
    <Peak1D F1="-78.612709" intensity="2.432964e-03" type="0"/>
    <Peak1D F1="-78.615585" intensity="2.346709e-03" type="0"/>
    <Peak1D F1="-78.618408" intensity="2.460822e-03" type="0"/>
    <Peak1D F1="-78.627419" intensity="8.568627e-02" type="0"/>
    <Peak1D F1="-78.632690" intensity="8.941354e-03" type="0"/>
    <Peak1D F1="-78.638245" intensity="3.703788e-03" type="0"/>
    <Peak1D F1="-78.641106" intensity="3.145853e-03" type="0"/>
    <Peak1D F1="-78.643921" intensity="3.184194e-03" type="0"/>
    <Peak1D F1="-78.646744" intensity="2.981325e-03" type="0"/>
    <Peak1D F1="-78.649521" intensity="2.999913e-03" type="0"/>
    <Peak1D F1="-78.652313" intensity="2.472732e-03" type="0"/>
    <Peak1D F1="-78.655205" intensity="2.282963e-03" type="0"/>
    <Peak1D F1="-78.658043" intensity="1.929490e-03" type="0"/>
    <Peak1D F1="-78.660805" intensity="2.059637e-03" type="0"/>
    <Peak1D F1="-78.663628" intensity="2.095375e-03" type="0"/>
    <Peak1D F1="-78.666733" intensity="1.644518e-03" type="0"/>
    <Peak1D F1="-78.669449" intensity="1.921755e-03" type="0"/>
    <Peak1D F1="-78.672325" intensity="1.959274e-03" type="0"/>
    <Peak1D F1="-78.675217" intensity="2.253599e-03" type="0"/>
    <Peak1D F1="-78.677979" intensity="2.029080e-03" type="0"/>
    <Peak1D F1="-78.680756" intensity="2.071209e-03" type="0"/>
    <Peak1D F1="-78.683609" intensity="2.329239e-03" type="0"/>
    <Peak1D F1="-78.686432" intensity="1.825237e-03" type="0"/>
    <Peak1D F1="-78.689194" intensity="1.698348e-03" type="0"/>
    <Peak1D F1="-78.692032" intensity="1.873176e-03" type="0"/>
    <Peak1D F1="-78.694862" intensity="1.583017e-03" type="0"/>
    <Peak1D F1="-78.697739" intensity="1.831290e-03" type="0"/>
    <Peak1D F1="-78.700729" intensity="1.769059e-03" type="0"/>
    <Peak1D F1="-78.703392" intensity="1.680958e-03" type="0"/>
    <Peak1D F1="-78.706337" intensity="1.738687e-03" type="0"/>
    <Peak1D F1="-78.709198" intensity="2.044786e-03" type="0"/>
    <Peak1D F1="-78.712021" intensity="1.833602e-03" type="0"/>
    <Peak1D F1="-78.714882" intensity="1.987894e-03" type="0"/>
    <Peak1D F1="-78.717697" intensity="2.100548e-03" type="0"/>
    <Peak1D F1="-78.720451" intensity="2.376163e-03" type="0"/>
    <Peak1D F1="-78.723312" intensity="2.541774e-03" type="0"/>
    <Peak1D F1="-78.725967" intensity="2.610581e-03" type="0"/>
    <Peak1D F1="-78.728874" intensity="2.065280e-03" type="0"/>
    <Peak1D F1="-78.731636" intensity="1.823117e-03" type="0"/>
    <Peak1D F1="-78.734634" intensity="1.670484e-03" type="0"/>
    <Peak1D F1="-78.737297" intensity="1.705979e-03" type="0"/>
    <Peak1D F1="-78.740417" intensity="1.474940e-03" type="0"/>
    <Peak1D F1="-78.743172" intensity="1.642976e-03" type="0"/>
    <Peak1D F1="-78.746071" intensity="2.009007e-03" type="0"/>
    <Peak1D F1="-78.748833" intensity="1.731064e-03" type="0"/>
    <Peak1D F1="-78.751724" intensity="1.593079e-03" type="0"/>
    <Peak1D F1="-78.754478" intensity="1.717069e-03" type="0"/>
    <Peak1D F1="-78.757347" intensity="1.699899e-03" type="0"/>
    <Peak1D F1="-78.760117" intensity="1.798827e-03" type="0"/>
    <Peak1D F1="-78.762894" intensity="1.774328e-03" type="0"/>
    <Peak1D F1="-78.765709" intensity="1.568876e-03" type="0"/>
    <Peak1D F1="-78.768684" intensity="1.487785e-03" type="0"/>
    <Peak1D F1="-78.771576" intensity="1.698360e-03" type="0"/>
    <Peak1D F1="-78.774361" intensity="1.562563e-03" type="0"/>
    <Peak1D F1="-78.777321" intensity="1.506221e-03" type="0"/>
    <Peak1D F1="-78.779984" intensity="1.414541e-03" type="0"/>
    <Peak1D F1="-78.782913" intensity="1.647745e-03" type="0"/>
    <Peak1D F1="-78.785744" intensity="1.580798e-03" type="0"/>
    <Peak1D F1="-78.788643" intensity="2.148663e-03" type="0"/>
    <Peak1D F1="-78.793808" intensity="5.448275e-03" type="0"/>
    <Peak1D F1="-78.796837" intensity="2.137588e-03" type="0"/>
    <Peak1D F1="-78.799652" intensity="2.067938e-03" type="0"/>
    <Peak1D F1="-78.802689" intensity="1.733892e-03" type="0"/>
    <Peak1D F1="-78.805443" intensity="1.723673e-03" type="0"/>
    <Peak1D F1="-78.808197" intensity="1.490086e-03" type="0"/>
    <Peak1D F1="-78.811211" intensity="1.306811e-03" type="0"/>
    <Peak1D F1="-78.814209" intensity="1.426995e-03" type="0"/>
    <Peak1D F1="-78.816917" intensity="1.325244e-03" type="0"/>
    <Peak1D F1="-78.819801" intensity="1.427149e-03" type="0"/>
    <Peak1D F1="-78.822548" intensity="1.506691e-03" type="0"/>
    <Peak1D F1="-78.825424" intensity="1.814286e-03" type="0"/>
    <Peak1D F1="-78.828148" intensity="1.394233e-03" type="0"/>
    <Peak1D F1="-78.831024" intensity="1.391017e-03" type="0"/>
    <Peak1D F1="-78.833809" intensity="1.483843e-03" type="0"/>
    <Peak1D F1="-78.836685" intensity="1.297569e-03" type="0"/>
    <Peak1D F1="-78.839432" intensity="1.367538e-03" type="0"/>
    <Peak1D F1="-78.842354" intensity="1.293983e-03" type="0"/>
    <Peak1D F1="-78.845268" intensity="1.353523e-03" type="0"/>
    <Peak1D F1="-78.848106" intensity="1.219362e-03" type="0"/>
    <Peak1D F1="-78.850899" intensity="1.266316e-03" type="0"/>
    <Peak1D F1="-78.853851" intensity="1.391747e-03" type="0"/>
    <Peak1D F1="-78.856674" intensity="1.411615e-03" type="0"/>
    <Peak1D F1="-78.859451" intensity="1.347867e-03" type="0"/>
    <Peak1D F1="-78.862206" intensity="1.327044e-03" type="0"/>
    <Peak1D F1="-78.865021" intensity="1.302997e-03" type="0"/>
    <Peak1D F1="-78.867920" intensity="1.263713e-03" type="0"/>
    <Peak1D F1="-78.870651" intensity="1.453823e-03" type="0"/>
    <Peak1D F1="-78.873566" intensity="1.280967e-03" type="0"/>
    <Peak1D F1="-78.876335" intensity="1.287245e-03" type="0"/>
    <Peak1D F1="-78.879082" intensity="1.399758e-03" type="0"/>
    <Peak1D F1="-78.882256" intensity="1.228300e-03" type="0"/>
    <Peak1D F1="-78.885078" intensity="1.202777e-03" type="0"/>
    <Peak1D F1="-78.887856" intensity="1.283470e-03" type="0"/>
    <Peak1D F1="-78.890732" intensity="1.510886e-03" type="0"/>
    <Peak1D F1="-78.893509" intensity="1.459870e-03" type="0"/>
    <Peak1D F1="-78.896271" intensity="1.194261e-03" type="0"/>
    <Peak1D F1="-78.899048" intensity="1.493085e-03" type="0"/>
    <Peak1D F1="-78.901917" intensity="1.206112e-03" type="0"/>
    <Peak1D F1="-78.913246" intensity="1.251856e-03" type="0"/>
    <Peak1D F1="-78.915909" intensity="1.300920e-03" type="0"/>
    <Peak1D F1="-78.921967" intensity="1.237377e-03" type="0"/>
    <Peak1D F1="-78.924629" intensity="1.482748e-03" type="0"/>
    <Peak1D F1="-78.927498" intensity="1.406779e-03" type="0"/>
    <Peak1D F1="-78.930367" intensity="1.306415e-03" type="0"/>
    <Peak1D F1="-78.933174" intensity="1.566476e-03" type="0"/>
    <Peak1D F1="-78.935944" intensity="1.493779e-03" type="0"/>
    <Peak1D F1="-78.938751" intensity="1.416332e-03" type="0"/>
    <Peak1D F1="-78.947212" intensity="1.166480e-03" type="0"/>
    <Peak1D F1="-78.952858" intensity="1.201528e-03" type="0"/>
    <Peak1D F1="-78.961472" intensity="1.141214e-03" type="0"/>
    <Peak1D F1="-78.964409" intensity="1.339208e-03" type="0"/>
    <Peak1D F1="-78.967125" intensity="1.443541e-03" type="0"/>
    <Peak1D F1="-78.970016" intensity="1.314045e-03" type="0"/>
    <Peak1D F1="-78.972733" intensity="1.433294e-03" type="0"/>
    <Peak1D F1="-78.978409" intensity="1.162715e-03" type="0"/>
    <Peak1D F1="-78.986877" intensity="1.185747e-03" type="0"/>
    <Peak1D F1="-79.015289" intensity="1.193069e-03" type="0"/>
    <Peak1D F1="-79.038063" intensity="1.230552e-03" type="0"/>
    <Peak1D F1="-79.046577" intensity="1.298852e-03" type="0"/>
    <Peak1D F1="-79.074883" intensity="1.406220e-03" type="0"/>
    <Peak1D F1="-79.077736" intensity="1.134764e-03" type="0"/>
    <Peak1D F1="-79.080582" intensity="1.219190e-03" type="0"/>
    <Peak1D F1="-79.083359" intensity="1.293762e-03" type="0"/>
    <Peak1D F1="-79.202293" intensity="1.309316e-03" type="0"/>
    <Peak1D F1="-79.355774" intensity="2.177860e-03" type="0"/>
    <Peak1D F1="-79.361389" intensity="1.201966e-03" type="0"/>
    <Peak1D F1="-79.603867" intensity="7.905889e-03" type="0"/>
    <Peak1D F1="-79.993324" intensity="4.567744e-03" type="0"/>
    <Peak1D F1="-80.187042" intensity="5.930366e-03" type="0"/>
  </PeakList1D>
</PeakList>
