<?xml version="1.0" encoding="UTF-8"?>
<PeakList>
  <PeakList1D>
    <PeakList1DHeader creator="nmrsu" date="2023-06-27T12:02:44.126-05:00" expNo="1226610" name="Jun27-2023" owner="" procNo="1" source="G:/data/chem-synthesis-a-team5/nmr">
      <PeakPickDetails>F1=16.187771ppm, F2=-3.837772ppm, MI=0.00cm, MAXI=10000.00cm, PC=1.000
      </PeakPickDetails>
    </PeakList1DHeader>
    <Peak1D F1="15.001023" intensity="1.692703e-004" type="0"/>
    <Peak1D F1="13.989563" intensity="1.982341e-004" type="0"/>
    <Peak1D F1="13.389774" intensity="1.627690e-004" type="0"/>
    <Peak1D F1="13.042809" intensity="1.633565e-004" type="0"/>
    <Peak1D F1="10.162479" intensity="3.461569e-004" type="0"/>
    <Peak1D F1="10.149129" intensity="3.433608e-004" type="0"/>
    <Peak1D F1="10.138021" intensity="3.140743e-004" type="0"/>
    <Peak1D F1="10.121278" intensity="3.058002e-004" type="0"/>
    <Peak1D F1="10.075101" intensity="3.826887e-004" type="0"/>
    <Peak1D F1="10.029920" intensity="4.611394e-004" type="0"/>
    <Peak1D F1="9.989127" intensity="7.246597e-004" type="0"/>
    <Peak1D F1="9.910573" intensity="2.447770e-003" type="0"/>
    <Peak1D F1="9.879233" intensity="1.945815e-002" type="0"/>
    <Peak1D F1="9.697988" intensity="6.934591e-002" type="0"/>
    <Peak1D F1="9.674977" intensity="2.359667e+000" type="0"/>
    <Peak1D F1="9.671075" intensity="3.286236e+000" type="0"/>
    <Peak1D F1="9.646746" intensity="3.430081e-002" type="0"/>
    <Peak1D F1="9.642075" intensity="3.527601e-002" type="0"/>
    <Peak1D F1="9.547292" intensity="1.615725e-003" type="0"/>
    <Peak1D F1="9.523644" intensity="1.156194e-003" type="0"/>
    <Peak1D F1="9.457103" intensity="1.849611e-002" type="0"/>
    <Peak1D F1="9.415797" intensity="4.313392e-004" type="0"/>
    <Peak1D F1="9.379134" intensity="4.711826e-004" type="0"/>
    <Peak1D F1="9.281785" intensity="3.079894e-004" type="0"/>
    <Peak1D F1="9.254659" intensity="3.146889e-004" type="0"/>
    <Peak1D F1="9.246421" intensity="2.485804e-004" type="0"/>
    <Peak1D F1="9.216664" intensity="2.695514e-004" type="0"/>
    <Peak1D F1="9.193029" intensity="2.050438e-004" type="0"/>
    <Peak1D F1="9.167600" intensity="1.978229e-004" type="0"/>
    <Peak1D F1="9.150147" intensity="2.160873e-004" type="0"/>
    <Peak1D F1="9.141991" intensity="1.870108e-004" type="0"/>
    <Peak1D F1="9.113219" intensity="1.881767e-004" type="0"/>
    <Peak1D F1="9.095716" intensity="1.711980e-004" type="0"/>
    <Peak1D F1="8.628392" intensity="1.077652e-003" type="0"/>
    <Peak1D F1="8.290239" intensity="1.865203e-004" type="0"/>
    <Peak1D F1="8.225280" intensity="1.829976e-003" type="0"/>
    <Peak1D F1="8.127239" intensity="1.118236e-003" type="0"/>
    <Peak1D F1="8.086825" intensity="8.477413e-004" type="0"/>
    <Peak1D F1="7.941819" intensity="3.810689e-003" type="0"/>
    <Peak1D F1="7.919680" intensity="4.454454e-003" type="0"/>
    <Peak1D F1="7.865151" intensity="1.757802e-002" type="0"/>
    <Peak1D F1="7.845683" intensity="1.885680e-002" type="0"/>
    <Peak1D F1="7.674806" intensity="1.902379e+000" type="0"/>
    <Peak1D F1="7.670400" intensity="2.785363e+000" type="0"/>
    <Peak1D F1="7.665720" intensity="1.839659e+000" type="0"/>
    <Peak1D F1="7.652862" intensity="2.367029e+000" type="0"/>
    <Peak1D F1="7.648063" intensity="2.730898e+000" type="0"/>
    <Peak1D F1="7.541572" intensity="3.635159e-003" type="0"/>
    <Peak1D F1="7.469309" intensity="1.400723e-002" type="0"/>
    <Peak1D F1="7.450181" intensity="1.489867e-002" type="0"/>
    <Peak1D F1="7.346445" intensity="1.039071e-003" type="0"/>
    <Peak1D F1="7.281959" intensity="6.353058e-002" type="0"/>
    <Peak1D F1="7.257670" intensity="1.917999e-003" type="0"/>
    <Peak1D F1="7.235988" intensity="1.644407e-003" type="0"/>
    <Peak1D F1="7.201722" intensity="6.701462e-004" type="0"/>
    <Peak1D F1="7.195988" intensity="6.730037e-004" type="0"/>
    <Peak1D F1="7.091065" intensity="1.031924e-003" type="0"/>
    <Peak1D F1="7.015308" intensity="1.932432e-003" type="0"/>
    <Peak1D F1="6.994141" intensity="1.751585e-003" type="0"/>
    <Peak1D F1="6.939407" intensity="1.554986e-003" type="0"/>
    <Peak1D F1="6.825962" intensity="1.608891e-002" type="0"/>
    <Peak1D F1="6.820804" intensity="1.618977e-002" type="0"/>
    <Peak1D F1="6.803183" intensity="1.693740e-002" type="0"/>
    <Peak1D F1="6.631006" intensity="1.946874e+000" type="0"/>
    <Peak1D F1="6.626114" intensity="2.726568e+000" type="0"/>
    <Peak1D F1="6.608648" intensity="2.208280e+000" type="0"/>
    <Peak1D F1="6.603618" intensity="2.488172e+000" type="0"/>
    <Peak1D F1="6.539168" intensity="7.941434e-003" type="0"/>
    <Peak1D F1="6.427669" intensity="1.441371e-002" type="0"/>
    <Peak1D F1="6.422501" intensity="1.328549e-002" type="0"/>
    <Peak1D F1="6.411414" intensity="1.007023e-002" type="0"/>
    <Peak1D F1="6.405424" intensity="1.390796e-002" type="0"/>
    <Peak1D F1="6.399794" intensity="1.183168e-002" type="0"/>
    <Peak1D F1="6.331000" intensity="9.080774e-004" type="0"/>
    <Peak1D F1="6.268073" intensity="7.328638e-004" type="0"/>
    <Peak1D F1="6.206068" intensity="5.331810e-004" type="0"/>
    <Peak1D F1="6.168526" intensity="4.363825e-004" type="0"/>
    <Peak1D F1="6.145146" intensity="4.363551e-004" type="0"/>
    <Peak1D F1="6.051421" intensity="3.615973e-004" type="0"/>
    <Peak1D F1="6.045997" intensity="4.253512e-004" type="0"/>
    <Peak1D F1="6.021755" intensity="3.341618e-004" type="0"/>
    <Peak1D F1="5.996678" intensity="2.874439e-004" type="0"/>
    <Peak1D F1="5.975095" intensity="2.686282e-004" type="0"/>
    <Peak1D F1="5.968416" intensity="2.417745e-004" type="0"/>
    <Peak1D F1="5.936512" intensity="2.229302e-004" type="0"/>
    <Peak1D F1="5.929107" intensity="2.436810e-004" type="0"/>
    <Peak1D F1="5.913464" intensity="2.701968e-004" type="0"/>
    <Peak1D F1="5.904643" intensity="2.471810e-004" type="0"/>
    <Peak1D F1="5.855478" intensity="2.092763e-004" type="0"/>
    <Peak1D F1="5.815430" intensity="1.772379e-004" type="0"/>
    <Peak1D F1="5.769262" intensity="1.728641e-004" type="0"/>
    <Peak1D F1="5.736548" intensity="1.758733e-004" type="0"/>
    <Peak1D F1="5.704453" intensity="1.727102e-004" type="0"/>
    <Peak1D F1="5.648713" intensity="1.852454e-004" type="0"/>
    <Peak1D F1="5.201853" intensity="5.146039e-004" type="0"/>
    <Peak1D F1="5.127897" intensity="8.722088e-004" type="0"/>
    <Peak1D F1="4.991745" intensity="3.416477e-004" type="0"/>
    <Peak1D F1="4.926827" intensity="9.491949e-004" type="0"/>
    <Peak1D F1="4.736884" intensity="2.515114e-004" type="0"/>
    <Peak1D F1="4.096248" intensity="1.188076e-003" type="0"/>
    <Peak1D F1="3.813374" intensity="1.793389e-004" type="0"/>
    <Peak1D F1="3.803127" intensity="1.944039e-004" type="0"/>
    <Peak1D F1="3.681090" intensity="7.576503e-004" type="0"/>
    <Peak1D F1="3.657832" intensity="6.899487e-004" type="0"/>
    <Peak1D F1="3.609896" intensity="1.280888e-003" type="0"/>
    <Peak1D F1="3.547068" intensity="1.568758e-003" type="0"/>
    <Peak1D F1="3.480639" intensity="3.007658e-003" type="0"/>
    <Peak1D F1="3.428195" intensity="4.375653e-003" type="0"/>
    <Peak1D F1="3.383468" intensity="3.850139e-003" type="0"/>
    <Peak1D F1="3.297502" intensity="8.065434e-003" type="0"/>
    <Peak1D F1="3.292203" intensity="9.028645e-003" type="0"/>
    <Peak1D F1="3.162432" intensity="9.578941e-002" type="0"/>
    <Peak1D F1="3.156599" intensity="1.159825e-001" type="0"/>
    <Peak1D F1="3.149479" intensity="6.600454e-002" type="0"/>
    <Peak1D F1="2.994144" intensity="1.296357e+001" type="0"/>
    <Peak1D F1="2.988029" intensity="1.500000e+001" type="0"/>
    <Peak1D F1="2.980830" intensity="8.394127e+000" type="0"/>
    <Peak1D F1="2.893918" intensity="1.529237e-002" type="0"/>
    <Peak1D F1="2.878378" intensity="1.245592e-002" type="0"/>
    <Peak1D F1="2.870894" intensity="1.230864e-002" type="0"/>
    <Peak1D F1="2.846174" intensity="8.956161e-003" type="0"/>
    <Peak1D F1="2.821013" intensity="8.427072e-002" type="0"/>
    <Peak1D F1="2.815180" intensity="1.026777e-001" type="0"/>
    <Peak1D F1="2.808087" intensity="5.096817e-002" type="0"/>
    <Peak1D F1="2.779675" intensity="4.115249e-003" type="0"/>
    <Peak1D F1="2.760750" intensity="3.885596e-003" type="0"/>
    <Peak1D F1="2.741154" intensity="2.883979e-003" type="0"/>
    <Peak1D F1="2.735040" intensity="2.653988e-003" type="0"/>
    <Peak1D F1="2.727608" intensity="2.667528e-003" type="0"/>
    <Peak1D F1="2.698411" intensity="3.162153e-003" type="0"/>
    <Peak1D F1="2.692539" intensity="3.360633e-003" type="0"/>
    <Peak1D F1="2.655412" intensity="2.983467e-003" type="0"/>
    <Peak1D F1="2.429662" intensity="2.920024e-002" type="0"/>
    <Peak1D F1="2.219692" intensity="1.341139e-003" type="0"/>
    <Peak1D F1="2.113611" intensity="7.320433e-004" type="0"/>
    <Peak1D F1="2.077981" intensity="5.366324e-004" type="0"/>
    <Peak1D F1="2.039238" intensity="5.647094e-004" type="0"/>
    <Peak1D F1="1.987430" intensity="4.160343e-004" type="0"/>
    <Peak1D F1="1.927955" intensity="3.135746e-004" type="0"/>
    <Peak1D F1="1.918907" intensity="2.911153e-004" type="0"/>
    <Peak1D F1="1.867277" intensity="2.666349e-004" type="0"/>
    <Peak1D F1="1.846011" intensity="2.521305e-004" type="0"/>
    <Peak1D F1="1.728184" intensity="2.008931e-004" type="0"/>
    <Peak1D F1="1.656687" intensity="2.058063e-004" type="0"/>
    <Peak1D F1="1.621036" intensity="1.738072e-004" type="0"/>
    <Peak1D F1="1.564030" intensity="1.700887e-004" type="0"/>
    <Peak1D F1="1.246978" intensity="4.850553e-004" type="0"/>
    <Peak1D F1="1.215801" intensity="1.331672e-003" type="0"/>
    <Peak1D F1="0.840745" intensity="4.881638e-004" type="0"/>
    <Peak1D F1="-1.824299" intensity="1.783058e-004" type="0"/>
    <Peak1D F1="-2.015391" intensity="1.701350e-004" type="0"/>
    <Peak1D F1="-2.417895" intensity="1.638255e-004" type="0"/>
  </PeakList1D>
</PeakList>
