<?xml version="1.0" encoding="UTF-8"?>
<PeakList>
  <PeakList1D>
    <PeakList1DHeader creator="nmrsu" date="2018-12-02T21:31:38.538-02:00" expNo="1" name="2B248_MS211_2" owner="" procNo="1" source="C:/NMRData/data/marcio_marilia/nmr">
      <PeakPickDetails>F1=15.920ppm, F2=-1.119ppm, MI=0.00cm, MAXI=10000.00cm, PC=1.000
      </PeakPickDetails>
    </PeakList1DHeader>
    <Peak1D F1="15.3490" intensity="1.152851e-002" type="0"/>
    <Peak1D F1="14.5914" intensity="1.170163e-002" type="0"/>
    <Peak1D F1="8.2236" intensity="1.334101e-002" type="0"/>
    <Peak1D F1="8.2142" intensity="1.305419e-002" type="0"/>
    <Peak1D F1="8.2131" intensity="1.476018e-002" type="0"/>
    <Peak1D F1="8.1962" intensity="1.467425e-002" type="0"/>
    <Peak1D F1="8.1783" intensity="2.134881e-002" type="0"/>
    <Peak1D F1="8.1736" intensity="2.408316e-002" type="0"/>
    <Peak1D F1="8.1471" intensity="3.127955e-002" type="0"/>
    <Peak1D F1="8.1409" intensity="3.856868e-002" type="0"/>
    <Peak1D F1="8.1017" intensity="4.715667e-001" type="0"/>
    <Peak1D F1="8.0508" intensity="2.862939e-002" type="0"/>
    <Peak1D F1="8.0265" intensity="2.174860e-002" type="0"/>
    <Peak1D F1="8.0078" intensity="1.373244e-002" type="0"/>
    <Peak1D F1="8.0015" intensity="1.349844e-002" type="0"/>
    <Peak1D F1="7.9831" intensity="3.950446e-002" type="0"/>
    <Peak1D F1="7.9732" intensity="1.646904e-002" type="0"/>
    <Peak1D F1="7.9648" intensity="3.893309e-002" type="0"/>
    <Peak1D F1="7.9248" intensity="1.115233e-002" type="0"/>
    <Peak1D F1="7.9028" intensity="2.080794e-002" type="0"/>
    <Peak1D F1="7.8967" intensity="1.640738e-002" type="0"/>
    <Peak1D F1="7.8851" intensity="1.812652e-002" type="0"/>
    <Peak1D F1="7.8728" intensity="1.431924e-002" type="0"/>
    <Peak1D F1="7.8478" intensity="1.622840e-002" type="0"/>
    <Peak1D F1="7.8135" intensity="1.486701e-002" type="0"/>
    <Peak1D F1="7.7977" intensity="1.539348e-002" type="0"/>
    <Peak1D F1="7.7948" intensity="1.667841e-002" type="0"/>
    <Peak1D F1="7.7632" intensity="1.625469e-002" type="0"/>
    <Peak1D F1="7.7535" intensity="1.161906e-002" type="0"/>
    <Peak1D F1="7.7447" intensity="1.681441e-002" type="0"/>
    <Peak1D F1="7.7386" intensity="1.833551e-002" type="0"/>
    <Peak1D F1="7.7262" intensity="4.245750e-002" type="0"/>
    <Peak1D F1="7.7124" intensity="1.964346e-002" type="0"/>
    <Peak1D F1="7.7090" intensity="1.186596e-002" type="0"/>
    <Peak1D F1="7.7019" intensity="1.224675e-002" type="0"/>
    <Peak1D F1="7.6997" intensity="1.182931e-002" type="0"/>
    <Peak1D F1="7.6749" intensity="1.343005e-002" type="0"/>
    <Peak1D F1="7.6576" intensity="1.633319e-002" type="0"/>
    <Peak1D F1="7.6352" intensity="2.028131e-002" type="0"/>
    <Peak1D F1="7.6271" intensity="2.015669e-002" type="0"/>
    <Peak1D F1="7.6125" intensity="1.287066e-002" type="0"/>
    <Peak1D F1="7.6065" intensity="1.312410e-002" type="0"/>
    <Peak1D F1="7.5845" intensity="1.604039e-002" type="0"/>
    <Peak1D F1="7.5658" intensity="1.056718e+000" type="0"/>
    <Peak1D F1="7.5458" intensity="1.170047e+000" type="0"/>
    <Peak1D F1="7.5249" intensity="3.148070e-002" type="0"/>
    <Peak1D F1="7.5060" intensity="1.862908e-002" type="0"/>
    <Peak1D F1="7.4968" intensity="1.707944e-002" type="0"/>
    <Peak1D F1="7.4882" intensity="1.536292e-002" type="0"/>
    <Peak1D F1="7.4801" intensity="2.441622e-002" type="0"/>
    <Peak1D F1="7.4645" intensity="2.859873e-002" type="0"/>
    <Peak1D F1="7.4589" intensity="3.368844e-002" type="0"/>
    <Peak1D F1="7.4527" intensity="4.044181e-002" type="0"/>
    <Peak1D F1="7.4436" intensity="4.727661e-002" type="0"/>
    <Peak1D F1="7.4360" intensity="3.891499e-002" type="0"/>
    <Peak1D F1="7.4313" intensity="5.158630e-002" type="0"/>
    <Peak1D F1="7.4243" intensity="3.588540e-002" type="0"/>
    <Peak1D F1="7.4170" intensity="3.207278e-002" type="0"/>
    <Peak1D F1="7.4136" intensity="2.716746e-002" type="0"/>
    <Peak1D F1="7.4010" intensity="2.902656e-002" type="0"/>
    <Peak1D F1="7.3954" intensity="2.758475e-002" type="0"/>
    <Peak1D F1="7.3781" intensity="4.391826e-002" type="0"/>
    <Peak1D F1="7.3617" intensity="5.384313e-002" type="0"/>
    <Peak1D F1="7.3562" intensity="4.953776e-002" type="0"/>
    <Peak1D F1="7.3443" intensity="4.593070e-002" type="0"/>
    <Peak1D F1="7.3389" intensity="1.142038e-001" type="0"/>
    <Peak1D F1="7.3336" intensity="6.349673e-002" type="0"/>
    <Peak1D F1="7.3219" intensity="6.869488e-002" type="0"/>
    <Peak1D F1="7.3169" intensity="1.631553e-001" type="0"/>
    <Peak1D F1="7.3103" intensity="4.759221e-002" type="0"/>
    <Peak1D F1="7.2987" intensity="4.932411e-002" type="0"/>
    <Peak1D F1="7.2917" intensity="4.133385e-002" type="0"/>
    <Peak1D F1="7.2786" intensity="4.488777e-002" type="0"/>
    <Peak1D F1="7.2696" intensity="8.508704e-002" type="0"/>
    <Peak1D F1="7.2600" intensity="6.549204e-001" type="0"/>
    <Peak1D F1="7.2398" intensity="1.365013e+000" type="0"/>
    <Peak1D F1="7.2131" intensity="8.358121e-001" type="0"/>
    <Peak1D F1="7.1979" intensity="9.422594e-001" type="0"/>
    <Peak1D F1="7.1954" intensity="1.096962e+000" type="0"/>
    <Peak1D F1="7.1846" intensity="6.041851e+000" type="0"/>
    <Peak1D F1="7.1778" intensity="6.266543e-001" type="0"/>
    <Peak1D F1="7.1752" intensity="5.658762e-001" type="0"/>
    <Peak1D F1="7.1543" intensity="1.492254e-001" type="0"/>
    <Peak1D F1="7.1493" intensity="1.140003e-001" type="0"/>
    <Peak1D F1="7.1433" intensity="9.452338e-002" type="0"/>
    <Peak1D F1="7.1377" intensity="1.059821e-001" type="0"/>
    <Peak1D F1="7.1328" intensity="1.904461e-001" type="0"/>
    <Peak1D F1="7.1217" intensity="1.029664e+000" type="0"/>
    <Peak1D F1="7.1188" intensity="1.084632e+000" type="0"/>
    <Peak1D F1="7.1155" intensity="2.876908e+000" type="0"/>
    <Peak1D F1="7.1107" intensity="9.890327e-001" type="0"/>
    <Peak1D F1="7.1015" intensity="1.454977e+000" type="0"/>
    <Peak1D F1="7.0991" intensity="1.758649e+000" type="0"/>
    <Peak1D F1="7.0939" intensity="3.871040e+000" type="0"/>
    <Peak1D F1="7.0872" intensity="6.384625e-001" type="0"/>
    <Peak1D F1="7.0842" intensity="6.716835e-001" type="0"/>
    <Peak1D F1="7.0821" intensity="6.538064e-001" type="0"/>
    <Peak1D F1="7.0743" intensity="1.265791e-001" type="0"/>
    <Peak1D F1="7.0674" intensity="2.188341e-001" type="0"/>
    <Peak1D F1="7.0619" intensity="1.030405e-001" type="0"/>
    <Peak1D F1="7.0458" intensity="1.311129e-001" type="0"/>
    <Peak1D F1="7.0284" intensity="7.487703e-002" type="0"/>
    <Peak1D F1="7.0206" intensity="9.477573e-002" type="0"/>
    <Peak1D F1="7.0187" intensity="9.683573e-002" type="0"/>
    <Peak1D F1="7.0133" intensity="1.297182e-001" type="0"/>
    <Peak1D F1="7.0003" intensity="7.945106e-002" type="0"/>
    <Peak1D F1="6.9877" intensity="4.745150e-002" type="0"/>
    <Peak1D F1="6.9698" intensity="4.157826e-001" type="0"/>
    <Peak1D F1="6.9631" intensity="3.565228e+000" type="0"/>
    <Peak1D F1="6.9581" intensity="9.841403e-001" type="0"/>
    <Peak1D F1="6.9464" intensity="8.165821e-001" type="0"/>
    <Peak1D F1="6.9415" intensity="2.774556e+000" type="0"/>
    <Peak1D F1="6.9347" intensity="3.462203e-001" type="0"/>
    <Peak1D F1="6.9205" intensity="1.027669e-001" type="0"/>
    <Peak1D F1="6.9157" intensity="7.241486e-002" type="0"/>
    <Peak1D F1="6.9105" intensity="1.097335e-001" type="0"/>
    <Peak1D F1="6.8891" intensity="9.820154e-002" type="0"/>
    <Peak1D F1="6.8817" intensity="6.084940e-002" type="0"/>
    <Peak1D F1="6.8745" intensity="5.087839e-002" type="0"/>
    <Peak1D F1="6.8594" intensity="4.572913e-002" type="0"/>
    <Peak1D F1="6.8536" intensity="3.893920e-002" type="0"/>
    <Peak1D F1="6.8390" intensity="1.041954e-001" type="0"/>
    <Peak1D F1="6.8336" intensity="4.096368e-002" type="0"/>
    <Peak1D F1="6.8174" intensity="8.444352e-002" type="0"/>
    <Peak1D F1="6.8105" intensity="2.335823e-002" type="0"/>
    <Peak1D F1="6.7980" intensity="2.061110e-002" type="0"/>
    <Peak1D F1="6.7946" intensity="1.650861e-002" type="0"/>
    <Peak1D F1="6.7923" intensity="1.547393e-002" type="0"/>
    <Peak1D F1="6.7798" intensity="1.703801e-002" type="0"/>
    <Peak1D F1="6.7545" intensity="2.052212e-002" type="0"/>
    <Peak1D F1="6.7472" intensity="2.015704e-002" type="0"/>
    <Peak1D F1="6.7452" intensity="1.730360e-002" type="0"/>
    <Peak1D F1="6.7374" intensity="2.016829e-002" type="0"/>
    <Peak1D F1="6.7323" intensity="2.034815e-002" type="0"/>
    <Peak1D F1="6.7260" intensity="1.755191e-002" type="0"/>
    <Peak1D F1="6.6987" intensity="1.178903e-002" type="0"/>
    <Peak1D F1="6.6963" intensity="1.356921e-002" type="0"/>
    <Peak1D F1="6.6857" intensity="1.349740e-002" type="0"/>
    <Peak1D F1="6.6683" intensity="1.330039e-002" type="0"/>
    <Peak1D F1="6.6641" intensity="1.452012e-002" type="0"/>
    <Peak1D F1="6.6296" intensity="1.128445e-002" type="0"/>
    <Peak1D F1="6.5910" intensity="1.070684e-002" type="0"/>
    <Peak1D F1="6.5601" intensity="1.293106e-002" type="0"/>
    <Peak1D F1="6.5546" intensity="1.124260e-002" type="0"/>
    <Peak1D F1="6.5076" intensity="5.047994e-002" type="0"/>
    <Peak1D F1="6.4880" intensity="4.961341e-002" type="0"/>
    <Peak1D F1="6.4358" intensity="1.116759e-002" type="0"/>
    <Peak1D F1="6.3233" intensity="1.144276e-002" type="0"/>
    <Peak1D F1="6.2836" intensity="1.173680e-002" type="0"/>
    <Peak1D F1="5.6824" intensity="1.643399e-002" type="0"/>
    <Peak1D F1="5.6167" intensity="1.928734e-002" type="0"/>
    <Peak1D F1="5.6104" intensity="2.566052e-002" type="0"/>
    <Peak1D F1="5.4601" intensity="1.192105e-002" type="0"/>
    <Peak1D F1="5.4387" intensity="1.411189e-001" type="0"/>
    <Peak1D F1="5.4307" intensity="1.197175e-002" type="0"/>
    <Peak1D F1="5.3362" intensity="5.348370e-002" type="0"/>
    <Peak1D F1="5.2235" intensity="2.636804e-002" type="0"/>
    <Peak1D F1="4.2574" intensity="1.085629e-002" type="0"/>
    <Peak1D F1="4.0737" intensity="1.136311e-002" type="0"/>
    <Peak1D F1="4.0561" intensity="2.037224e-002" type="0"/>
    <Peak1D F1="4.0377" intensity="1.628781e-002" type="0"/>
    <Peak1D F1="3.9930" intensity="4.439132e-002" type="0"/>
    <Peak1D F1="3.9843" intensity="1.302594e-002" type="0"/>
    <Peak1D F1="3.9628" intensity="2.721950e-002" type="0"/>
    <Peak1D F1="3.9559" intensity="1.163770e-002" type="0"/>
    <Peak1D F1="3.8940" intensity="1.016237e-001" type="0"/>
    <Peak1D F1="3.8757" intensity="2.425955e-002" type="0"/>
    <Peak1D F1="3.8647" intensity="2.040005e-002" type="0"/>
    <Peak1D F1="3.8331" intensity="8.423951e+000" type="0"/>
    <Peak1D F1="3.8052" intensity="1.766327e-002" type="0"/>
    <Peak1D F1="3.7708" intensity="8.122359e-002" type="0"/>
    <Peak1D F1="3.7591" intensity="1.512804e-002" type="0"/>
    <Peak1D F1="3.7461" intensity="1.412590e-002" type="0"/>
    <Peak1D F1="3.7417" intensity="1.434017e-002" type="0"/>
    <Peak1D F1="3.7284" intensity="8.195682e-002" type="0"/>
    <Peak1D F1="3.7173" intensity="2.508063e-002" type="0"/>
    <Peak1D F1="3.6996" intensity="2.515876e-002" type="0"/>
    <Peak1D F1="3.6918" intensity="1.598946e-002" type="0"/>
    <Peak1D F1="3.6846" intensity="1.594500e-002" type="0"/>
    <Peak1D F1="3.6787" intensity="5.498354e-002" type="0"/>
    <Peak1D F1="3.6691" intensity="4.436424e-002" type="0"/>
    <Peak1D F1="3.6567" intensity="3.296058e-002" type="0"/>
    <Peak1D F1="3.6383" intensity="5.160064e-002" type="0"/>
    <Peak1D F1="3.6291" intensity="3.563647e-002" type="0"/>
    <Peak1D F1="3.6237" intensity="7.463842e-002" type="0"/>
    <Peak1D F1="3.6120" intensity="8.651732e-002" type="0"/>
    <Peak1D F1="3.5972" intensity="7.357325e-002" type="0"/>
    <Peak1D F1="3.5812" intensity="4.017475e-001" type="0"/>
    <Peak1D F1="3.5597" intensity="1.116109e-001" type="0"/>
    <Peak1D F1="3.5470" intensity="1.500000e+001" type="0"/>
    <Peak1D F1="3.5181" intensity="1.093806e-001" type="0"/>
    <Peak1D F1="3.5054" intensity="1.616686e-002" type="0"/>
    <Peak1D F1="3.4977" intensity="1.833194e-002" type="0"/>
    <Peak1D F1="3.4914" intensity="2.450625e-002" type="0"/>
    <Peak1D F1="3.4854" intensity="1.604726e-002" type="0"/>
    <Peak1D F1="3.4848" intensity="1.660195e-002" type="0"/>
    <Peak1D F1="3.4784" intensity="1.691324e-002" type="0"/>
    <Peak1D F1="3.4721" intensity="1.248150e-002" type="0"/>
    <Peak1D F1="3.4508" intensity="1.699639e-002" type="0"/>
    <Peak1D F1="3.4131" intensity="1.449213e-002" type="0"/>
    <Peak1D F1="3.4072" intensity="1.531084e-002" type="0"/>
    <Peak1D F1="3.4032" intensity="1.261780e-002" type="0"/>
    <Peak1D F1="3.3931" intensity="6.683231e-002" type="0"/>
    <Peak1D F1="3.3607" intensity="7.670899e-002" type="0"/>
    <Peak1D F1="3.1931" intensity="1.195340e-002" type="0"/>
    <Peak1D F1="3.1157" intensity="2.340065e-002" type="0"/>
    <Peak1D F1="2.8557" intensity="1.155757e-002" type="0"/>
    <Peak1D F1="2.5610" intensity="1.129592e-002" type="0"/>
    <Peak1D F1="2.5360" intensity="9.570460e-002" type="0"/>
    <Peak1D F1="2.3237" intensity="1.300471e-002" type="0"/>
    <Peak1D F1="2.3003" intensity="3.417234e-002" type="0"/>
    <Peak1D F1="2.2889" intensity="1.991508e-002" type="0"/>
    <Peak1D F1="2.2686" intensity="1.958960e-002" type="0"/>
    <Peak1D F1="2.2606" intensity="2.522090e-002" type="0"/>
    <Peak1D F1="2.2526" intensity="3.375139e-002" type="0"/>
    <Peak1D F1="2.2395" intensity="3.819827e-002" type="0"/>
    <Peak1D F1="2.2307" intensity="2.836307e-002" type="0"/>
    <Peak1D F1="2.2246" intensity="3.066910e-002" type="0"/>
    <Peak1D F1="2.2130" intensity="5.611331e-002" type="0"/>
    <Peak1D F1="2.1696" intensity="1.341162e-002" type="0"/>
    <Peak1D F1="2.1555" intensity="1.059762e-002" type="0"/>
    <Peak1D F1="2.1313" intensity="1.092130e-002" type="0"/>
    <Peak1D F1="2.1092" intensity="1.298073e-002" type="0"/>
    <Peak1D F1="2.1035" intensity="1.195613e-002" type="0"/>
    <Peak1D F1="2.0978" intensity="2.703161e-002" type="0"/>
    <Peak1D F1="2.0177" intensity="1.383823e-002" type="0"/>
    <Peak1D F1="1.9722" intensity="7.250802e-002" type="0"/>
    <Peak1D F1="1.7590" intensity="1.315538e-002" type="0"/>
    <Peak1D F1="1.7416" intensity="1.512205e-002" type="0"/>
    <Peak1D F1="1.7383" intensity="1.288310e-002" type="0"/>
    <Peak1D F1="1.6997" intensity="1.662399e-002" type="0"/>
    <Peak1D F1="1.6896" intensity="1.831978e-002" type="0"/>
    <Peak1D F1="1.6849" intensity="1.981956e-002" type="0"/>
    <Peak1D F1="1.6698" intensity="2.259447e-002" type="0"/>
    <Peak1D F1="1.6613" intensity="2.428294e-002" type="0"/>
    <Peak1D F1="1.6416" intensity="3.180567e-002" type="0"/>
    <Peak1D F1="1.6381" intensity="3.450777e-002" type="0"/>
    <Peak1D F1="1.6290" intensity="4.178117e-002" type="0"/>
    <Peak1D F1="1.6212" intensity="4.227888e-002" type="0"/>
    <Peak1D F1="1.5949" intensity="7.047470e-002" type="0"/>
    <Peak1D F1="1.5513" intensity="1.495090e-001" type="0"/>
    <Peak1D F1="1.5503" intensity="1.532872e-001" type="0"/>
    <Peak1D F1="1.5440" intensity="1.553324e-001" type="0"/>
    <Peak1D F1="1.5006" intensity="8.703929e-002" type="0"/>
    <Peak1D F1="1.4965" intensity="7.929083e-002" type="0"/>
    <Peak1D F1="1.4845" intensity="6.186885e-002" type="0"/>
    <Peak1D F1="1.4423" intensity="3.157393e-002" type="0"/>
    <Peak1D F1="1.4377" intensity="3.108656e-002" type="0"/>
    <Peak1D F1="1.4293" intensity="2.598225e-002" type="0"/>
    <Peak1D F1="1.4176" intensity="2.264156e-002" type="0"/>
    <Peak1D F1="1.4135" intensity="2.244066e-002" type="0"/>
    <Peak1D F1="1.3863" intensity="1.926479e-002" type="0"/>
    <Peak1D F1="1.3649" intensity="1.705291e-002" type="0"/>
    <Peak1D F1="1.3576" intensity="1.887844e-002" type="0"/>
    <Peak1D F1="1.3360" intensity="1.811155e-002" type="0"/>
    <Peak1D F1="1.3277" intensity="1.559900e-002" type="0"/>
    <Peak1D F1="1.3204" intensity="1.373214e-002" type="0"/>
    <Peak1D F1="1.3155" intensity="1.424011e-002" type="0"/>
    <Peak1D F1="1.3135" intensity="1.348152e-002" type="0"/>
    <Peak1D F1="1.3095" intensity="1.431102e-002" type="0"/>
    <Peak1D F1="1.2923" intensity="1.673182e-002" type="0"/>
    <Peak1D F1="1.2851" intensity="1.772378e-002" type="0"/>
    <Peak1D F1="1.2717" intensity="2.022776e-002" type="0"/>
    <Peak1D F1="1.2599" intensity="2.696155e-002" type="0"/>
    <Peak1D F1="1.2512" intensity="2.372091e-002" type="0"/>
    <Peak1D F1="1.2357" intensity="2.835633e-002" type="0"/>
    <Peak1D F1="1.2281" intensity="3.733566e-002" type="0"/>
    <Peak1D F1="1.2211" intensity="3.684032e-002" type="0"/>
    <Peak1D F1="1.2115" intensity="5.329612e-002" type="0"/>
    <Peak1D F1="1.2035" intensity="5.732694e-002" type="0"/>
    <Peak1D F1="1.1823" intensity="2.824707e-001" type="0"/>
    <Peak1D F1="1.1686" intensity="8.597705e-002" type="0"/>
    <Peak1D F1="1.1610" intensity="2.983854e-002" type="0"/>
    <Peak1D F1="1.1586" intensity="2.888943e-002" type="0"/>
    <Peak1D F1="1.1510" intensity="3.730000e-002" type="0"/>
    <Peak1D F1="1.1451" intensity="2.089842e-002" type="0"/>
    <Peak1D F1="1.1407" intensity="2.061629e-002" type="0"/>
    <Peak1D F1="1.1270" intensity="1.722094e-002" type="0"/>
    <Peak1D F1="1.1182" intensity="1.420541e-002" type="0"/>
    <Peak1D F1="1.0978" intensity="1.209800e-002" type="0"/>
    <Peak1D F1="1.0430" intensity="1.208366e-002" type="0"/>
    <Peak1D F1="0.9810" intensity="1.161351e-002" type="0"/>
    <Peak1D F1="0.8774" intensity="1.189806e-002" type="0"/>
    <Peak1D F1="0.8376" intensity="1.109245e-002" type="0"/>
    <Peak1D F1="0.8199" intensity="2.434981e-002" type="0"/>
    <Peak1D F1="0.8087" intensity="4.788458e-002" type="0"/>
    <Peak1D F1="0.7807" intensity="3.640759e-002" type="0"/>
    <Peak1D F1="0.7722" intensity="3.966217e-002" type="0"/>
    <Peak1D F1="0.7622" intensity="3.820251e-002" type="0"/>
    <Peak1D F1="0.7414" intensity="1.828465e-002" type="0"/>
    <Peak1D F1="0.7367" intensity="1.730861e-002" type="0"/>
    <Peak1D F1="-0.0001" intensity="2.104260e-001" type="0"/>
    <Peak1D F1="-0.0063" intensity="1.353470e-002" type="0"/>
    <Peak1D F1="-0.0712" intensity="4.228660e-002" type="0"/>
  </PeakList1D>
</PeakList>
