<?xml version="1.0" encoding="UTF-8"?>
<PeakList>
  <PeakList1D>
    <PeakList1DHeader creator="chemist" date="2019-01-26T04:08:27.485+00:00" expNo="10" name="Z144429" owner="" procNo="1" source="f:\data\chemist\nmr\">
      <PeakPickDetails>F1=250.000ppm, F2=-10.000ppm, MI=1.00cm, MAXI=2000.00cm, PC=1.000
      </PeakPickDetails>
    </PeakList1DHeader>
    <Peak1D F1="207.2119" intensity="1.360216e+000" type="0"/>
    <Peak1D F1="158.4059" intensity="9.385222e+000" type="0"/>
    <Peak1D F1="143.2010" intensity="8.973937e+000" type="0"/>
    <Peak1D F1="134.0768" intensity="1.438228e+001" type="0"/>
    <Peak1D F1="132.1665" intensity="1.642627e+001" type="0"/>
    <Peak1D F1="130.4948" intensity="3.614359e+001" type="0"/>
    <Peak1D F1="130.1425" intensity="1.071910e+001" type="0"/>
    <Peak1D F1="129.8159" intensity="4.543760e+000" type="0"/>
    <Peak1D F1="128.8479" intensity="1.621180e+001" type="0"/>
    <Peak1D F1="128.4034" intensity="1.653708e+000" type="0"/>
    <Peak1D F1="127.8860" intensity="1.449776e+001" type="0"/>
    <Peak1D F1="125.9187" intensity="2.246483e+000" type="0"/>
    <Peak1D F1="113.9881" intensity="3.427519e+001" type="0"/>
    <Peak1D F1="113.7624" intensity="4.816574e+000" type="0"/>
    <Peak1D F1="83.8619" intensity="2.586253e+001" type="0"/>
    <Peak1D F1="83.3638" intensity="1.998154e+000" type="0"/>
    <Peak1D F1="77.3422" intensity="1.941583e+002" type="0"/>
    <Peak1D F1="77.2278" intensity="7.915053e+000" type="0"/>
    <Peak1D F1="77.0242" intensity="1.975309e+002" type="0"/>
    <Peak1D F1="76.7064" intensity="1.951202e+002" type="0"/>
    <Peak1D F1="76.4186" intensity="1.310461e+000" type="0"/>
    <Peak1D F1="75.4122" intensity="1.562502e+001" type="0"/>
    <Peak1D F1="64.2441" intensity="1.258946e+000" type="0"/>
    <Peak1D F1="55.2687" intensity="1.855110e+001" type="0"/>
    <Peak1D F1="55.2243" intensity="3.004120e+000" type="0"/>
    <Peak1D F1="45.2023" intensity="1.618340e+001" type="0"/>
    <Peak1D F1="25.3312" intensity="1.264951e+000" type="0"/>
    <Peak1D F1="24.8929" intensity="4.960865e+001" type="0"/>
    <Peak1D F1="24.7409" intensity="9.015617e+000" type="0"/>
    <Peak1D F1="14.4368" intensity="1.401706e+000" type="0"/>
  </PeakList1D>
</PeakList>
