<?xml version="1.0" encoding="UTF-8"?>
<PeakList modified="2020-02-04T22:51:07">
  <PeakList1D>
    <PeakList1DHeader creator="Dell" date="2020-02-04T22:51:07" expNo="2" name="SDT261C2" owner="" procNo="1" source="C:/Users/Dell/Desktop/NMR/Tetrahydroisoquinoline">
      <PeakPickDetails>F1=176.328217ppm, F2=149.284012ppm, MI=0.11cm, MAXI=1.09cm, PC=1.400
      </PeakPickDetails>
    </PeakList1DHeader>
    <Peak1D F1="168.880112" intensity="0.1877303" type="0"/>
    <Peak1D F1="165.388611" intensity="0.4242612" type="0"/>
    <Peak1D F1="155.27562" intensity="0.5693239" type="0"/>
    <Peak1D F1="154.715408" intensity="0.2028205" type="0"/>
  </PeakList1D>
  <PeakList1D>
    <PeakList1DHeader creator="Dell" date="2020-02-04T22:51:07" expNo="2" name="SDT261C2" owner="" procNo="1" source="C:/Users/Dell/Desktop/NMR/Tetrahydroisoquinoline">
      <PeakPickDetails>F1=140.629868ppm, F2=122.672516ppm, MI=0.11cm, MAXI=0.51cm, PC=1.400
      </PeakPickDetails>
    </PeakList1DHeader>
    <Peak1D F1="136.687714" intensity="0.3209927" type="0"/>
    <Peak1D F1="136.6604" intensity="0.2533764" type="0"/>
    <Peak1D F1="127.58609" intensity="0.1595468" type="0"/>
  </PeakList1D>
  <PeakList1D>
    <PeakList1DHeader creator="Dell" date="2020-02-04T22:51:07" expNo="2" name="SDT261C2" owner="" procNo="1" source="C:/Users/Dell/Desktop/NMR/Tetrahydroisoquinoline">
      <PeakPickDetails>F1=115.532852ppm, F2=104.715164ppm, MI=0.10cm, MAXI=0.53cm, PC=1.400
      </PeakPickDetails>
    </PeakList1DHeader>
    <Peak1D F1="111.229805" intensity="0.3974306" type="0"/>
  </PeakList1D>
  <PeakList1D>
    <PeakList1DHeader creator="Dell" date="2020-02-04T22:51:07" expNo="2" name="SDT261C2" owner="" procNo="1" source="C:/Users/Dell/Desktop/NMR/Tetrahydroisoquinoline">
      <PeakPickDetails>F1=77.953758ppm, F2=75.940315ppm, MI=2.98cm, MAXI=25.49cm, PC=1.400
      </PeakPickDetails>
    </PeakList1DHeader>
    <Peak1D F1="77.381615" intensity="14.76675" type="0"/>
    <Peak1D F1="77.200081" intensity="15.0" type="0"/>
    <Peak1D F1="77.018639" intensity="14.81855" type="0"/>
  </PeakList1D>
  <PeakList1D>
    <PeakList1DHeader creator="Dell" date="2020-02-04T22:51:07" expNo="2" name="SDT261C2" owner="" procNo="1" source="C:/Users/Dell/Desktop/NMR/Tetrahydroisoquinoline">
      <PeakPickDetails>F1=66.853279ppm, F2=15.577463ppm, MI=0.10cm, MAXI=1.55cm, PC=1.400
      </PeakPickDetails>
    </PeakList1DHeader>
    <Peak1D F1="61.482231" intensity="0.6599737" type="0"/>
    <Peak1D F1="58.417301" intensity="0.2993845" type="0"/>
    <Peak1D F1="55.857845" intensity="1.164785" type="0"/>
    <Peak1D F1="51.956161" intensity="0.37674" type="0"/>
    <Peak1D F1="48.671024" intensity="0.4413176" type="0"/>
    <Peak1D F1="46.517193" intensity="0.625132" type="0"/>
    <Peak1D F1="40.860252" intensity="0.3814944" type="0"/>
    <Peak1D F1="40.828678" intensity="0.3381622" type="0"/>
    <Peak1D F1="33.075066" intensity="0.2806056" type="0"/>
    <Peak1D F1="32.977718" intensity="0.2711176" type="0"/>
    <Peak1D F1="30.00983" intensity="0.6337408" type="0"/>
    <Peak1D F1="29.879482" intensity="0.1310546" type="0"/>
    <Peak1D F1="21.37447" intensity="0.7298271" type="0"/>
    <Peak1D F1="20.74922" intensity="0.4828915" type="0"/>
    <Peak1D F1="20.739956" intensity="0.5913396" type="0"/>
    <Peak1D F1="20.692148" intensity="0.9317604" type="0"/>
    <Peak1D F1="20.448334" intensity="0.8089417" type="0"/>
  </PeakList1D>
  <PeakList1D>
    <PeakList1DHeader creator="Dell" date="2020-02-04T22:51:07" expNo="2" name="SDT261C2" owner="" procNo="1" source="C:/Users/Dell/Desktop/NMR/Tetrahydroisoquinoline">
      <PeakPickDetails>F1=8.005085ppm, F2=-3.245305ppm, MI=0.45cm, MAXI=3.06cm, PC=1.400
      </PeakPickDetails>
    </PeakList1DHeader>
    <Peak1D F1="3.199979" intensity="2.509444" type="0"/>
  </PeakList1D>
</PeakList>
