<?xml version="1.0" encoding="UTF-8"?>
<PeakList>
  <PeakList1D>
    <PeakList1DHeader creator="chemist" date="2019-03-03T02:04:57.000+00:00" expNo="10" name="Y897" owner="" procNo="1" source="d:\">
      <PeakPickDetails>F1=245.691ppm, F2=-23.691ppm, MI=0.00cm, MAXI=10000.00cm, PC=1.400
      </PeakPickDetails>
    </PeakList1DHeader>
    <Peak1D F1="167.9786" intensity="0.16" type="0"/>
    <Peak1D F1="143.9661" intensity="0.16" type="0"/>
    <Peak1D F1="142.8919" intensity="0.21" type="0"/>
    <Peak1D F1="134.4829" intensity="0.12" type="0"/>
    <Peak1D F1="130.7624" intensity="0.66" type="0"/>
    <Peak1D F1="130.5899" intensity="0.63" type="0"/>
    <Peak1D F1="129.6664" intensity="0.18" type="0"/>
    <Peak1D F1="129.6251" intensity="0.65" type="0"/>
    <Peak1D F1="128.2535" intensity="0.67" type="0"/>
    <Peak1D F1="78.2192" intensity="13.32" type="0"/>
    <Peak1D F1="78.0075" intensity="13.50" type="0"/>
    <Peak1D F1="77.7959" intensity="13.35" type="0"/>
    <Peak1D F1="75.4731" intensity="0.28" type="0"/>
    <Peak1D F1="53.0753" intensity="0.32" type="0"/>
    <Peak1D F1="46.8794" intensity="0.29" type="0"/>
  </PeakList1D>
</PeakList>
