<?xml version="1.0" encoding="UTF-8"?>
<PeakList>
  <PeakList1D>
    <PeakList1DHeader creator="nmrsu" date="2019-11-22T11:43:17.743-02:00" expNo="1" name="2B246_MS245m1" owner="" procNo="1" source="C:/NMRData/data/marcio_marilia/nmr">
      <PeakPickDetails>F1=15.918240ppm, F2=-1.120824ppm, MI=0.00cm, MAXI=10000.00cm, PC=1.000
      </PeakPickDetails>
    </PeakList1DHeader>
    <Peak1D F1="12.106572" intensity="5.065723e-003" type="0"/>
    <Peak1D F1="9.716205" intensity="2.164636e-002" type="0"/>
    <Peak1D F1="8.670707" intensity="5.977567e-003" type="0"/>
    <Peak1D F1="8.580192" intensity="5.439168e-003" type="0"/>
    <Peak1D F1="8.386306" intensity="5.057990e-003" type="0"/>
    <Peak1D F1="8.331186" intensity="5.170748e-003" type="0"/>
    <Peak1D F1="8.315295" intensity="7.134859e-003" type="0"/>
    <Peak1D F1="8.312762" intensity="7.393159e-003" type="0"/>
    <Peak1D F1="8.303382" intensity="5.620110e-003" type="0"/>
    <Peak1D F1="8.277182" intensity="5.684433e-003" type="0"/>
    <Peak1D F1="8.261964" intensity="6.141398e-003" type="0"/>
    <Peak1D F1="8.254827" intensity="6.405146e-003" type="0"/>
    <Peak1D F1="8.251127" intensity="5.740357e-003" type="0"/>
    <Peak1D F1="8.236888" intensity="6.752892e-003" type="0"/>
    <Peak1D F1="8.231826" intensity="6.401320e-003" type="0"/>
    <Peak1D F1="8.225310" intensity="7.175011e-003" type="0"/>
    <Peak1D F1="8.212455" intensity="1.130515e-002" type="0"/>
    <Peak1D F1="8.209737" intensity="1.118025e-002" type="0"/>
    <Peak1D F1="8.138206" intensity="2.311873e-002" type="0"/>
    <Peak1D F1="8.088906" intensity="9.209208e-001" type="0"/>
    <Peak1D F1="8.009801" intensity="9.879536e-003" type="0"/>
    <Peak1D F1="8.006947" intensity="9.380718e-003" type="0"/>
    <Peak1D F1="8.004078" intensity="8.649773e-003" type="0"/>
    <Peak1D F1="7.993957" intensity="7.599610e-003" type="0"/>
    <Peak1D F1="7.981183" intensity="6.699428e-003" type="0"/>
    <Peak1D F1="7.966136" intensity="1.008234e-002" type="0"/>
    <Peak1D F1="7.948423" intensity="6.548739e-003" type="0"/>
    <Peak1D F1="7.870214" intensity="5.298452e-003" type="0"/>
    <Peak1D F1="7.779760" intensity="5.344632e-003" type="0"/>
    <Peak1D F1="7.707984" intensity="5.223846e-003" type="0"/>
    <Peak1D F1="7.636272" intensity="6.082336e-003" type="0"/>
    <Peak1D F1="7.599257" intensity="9.619481e-003" type="0"/>
    <Peak1D F1="7.579836" intensity="6.662494e-003" type="0"/>
    <Peak1D F1="7.575094" intensity="1.022715e-002" type="0"/>
    <Peak1D F1="7.475502" intensity="2.940681e-002" type="0"/>
    <Peak1D F1="7.453895" intensity="3.275823e-002" type="0"/>
    <Peak1D F1="7.445916" intensity="1.081854e-002" type="0"/>
    <Peak1D F1="7.432696" intensity="6.481170e-003" type="0"/>
    <Peak1D F1="7.426962" intensity="7.279919e-003" type="0"/>
    <Peak1D F1="7.396688" intensity="1.293048e+000" type="0"/>
    <Peak1D F1="7.375581" intensity="1.427642e+000" type="0"/>
    <Peak1D F1="7.343910" intensity="5.535524e-002" type="0"/>
    <Peak1D F1="7.324969" intensity="4.012455e-002" type="0"/>
    <Peak1D F1="7.304175" intensity="6.602192e-003" type="0"/>
    <Peak1D F1="7.282594" intensity="5.704881e-003" type="0"/>
    <Peak1D F1="7.260051" intensity="1.300391e-002" type="0"/>
    <Peak1D F1="7.248132" intensity="6.772529e-003" type="0"/>
    <Peak1D F1="7.234131" intensity="2.890201e-002" type="0"/>
    <Peak1D F1="7.213334" intensity="4.517182e-002" type="0"/>
    <Peak1D F1="7.194749" intensity="2.262864e+000" type="0"/>
    <Peak1D F1="7.186154" intensity="7.481276e-001" type="0"/>
    <Peak1D F1="7.184795" intensity="7.495595e-001" type="0"/>
    <Peak1D F1="7.088155" intensity="7.169778e-003" type="0"/>
    <Peak1D F1="7.080134" intensity="2.871200e-002" type="0"/>
    <Peak1D F1="7.058290" intensity="2.831771e-002" type="0"/>
    <Peak1D F1="7.040844" intensity="1.973394e-002" type="0"/>
    <Peak1D F1="7.019551" intensity="1.323515e+000" type="0"/>
    <Peak1D F1="6.998291" intensity="1.175572e+000" type="0"/>
    <Peak1D F1="6.974686" intensity="8.219450e-003" type="0"/>
    <Peak1D F1="6.920714" intensity="6.307427e-003" type="0"/>
    <Peak1D F1="6.906875" intensity="7.409501e-003" type="0"/>
    <Peak1D F1="6.898566" intensity="6.810724e-003" type="0"/>
    <Peak1D F1="6.890298" intensity="6.839294e-003" type="0"/>
    <Peak1D F1="6.811731" intensity="7.633867e-003" type="0"/>
    <Peak1D F1="6.810264" intensity="7.473002e-003" type="0"/>
    <Peak1D F1="6.794694" intensity="6.006174e-003" type="0"/>
    <Peak1D F1="6.790701" intensity="7.753017e-003" type="0"/>
    <Peak1D F1="5.221071" intensity="1.361635e-001" type="0"/>
    <Peak1D F1="4.671202" intensity="6.074818e-003" type="0"/>
    <Peak1D F1="4.651735" intensity="5.396347e-003" type="0"/>
    <Peak1D F1="3.960750" intensity="2.598141e-002" type="0"/>
    <Peak1D F1="3.909988" intensity="1.671314e-002" type="0"/>
    <Peak1D F1="3.895682" intensity="7.400691e-003" type="0"/>
    <Peak1D F1="3.893533" intensity="7.623767e-003" type="0"/>
    <Peak1D F1="3.890177" intensity="6.006627e-003" type="0"/>
    <Peak1D F1="3.866750" intensity="5.526373e-003" type="0"/>
    <Peak1D F1="3.846854" intensity="7.657648e-003" type="0"/>
    <Peak1D F1="3.800488" intensity="5.093762e+000" type="0"/>
    <Peak1D F1="3.771684" intensity="3.689954e-002" type="0"/>
    <Peak1D F1="3.752161" intensity="7.551338e-003" type="0"/>
    <Peak1D F1="3.749070" intensity="8.094444e-003" type="0"/>
    <Peak1D F1="3.746162" intensity="1.026856e-002" type="0"/>
    <Peak1D F1="3.738600" intensity="6.293684e-003" type="0"/>
    <Peak1D F1="3.731062" intensity="5.938163e-003" type="0"/>
    <Peak1D F1="3.716006" intensity="3.701328e-002" type="0"/>
    <Peak1D F1="3.701257" intensity="8.959676e-003" type="0"/>
    <Peak1D F1="3.676838" intensity="2.328787e-002" type="0"/>
    <Peak1D F1="3.660411" intensity="1.482716e-001" type="0"/>
    <Peak1D F1="3.635440" intensity="4.906331e-002" type="0"/>
    <Peak1D F1="3.634856" intensity="4.786006e-002" type="0"/>
    <Peak1D F1="3.611136" intensity="8.698969e+000" type="0"/>
    <Peak1D F1="3.574763" intensity="1.196020e-002" type="0"/>
    <Peak1D F1="3.556877" intensity="1.123916e-002" type="0"/>
    <Peak1D F1="3.514795" intensity="5.522239e-003" type="0"/>
    <Peak1D F1="3.488168" intensity="6.180193e-003" type="0"/>
    <Peak1D F1="3.473663" intensity="7.393569e-003" type="0"/>
    <Peak1D F1="3.459436" intensity="2.261052e-002" type="0"/>
    <Peak1D F1="3.436494" intensity="5.701158e-003" type="0"/>
    <Peak1D F1="3.424311" intensity="4.889754e-002" type="0"/>
    <Peak1D F1="3.403282" intensity="1.181390e-002" type="0"/>
    <Peak1D F1="3.327153" intensity="6.804686e-003" type="0"/>
    <Peak1D F1="3.296039" intensity="6.516400e-003" type="0"/>
    <Peak1D F1="3.250716" intensity="8.427043e-003" type="0"/>
    <Peak1D F1="3.238111" intensity="1.727417e-002" type="0"/>
    <Peak1D F1="3.225947" intensity="1.372887e-002" type="0"/>
    <Peak1D F1="3.217571" intensity="1.660873e-002" type="0"/>
    <Peak1D F1="3.206652" intensity="2.160637e-002" type="0"/>
    <Peak1D F1="3.198003" intensity="2.248107e-002" type="0"/>
    <Peak1D F1="3.190753" intensity="1.336091e-002" type="0"/>
    <Peak1D F1="3.179717" intensity="1.368696e-002" type="0"/>
    <Peak1D F1="3.171295" intensity="7.569818e-003" type="0"/>
    <Peak1D F1="3.158545" intensity="1.062546e-002" type="0"/>
    <Peak1D F1="3.142749" intensity="1.070718e-002" type="0"/>
    <Peak1D F1="3.140430" intensity="1.092118e-002" type="0"/>
    <Peak1D F1="3.127168" intensity="9.138431e-003" type="0"/>
    <Peak1D F1="3.119818" intensity="1.003064e-002" type="0"/>
    <Peak1D F1="3.104867" intensity="1.034718e-002" type="0"/>
    <Peak1D F1="3.072943" intensity="6.365718e-003" type="0"/>
    <Peak1D F1="3.059000" intensity="1.113882e-002" type="0"/>
    <Peak1D F1="3.033475" intensity="1.259633e-002" type="0"/>
    <Peak1D F1="3.029067" intensity="8.399385e-003" type="0"/>
    <Peak1D F1="3.018169" intensity="1.144435e-002" type="0"/>
    <Peak1D F1="3.010504" intensity="1.162806e-002" type="0"/>
    <Peak1D F1="3.008230" intensity="1.021297e-002" type="0"/>
    <Peak1D F1="3.006224" intensity="8.118096e-003" type="0"/>
    <Peak1D F1="2.994260" intensity="1.055492e-002" type="0"/>
    <Peak1D F1="2.978918" intensity="1.031415e-002" type="0"/>
    <Peak1D F1="2.960441" intensity="5.425253e-003" type="0"/>
    <Peak1D F1="2.898240" intensity="2.086101e-002" type="0"/>
    <Peak1D F1="2.868596" intensity="6.775080e-003" type="0"/>
    <Peak1D F1="2.858273" intensity="2.593184e-002" type="0"/>
    <Peak1D F1="2.847093" intensity="1.384357e-002" type="0"/>
    <Peak1D F1="2.829441" intensity="9.725917e-003" type="0"/>
    <Peak1D F1="2.738686" intensity="5.672400e-003" type="0"/>
    <Peak1D F1="2.724888" intensity="8.051539e-003" type="0"/>
    <Peak1D F1="2.692435" intensity="1.225268e+000" type="0"/>
    <Peak1D F1="2.673920" intensity="2.067323e+000" type="0"/>
    <Peak1D F1="2.655401" intensity="1.284494e+000" type="0"/>
    <Peak1D F1="2.619883" intensity="8.336346e-003" type="0"/>
    <Peak1D F1="2.609947" intensity="8.944615e-003" type="0"/>
    <Peak1D F1="2.601402" intensity="7.383490e-003" type="0"/>
    <Peak1D F1="2.588792" intensity="2.717524e-002" type="0"/>
    <Peak1D F1="2.555159" intensity="8.707411e-003" type="0"/>
    <Peak1D F1="2.547633" intensity="2.062641e-002" type="0"/>
    <Peak1D F1="2.517436" intensity="7.707836e-003" type="0"/>
    <Peak1D F1="2.498437" intensity="1.239556e-002" type="0"/>
    <Peak1D F1="2.477342" intensity="8.267287e-003" type="0"/>
    <Peak1D F1="2.382974" intensity="6.251048e-003" type="0"/>
    <Peak1D F1="2.378628" intensity="5.334270e-003" type="0"/>
    <Peak1D F1="2.367108" intensity="5.589562e-003" type="0"/>
    <Peak1D F1="2.247348" intensity="1.189100e-002" type="0"/>
    <Peak1D F1="2.102389" intensity="1.160543e-002" type="0"/>
    <Peak1D F1="1.784529" intensity="5.226321e-003" type="0"/>
    <Peak1D F1="1.749655" intensity="7.913551e-003" type="0"/>
    <Peak1D F1="1.721082" intensity="1.711749e-002" type="0"/>
    <Peak1D F1="1.712731" intensity="1.716293e-002" type="0"/>
    <Peak1D F1="1.703045" intensity="3.516058e-002" type="0"/>
    <Peak1D F1="1.684943" intensity="4.700776e-002" type="0"/>
    <Peak1D F1="1.666179" intensity="4.882813e-002" type="0"/>
    <Peak1D F1="1.580367" intensity="1.734471e-001" type="0"/>
    <Peak1D F1="1.579312" intensity="1.736048e-001" type="0"/>
    <Peak1D F1="1.495311" intensity="2.805351e-001" type="0"/>
    <Peak1D F1="1.477444" intensity="8.063613e-001" type="0"/>
    <Peak1D F1="1.458889" intensity="1.275905e+000" type="0"/>
    <Peak1D F1="1.440335" intensity="9.835776e-001" type="0"/>
    <Peak1D F1="1.421290" intensity="3.850339e-001" type="0"/>
    <Peak1D F1="1.398650" intensity="3.068435e-002" type="0"/>
    <Peak1D F1="1.396621" intensity="3.066168e-002" type="0"/>
    <Peak1D F1="1.393596" intensity="3.349807e-002" type="0"/>
    <Peak1D F1="1.379731" intensity="3.735763e-002" type="0"/>
    <Peak1D F1="1.376566" intensity="4.245260e-002" type="0"/>
    <Peak1D F1="1.373996" intensity="4.386152e-002" type="0"/>
    <Peak1D F1="1.369496" intensity="4.163713e-002" type="0"/>
    <Peak1D F1="1.340950" intensity="6.857522e-002" type="0"/>
    <Peak1D F1="1.285133" intensity="6.914064e-001" type="0"/>
    <Peak1D F1="1.267156" intensity="8.914632e-001" type="0"/>
    <Peak1D F1="1.250684" intensity="7.511596e-001" type="0"/>
    <Peak1D F1="1.221573" intensity="9.096960e-001" type="0"/>
    <Peak1D F1="1.202546" intensity="1.198822e+000" type="0"/>
    <Peak1D F1="1.159459" intensity="1.500000e+001" type="0"/>
    <Peak1D F1="1.071350" intensity="3.127129e-002" type="0"/>
    <Peak1D F1="1.065637" intensity="3.168847e-002" type="0"/>
    <Peak1D F1="1.062819" intensity="3.150093e-002" type="0"/>
    <Peak1D F1="1.062127" intensity="3.138192e-002" type="0"/>
    <Peak1D F1="1.047512" intensity="3.132829e-002" type="0"/>
    <Peak1D F1="1.044259" intensity="3.580553e-002" type="0"/>
    <Peak1D F1="1.035569" intensity="4.364460e-002" type="0"/>
    <Peak1D F1="1.017826" intensity="4.807861e-002" type="0"/>
    <Peak1D F1="1.005328" intensity="4.493500e-002" type="0"/>
    <Peak1D F1="0.978033" intensity="2.639895e-002" type="0"/>
    <Peak1D F1="0.971470" intensity="2.464179e-002" type="0"/>
    <Peak1D F1="0.958425" intensity="2.759107e-002" type="0"/>
    <Peak1D F1="0.939497" intensity="1.561886e-002" type="0"/>
    <Peak1D F1="0.931174" intensity="8.688607e-003" type="0"/>
    <Peak1D F1="0.923933" intensity="8.914076e-003" type="0"/>
    <Peak1D F1="0.920449" intensity="8.644028e-003" type="0"/>
    <Peak1D F1="0.915846" intensity="8.006600e-003" type="0"/>
    <Peak1D F1="0.904146" intensity="7.048688e-003" type="0"/>
    <Peak1D F1="0.892935" intensity="6.846332e-003" type="0"/>
    <Peak1D F1="0.880515" intensity="7.254155e-003" type="0"/>
    <Peak1D F1="0.819938" intensity="1.760759e+000" type="0"/>
    <Peak1D F1="0.804294" intensity="3.652783e+000" type="0"/>
    <Peak1D F1="0.787081" intensity="1.735730e+000" type="0"/>
    <Peak1D F1="0.730262" intensity="1.244605e-002" type="0"/>
    <Peak1D F1="0.722693" intensity="9.554985e-003" type="0"/>
    <Peak1D F1="0.697755" intensity="7.557785e-003" type="0"/>
    <Peak1D F1="0.682060" intensity="7.165580e-003" type="0"/>
    <Peak1D F1="0.669335" intensity="9.790014e-003" type="0"/>
    <Peak1D F1="0.663153" intensity="1.706382e-002" type="0"/>
    <Peak1D F1="0.658451" intensity="1.169519e-002" type="0"/>
    <Peak1D F1="0.648331" intensity="2.676157e-002" type="0"/>
    <Peak1D F1="0.634019" intensity="9.600020e-003" type="0"/>
    <Peak1D F1="0.628999" intensity="1.527574e-002" type="0"/>
    <Peak1D F1="0.611967" intensity="6.134311e-003" type="0"/>
    <Peak1D F1="0.601536" intensity="5.846218e-003" type="0"/>
    <Peak1D F1="0.589330" intensity="5.294398e-003" type="0"/>
    <Peak1D F1="0.562996" intensity="5.349518e-003" type="0"/>
    <Peak1D F1="0.502193" intensity="5.324671e-003" type="0"/>
    <Peak1D F1="0.001677" intensity="4.346138e-002" type="0"/>
    <Peak1D F1="-0.000128" intensity="4.440389e-002" type="0"/>
  </PeakList1D>
</PeakList>
