<?xml version="1.0" encoding="UTF-8"?>
<PeakList>
  <PeakList1D>
    <PeakList1DHeader creator="chemist" date="2019-02-04T23:39:51.585+00:00" expNo="10" name="Z145195" owner="" procNo="1" source="f:\data\chemist\nmr\">
      <PeakPickDetails>F1=250.000ppm, F2=-10.000ppm, MI=1.00cm, MAXI=2000.00cm, PC=1.000
      </PeakPickDetails>
    </PeakList1DHeader>
    <Peak1D F1="141.9607" intensity="2.045737e+000" type="0"/>
    <Peak1D F1="140.1650" intensity="1.055926e+000" type="0"/>
    <Peak1D F1="133.4498" intensity="1.136069e+000" type="0"/>
    <Peak1D F1="129.9993" intensity="2.245692e+000" type="0"/>
    <Peak1D F1="129.9154" intensity="2.114401e+000" type="0"/>
    <Peak1D F1="128.6284" intensity="8.156632e+000" type="0"/>
    <Peak1D F1="127.2528" intensity="8.215332e+000" type="0"/>
    <Peak1D F1="125.1782" intensity="1.830713e+000" type="0"/>
    <Peak1D F1="125.1513" intensity="1.558369e+000" type="0"/>
    <Peak1D F1="116.4709" intensity="1.648822e+000" type="0"/>
    <Peak1D F1="116.2611" intensity="1.364373e+000" type="0"/>
    <Peak1D F1="113.7835" intensity="1.977754e+000" type="0"/>
    <Peak1D F1="113.5758" intensity="2.187819e+000" type="0"/>
    <Peak1D F1="77.3307" intensity="1.461094e+002" type="0"/>
    <Peak1D F1="77.2165" intensity="5.600827e+000" type="0"/>
    <Peak1D F1="77.0129" intensity="1.491702e+002" type="0"/>
    <Peak1D F1="76.6949" intensity="1.472384e+002" type="0"/>
    <Peak1D F1="74.4794" intensity="3.422503e+000" type="0"/>
    <Peak1D F1="45.6455" intensity="2.003456e+000" type="0"/>
  </PeakList1D>
</PeakList>
