<?xml version="1.0" encoding="UTF-8"?>
<PeakList>
  <PeakList1D>
    <PeakList1DHeader creator="JRomeo" date="2020-01-05T12:14:33" expNo="6" name="2JR70_p" owner="" procNo="1" source="C:\Bruker\TOPSPIN">
      <PeakPickDetails>F1=159.761ppm, F2=146.646ppm, MI=0.26cm, MAXI=1.61cm, PC=1.400
      </PeakPickDetails>
    </PeakList1DHeader>
    <Peak1D F1="154.6532" intensity="0.87" type="0"/>
    <Peak1D F1="151.0477" intensity="0.97" type="0"/>
  </PeakList1D>
  <PeakList1D>
    <PeakList1DHeader creator="JRomeo" date="2020-01-05T12:14:33" expNo="6" name="2JR70_p" owner="" procNo="1" source="C:\Bruker\TOPSPIN">
      <PeakPickDetails>F1=138.896ppm, F2=131.942ppm, MI=0.34cm, MAXI=1.35cm, PC=1.400
      </PeakPickDetails>
    </PeakList1DHeader>
    <Peak1D F1="136.8787" intensity="1.11" type="0"/>
    <Peak1D F1="133.262" intensity="0.85" type="0"/>
    <Peak1D F1="132.9138" intensity="0.87" type="0"/>
  </PeakList1D>
  <PeakList1D>
    <PeakList1DHeader creator="JRomeo" date="2020-01-05T12:14:33" expNo="6" name="2JR70_p" owner="" procNo="1" source="C:\Bruker\TOPSPIN">
      <PeakPickDetails>F1=129.508ppm, F2=124.256ppm, MI=1.41cm, MAXI=5.90cm, PC=1.400
      </PeakPickDetails>
    </PeakList1DHeader>
    <Peak1D F1="127.8871" intensity="3.53" type="0"/>
    <Peak1D F1="127.7924" intensity="3.37" type="0"/>
    <Peak1D F1="127.6435" intensity="3.34" type="0"/>
    <Peak1D F1="126.5679" intensity="3.31" type="0"/>
    <Peak1D F1="126.4747" intensity="3.45" type="0"/>
    <Peak1D F1="125.8424" intensity="3.45" type="0"/>
    <Peak1D F1="125.59" intensity="3.7" type="0"/>
  </PeakList1D>
  <PeakList1D>
    <PeakList1DHeader creator="JRomeo" date="2020-01-05T12:14:33" expNo="6" name="2JR70_p" owner="" procNo="1" source="C:\Bruker\TOPSPIN">
      <PeakPickDetails>F1=121.285ppm, F2=110.408ppm, MI=1.25cm, MAXI=10.27cm, PC=1.400
      </PeakPickDetails>
    </PeakList1DHeader>
    <Peak1D F1="117.7968" intensity="6.67" type="0"/>
    <Peak1D F1="114.5409" intensity="6.71" type="0"/>
  </PeakList1D>
  <PeakList1D>
    <PeakList1DHeader creator="JRomeo" date="2020-01-05T12:14:33" expNo="6" name="2JR70_p" owner="" procNo="1" source="C:\Bruker\TOPSPIN">
      <PeakPickDetails>F1=103.405ppm, F2=95.128ppm, MI=2.87cm, MAXI=6.35cm, PC=1.400
      </PeakPickDetails>
    </PeakList1DHeader>
    <Peak1D F1="99.4336" intensity="3.85" type="0"/>
    <Peak1D F1="97.3626" intensity="3.68" type="0"/>
  </PeakList1D>
  <PeakList1D>
    <PeakList1DHeader creator="JRomeo" date="2020-01-05T12:14:33" expNo="6" name="2JR70_p" owner="" procNo="1" source="C:\Bruker\TOPSPIN">
      <PeakPickDetails>F1=81.546ppm, F2=78.044ppm, MI=1.98cm, MAXI=4.65cm, PC=1.400
      </PeakPickDetails>
    </PeakList1DHeader>
    <Peak1D F1="79.33" intensity="3.45" type="0"/>
  </PeakList1D>
  <PeakList1D>
    <PeakList1DHeader creator="JRomeo" date="2020-01-05T12:14:33" expNo="6" name="2JR70_p" owner="" procNo="1" source="C:\Bruker\TOPSPIN">
      <PeakPickDetails>F1=76.241ppm, F2=72.155ppm, MI=0.85cm, MAXI=5.62cm, PC=1.400
      </PeakPickDetails>
    </PeakList1DHeader>
    <Peak1D F1="74.9787" intensity="3.46" type="0"/>
    <Peak1D F1="74.8315" intensity="3.69" type="0"/>
    <Peak1D F1="72.894" intensity="3.27" type="0"/>
  </PeakList1D>
  <PeakList1D>
    <PeakList1DHeader creator="JRomeo" date="2020-01-05T12:14:33" expNo="6" name="2JR70_p" owner="" procNo="1" source="C:\Bruker\TOPSPIN">
      <PeakPickDetails>F1=71.094ppm, F2=65.470ppm, MI=1.29cm, MAXI=5.62cm, PC=1.400
      </PeakPickDetails>
    </PeakList1DHeader>
    <Peak1D F1="68.9751" intensity="3.38" type="0"/>
    <Peak1D F1="67.6942" intensity="3.7" type="0"/>
    <Peak1D F1="67.1317" intensity="3.52" type="0"/>
  </PeakList1D>
  <PeakList1D>
    <PeakList1DHeader creator="JRomeo" date="2020-01-05T12:14:33" expNo="6" name="2JR70_p" owner="" procNo="1" source="C:\Bruker\TOPSPIN">
      <PeakPickDetails>F1=59.157ppm, F2=54.116ppm, MI=1.25cm, MAXI=3.07cm, PC=1.400
      </PeakPickDetails>
    </PeakList1DHeader>
    <Peak1D F1="56.3685" intensity="2.72" type="0"/>
    <Peak1D F1="55.6649" intensity="2.2" type="0"/>
  </PeakList1D>
  <PeakList1D>
    <PeakList1DHeader creator="JRomeo" date="2020-01-05T12:14:33" expNo="6" name="2JR70_p" owner="" procNo="1" source="C:\Bruker\TOPSPIN">
      <PeakPickDetails>F1=37.616ppm, F2=29.552ppm, MI=2.33cm, MAXI=4.75cm, PC=1.400
      </PeakPickDetails>
    </PeakList1DHeader>
    <Peak1D F1="33.8999" intensity="3.06" type="0"/>
    <Peak1D F1="31.1656" intensity="3.19" type="0"/>
  </PeakList1D>
  <PeakList1D>
    <PeakList1DHeader creator="JRomeo" date="2020-01-05T12:14:33" expNo="6" name="2JR70_p" owner="" procNo="1" source="C:\Bruker\TOPSPIN">
      <PeakPickDetails>F1=27.324ppm, F2=23.079ppm, MI=9.80cm, MAXI=16.35cm, PC=1.400
      </PeakPickDetails>
    </PeakList1DHeader>
    <Peak1D F1="25.9333" intensity="12.26" type="0"/>
  </PeakList1D>
  <PeakList1D>
    <PeakList1DHeader creator="JRomeo" date="2020-01-05T12:14:33" expNo="6" name="2JR70_p" owner="" procNo="1" source="C:\Bruker\TOPSPIN">
      <PeakPickDetails>F1=19.630ppm, F2=15.864ppm, MI=1.55cm, MAXI=7.71cm, PC=1.400
      </PeakPickDetails>
    </PeakList1DHeader>
    <Peak1D F1="17.5347" intensity="3.74" type="0"/>
    <Peak1D F1="17.4481" intensity="4.13" type="0"/>
  </PeakList1D>
  <PeakList1D>
    <PeakList1DHeader creator="JRomeo" date="2020-01-05T12:14:33" expNo="6" name="2JR70_p" owner="" procNo="1" source="C:\Bruker\TOPSPIN">
      <PeakPickDetails>F1=-3.767ppm, F2=-5.730ppm, MI=1.11cm, MAXI=3.67cm, PC=1.400
      </PeakPickDetails>
    </PeakList1DHeader>
    <Peak1D F1="-4.5148" intensity="1.85" type="0"/>
    <Peak1D F1="-4.576" intensity="1.87" type="0"/>
  </PeakList1D>
</PeakList>
