<?xml version="1.0" encoding="UTF-8"?>
<PeakList>
  <PeakList1D>
    <PeakList1DHeader creator="nmr600" date="2019-07-04T14:53:34.676+02:00" expNo="15" name="6Jul0419" owner="" procNo="1" source="/opt/topspin3.0/data/nmr600/nmr">
      <PeakPickDetails>F1=18.562969ppm, F2=-218.562988ppm, MI=0.00cm, MAXI=10000.00cm, PC=1.000
      </PeakPickDetails>
    </PeakList1DHeader>
    <Peak1D F1="17.616144" intensity="2.153692e-03" type="0"/>
    <Peak1D F1="16.958088" intensity="2.265026e-03" type="0"/>
    <Peak1D F1="16.579098" intensity="2.401304e-03" type="0"/>
    <Peak1D F1="16.288969" intensity="2.255730e-03" type="0"/>
    <Peak1D F1="16.151039" intensity="2.299814e-03" type="0"/>
    <Peak1D F1="16.075672" intensity="2.315991e-03" type="0"/>
    <Peak1D F1="16.028719" intensity="2.281121e-03" type="0"/>
    <Peak1D F1="15.875918" intensity="2.495646e-03" type="0"/>
    <Peak1D F1="15.395227" intensity="2.220586e-03" type="0"/>
    <Peak1D F1="15.204527" intensity="2.156927e-03" type="0"/>
    <Peak1D F1="14.476515" intensity="2.162464e-03" type="0"/>
    <Peak1D F1="14.183385" intensity="2.432564e-03" type="0"/>
    <Peak1D F1="14.005626" intensity="2.225768e-03" type="0"/>
    <Peak1D F1="13.889951" intensity="2.432295e-03" type="0"/>
    <Peak1D F1="13.814258" intensity="2.286327e-03" type="0"/>
    <Peak1D F1="13.766643" intensity="2.485500e-03" type="0"/>
    <Peak1D F1="13.506602" intensity="2.165281e-03" type="0"/>
    <Peak1D F1="13.021449" intensity="2.347630e-03" type="0"/>
    <Peak1D F1="11.266537" intensity="2.491659e-03" type="0"/>
    <Peak1D F1="-63.156567" intensity="2.160261e-03" type="0"/>
    <Peak1D F1="-74.543350" intensity="2.150449e-03" type="0"/>
    <Peak1D F1="-74.757004" intensity="2.462854e-03" type="0"/>
    <Peak1D F1="-74.829628" intensity="2.870804e-03" type="0"/>
    <Peak1D F1="-74.836815" intensity="2.752121e-03" type="0"/>
    <Peak1D F1="-74.872459" intensity="2.598668e-03" type="0"/>
    <Peak1D F1="-75.098267" intensity="2.609395e-03" type="0"/>
    <Peak1D F1="-75.221092" intensity="2.691639e-03" type="0"/>
    <Peak1D F1="-75.405617" intensity="2.279210e-03" type="0"/>
    <Peak1D F1="-75.611519" intensity="2.510841e-03" type="0"/>
    <Peak1D F1="-77.647552" intensity="4.739838e-03" type="0"/>
    <Peak1D F1="-78.055763" intensity="2.095887e-02" type="0"/>
    <Peak1D F1="-78.191933" intensity="6.352893e-02" type="0"/>
    <Peak1D F1="-122.015068" intensity="2.509298e-03" type="0"/>
    <Peak1D F1="-122.095528" intensity="2.192715e-03" type="0"/>
    <Peak1D F1="-122.699173" intensity="2.243332e-03" type="0"/>
    <Peak1D F1="-123.343277" intensity="2.198730e-03" type="0"/>
    <Peak1D F1="-124.305351" intensity="2.110540e-03" type="0"/>
    <Peak1D F1="-128.495911" intensity="2.167065e-03" type="0"/>
    <Peak1D F1="-132.829330" intensity="2.270822e-03" type="0"/>
    <Peak1D F1="-133.883011" intensity="2.137086e-03" type="0"/>
    <Peak1D F1="-134.917389" intensity="2.172136e-03" type="0"/>
    <Peak1D F1="-135.138504" intensity="2.159112e-03" type="0"/>
    <Peak1D F1="-135.641342" intensity="2.184669e-03" type="0"/>
    <Peak1D F1="-135.873535" intensity="2.230287e-03" type="0"/>
    <Peak1D F1="-135.967163" intensity="2.170988e-03" type="0"/>
    <Peak1D F1="-136.328049" intensity="2.420752e-03" type="0"/>
    <Peak1D F1="-136.520370" intensity="2.343357e-03" type="0"/>
    <Peak1D F1="-136.810394" intensity="2.781741e-03" type="0"/>
    <Peak1D F1="-136.973465" intensity="2.524019e-03" type="0"/>
    <Peak1D F1="-137.056885" intensity="2.628833e-03" type="0"/>
    <Peak1D F1="-137.143570" intensity="2.904328e-03" type="0"/>
    <Peak1D F1="-137.410522" intensity="2.703023e-03" type="0"/>
    <Peak1D F1="-137.584686" intensity="2.787179e-03" type="0"/>
    <Peak1D F1="-137.606430" intensity="2.865476e-03" type="0"/>
    <Peak1D F1="-137.639267" intensity="2.752046e-03" type="0"/>
    <Peak1D F1="-137.953979" intensity="3.154936e-03" type="0"/>
    <Peak1D F1="-138.042923" intensity="2.900955e-03" type="0"/>
    <Peak1D F1="-138.235535" intensity="3.058828e-03" type="0"/>
    <Peak1D F1="-138.485992" intensity="3.507741e-03" type="0"/>
    <Peak1D F1="-138.580719" intensity="3.084743e-03" type="0"/>
    <Peak1D F1="-138.626328" intensity="3.130962e-03" type="0"/>
    <Peak1D F1="-138.707016" intensity="3.321038e-03" type="0"/>
    <Peak1D F1="-138.807480" intensity="3.386434e-03" type="0"/>
    <Peak1D F1="-139.147949" intensity="3.430956e-03" type="0"/>
    <Peak1D F1="-139.337036" intensity="3.492241e-03" type="0"/>
    <Peak1D F1="-139.488205" intensity="3.429263e-03" type="0"/>
    <Peak1D F1="-139.834564" intensity="3.996947e-03" type="0"/>
    <Peak1D F1="-140.004578" intensity="3.838399e-03" type="0"/>
    <Peak1D F1="-140.176682" intensity="3.918306e-03" type="0"/>
    <Peak1D F1="-140.443954" intensity="3.990473e-03" type="0"/>
    <Peak1D F1="-140.547424" intensity="3.952012e-03" type="0"/>
    <Peak1D F1="-140.608643" intensity="4.274209e-03" type="0"/>
    <Peak1D F1="-140.693680" intensity="4.175363e-03" type="0"/>
    <Peak1D F1="-140.728699" intensity="4.148116e-03" type="0"/>
    <Peak1D F1="-140.793808" intensity="4.109526e-03" type="0"/>
    <Peak1D F1="-141.137848" intensity="4.628229e-03" type="0"/>
    <Peak1D F1="-141.279495" intensity="4.908689e-03" type="0"/>
    <Peak1D F1="-141.532761" intensity="4.833744e-03" type="0"/>
    <Peak1D F1="-141.807343" intensity="5.399259e-03" type="0"/>
    <Peak1D F1="-142.019928" intensity="4.999139e-03" type="0"/>
    <Peak1D F1="-142.222626" intensity="5.470664e-03" type="0"/>
    <Peak1D F1="-142.280945" intensity="5.432612e-03" type="0"/>
    <Peak1D F1="-142.411057" intensity="5.580898e-03" type="0"/>
    <Peak1D F1="-142.689331" intensity="5.480663e-03" type="0"/>
    <Peak1D F1="-142.741714" intensity="5.671383e-03" type="0"/>
    <Peak1D F1="-142.951797" intensity="5.699103e-03" type="0"/>
    <Peak1D F1="-143.127823" intensity="6.020310e-03" type="0"/>
    <Peak1D F1="-143.304321" intensity="5.945632e-03" type="0"/>
    <Peak1D F1="-143.370804" intensity="5.716432e-03" type="0"/>
    <Peak1D F1="-143.609100" intensity="6.253926e-03" type="0"/>
    <Peak1D F1="-143.622803" intensity="6.406874e-03" type="0"/>
    <Peak1D F1="-143.663254" intensity="6.422890e-03" type="0"/>
    <Peak1D F1="-143.691772" intensity="6.317528e-03" type="0"/>
    <Peak1D F1="-143.812683" intensity="6.466115e-03" type="0"/>
    <Peak1D F1="-143.963730" intensity="6.370509e-03" type="0"/>
    <Peak1D F1="-144.122620" intensity="6.897516e-03" type="0"/>
    <Peak1D F1="-144.155685" intensity="7.083190e-03" type="0"/>
    <Peak1D F1="-144.236115" intensity="6.700967e-03" type="0"/>
    <Peak1D F1="-144.273758" intensity="6.688772e-03" type="0"/>
    <Peak1D F1="-144.310669" intensity="6.879366e-03" type="0"/>
    <Peak1D F1="-144.325623" intensity="6.987828e-03" type="0"/>
    <Peak1D F1="-144.449722" intensity="6.929715e-03" type="0"/>
    <Peak1D F1="-144.614212" intensity="6.886042e-03" type="0"/>
    <Peak1D F1="-144.719742" intensity="7.253631e-03" type="0"/>
    <Peak1D F1="-145.075211" intensity="7.269459e-03" type="0"/>
    <Peak1D F1="-145.610062" intensity="8.318606e-03" type="0"/>
    <Peak1D F1="-146.045349" intensity="8.958252e-03" type="0"/>
    <Peak1D F1="-146.163513" intensity="8.576593e-03" type="0"/>
    <Peak1D F1="-146.384506" intensity="9.134326e-03" type="0"/>
    <Peak1D F1="-146.438614" intensity="9.355743e-03" type="0"/>
    <Peak1D F1="-146.699799" intensity="9.238354e-03" type="0"/>
    <Peak1D F1="-147.031616" intensity="1.022429e-02" type="0"/>
    <Peak1D F1="-147.293060" intensity="1.038791e-02" type="0"/>
    <Peak1D F1="-147.415283" intensity="1.039366e-02" type="0"/>
    <Peak1D F1="-147.650299" intensity="1.084526e-02" type="0"/>
    <Peak1D F1="-147.951126" intensity="1.195263e-02" type="0"/>
    <Peak1D F1="-148.142487" intensity="1.199182e-02" type="0"/>
    <Peak1D F1="-148.399887" intensity="1.217294e-02" type="0"/>
    <Peak1D F1="-148.623398" intensity="1.254226e-02" type="0"/>
    <Peak1D F1="-148.795303" intensity="1.287857e-02" type="0"/>
    <Peak1D F1="-149.021912" intensity="1.344481e-02" type="0"/>
    <Peak1D F1="-149.040237" intensity="1.344538e-02" type="0"/>
    <Peak1D F1="-149.431076" intensity="1.398381e-02" type="0"/>
    <Peak1D F1="-149.702271" intensity="1.480056e-02" type="0"/>
    <Peak1D F1="-150.013397" intensity="1.558778e-02" type="0"/>
    <Peak1D F1="-150.281784" intensity="1.597260e-02" type="0"/>
    <Peak1D F1="-150.732315" intensity="1.700134e-02" type="0"/>
    <Peak1D F1="-150.906525" intensity="1.730897e-02" type="0"/>
    <Peak1D F1="-151.330032" intensity="1.880744e-02" type="0"/>
    <Peak1D F1="-151.477646" intensity="1.915743e-02" type="0"/>
    <Peak1D F1="-151.753143" intensity="2.023371e-02" type="0"/>
    <Peak1D F1="-151.962311" intensity="2.068506e-02" type="0"/>
    <Peak1D F1="-152.303467" intensity="2.177202e-02" type="0"/>
    <Peak1D F1="-152.498474" intensity="2.217724e-02" type="0"/>
    <Peak1D F1="-152.602097" intensity="2.261326e-02" type="0"/>
    <Peak1D F1="-152.655182" intensity="2.252498e-02" type="0"/>
    <Peak1D F1="-152.694046" intensity="2.282838e-02" type="0"/>
    <Peak1D F1="-152.908340" intensity="2.367509e-02" type="0"/>
    <Peak1D F1="-153.259903" intensity="2.505193e-02" type="0"/>
    <Peak1D F1="-153.421951" intensity="2.542899e-02" type="0"/>
    <Peak1D F1="-153.943008" intensity="2.739178e-02" type="0"/>
    <Peak1D F1="-154.112183" intensity="2.813072e-02" type="0"/>
    <Peak1D F1="-154.162750" intensity="2.844272e-02" type="0"/>
    <Peak1D F1="-154.293457" intensity="2.894317e-02" type="0"/>
    <Peak1D F1="-154.412628" intensity="2.919137e-02" type="0"/>
    <Peak1D F1="-154.459564" intensity="2.947307e-02" type="0"/>
    <Peak1D F1="-154.713928" intensity="3.076901e-02" type="0"/>
    <Peak1D F1="-155.755020" intensity="3.534540e-02" type="0"/>
    <Peak1D F1="-155.982956" intensity="3.608532e-02" type="0"/>
    <Peak1D F1="-156.379745" intensity="3.806625e-02" type="0"/>
    <Peak1D F1="-156.837341" intensity="4.043529e-02" type="0"/>
    <Peak1D F1="-156.964096" intensity="4.088988e-02" type="0"/>
    <Peak1D F1="-157.119827" intensity="4.106568e-02" type="0"/>
    <Peak1D F1="-157.195633" intensity="4.168867e-02" type="0"/>
    <Peak1D F1="-158.230164" intensity="4.645287e-02" type="0"/>
    <Peak1D F1="-159.109024" intensity="5.033959e-02" type="0"/>
    <Peak1D F1="-159.333435" intensity="5.163171e-02" type="0"/>
    <Peak1D F1="-159.650360" intensity="5.267342e-02" type="0"/>
    <Peak1D F1="-159.776001" intensity="5.330072e-02" type="0"/>
    <Peak1D F1="-159.927094" intensity="5.391061e-02" type="0"/>
    <Peak1D F1="-160.069336" intensity="5.446513e-02" type="0"/>
    <Peak1D F1="-160.089554" intensity="5.456912e-02" type="0"/>
    <Peak1D F1="-160.242233" intensity="5.534984e-02" type="0"/>
    <Peak1D F1="-160.466507" intensity="5.622184e-02" type="0"/>
    <Peak1D F1="-160.509628" intensity="5.633027e-02" type="0"/>
    <Peak1D F1="-160.799133" intensity="5.765313e-02" type="0"/>
    <Peak1D F1="-160.951889" intensity="5.843715e-02" type="0"/>
    <Peak1D F1="-161.124374" intensity="5.928034e-02" type="0"/>
    <Peak1D F1="-161.218781" intensity="5.958384e-02" type="0"/>
    <Peak1D F1="-161.599289" intensity="6.150205e-02" type="0"/>
    <Peak1D F1="-161.672043" intensity="6.229805e-02" type="0"/>
    <Peak1D F1="-161.795639" intensity="6.214960e-02" type="0"/>
    <Peak1D F1="-162.047150" intensity="6.321423e-02" type="0"/>
    <Peak1D F1="-162.383652" intensity="6.472465e-02" type="0"/>
    <Peak1D F1="-162.433441" intensity="6.559697e-02" type="0"/>
    <Peak1D F1="-162.485458" intensity="6.568405e-02" type="0"/>
    <Peak1D F1="-162.567795" intensity="6.565523e-02" type="0"/>
    <Peak1D F1="-162.590256" intensity="6.620455e-02" type="0"/>
    <Peak1D F1="-163.277420" intensity="6.970181e-02" type="0"/>
    <Peak1D F1="-163.354187" intensity="6.998348e-02" type="0"/>
    <Peak1D F1="-163.526917" intensity="7.059510e-02" type="0"/>
    <Peak1D F1="-163.542175" intensity="7.096893e-02" type="0"/>
    <Peak1D F1="-163.671646" intensity="7.180936e-02" type="0"/>
    <Peak1D F1="-163.795471" intensity="7.230839e-02" type="0"/>
    <Peak1D F1="-163.854080" intensity="7.269438e-02" type="0"/>
    <Peak1D F1="-164.171967" intensity="7.425058e-02" type="0"/>
    <Peak1D F1="-164.772034" intensity="7.769809e-02" type="0"/>
    <Peak1D F1="-164.974289" intensity="7.817851e-02" type="0"/>
    <Peak1D F1="-165.167313" intensity="7.996979e-02" type="0"/>
    <Peak1D F1="-165.386505" intensity="8.081331e-02" type="0"/>
    <Peak1D F1="-165.694855" intensity="8.237441e-02" type="0"/>
    <Peak1D F1="-165.796799" intensity="8.317690e-02" type="0"/>
    <Peak1D F1="-165.825928" intensity="8.308156e-02" type="0"/>
    <Peak1D F1="-166.349518" intensity="8.611257e-02" type="0"/>
    <Peak1D F1="-166.412231" intensity="8.652327e-02" type="0"/>
    <Peak1D F1="-167.352295" intensity="8.990682e-02" type="0"/>
    <Peak1D F1="-167.453613" intensity="9.050541e-02" type="0"/>
    <Peak1D F1="-167.689011" intensity="9.150725e-02" type="0"/>
    <Peak1D F1="-167.996216" intensity="9.242606e-02" type="0"/>
    <Peak1D F1="-168.160004" intensity="9.270160e-02" type="0"/>
    <Peak1D F1="-168.263596" intensity="9.322346e-02" type="0"/>
    <Peak1D F1="-168.335602" intensity="9.282675e-02" type="0"/>
    <Peak1D F1="-168.478043" intensity="9.313045e-02" type="0"/>
    <Peak1D F1="-168.564148" intensity="9.341607e-02" type="0"/>
    <Peak1D F1="-168.776337" intensity="9.400272e-02" type="0"/>
    <Peak1D F1="-168.946167" intensity="9.420402e-02" type="0"/>
    <Peak1D F1="-169.004776" intensity="9.424152e-02" type="0"/>
    <Peak1D F1="-169.251953" intensity="9.462682e-02" type="0"/>
    <Peak1D F1="-169.443344" intensity="9.447520e-02" type="0"/>
    <Peak1D F1="-169.552338" intensity="9.467048e-02" type="0"/>
    <Peak1D F1="-170.153366" intensity="9.447791e-02" type="0"/>
    <Peak1D F1="-170.199753" intensity="9.430647e-02" type="0"/>
    <Peak1D F1="-170.417191" intensity="9.439194e-02" type="0"/>
    <Peak1D F1="-170.622086" intensity="9.388477e-02" type="0"/>
    <Peak1D F1="-170.836487" intensity="9.324436e-02" type="0"/>
    <Peak1D F1="-171.285706" intensity="9.226610e-02" type="0"/>
    <Peak1D F1="-171.498001" intensity="9.156567e-02" type="0"/>
    <Peak1D F1="-171.763138" intensity="9.078679e-02" type="0"/>
    <Peak1D F1="-171.954315" intensity="8.990364e-02" type="0"/>
    <Peak1D F1="-172.002716" intensity="8.982290e-02" type="0"/>
    <Peak1D F1="-172.583405" intensity="8.768307e-02" type="0"/>
    <Peak1D F1="-172.981979" intensity="8.563121e-02" type="0"/>
    <Peak1D F1="-173.100983" intensity="8.501957e-02" type="0"/>
    <Peak1D F1="-173.230118" intensity="8.475510e-02" type="0"/>
    <Peak1D F1="-173.568344" intensity="8.264600e-02" type="0"/>
    <Peak1D F1="-174.722031" intensity="7.663202e-02" type="0"/>
    <Peak1D F1="-174.761993" intensity="7.633504e-02" type="0"/>
    <Peak1D F1="-175.023041" intensity="7.482861e-02" type="0"/>
    <Peak1D F1="-175.362915" intensity="7.314651e-02" type="0"/>
    <Peak1D F1="-175.407028" intensity="7.315727e-02" type="0"/>
    <Peak1D F1="-175.716751" intensity="7.131510e-02" type="0"/>
    <Peak1D F1="-175.805130" intensity="7.119569e-02" type="0"/>
    <Peak1D F1="-175.873322" intensity="7.067910e-02" type="0"/>
    <Peak1D F1="-176.100876" intensity="6.959609e-02" type="0"/>
    <Peak1D F1="-176.402130" intensity="6.806603e-02" type="0"/>
    <Peak1D F1="-176.461990" intensity="6.779989e-02" type="0"/>
    <Peak1D F1="-176.509506" intensity="6.804865e-02" type="0"/>
    <Peak1D F1="-176.654678" intensity="6.748964e-02" type="0"/>
    <Peak1D F1="-176.702225" intensity="6.676389e-02" type="0"/>
    <Peak1D F1="-176.857361" intensity="6.643972e-02" type="0"/>
    <Peak1D F1="-176.890259" intensity="6.646645e-02" type="0"/>
    <Peak1D F1="-177.019821" intensity="6.551725e-02" type="0"/>
    <Peak1D F1="-177.280518" intensity="6.513135e-02" type="0"/>
    <Peak1D F1="-177.653488" intensity="6.379421e-02" type="0"/>
    <Peak1D F1="-177.936081" intensity="6.245171e-02" type="0"/>
    <Peak1D F1="-178.667328" intensity="6.043666e-02" type="0"/>
    <Peak1D F1="-178.865219" intensity="6.044365e-02" type="0"/>
    <Peak1D F1="-179.015854" intensity="6.021377e-02" type="0"/>
    <Peak1D F1="-179.595947" intensity="5.943641e-02" type="0"/>
    <Peak1D F1="-179.835190" intensity="5.933899e-02" type="0"/>
    <Peak1D F1="-180.186005" intensity="5.926804e-02" type="0"/>
    <Peak1D F1="-180.226166" intensity="5.878635e-02" type="0"/>
    <Peak1D F1="-180.496780" intensity="5.897549e-02" type="0"/>
    <Peak1D F1="-180.856812" intensity="5.921175e-02" type="0"/>
    <Peak1D F1="-181.032455" intensity="5.877808e-02" type="0"/>
    <Peak1D F1="-181.173676" intensity="5.932032e-02" type="0"/>
    <Peak1D F1="-181.405685" intensity="5.907529e-02" type="0"/>
    <Peak1D F1="-181.485092" intensity="5.898460e-02" type="0"/>
    <Peak1D F1="-181.703445" intensity="5.907904e-02" type="0"/>
    <Peak1D F1="-181.724136" intensity="5.932549e-02" type="0"/>
    <Peak1D F1="-181.977371" intensity="5.946956e-02" type="0"/>
    <Peak1D F1="-182.139587" intensity="5.929150e-02" type="0"/>
    <Peak1D F1="-182.179733" intensity="5.985078e-02" type="0"/>
    <Peak1D F1="-182.258865" intensity="5.963389e-02" type="0"/>
    <Peak1D F1="-182.551926" intensity="6.019777e-02" type="0"/>
    <Peak1D F1="-182.620743" intensity="5.987102e-02" type="0"/>
    <Peak1D F1="-183.091599" intensity="6.039716e-02" type="0"/>
    <Peak1D F1="-183.687729" intensity="6.081502e-02" type="0"/>
    <Peak1D F1="-183.814026" intensity="6.099782e-02" type="0"/>
    <Peak1D F1="-184.006958" intensity="6.145117e-02" type="0"/>
    <Peak1D F1="-184.072266" intensity="6.133906e-02" type="0"/>
    <Peak1D F1="-184.212784" intensity="6.162587e-02" type="0"/>
    <Peak1D F1="-184.324448" intensity="6.161555e-02" type="0"/>
    <Peak1D F1="-184.390930" intensity="6.151587e-02" type="0"/>
    <Peak1D F1="-184.430573" intensity="6.150091e-02" type="0"/>
    <Peak1D F1="-184.575195" intensity="6.178296e-02" type="0"/>
    <Peak1D F1="-184.729309" intensity="6.193702e-02" type="0"/>
    <Peak1D F1="-184.969788" intensity="6.196522e-02" type="0"/>
    <Peak1D F1="-185.281158" intensity="6.191843e-02" type="0"/>
    <Peak1D F1="-185.581253" intensity="6.241416e-02" type="0"/>
    <Peak1D F1="-185.638016" intensity="6.214460e-02" type="0"/>
    <Peak1D F1="-185.739197" intensity="6.191552e-02" type="0"/>
    <Peak1D F1="-185.812485" intensity="6.238877e-02" type="0"/>
    <Peak1D F1="-185.877594" intensity="6.239461e-02" type="0"/>
    <Peak1D F1="-185.931625" intensity="6.266395e-02" type="0"/>
    <Peak1D F1="-186.039322" intensity="6.230927e-02" type="0"/>
    <Peak1D F1="-186.160172" intensity="6.220704e-02" type="0"/>
    <Peak1D F1="-186.332932" intensity="6.246037e-02" type="0"/>
    <Peak1D F1="-186.515305" intensity="6.244523e-02" type="0"/>
    <Peak1D F1="-186.561783" intensity="6.247167e-02" type="0"/>
    <Peak1D F1="-186.770981" intensity="6.249774e-02" type="0"/>
    <Peak1D F1="-187.748016" intensity="6.165610e-02" type="0"/>
    <Peak1D F1="-187.838455" intensity="6.134293e-02" type="0"/>
    <Peak1D F1="-187.907547" intensity="6.162849e-02" type="0"/>
    <Peak1D F1="-188.200134" intensity="6.095334e-02" type="0"/>
    <Peak1D F1="-188.309067" intensity="6.064311e-02" type="0"/>
    <Peak1D F1="-188.663025" intensity="6.010633e-02" type="0"/>
    <Peak1D F1="-188.681503" intensity="5.985617e-02" type="0"/>
    <Peak1D F1="-189.086777" intensity="5.935780e-02" type="0"/>
    <Peak1D F1="-189.257111" intensity="5.877819e-02" type="0"/>
    <Peak1D F1="-189.301453" intensity="5.857935e-02" type="0"/>
    <Peak1D F1="-189.492096" intensity="5.832024e-02" type="0"/>
    <Peak1D F1="-189.810822" intensity="5.714204e-02" type="0"/>
    <Peak1D F1="-189.941895" intensity="5.718461e-02" type="0"/>
    <Peak1D F1="-190.223145" intensity="5.585985e-02" type="0"/>
    <Peak1D F1="-190.285324" intensity="5.543115e-02" type="0"/>
    <Peak1D F1="-190.465759" intensity="5.502631e-02" type="0"/>
    <Peak1D F1="-190.848877" intensity="5.388222e-02" type="0"/>
    <Peak1D F1="-190.913528" intensity="5.360842e-02" type="0"/>
    <Peak1D F1="-191.084412" intensity="5.249012e-02" type="0"/>
    <Peak1D F1="-191.149902" intensity="5.216706e-02" type="0"/>
    <Peak1D F1="-191.333435" intensity="5.126929e-02" type="0"/>
    <Peak1D F1="-191.789551" intensity="4.890921e-02" type="0"/>
    <Peak1D F1="-191.927582" intensity="4.857983e-02" type="0"/>
    <Peak1D F1="-192.119843" intensity="4.769105e-02" type="0"/>
    <Peak1D F1="-192.230103" intensity="4.745432e-02" type="0"/>
    <Peak1D F1="-192.588348" intensity="4.508915e-02" type="0"/>
    <Peak1D F1="-192.799637" intensity="4.423178e-02" type="0"/>
    <Peak1D F1="-193.128769" intensity="4.259041e-02" type="0"/>
    <Peak1D F1="-193.334564" intensity="4.187238e-02" type="0"/>
    <Peak1D F1="-193.516220" intensity="4.024620e-02" type="0"/>
    <Peak1D F1="-193.737167" intensity="3.904569e-02" type="0"/>
    <Peak1D F1="-194.285934" intensity="3.654307e-02" type="0"/>
    <Peak1D F1="-194.337433" intensity="3.616925e-02" type="0"/>
    <Peak1D F1="-194.391861" intensity="3.573939e-02" type="0"/>
    <Peak1D F1="-195.166885" intensity="3.155279e-02" type="0"/>
    <Peak1D F1="-195.277573" intensity="3.090648e-02" type="0"/>
    <Peak1D F1="-195.321777" intensity="3.024633e-02" type="0"/>
    <Peak1D F1="-195.903229" intensity="2.756172e-02" type="0"/>
    <Peak1D F1="-196.063065" intensity="2.734825e-02" type="0"/>
    <Peak1D F1="-196.598969" intensity="2.474267e-02" type="0"/>
    <Peak1D F1="-196.842209" intensity="2.338223e-02" type="0"/>
    <Peak1D F1="-197.025452" intensity="2.275076e-02" type="0"/>
    <Peak1D F1="-198.004578" intensity="1.860854e-02" type="0"/>
    <Peak1D F1="-198.056198" intensity="1.807556e-02" type="0"/>
    <Peak1D F1="-198.282211" intensity="1.725216e-02" type="0"/>
    <Peak1D F1="-198.371643" intensity="1.740959e-02" type="0"/>
    <Peak1D F1="-198.461334" intensity="1.657287e-02" type="0"/>
    <Peak1D F1="-198.534012" intensity="1.650913e-02" type="0"/>
    <Peak1D F1="-198.712311" intensity="1.563459e-02" type="0"/>
    <Peak1D F1="-198.751480" intensity="1.564506e-02" type="0"/>
    <Peak1D F1="-198.820236" intensity="1.521699e-02" type="0"/>
    <Peak1D F1="-198.941910" intensity="1.478927e-02" type="0"/>
    <Peak1D F1="-199.488571" intensity="1.310107e-02" type="0"/>
    <Peak1D F1="-199.550156" intensity="1.284861e-02" type="0"/>
    <Peak1D F1="-199.919800" intensity="1.149214e-02" type="0"/>
    <Peak1D F1="-199.995773" intensity="1.225799e-02" type="0"/>
    <Peak1D F1="-200.339920" intensity="1.059629e-02" type="0"/>
    <Peak1D F1="-200.397430" intensity="1.050668e-02" type="0"/>
    <Peak1D F1="-201.194672" intensity="8.249617e-03" type="0"/>
    <Peak1D F1="-201.487015" intensity="7.668542e-03" type="0"/>
    <Peak1D F1="-201.707901" intensity="7.142042e-03" type="0"/>
    <Peak1D F1="-202.213379" intensity="6.476119e-03" type="0"/>
    <Peak1D F1="-202.568954" intensity="5.104996e-03" type="0"/>
    <Peak1D F1="-202.764099" intensity="4.958343e-03" type="0"/>
    <Peak1D F1="-202.901871" intensity="4.501341e-03" type="0"/>
    <Peak1D F1="-203.081314" intensity="4.227007e-03" type="0"/>
    <Peak1D F1="-203.207443" intensity="3.880366e-03" type="0"/>
    <Peak1D F1="-203.365051" intensity="3.581948e-03" type="0"/>
    <Peak1D F1="-203.468887" intensity="3.813416e-03" type="0"/>
    <Peak1D F1="-203.588516" intensity="3.290004e-03" type="0"/>
    <Peak1D F1="-203.650818" intensity="3.156314e-03" type="0"/>
    <Peak1D F1="-203.671402" intensity="3.102821e-03" type="0"/>
    <Peak1D F1="-203.918900" intensity="2.356268e-03" type="0"/>
  </PeakList1D>
</PeakList>
