<?xml version="1.0" encoding="UTF-8"?>
<PeakList>
  <PeakList1D>
    <PeakList1DHeader creator="chemist" date="2019-01-21T14:42:37.109+00:00" expNo="10" name="Z144158" owner="" procNo="1" source="f:\data\chemist\nmr\">
      <PeakPickDetails>F1=15.000ppm, F2=-0.100ppm, MI=0.50cm, MAXI=80.00cm, PC=1.000
      </PeakPickDetails>
    </PeakList1DHeader>
    <Peak1D F1="7.3516" intensity="2.484210e+000" type="0"/>
    <Peak1D F1="7.3458" intensity="1.318617e+000" type="0"/>
    <Peak1D F1="7.3358" intensity="2.286157e+000" type="0"/>
    <Peak1D F1="7.3298" intensity="1.188747e+001" type="0"/>
    <Peak1D F1="7.3172" intensity="1.092040e+001" type="0"/>
    <Peak1D F1="7.3112" intensity="1.969548e+000" type="0"/>
    <Peak1D F1="7.3009" intensity="1.232767e+000" type="0"/>
    <Peak1D F1="7.2955" intensity="2.432851e+000" type="0"/>
    <Peak1D F1="7.2846" intensity="4.717372e+000" type="0"/>
    <Peak1D F1="7.1538" intensity="3.382302e+000" type="0"/>
    <Peak1D F1="7.1340" intensity="6.837517e+000" type="0"/>
    <Peak1D F1="7.0975" intensity="7.842346e+000" type="0"/>
    <Peak1D F1="7.0775" intensity="3.681626e+000" type="0"/>
    <Peak1D F1="4.8980" intensity="9.852698e-001" type="0"/>
    <Peak1D F1="4.8906" intensity="1.131657e+000" type="0"/>
    <Peak1D F1="4.8861" intensity="1.153350e+000" type="0"/>
    <Peak1D F1="4.8778" intensity="1.770641e+000" type="0"/>
    <Peak1D F1="4.8695" intensity="1.176066e+000" type="0"/>
    <Peak1D F1="4.8649" intensity="1.096853e+000" type="0"/>
    <Peak1D F1="4.8576" intensity="9.743105e-001" type="0"/>
    <Peak1D F1="3.0298" intensity="1.024894e+000" type="0"/>
    <Peak1D F1="3.0177" intensity="1.092839e+000" type="0"/>
    <Peak1D F1="2.9957" intensity="2.520516e+000" type="0"/>
    <Peak1D F1="2.9836" intensity="2.395331e+000" type="0"/>
    <Peak1D F1="2.9525" intensity="2.735024e+000" type="0"/>
    <Peak1D F1="2.9313" intensity="2.602206e+000" type="0"/>
    <Peak1D F1="2.9183" intensity="1.129572e+000" type="0"/>
    <Peak1D F1="2.8971" intensity="1.148897e+000" type="0"/>
    <Peak1D F1="2.3570" intensity="2.000000e+001" type="0"/>
    <Peak1D F1="1.9762" intensity="4.438364e+000" type="0"/>
    <Peak1D F1="1.9689" intensity="4.301952e+000" type="0"/>
    <Peak1D F1="1.5696" intensity="3.152672e+000" type="0"/>
  </PeakList1D>
</PeakList>
