<?xml version="1.0" encoding="UTF-8"?>
<PeakList>
  <PeakList1D>
    <PeakList1DHeader creator="nmrsu" date="2023-06-15T13:50:42.834-05:00" expNo="1203710" name="Jun15-2023" owner="" procNo="1" source="G:/data/chem-synthesis-a-team4/nmr">
      <PeakPickDetails>F1=219.460297ppm, F2=-19.460289ppm, MI=0.00cm, MAXI=10000.00cm, PC=1.400
      </PeakPickDetails>
    </PeakList1DHeader>
    <Peak1D F1="165.128830" intensity="1.934792e+000" type="0"/>
    <Peak1D F1="150.533966" intensity="1.010947e+000" type="0"/>
    <Peak1D F1="135.483444" intensity="2.620439e+000" type="0"/>
    <Peak1D F1="130.940704" intensity="1.328842e-001" type="0"/>
    <Peak1D F1="130.680496" intensity="1.500000e+001" type="0"/>
    <Peak1D F1="123.504967" intensity="1.485862e+001" type="0"/>
    <Peak1D F1="77.386391" intensity="3.721149e+000" type="0"/>
    <Peak1D F1="77.067841" intensity="3.771313e+000" type="0"/>
    <Peak1D F1="76.750458" intensity="3.697681e+000" type="0"/>
    <Peak1D F1="52.784992" intensity="5.063941e+000" type="0"/>
  </PeakList1D>
</PeakList>
