<?xml version="1.0" encoding="UTF-8"?>
<PeakList>
  <PeakList1D>
    <PeakList1DHeader creator="nmrsu" date="2019-08-31T23:00:45" expNo="2" name="bvp_1049" owner="" procNo="1" source="C:\Bruker\TopSpin3.2\pcr\31082019">
      <PeakPickDetails>F1=165.250137ppm, F2=106.245567ppm, MI=15.80cm, MAXI=16.98cm, PC=1.400
      </PeakPickDetails>
    </PeakList1DHeader>
  </PeakList1D>
  <PeakList1D>
    <PeakList1DHeader creator="nmrsu" date="2019-08-31T23:00:45" expNo="2" name="bvp_1049" owner="" procNo="1" source="C:\Bruker\TopSpin3.2\pcr\31082019">
      <PeakPickDetails>F1=82.344978ppm, F2=68.340736ppm, MI=48.24cm, MAXI=48.91cm, PC=1.400
      </PeakPickDetails>
    </PeakList1DHeader>
  </PeakList1D>
</PeakList>
