<?xml version="1.0" encoding="UTF-8"?>
<PeakList modified="2020-02-04T23:02:26">
  <PeakList1D>
    <PeakList1DHeader creator="Dell" date="2020-02-04T23:00:33" expNo="3" name="SDT261C2" owner="" procNo="1" source="C:/Users/Dell/Desktop/NMR/Tetrahydroisoquinoline">
      <PeakPickDetails>F1=113.802025ppm, F2=107.311417ppm, MI=2.28cm, MAXI=12.03cm, PC=1.400
      </PeakPickDetails>
    </PeakList1DHeader>
    <Peak1D F1="111.229553" intensity="6.381297" type="0"/>
  </PeakList1D>
  <PeakList1D>
    <PeakList1DHeader creator="Dell" date="2020-02-04T23:00:33" expNo="3" name="SDT261C2" owner="" procNo="1" source="C:/Users/Dell/Desktop/NMR/Tetrahydroisoquinoline">
      <PeakPickDetails>F1=63.175266ppm, F2=41.756256ppm, MI=1.56cm, MAXI=17.46cm, PC=1.400
      </PeakPickDetails>
    </PeakList1DHeader>
    <Peak1D F1="61.539024" intensity="10.01243" type="0"/>
    <Peak1D F1="55.894291" intensity="11.56653" type="0"/>
    <Peak1D F1="51.997211" intensity="3.785523" type="0"/>
    <Peak1D F1="48.7089" intensity="4.311524" type="0"/>
    <Peak1D F1="46.550766" intensity="6.412538" type="0"/>
  </PeakList1D>
  <PeakList1D>
    <PeakList1DHeader creator="Dell" date="2020-02-04T23:00:33" expNo="3" name="SDT261C2" owner="" procNo="1" source="C:/Users/Dell/Desktop/NMR/Tetrahydroisoquinoline">
      <PeakPickDetails>F1=23.366196ppm, F2=18.390060ppm, MI=2.56cm, MAXI=15.57cm, PC=1.400
      </PeakPickDetails>
    </PeakList1DHeader>
    <Peak1D F1="21.406744" intensity="5.857872" type="0"/>
    <Peak1D F1="20.770021" intensity="4.503095" type="0"/>
    <Peak1D F1="20.721378" intensity="7.441303" type="0"/>
    <Peak1D F1="20.471951" intensity="7.086491" type="0"/>
  </PeakList1D>
  <PeakList1D>
    <PeakList1DHeader creator="Dell" date="2020-02-04T23:00:33" expNo="3" name="SDT261C2" owner="" procNo="1" source="C:/Users/Dell/Desktop/NMR/Tetrahydroisoquinoline">
      <PeakPickDetails>F1=7.139671ppm, F2=-1.514476ppm, MI=3.00cm, MAXI=16.00cm, PC=1.400
      </PeakPickDetails>
    </PeakList1DHeader>
    <Peak1D F1="3.231343" intensity="15.0" type="0"/>
  </PeakList1D>
  <PeakList1D>
    <PeakList1DHeader creator="Dell@Dell-PC" date="2020-02-04T23:02:28" expNo="3" name="SDT261C2" owner="Dell" procNo="1" source="C:/Users/Dell/Desktop/NMR/Tetrahydroisoquinoline">
      <PeakPickDetails>Manually picked peaks
</PeakPickDetails>
    </PeakList1DHeader>
    <Peak1D F1="58.43591215613401" intensity="-4.880668419228301" type="1"/>
    <Peak1D F1="58.41716303019428" intensity="-4.335676923655886" type="1"/>
    <Peak1D F1="40.88051738517033" intensity="-4.183138193709481" type="1"/>
    <Peak1D F1="40.85063833431141" intensity="-3.379226201455893" type="1"/>
    <Peak1D F1="33.086554774123364" intensity="-3.7573342791657685" type="1"/>
    <Peak1D F1="32.98924890914258" intensity="-3.152369112411185" type="1"/>
    <Peak1D F1="30.03253692021283" intensity="-6.362215107309179" type="1"/>
  </PeakList1D>
</PeakList>
