<?xml version="1.0" encoding="UTF-8"?>
<PeakList>
  <PeakList1D>
    <PeakList1DHeader creator="chemist" date="2019-01-30T16:28:08.862+00:00" expNo="10" name="Z144900" owner="" procNo="1" source="f:\data\chemist\nmr\">
      <PeakPickDetails>F1=15.000ppm, F2=-0.100ppm, MI=0.50cm, MAXI=80.00cm, PC=1.000
      </PeakPickDetails>
    </PeakList1DHeader>
    <Peak1D F1="7.4105" intensity="1.044169e+000" type="0"/>
    <Peak1D F1="7.3925" intensity="1.438812e+000" type="0"/>
    <Peak1D F1="7.3189" intensity="7.558545e-001" type="0"/>
    <Peak1D F1="7.3007" intensity="1.502953e+000" type="0"/>
    <Peak1D F1="7.2846" intensity="2.310053e+000" type="0"/>
    <Peak1D F1="7.2309" intensity="6.697645e-001" type="0"/>
    <Peak1D F1="7.2128" intensity="9.383804e-001" type="0"/>
    <Peak1D F1="7.0806" intensity="1.406760e+000" type="0"/>
    <Peak1D F1="7.0592" intensity="1.648600e+000" type="0"/>
    <Peak1D F1="6.8403" intensity="1.830136e+000" type="0"/>
    <Peak1D F1="6.8355" intensity="6.080042e-001" type="0"/>
    <Peak1D F1="6.8188" intensity="1.492162e+000" type="0"/>
    <Peak1D F1="3.8122" intensity="7.626524e+000" type="0"/>
    <Peak1D F1="3.7068" intensity="6.207751e-001" type="0"/>
    <Peak1D F1="2.8704" intensity="5.128439e-001" type="0"/>
    <Peak1D F1="2.6921" intensity="5.699443e-001" type="0"/>
    <Peak1D F1="2.6697" intensity="5.536008e-001" type="0"/>
    <Peak1D F1="0.8642" intensity="2.000000e+001" type="0"/>
    <Peak1D F1="0.8408" intensity="5.909215e+000" type="0"/>
  </PeakList1D>
</PeakList>
