<?xml version="1.0" encoding="UTF-8"?>
<PeakList modified="2020-02-04T16:01:32">
  <PeakList1D>
    <PeakList1DHeader creator="Dell" date="2020-02-04T16:00:49" expNo="2" name="SDT276" owner="" procNo="1" source="C:/Users/Dell/Desktop/NMR/Tetrahydroisoquinoline">
      <PeakPickDetails>F1=7.751012ppm, F2=7.455991ppm, MI=0.85cm, MAXI=3.92cm, PC=1.000
      </PeakPickDetails>
    </PeakList1DHeader>
    <Peak1D F1="7.58593" intensity="2.514533" type="0"/>
  </PeakList1D>
  <PeakList1D>
    <PeakList1DHeader creator="Dell" date="2020-02-04T16:00:49" expNo="2" name="SDT276" owner="" procNo="1" source="C:/Users/Dell/Desktop/NMR/Tetrahydroisoquinoline">
      <PeakPickDetails>F1=7.262674ppm, F2=7.247482ppm, MI=2.66cm, MAXI=7.91cm, PC=1.000
      </PeakPickDetails>
    </PeakList1DHeader>
    <Peak1D F1="7.259918" intensity="5.595463" type="0"/>
  </PeakList1D>
  <PeakList1D>
    <PeakList1DHeader creator="Dell" date="2020-02-04T16:00:49" expNo="2" name="SDT276" owner="" procNo="1" source="C:/Users/Dell/Desktop/NMR/Tetrahydroisoquinoline">
      <PeakPickDetails>F1=6.906178ppm, F2=6.383186ppm, MI=0.85cm, MAXI=3.92cm, PC=1.000
      </PeakPickDetails>
    </PeakList1DHeader>
    <Peak1D F1="6.62128" intensity="2.253977" type="0"/>
  </PeakList1D>
  <PeakList1D>
    <PeakList1DHeader creator="Dell" date="2020-02-04T16:00:49" expNo="2" name="SDT276" owner="" procNo="1" source="C:/Users/Dell/Desktop/NMR/Tetrahydroisoquinoline">
      <PeakPickDetails>F1=4.304628ppm, F2=4.063247ppm, MI=0.41cm, MAXI=3.07cm, PC=1.000
      </PeakPickDetails>
    </PeakList1DHeader>
    <Peak1D F1="4.193691" intensity="1.236028" type="0"/>
    <Peak1D F1="4.184535" intensity="2.372677" type="0"/>
    <Peak1D F1="4.17536" intensity="1.228513" type="0"/>
  </PeakList1D>
  <PeakList1D>
    <PeakList1DHeader creator="Dell" date="2020-02-04T16:00:49" expNo="2" name="SDT276" owner="" procNo="1" source="C:/Users/Dell/Desktop/NMR/Tetrahydroisoquinoline">
      <PeakPickDetails>F1=4.009606ppm, F2=3.727995ppm, MI=6.94cm, MAXI=19.48cm, PC=1.000
      </PeakPickDetails>
    </PeakList1DHeader>
    <Peak1D F1="3.9108" intensity="15.0" type="0"/>
  </PeakList1D>
  <PeakList1D>
    <PeakList1DHeader creator="Dell" date="2020-02-04T16:00:49" expNo="2" name="SDT276" owner="" procNo="1" source="C:/Users/Dell/Desktop/NMR/Tetrahydroisoquinoline">
      <PeakPickDetails>F1=3.727995ppm, F2=3.339104ppm, MI=0.63cm, MAXI=2.65cm, PC=1.000
      </PeakPickDetails>
    </PeakList1DHeader>
    <Peak1D F1="3.650044" intensity="1.175042" type="0"/>
    <Peak1D F1="3.639817" intensity="1.861564" type="0"/>
    <Peak1D F1="3.62944" intensity="1.181325" type="0"/>
    <Peak1D F1="3.568705" intensity="1.200684" type="0"/>
    <Peak1D F1="3.559241" intensity="2.108974" type="0"/>
    <Peak1D F1="3.5497" intensity="1.274027" type="0"/>
  </PeakList1D>
  <PeakList1D>
    <PeakList1DHeader creator="Dell" date="2020-02-04T16:00:49" expNo="2" name="SDT276" owner="" procNo="1" source="C:/Users/Dell/Desktop/NMR/Tetrahydroisoquinoline">
      <PeakPickDetails>F1=3.124543ppm, F2=2.682011ppm, MI=0.29cm, MAXI=2.75cm, PC=1.000
      </PeakPickDetails>
    </PeakList1DHeader>
    <Peak1D F1="2.938036" intensity="1.170785" type="0"/>
    <Peak1D F1="2.928571" intensity="1.926788" type="0"/>
    <Peak1D F1="2.919136" intensity="1.093627" type="0"/>
  </PeakList1D>
  <PeakList1D>
    <PeakList1DHeader creator="Dell" date="2020-02-04T16:00:49" expNo="2" name="SDT276" owner="" procNo="1" source="C:/Users/Dell/Desktop/NMR/Tetrahydroisoquinoline">
      <PeakPickDetails>F1=2.145609ppm, F2=1.810357ppm, MI=0.24cm, MAXI=2.19cm, PC=1.000
      </PeakPickDetails>
    </PeakList1DHeader>
    <Peak1D F1="2.030771" intensity="0.4064377" type="0"/>
    <Peak1D F1="2.021102" intensity="1.058068" type="0"/>
    <Peak1D F1="2.01105" intensity="1.419407" type="0"/>
    <Peak1D F1="2.001042" intensity="1.029318" type="0"/>
    <Peak1D F1="1.991615" intensity="0.3437958" type="0"/>
  </PeakList1D>
  <PeakList1D>
    <PeakList1DHeader creator="Dell" date="2020-02-04T16:00:49" expNo="2" name="SDT276" owner="" procNo="1" source="C:/Users/Dell/Desktop/NMR/Tetrahydroisoquinoline">
      <PeakPickDetails>F1=1.408056ppm, F2=0.898474ppm, MI=2.87cm, MAXI=8.22cm, PC=1.000
      </PeakPickDetails>
    </PeakList1DHeader>
    <Peak1D F1="1.215647" intensity="7.107032" type="0"/>
    <Peak1D F1="1.207269" intensity="7.027599" type="0"/>
  </PeakList1D>
  <PeakList1D>
    <PeakList1DHeader creator="Dell@Dell-PC" date="2020-02-04T16:01:34" expNo="2" name="SDT276" owner="Dell" procNo="1" source="C:/Users/Dell/Desktop/NMR/Tetrahydroisoquinoline">
      <PeakPickDetails>Manually picked peaks
</PeakPickDetails>
    </PeakList1DHeader>
    <Peak1D F1="4.0754291737748645" intensity="0.14286554446014052" type="1"/>
    <Peak1D F1="3.753378966152737" intensity="0.13120559183159727" type="1"/>
  </PeakList1D>
</PeakList>
