<?xml version="1.0" encoding="UTF-8"?>
<PeakList modified="2020-01-31T17:06:22">
  <PeakList1D>
    <PeakList1DHeader creator="Dell" date="2020-01-31T17:06:03" expNo="3" name="SDT474B1" owner="" procNo="1" source="C:/Users/Dell/Desktop/NMR/Boronate">
      <PeakPickDetails>F1=50.050888ppm, F2=45.199623ppm, MI=0.40cm, MAXI=2.06cm, PC=1.400
      </PeakPickDetails>
    </PeakList1DHeader>
    <Peak1D F1="72.07003456076484" intensity="-9.900848808825097" type="1"/>
    <Peak1D F1="61.31312066345198" intensity="-4.680617617282019" type="1"/>
    <Peak1D F1="48.167004" intensity="0.9140115" type="0"/>
    <Peak1D F1="46.878033" intensity="1.049877" type="0"/>
    <Peak1D F1="34.320194685593556" intensity="-4.073813861353828" type="1"/>
  </PeakList1D>
  <PeakList1D>
    <PeakList1DHeader creator="Dell" date="2020-01-31T17:06:03" expNo="3" name="SDT474B1" owner="" procNo="1" source="C:/Users/Dell/Desktop/NMR/Boronate">
      <PeakPickDetails>F1=28.279345ppm, F2=18.103514ppm, MI=0.48cm, MAXI=22.26cm, PC=1.400
      </PeakPickDetails>
    </PeakList1DHeader>
    <Peak1D F1="26.18907" intensity="15.0" type="0"/>
    <Peak1D F1="22.616611" intensity="9.343195" type="0"/>
    <Peak1D F1="20.847765" intensity="2.073395" type="0"/>
    <Peak1D F1="20.502506" intensity="2.011445" type="0"/>
    <Peak1D F1="20.483372" intensity="2.001557" type="0"/>
  </PeakList1D>
  <PeakList1D>
    <PeakList1DHeader creator="Dell" date="2020-01-31T17:06:03" expNo="3" name="SDT474B1" owner="" procNo="1" source="C:/Users/Dell/Desktop/NMR/Boronate">
      <PeakPickDetails>F1=-2.958090ppm, F2=-8.282653ppm, MI=0.84cm, MAXI=5.00cm, PC=1.400
      </PeakPickDetails>
    </PeakList1DHeader>
    <Peak1D F1="-5.104539" intensity="3.415084" type="0"/>
    <Peak1D F1="-5.123703" intensity="3.38535" type="0"/>
  </PeakList1D>
  <PeakList1D>
    <PeakList1DHeader creator="Dell@Dell-PC" date="2020-01-31T17:06:24" expNo="3" name="SDT474B1" owner="Dell" procNo="1" source="C:/Users/Dell/Desktop/NMR/Boronate">
      <PeakPickDetails>Manually picked peaks
</PeakPickDetails>
    </PeakList1DHeader>
    <Peak1D F1="20.864186146398794" intensity="2.055885197826736" type="1"/>
  </PeakList1D>
</PeakList>
