<?xml version="1.0" encoding="UTF-8"?>
<PeakList>
  <PeakList1D>
    <PeakList1DHeader creator="nmrsu" date="2019-01-11T11:11:43.275+08:00" expNo="2" name="zhq-879b" owner="" procNo="1" source="D:/data/nmrsu/nmr">
      <PeakPickDetails>F1=235.499ppm, F2=-15.499ppm, MI=0.00cm, MAXI=10000.00cm, PC=1.400
      </PeakPickDetails>
    </PeakList1DHeader>
    <Peak1D F1="167.3736" intensity="3.764176e+000" type="0"/>
    <Peak1D F1="165.3160" intensity="2.745000e+000" type="0"/>
    <Peak1D F1="151.9120" intensity="2.485899e+000" type="0"/>
    <Peak1D F1="149.8271" intensity="6.255229e+000" type="0"/>
    <Peak1D F1="145.5593" intensity="3.779664e+000" type="0"/>
    <Peak1D F1="138.5238" intensity="4.939551e+000" type="0"/>
    <Peak1D F1="135.4347" intensity="3.234919e+000" type="0"/>
    <Peak1D F1="128.7150" intensity="1.500000e+001" type="0"/>
    <Peak1D F1="128.4158" intensity="7.122935e+000" type="0"/>
    <Peak1D F1="127.6670" intensity="1.295796e+001" type="0"/>
    <Peak1D F1="124.0533" intensity="8.148707e+000" type="0"/>
    <Peak1D F1="123.8688" intensity="6.114165e+000" type="0"/>
    <Peak1D F1="101.4088" intensity="6.278561e+000" type="0"/>
    <Peak1D F1="96.1080" intensity="7.632753e+000" type="0"/>
    <Peak1D F1="77.2463" intensity="7.894080e+001" type="0"/>
    <Peak1D F1="77.0351" intensity="7.895051e+001" type="0"/>
    <Peak1D F1="76.8230" intensity="7.844834e+001" type="0"/>
    <Peak1D F1="70.0821" intensity="8.781118e+000" type="0"/>
    <Peak1D F1="63.7883" intensity="1.255069e+000" type="0"/>
    <Peak1D F1="20.5467" intensity="6.281861e+000" type="0"/>
  </PeakList1D>
</PeakList>
