<?xml version="1.0" encoding="UTF-8"?>
<PeakList>
  <PeakList1D>
    <PeakList1DHeader creator="nmr600" date="2019-09-14T14:58:10.328+02:00" expNo="210" name="6Sep1319" owner="" procNo="1" source="/opt/topspin3.0/data/nmr600/nmr">
      <PeakPickDetails>F1=16.450729ppm, F2=-4.099918ppm, MI=0.00cm, MAXI=10000.00cm, PC=1.000
      </PeakPickDetails>
    </PeakList1DHeader>
    <Peak1D F1="14.409231" intensity="2.959685e-03" type="0"/>
    <Peak1D F1="13.885834" intensity="3.260629e-03" type="0"/>
    <Peak1D F1="13.546576" intensity="3.053858e-03" type="0"/>
    <Peak1D F1="13.373237" intensity="2.964462e-03" type="0"/>
    <Peak1D F1="10.040117" intensity="4.673575e-03" type="0"/>
    <Peak1D F1="9.991003" intensity="5.368834e-03" type="0"/>
    <Peak1D F1="9.861237" intensity="3.411285e-03" type="0"/>
    <Peak1D F1="9.761322" intensity="3.396012e-03" type="0"/>
    <Peak1D F1="9.466129" intensity="3.447761e-03" type="0"/>
    <Peak1D F1="9.439814" intensity="3.224474e-03" type="0"/>
    <Peak1D F1="9.421661" intensity="2.971509e-03" type="0"/>
    <Peak1D F1="9.327676" intensity="4.014850e-03" type="0"/>
    <Peak1D F1="9.269993" intensity="9.346614e-03" type="0"/>
    <Peak1D F1="9.211702" intensity="3.869473e-03" type="0"/>
    <Peak1D F1="9.192185" intensity="3.800548e-03" type="0"/>
    <Peak1D F1="9.178037" intensity="4.197680e-03" type="0"/>
    <Peak1D F1="9.168427" intensity="4.061865e-03" type="0"/>
    <Peak1D F1="9.149252" intensity="6.494015e-03" type="0"/>
    <Peak1D F1="9.110720" intensity="4.000359e-03" type="0"/>
    <Peak1D F1="9.066109" intensity="4.684057e-03" type="0"/>
    <Peak1D F1="9.054892" intensity="4.408018e-03" type="0"/>
    <Peak1D F1="9.046629" intensity="4.007538e-03" type="0"/>
    <Peak1D F1="9.031099" intensity="3.938186e-03" type="0"/>
    <Peak1D F1="9.013686" intensity="3.358450e-03" type="0"/>
    <Peak1D F1="8.999962" intensity="3.175211e-03" type="0"/>
    <Peak1D F1="8.991315" intensity="3.023423e-03" type="0"/>
    <Peak1D F1="8.923164" intensity="3.028690e-03" type="0"/>
    <Peak1D F1="8.907729" intensity="3.239300e-03" type="0"/>
    <Peak1D F1="8.899523" intensity="3.924647e-03" type="0"/>
    <Peak1D F1="8.741342" intensity="3.236611e-03" type="0"/>
    <Peak1D F1="8.723125" intensity="3.554683e-03" type="0"/>
    <Peak1D F1="8.707941" intensity="3.731577e-03" type="0"/>
    <Peak1D F1="8.701463" intensity="3.865181e-03" type="0"/>
    <Peak1D F1="8.680398" intensity="3.772137e-03" type="0"/>
    <Peak1D F1="8.652804" intensity="3.151819e-03" type="0"/>
    <Peak1D F1="8.589482" intensity="3.397946e-03" type="0"/>
    <Peak1D F1="8.572037" intensity="3.314319e-03" type="0"/>
    <Peak1D F1="8.545317" intensity="3.166724e-03" type="0"/>
    <Peak1D F1="8.531306" intensity="3.490518e-03" type="0"/>
    <Peak1D F1="8.505691" intensity="3.097554e-03" type="0"/>
    <Peak1D F1="8.460499" intensity="3.950092e-03" type="0"/>
    <Peak1D F1="8.432247" intensity="2.983604e-02" type="0"/>
    <Peak1D F1="8.418566" intensity="3.129125e-02" type="0"/>
    <Peak1D F1="8.398172" intensity="1.394534e-02" type="0"/>
    <Peak1D F1="8.353313" intensity="8.480868e-03" type="0"/>
    <Peak1D F1="8.340554" intensity="1.125882e-02" type="0"/>
    <Peak1D F1="8.307707" intensity="1.340351e-02" type="0"/>
    <Peak1D F1="8.292563" intensity="1.208165e-02" type="0"/>
    <Peak1D F1="8.272234" intensity="2.251136e-02" type="0"/>
    <Peak1D F1="8.262794" intensity="1.917206e-02" type="0"/>
    <Peak1D F1="8.230557" intensity="1.492857e-01" type="0"/>
    <Peak1D F1="8.216730" intensity="1.595955e-01" type="0"/>
    <Peak1D F1="8.133856" intensity="1.655520e-02" type="0"/>
    <Peak1D F1="8.114796" intensity="2.626030e-02" type="0"/>
    <Peak1D F1="8.097193" intensity="1.717184e-01" type="0"/>
    <Peak1D F1="8.084600" intensity="1.728782e-01" type="0"/>
    <Peak1D F1="8.063537" intensity="1.586255e-01" type="0"/>
    <Peak1D F1="8.049403" intensity="1.686472e-01" type="0"/>
    <Peak1D F1="8.026600" intensity="1.907747e-01" type="0"/>
    <Peak1D F1="8.013849" intensity="2.062467e-01" type="0"/>
    <Peak1D F1="7.998239" intensity="2.177345e-01" type="0"/>
    <Peak1D F1="7.984022" intensity="2.299577e-01" type="0"/>
    <Peak1D F1="7.963481" intensity="5.323616e-02" type="0"/>
    <Peak1D F1="7.955738" intensity="4.087725e-02" type="0"/>
    <Peak1D F1="7.936410" intensity="1.489300e-02" type="0"/>
    <Peak1D F1="7.920263" intensity="1.650436e-02" type="0"/>
    <Peak1D F1="7.908665" intensity="1.935132e-02" type="0"/>
    <Peak1D F1="7.890300" intensity="1.799379e-02" type="0"/>
    <Peak1D F1="7.885198" intensity="1.607505e-02" type="0"/>
    <Peak1D F1="7.871344" intensity="2.765463e-02" type="0"/>
    <Peak1D F1="7.841383" intensity="3.549165e-02" type="0"/>
    <Peak1D F1="7.830117" intensity="1.074744e-01" type="0"/>
    <Peak1D F1="7.818073" intensity="1.553007e-01" type="0"/>
    <Peak1D F1="7.806111" intensity="9.282544e-02" type="0"/>
    <Peak1D F1="7.769426" intensity="4.516279e-02" type="0"/>
    <Peak1D F1="7.756804" intensity="7.470466e-02" type="0"/>
    <Peak1D F1="7.744466" intensity="6.065410e-02" type="0"/>
    <Peak1D F1="7.720765" intensity="1.063566e-01" type="0"/>
    <Peak1D F1="7.695310" intensity="2.909230e-01" type="0"/>
    <Peak1D F1="7.683676" intensity="3.393412e-01" type="0"/>
    <Peak1D F1="7.667716" intensity="2.235390e-01" type="0"/>
    <Peak1D F1="7.651484" intensity="4.119622e-01" type="0"/>
    <Peak1D F1="7.639213" intensity="3.777104e-01" type="0"/>
    <Peak1D F1="7.620144" intensity="2.005272e-01" type="0"/>
    <Peak1D F1="7.610446" intensity="1.533628e-01" type="0"/>
    <Peak1D F1="7.596519" intensity="8.789077e-02" type="0"/>
    <Peak1D F1="7.577773" intensity="1.184777e-01" type="0"/>
    <Peak1D F1="7.560020" intensity="2.412438e-01" type="0"/>
    <Peak1D F1="7.548134" intensity="5.281051e-01" type="0"/>
    <Peak1D F1="7.538425" intensity="7.211696e-01" type="0"/>
    <Peak1D F1="7.512565" intensity="4.414348e-01" type="0"/>
    <Peak1D F1="7.500265" intensity="7.533864e-01" type="0"/>
    <Peak1D F1="7.488471" intensity="8.049066e-01" type="0"/>
    <Peak1D F1="7.473021" intensity="4.924141e-01" type="0"/>
    <Peak1D F1="7.451807" intensity="1.417005e+00" type="0"/>
    <Peak1D F1="7.436827" intensity="9.715625e+00" type="0"/>
    <Peak1D F1="7.425786" intensity="2.044894e+01" type="0"/>
    <Peak1D F1="7.408991" intensity="1.770017e+00" type="0"/>
    <Peak1D F1="7.397656" intensity="1.022806e+00" type="0"/>
    <Peak1D F1="7.391234" intensity="1.129418e+00" type="0"/>
    <Peak1D F1="7.376461" intensity="1.127765e+01" type="0"/>
    <Peak1D F1="7.372877" intensity="1.020506e+01" type="0"/>
    <Peak1D F1="7.363823" intensity="8.627383e+00" type="0"/>
    <Peak1D F1="7.335439" intensity="4.813761e-01" type="0"/>
    <Peak1D F1="7.322781" intensity="5.767174e-01" type="0"/>
    <Peak1D F1="7.310334" intensity="5.291887e-01" type="0"/>
    <Peak1D F1="7.296581" intensity="5.423076e-01" type="0"/>
    <Peak1D F1="7.284084" intensity="4.967893e+00" type="0"/>
    <Peak1D F1="7.263060" intensity="2.414174e-01" type="0"/>
    <Peak1D F1="7.246708" intensity="2.377097e-01" type="0"/>
    <Peak1D F1="7.228897" intensity="2.501417e-01" type="0"/>
    <Peak1D F1="7.215457" intensity="1.728539e-01" type="0"/>
    <Peak1D F1="7.173495" intensity="8.333366e-02" type="0"/>
    <Peak1D F1="7.161165" intensity="8.000802e-02" type="0"/>
    <Peak1D F1="7.147650" intensity="6.439148e-02" type="0"/>
    <Peak1D F1="7.126073" intensity="5.298052e-01" type="0"/>
    <Peak1D F1="7.107397" intensity="6.468158e-02" type="0"/>
    <Peak1D F1="7.088053" intensity="3.634173e-02" type="0"/>
    <Peak1D F1="7.034797" intensity="3.959811e-02" type="0"/>
    <Peak1D F1="7.023009" intensity="3.819454e-02" type="0"/>
    <Peak1D F1="7.008142" intensity="3.515442e-02" type="0"/>
    <Peak1D F1="6.988512" intensity="6.059189e-02" type="0"/>
    <Peak1D F1="6.966877" intensity="2.495805e-02" type="0"/>
    <Peak1D F1="6.952661" intensity="1.877716e-02" type="0"/>
    <Peak1D F1="6.935779" intensity="1.981783e-02" type="0"/>
    <Peak1D F1="6.900913" intensity="1.699954e-02" type="0"/>
    <Peak1D F1="6.888638" intensity="1.529547e-02" type="0"/>
    <Peak1D F1="6.878719" intensity="1.533354e-02" type="0"/>
    <Peak1D F1="6.856952" intensity="1.249156e-02" type="0"/>
    <Peak1D F1="6.822367" intensity="1.133968e-02" type="0"/>
    <Peak1D F1="6.808674" intensity="1.551232e-02" type="0"/>
    <Peak1D F1="6.756881" intensity="6.848288e-03" type="0"/>
    <Peak1D F1="6.740250" intensity="3.802516e-03" type="0"/>
    <Peak1D F1="6.735893" intensity="2.986942e-03" type="0"/>
    <Peak1D F1="6.702586" intensity="5.849125e-03" type="0"/>
    <Peak1D F1="6.676445" intensity="3.360904e-03" type="0"/>
    <Peak1D F1="6.620653" intensity="4.153507e-03" type="0"/>
    <Peak1D F1="6.606029" intensity="4.655831e-03" type="0"/>
    <Peak1D F1="6.592720" intensity="1.444893e-02" type="0"/>
    <Peak1D F1="6.425836" intensity="5.405762e-03" type="0"/>
    <Peak1D F1="6.413519" intensity="4.360875e-03" type="0"/>
    <Peak1D F1="6.363433" intensity="5.402176e-03" type="0"/>
    <Peak1D F1="6.319295" intensity="5.031291e-03" type="0"/>
    <Peak1D F1="6.222445" intensity="7.972878e-02" type="0"/>
    <Peak1D F1="6.198167" intensity="1.903137e-02" type="0"/>
    <Peak1D F1="6.177836" intensity="6.116620e-03" type="0"/>
    <Peak1D F1="6.155256" intensity="8.403287e-03" type="0"/>
    <Peak1D F1="6.098185" intensity="1.500000e+01" type="0"/>
    <Peak1D F1="6.046678" intensity="4.475287e-02" type="0"/>
    <Peak1D F1="6.000533" intensity="2.322114e-02" type="0"/>
    <Peak1D F1="5.988855" intensity="2.719066e-02" type="0"/>
    <Peak1D F1="5.984404" intensity="2.647451e-02" type="0"/>
    <Peak1D F1="5.969816" intensity="8.211451e-02" type="0"/>
    <Peak1D F1="5.952188" intensity="7.281258e-03" type="0"/>
    <Peak1D F1="5.930507" intensity="4.921421e-03" type="0"/>
    <Peak1D F1="5.924982" intensity="4.691731e-03" type="0"/>
    <Peak1D F1="5.895759" intensity="2.306246e-02" type="0"/>
    <Peak1D F1="5.879638" intensity="1.174856e-01" type="0"/>
    <Peak1D F1="5.874635" intensity="1.836858e-01" type="0"/>
    <Peak1D F1="5.742351" intensity="2.252376e-02" type="0"/>
    <Peak1D F1="5.717981" intensity="2.760640e-02" type="0"/>
    <Peak1D F1="5.679427" intensity="1.406361e-02" type="0"/>
    <Peak1D F1="5.657534" intensity="5.590708e-03" type="0"/>
    <Peak1D F1="5.638322" intensity="6.941222e-03" type="0"/>
    <Peak1D F1="5.623990" intensity="5.016716e-03" type="0"/>
    <Peak1D F1="5.611499" intensity="2.112621e-02" type="0"/>
    <Peak1D F1="5.607423" intensity="2.402000e-02" type="0"/>
    <Peak1D F1="5.601616" intensity="2.353631e-02" type="0"/>
    <Peak1D F1="5.578821" intensity="3.481134e-03" type="0"/>
    <Peak1D F1="5.560874" intensity="3.741350e-03" type="0"/>
    <Peak1D F1="5.536708" intensity="6.439886e-03" type="0"/>
    <Peak1D F1="5.496650" intensity="7.706805e-02" type="0"/>
    <Peak1D F1="5.454942" intensity="9.135182e-03" type="0"/>
    <Peak1D F1="5.414942" intensity="3.435014e-03" type="0"/>
    <Peak1D F1="5.387886" intensity="1.468613e-01" type="0"/>
    <Peak1D F1="5.350176" intensity="1.040614e-02" type="0"/>
    <Peak1D F1="5.343555" intensity="1.453599e-02" type="0"/>
    <Peak1D F1="5.309947" intensity="1.195121e+00" type="0"/>
    <Peak1D F1="5.186333" intensity="1.107953e-01" type="0"/>
    <Peak1D F1="5.159301" intensity="1.077640e-02" type="0"/>
    <Peak1D F1="5.142116" intensity="2.944840e-03" type="0"/>
    <Peak1D F1="5.120985" intensity="3.149149e-03" type="0"/>
    <Peak1D F1="5.088278" intensity="1.685210e-02" type="0"/>
    <Peak1D F1="5.056015" intensity="6.208161e-03" type="0"/>
    <Peak1D F1="5.028576" intensity="5.188811e-03" type="0"/>
    <Peak1D F1="4.992112" intensity="4.369846e-03" type="0"/>
    <Peak1D F1="4.970649" intensity="4.621511e-03" type="0"/>
    <Peak1D F1="4.947780" intensity="1.553186e-01" type="0"/>
    <Peak1D F1="4.911222" intensity="8.267447e-03" type="0"/>
    <Peak1D F1="4.897475" intensity="1.913370e-02" type="0"/>
    <Peak1D F1="4.885147" intensity="2.764381e-02" type="0"/>
    <Peak1D F1="4.849971" intensity="2.138622e-02" type="0"/>
    <Peak1D F1="4.834136" intensity="2.207512e-02" type="0"/>
    <Peak1D F1="4.808126" intensity="5.019383e-03" type="0"/>
    <Peak1D F1="4.783000" intensity="6.484261e-03" type="0"/>
    <Peak1D F1="4.773550" intensity="2.296728e-02" type="0"/>
    <Peak1D F1="4.756535" intensity="1.017887e-02" type="0"/>
    <Peak1D F1="4.745961" intensity="9.523543e-03" type="0"/>
    <Peak1D F1="4.725166" intensity="1.262093e-02" type="0"/>
    <Peak1D F1="4.715281" intensity="1.382541e-02" type="0"/>
    <Peak1D F1="4.690017" intensity="3.555257e-02" type="0"/>
    <Peak1D F1="4.656909" intensity="7.162352e-03" type="0"/>
    <Peak1D F1="4.640594" intensity="1.403258e-02" type="0"/>
    <Peak1D F1="4.621455" intensity="1.482679e-02" type="0"/>
    <Peak1D F1="4.597461" intensity="1.396332e-02" type="0"/>
    <Peak1D F1="4.583817" intensity="1.734759e-02" type="0"/>
    <Peak1D F1="4.561123" intensity="6.984749e-02" type="0"/>
    <Peak1D F1="4.531260" intensity="1.154100e-01" type="0"/>
    <Peak1D F1="4.492633" intensity="4.912222e-02" type="0"/>
    <Peak1D F1="4.463584" intensity="5.134716e-02" type="0"/>
    <Peak1D F1="4.430346" intensity="5.047963e-02" type="0"/>
    <Peak1D F1="4.392815" intensity="3.006800e-02" type="0"/>
    <Peak1D F1="4.341654" intensity="8.036500e+00" type="0"/>
    <Peak1D F1="4.308622" intensity="9.214402e+00" type="0"/>
    <Peak1D F1="4.264009" intensity="1.106733e-01" type="0"/>
    <Peak1D F1="4.244384" intensity="7.063753e-02" type="0"/>
    <Peak1D F1="4.234138" intensity="5.016032e-02" type="0"/>
    <Peak1D F1="4.216821" intensity="8.181237e-02" type="0"/>
    <Peak1D F1="4.183715" intensity="8.631675e-02" type="0"/>
    <Peak1D F1="4.160798" intensity="5.215967e-02" type="0"/>
    <Peak1D F1="4.143779" intensity="4.547257e-02" type="0"/>
    <Peak1D F1="4.110887" intensity="1.715596e-01" type="0"/>
    <Peak1D F1="4.093293" intensity="7.713054e-02" type="0"/>
    <Peak1D F1="4.063586" intensity="2.856488e-01" type="0"/>
    <Peak1D F1="4.047616" intensity="8.309598e-02" type="0"/>
    <Peak1D F1="4.030148" intensity="8.432739e-02" type="0"/>
    <Peak1D F1="4.018456" intensity="1.017810e-01" type="0"/>
    <Peak1D F1="4.012290" intensity="1.263485e-01" type="0"/>
    <Peak1D F1="3.994462" intensity="2.987843e-01" type="0"/>
    <Peak1D F1="3.974170" intensity="7.251575e-02" type="0"/>
    <Peak1D F1="3.965677" intensity="1.044656e-01" type="0"/>
    <Peak1D F1="3.956670" intensity="7.549075e-02" type="0"/>
    <Peak1D F1="3.932594" intensity="1.091435e-01" type="0"/>
    <Peak1D F1="3.911856" intensity="9.416218e-02" type="0"/>
    <Peak1D F1="3.880432" intensity="2.048734e-01" type="0"/>
    <Peak1D F1="3.872634" intensity="2.092334e-01" type="0"/>
    <Peak1D F1="3.854675" intensity="7.362541e+00" type="0"/>
    <Peak1D F1="3.821526" intensity="6.165839e+00" type="0"/>
    <Peak1D F1="3.790853" intensity="1.631920e-01" type="0"/>
    <Peak1D F1="3.781165" intensity="2.511162e-01" type="0"/>
    <Peak1D F1="3.768590" intensity="1.775318e-01" type="0"/>
    <Peak1D F1="3.758761" intensity="1.772819e-01" type="0"/>
    <Peak1D F1="3.750901" intensity="1.963099e-01" type="0"/>
    <Peak1D F1="3.740794" intensity="2.201791e-01" type="0"/>
    <Peak1D F1="3.729553" intensity="1.862830e-01" type="0"/>
    <Peak1D F1="3.717788" intensity="1.577747e-01" type="0"/>
    <Peak1D F1="3.706805" intensity="1.570435e-01" type="0"/>
    <Peak1D F1="3.690555" intensity="1.777970e-01" type="0"/>
    <Peak1D F1="3.668447" intensity="6.802604e-01" type="0"/>
    <Peak1D F1="3.656090" intensity="3.078553e-01" type="0"/>
    <Peak1D F1="3.641105" intensity="2.466112e-01" type="0"/>
    <Peak1D F1="3.628650" intensity="2.336888e-01" type="0"/>
    <Peak1D F1="3.616371" intensity="2.072156e-01" type="0"/>
    <Peak1D F1="3.599956" intensity="2.238922e-01" type="0"/>
    <Peak1D F1="3.586576" intensity="2.426939e-01" type="0"/>
    <Peak1D F1="3.566745" intensity="2.636571e-01" type="0"/>
    <Peak1D F1="3.543254" intensity="5.626128e-01" type="0"/>
    <Peak1D F1="3.499180" intensity="5.896941e+00" type="0"/>
    <Peak1D F1="3.465836" intensity="7.088644e-01" type="0"/>
    <Peak1D F1="3.445879" intensity="7.754358e-01" type="0"/>
    <Peak1D F1="3.434812" intensity="1.030278e+00" type="0"/>
    <Peak1D F1="3.426068" intensity="1.227119e+00" type="0"/>
    <Peak1D F1="3.413914" intensity="1.305037e+00" type="0"/>
    <Peak1D F1="3.401744" intensity="1.284223e+00" type="0"/>
    <Peak1D F1="3.382010" intensity="1.643723e+00" type="0"/>
    <Peak1D F1="3.370651" intensity="1.918005e+00" type="0"/>
    <Peak1D F1="3.359420" intensity="1.646600e+00" type="0"/>
    <Peak1D F1="3.247157" intensity="3.314396e-01" type="0"/>
    <Peak1D F1="3.237334" intensity="3.170489e-01" type="0"/>
    <Peak1D F1="3.225714" intensity="3.007577e-01" type="0"/>
    <Peak1D F1="3.217143" intensity="2.613245e-01" type="0"/>
    <Peak1D F1="3.204395" intensity="2.375091e-01" type="0"/>
    <Peak1D F1="3.165802" intensity="2.158512e-01" type="0"/>
    <Peak1D F1="3.154679" intensity="2.658747e-01" type="0"/>
    <Peak1D F1="3.144150" intensity="1.927946e-01" type="0"/>
    <Peak1D F1="3.127553" intensity="1.749819e-01" type="0"/>
    <Peak1D F1="3.091995" intensity="1.473198e-01" type="0"/>
    <Peak1D F1="3.073010" intensity="2.566779e-01" type="0"/>
    <Peak1D F1="3.053866" intensity="1.694183e-01" type="0"/>
    <Peak1D F1="3.037482" intensity="2.181882e-01" type="0"/>
    <Peak1D F1="3.027207" intensity="5.332260e-01" type="0"/>
    <Peak1D F1="3.021957" intensity="3.227044e-01" type="0"/>
    <Peak1D F1="3.008779" intensity="2.194044e-01" type="0"/>
    <Peak1D F1="3.002911" intensity="2.537739e-01" type="0"/>
    <Peak1D F1="2.992175" intensity="1.737332e-01" type="0"/>
    <Peak1D F1="2.964389" intensity="5.965447e-01" type="0"/>
    <Peak1D F1="2.922602" intensity="8.156282e-02" type="0"/>
    <Peak1D F1="2.908606" intensity="7.553067e-02" type="0"/>
    <Peak1D F1="2.892437" intensity="1.118771e-01" type="0"/>
    <Peak1D F1="2.846447" intensity="3.368574e-01" type="0"/>
    <Peak1D F1="2.837910" intensity="3.352482e-01" type="0"/>
    <Peak1D F1="2.827440" intensity="3.149730e-01" type="0"/>
    <Peak1D F1="2.813914" intensity="1.977138e-01" type="0"/>
    <Peak1D F1="2.801796" intensity="1.358736e-01" type="0"/>
    <Peak1D F1="2.780006" intensity="5.403692e-01" type="0"/>
    <Peak1D F1="2.763230" intensity="1.194105e-01" type="0"/>
    <Peak1D F1="2.738562" intensity="9.161923e-02" type="0"/>
    <Peak1D F1="2.723759" intensity="6.205928e-02" type="0"/>
    <Peak1D F1="2.710045" intensity="1.177567e-01" type="0"/>
    <Peak1D F1="2.681843" intensity="8.279945e-02" type="0"/>
    <Peak1D F1="2.657588" intensity="4.952112e-02" type="0"/>
    <Peak1D F1="2.644583" intensity="5.027145e-02" type="0"/>
    <Peak1D F1="2.636127" intensity="5.299798e-02" type="0"/>
    <Peak1D F1="2.630017" intensity="6.383729e-02" type="0"/>
    <Peak1D F1="2.616443" intensity="6.614429e-02" type="0"/>
    <Peak1D F1="2.600620" intensity="1.060318e-01" type="0"/>
    <Peak1D F1="2.590554" intensity="8.997138e-02" type="0"/>
    <Peak1D F1="2.572394" intensity="1.100817e-01" type="0"/>
    <Peak1D F1="2.550261" intensity="4.146648e-02" type="0"/>
    <Peak1D F1="2.530479" intensity="3.645573e-02" type="0"/>
    <Peak1D F1="2.497666" intensity="1.138956e-01" type="0"/>
    <Peak1D F1="2.480092" intensity="3.237070e-02" type="0"/>
    <Peak1D F1="2.469664" intensity="8.041358e-02" type="0"/>
    <Peak1D F1="2.453031" intensity="3.415465e-02" type="0"/>
    <Peak1D F1="2.436766" intensity="3.830478e-02" type="0"/>
    <Peak1D F1="2.424662" intensity="4.730042e-02" type="0"/>
    <Peak1D F1="2.405732" intensity="7.963954e-02" type="0"/>
    <Peak1D F1="2.392523" intensity="2.843008e-02" type="0"/>
    <Peak1D F1="2.381232" intensity="2.903317e-02" type="0"/>
    <Peak1D F1="2.338286" intensity="3.311935e-02" type="0"/>
    <Peak1D F1="2.321098" intensity="3.372929e-02" type="0"/>
    <Peak1D F1="2.311883" intensity="3.764652e-02" type="0"/>
    <Peak1D F1="2.296314" intensity="3.688787e-02" type="0"/>
    <Peak1D F1="2.285396" intensity="3.606331e-02" type="0"/>
    <Peak1D F1="2.272295" intensity="5.047102e-02" type="0"/>
    <Peak1D F1="2.263547" intensity="5.703541e-02" type="0"/>
    <Peak1D F1="2.255731" intensity="8.210041e-02" type="0"/>
    <Peak1D F1="2.225099" intensity="8.641200e-02" type="0"/>
    <Peak1D F1="2.212483" intensity="4.347931e-02" type="0"/>
    <Peak1D F1="2.200111" intensity="7.020921e-02" type="0"/>
    <Peak1D F1="2.180773" intensity="8.408791e-01" type="0"/>
    <Peak1D F1="2.156634" intensity="6.996362e-02" type="0"/>
    <Peak1D F1="2.151466" intensity="7.327944e-02" type="0"/>
    <Peak1D F1="2.143389" intensity="8.955143e-02" type="0"/>
    <Peak1D F1="2.133497" intensity="7.287808e-02" type="0"/>
    <Peak1D F1="2.115869" intensity="9.637343e-02" type="0"/>
    <Peak1D F1="2.104062" intensity="1.523603e-01" type="0"/>
    <Peak1D F1="2.093179" intensity="2.086525e-01" type="0"/>
    <Peak1D F1="2.082664" intensity="1.979538e-01" type="0"/>
    <Peak1D F1="2.060413" intensity="1.370320e-01" type="0"/>
    <Peak1D F1="2.053663" intensity="1.870968e-01" type="0"/>
    <Peak1D F1="2.010943" intensity="1.092803e+00" type="0"/>
    <Peak1D F1="1.983904" intensity="6.670951e+00" type="0"/>
    <Peak1D F1="1.973062" intensity="6.143659e+00" type="0"/>
    <Peak1D F1="1.959758" intensity="3.186811e+00" type="0"/>
    <Peak1D F1="1.948407" intensity="2.792307e+00" type="0"/>
    <Peak1D F1="1.931987" intensity="4.777148e+00" type="0"/>
    <Peak1D F1="1.921047" intensity="5.544087e+00" type="0"/>
    <Peak1D F1="1.879021" intensity="8.225654e-01" type="0"/>
    <Peak1D F1="1.858656" intensity="5.108862e-01" type="0"/>
    <Peak1D F1="1.847453" intensity="5.046335e-01" type="0"/>
    <Peak1D F1="1.837905" intensity="4.598674e-01" type="0"/>
    <Peak1D F1="1.826781" intensity="3.527036e-01" type="0"/>
    <Peak1D F1="1.815388" intensity="2.865531e-01" type="0"/>
    <Peak1D F1="1.802113" intensity="2.751837e-01" type="0"/>
    <Peak1D F1="1.789766" intensity="3.950418e-01" type="0"/>
    <Peak1D F1="1.774859" intensity="3.381021e-01" type="0"/>
    <Peak1D F1="1.769132" intensity="2.872575e-01" type="0"/>
    <Peak1D F1="1.755487" intensity="4.047287e-01" type="0"/>
    <Peak1D F1="1.746713" intensity="3.025652e-01" type="0"/>
    <Peak1D F1="1.737015" intensity="4.772893e-01" type="0"/>
    <Peak1D F1="1.724775" intensity="2.406227e-01" type="0"/>
    <Peak1D F1="1.709599" intensity="1.985198e-01" type="0"/>
    <Peak1D F1="1.697771" intensity="1.553009e-01" type="0"/>
    <Peak1D F1="1.676373" intensity="1.254130e-01" type="0"/>
    <Peak1D F1="1.648246" intensity="3.722596e-01" type="0"/>
    <Peak1D F1="1.637650" intensity="7.263196e-01" type="0"/>
    <Peak1D F1="1.607913" intensity="1.482665e-01" type="0"/>
    <Peak1D F1="1.596432" intensity="1.577991e-01" type="0"/>
    <Peak1D F1="1.583747" intensity="5.491176e-01" type="0"/>
    <Peak1D F1="1.563555" intensity="3.621609e-01" type="0"/>
    <Peak1D F1="1.554734" intensity="3.618564e-01" type="0"/>
    <Peak1D F1="1.544396" intensity="6.906205e-01" type="0"/>
    <Peak1D F1="1.513656" intensity="1.697671e-01" type="0"/>
    <Peak1D F1="1.494738" intensity="1.013339e+00" type="0"/>
    <Peak1D F1="1.481532" intensity="1.322298e+00" type="0"/>
    <Peak1D F1="1.470681" intensity="2.172567e-01" type="0"/>
    <Peak1D F1="1.433665" intensity="6.773636e-01" type="0"/>
    <Peak1D F1="1.423489" intensity="2.515174e-01" type="0"/>
    <Peak1D F1="1.405043" intensity="1.701046e+00" type="0"/>
    <Peak1D F1="1.383430" intensity="2.843088e-01" type="0"/>
    <Peak1D F1="1.375010" intensity="3.198486e-01" type="0"/>
    <Peak1D F1="1.346074" intensity="3.238724e-01" type="0"/>
    <Peak1D F1="1.325484" intensity="3.580303e-01" type="0"/>
    <Peak1D F1="1.302096" intensity="7.525579e-01" type="0"/>
    <Peak1D F1="1.295985" intensity="5.607474e-01" type="0"/>
    <Peak1D F1="1.267247" intensity="8.803700e-01" type="0"/>
    <Peak1D F1="1.248486" intensity="3.067782e-01" type="0"/>
    <Peak1D F1="1.236060" intensity="2.421927e-01" type="0"/>
    <Peak1D F1="1.229187" intensity="2.655001e-01" type="0"/>
    <Peak1D F1="1.220105" intensity="2.454867e-01" type="0"/>
    <Peak1D F1="1.203294" intensity="2.032064e-01" type="0"/>
    <Peak1D F1="1.171440" intensity="1.621808e-01" type="0"/>
    <Peak1D F1="1.158568" intensity="1.331669e-01" type="0"/>
    <Peak1D F1="1.149829" intensity="1.160320e-01" type="0"/>
    <Peak1D F1="1.141000" intensity="2.072757e-01" type="0"/>
    <Peak1D F1="1.123207" intensity="9.403197e-02" type="0"/>
    <Peak1D F1="1.104952" intensity="1.032151e-01" type="0"/>
    <Peak1D F1="1.089113" intensity="1.063748e-01" type="0"/>
    <Peak1D F1="1.079587" intensity="1.007401e-01" type="0"/>
    <Peak1D F1="1.067733" intensity="9.871437e-02" type="0"/>
    <Peak1D F1="1.061797" intensity="1.002679e-01" type="0"/>
    <Peak1D F1="1.051367" intensity="9.518935e-02" type="0"/>
    <Peak1D F1="1.040446" intensity="8.644541e-02" type="0"/>
    <Peak1D F1="1.024401" intensity="9.302204e-02" type="0"/>
    <Peak1D F1="1.002171" intensity="1.188992e-01" type="0"/>
    <Peak1D F1="0.983283" intensity="8.608134e-02" type="0"/>
    <Peak1D F1="0.971784" intensity="6.945642e-02" type="0"/>
    <Peak1D F1="0.963791" intensity="8.432986e-02" type="0"/>
    <Peak1D F1="0.951862" intensity="2.301532e-01" type="0"/>
    <Peak1D F1="0.938206" intensity="1.258598e-01" type="0"/>
    <Peak1D F1="0.928887" intensity="5.921730e-01" type="0"/>
    <Peak1D F1="0.914129" intensity="1.365652e-01" type="0"/>
    <Peak1D F1="0.897965" intensity="2.795531e-01" type="0"/>
    <Peak1D F1="0.889065" intensity="3.539758e-01" type="0"/>
    <Peak1D F1="0.881941" intensity="3.662273e-01" type="0"/>
    <Peak1D F1="0.875700" intensity="3.405108e-01" type="0"/>
    <Peak1D F1="0.869628" intensity="4.300433e-01" type="0"/>
    <Peak1D F1="0.857210" intensity="5.730096e-01" type="0"/>
    <Peak1D F1="0.801020" intensity="1.585858e-01" type="0"/>
    <Peak1D F1="0.795485" intensity="1.339197e-01" type="0"/>
    <Peak1D F1="0.784030" intensity="1.064087e-01" type="0"/>
    <Peak1D F1="0.778215" intensity="6.761026e-02" type="0"/>
    <Peak1D F1="0.767151" intensity="5.479896e-02" type="0"/>
    <Peak1D F1="0.732109" intensity="3.904426e-01" type="0"/>
    <Peak1D F1="0.679996" intensity="2.993774e-02" type="0"/>
    <Peak1D F1="0.651321" intensity="2.442816e-02" type="0"/>
    <Peak1D F1="0.640781" intensity="2.402405e-02" type="0"/>
    <Peak1D F1="0.623610" intensity="3.425272e-02" type="0"/>
    <Peak1D F1="0.601345" intensity="2.053723e-02" type="0"/>
    <Peak1D F1="0.554408" intensity="1.292867e-02" type="0"/>
    <Peak1D F1="0.545365" intensity="1.294399e-02" type="0"/>
    <Peak1D F1="0.533030" intensity="1.154312e-02" type="0"/>
    <Peak1D F1="0.504172" intensity="1.062449e-02" type="0"/>
    <Peak1D F1="0.453235" intensity="1.001031e-02" type="0"/>
    <Peak1D F1="0.414425" intensity="8.513236e-03" type="0"/>
    <Peak1D F1="0.410471" intensity="8.676047e-03" type="0"/>
    <Peak1D F1="0.361617" intensity="7.154264e-03" type="0"/>
    <Peak1D F1="0.328123" intensity="7.285235e-03" type="0"/>
    <Peak1D F1="0.295332" intensity="6.760191e-03" type="0"/>
    <Peak1D F1="0.252488" intensity="6.174900e-03" type="0"/>
    <Peak1D F1="0.230473" intensity="6.295146e-03" type="0"/>
    <Peak1D F1="0.221588" intensity="6.369584e-03" type="0"/>
    <Peak1D F1="0.205728" intensity="6.081739e-03" type="0"/>
    <Peak1D F1="0.175901" intensity="5.441907e-03" type="0"/>
    <Peak1D F1="0.116760" intensity="6.255234e-03" type="0"/>
    <Peak1D F1="0.083032" intensity="7.723857e-03" type="0"/>
    <Peak1D F1="0.074280" intensity="4.646930e-03" type="0"/>
    <Peak1D F1="0.069312" intensity="4.528364e-03" type="0"/>
    <Peak1D F1="0.045601" intensity="5.445611e-03" type="0"/>
    <Peak1D F1="0.020032" intensity="4.054718e-03" type="0"/>
    <Peak1D F1="0.014771" intensity="4.624167e-03" type="0"/>
    <Peak1D F1="0.002498" intensity="4.527074e-03" type="0"/>
    <Peak1D F1="-0.016658" intensity="4.258341e-03" type="0"/>
    <Peak1D F1="-0.038258" intensity="4.825506e-03" type="0"/>
    <Peak1D F1="-0.059913" intensity="4.151535e-03" type="0"/>
    <Peak1D F1="-0.070640" intensity="3.846861e-03" type="0"/>
    <Peak1D F1="-0.093770" intensity="3.731193e-03" type="0"/>
    <Peak1D F1="-0.106101" intensity="4.116964e-03" type="0"/>
    <Peak1D F1="-0.120890" intensity="4.271875e-03" type="0"/>
    <Peak1D F1="-0.140333" intensity="4.167141e-03" type="0"/>
    <Peak1D F1="-0.178387" intensity="3.972543e-03" type="0"/>
    <Peak1D F1="-0.218635" intensity="3.624787e-03" type="0"/>
    <Peak1D F1="-0.238431" intensity="3.797263e-03" type="0"/>
    <Peak1D F1="-0.295405" intensity="3.261737e-03" type="0"/>
    <Peak1D F1="-0.336223" intensity="3.816121e-03" type="0"/>
    <Peak1D F1="-0.369843" intensity="4.703498e-03" type="0"/>
    <Peak1D F1="-0.408590" intensity="3.662649e-03" type="0"/>
    <Peak1D F1="-0.459241" intensity="3.190826e-03" type="0"/>
    <Peak1D F1="-0.482094" intensity="3.196716e-03" type="0"/>
    <Peak1D F1="-0.539196" intensity="3.077629e-03" type="0"/>
    <Peak1D F1="-0.587594" intensity="3.172588e-03" type="0"/>
    <Peak1D F1="-0.592001" intensity="3.145765e-03" type="0"/>
    <Peak1D F1="-3.766429" intensity="3.964859e-03" type="0"/>
    <Peak1D F1="-3.797812" intensity="4.423230e-03" type="0"/>
  </PeakList1D>
</PeakList>
