<?xml version="1.0" encoding="UTF-8"?>
<PeakList>
  <PeakList1D>
    <PeakList1DHeader creator="JRomeo" date="2020-02-13T08:53:24" expNo="2" name="2JR98_2" owner="" procNo="1" source="C:\Bruker\TOPSPIN">
      <PeakPickDetails>F1=7.395ppm, F2=7.269ppm, MI=0.06cm, MAXI=0.18cm, PC=1.000
      </PeakPickDetails>
    </PeakList1DHeader>
    <Peak1D F1="7.316" intensity="0.08" type="0"/>
  </PeakList1D>
  <PeakList1D>
    <PeakList1DHeader creator="JRomeo" date="2020-02-13T08:53:24" expNo="2" name="2JR98_2" owner="" procNo="1" source="C:\Bruker\TOPSPIN">
      <PeakPickDetails>F1=7.127ppm, F2=6.702ppm, MI=0.05cm, MAXI=0.21cm, PC=1.000
      </PeakPickDetails>
    </PeakList1DHeader>
    <Peak1D F1="7.114" intensity="0.16" type="0"/>
    <Peak1D F1="7.1037" intensity="0.15" type="0"/>
    <Peak1D F1="6.9998" intensity="0.09" type="0"/>
    <Peak1D F1="6.8031" intensity="0.11" type="0"/>
    <Peak1D F1="6.785" intensity="0.1" type="0"/>
  </PeakList1D>
  <PeakList1D>
    <PeakList1DHeader creator="JRomeo" date="2020-02-13T08:53:24" expNo="2" name="2JR98_2" owner="" procNo="1" source="C:\Bruker\TOPSPIN">
      <PeakPickDetails>F1=5.875ppm, F2=2.930ppm, MI=0.02cm, MAXI=0.75cm, PC=1.000
      </PeakPickDetails>
    </PeakList1DHeader>
    <Peak1D F1="5.486" intensity="0.04" type="0"/>
    <Peak1D F1="5.4805" intensity="0.04" type="0"/>
    <Peak1D F1="5.3658" intensity="0.04" type="0"/>
    <Peak1D F1="5.12" intensity="0.03" type="0"/>
    <Peak1D F1="4.9891" intensity="0.04" type="0"/>
    <Peak1D F1="4.9832" intensity="0.04" type="0"/>
    <Peak1D F1="4.8222" intensity="0.04" type="0"/>
    <Peak1D F1="4.816" intensity="0.04" type="0"/>
    <Peak1D F1="4.7989" intensity="0.04" type="0"/>
    <Peak1D F1="4.7932" intensity="0.04" type="0"/>
    <Peak1D F1="4.4948" intensity="0.03" type="0"/>
    <Peak1D F1="4.4804" intensity="0.04" type="0"/>
    <Peak1D F1="4.4659" intensity="0.03" type="0"/>
    <Peak1D F1="4.3171" intensity="0.02" type="0"/>
    <Peak1D F1="3.9687" intensity="0.03" type="0"/>
    <Peak1D F1="3.9555" intensity="0.03" type="0"/>
    <Peak1D F1="3.9471" intensity="0.06" type="0"/>
    <Peak1D F1="3.9282" intensity="0.05" type="0"/>
    <Peak1D F1="3.7657" intensity="0.04" type="0"/>
    <Peak1D F1="3.7535" intensity="0.04" type="0"/>
    <Peak1D F1="3.7411" intensity="0.04" type="0"/>
    <Peak1D F1="3.7355" intensity="0.04" type="0"/>
    <Peak1D F1="3.7307" intensity="0.03" type="0"/>
    <Peak1D F1="3.7193" intensity="0.02" type="0"/>
    <Peak1D F1="3.7137" intensity="0.02" type="0"/>
    <Peak1D F1="3.7051" intensity="0.02" type="0"/>
    <Peak1D F1="3.5932" intensity="0.02" type="0"/>
    <Peak1D F1="3.5835" intensity="0.05" type="0"/>
    <Peak1D F1="3.5786" intensity="0.05" type="0"/>
    <Peak1D F1="3.5635" intensity="0.02" type="0"/>
    <Peak1D F1="3.5402" intensity="0.05" type="0"/>
    <Peak1D F1="3.3317" intensity="0.5" type="0"/>
    <Peak1D F1="3.2398" intensity="0.42" type="0"/>
    <Peak1D F1="3.2075" intensity="0.05" type="0"/>
    <Peak1D F1="3.1756" intensity="0.06" type="0"/>
    <Peak1D F1="3.1664" intensity="0.43" type="0"/>
    <Peak1D F1="3.0882" intensity="0.41" type="0"/>
  </PeakList1D>
  <PeakList1D>
    <PeakList1DHeader creator="JRomeo" date="2020-02-13T08:53:24" expNo="2" name="2JR98_2" owner="" procNo="1" source="C:\Bruker\TOPSPIN">
      <PeakPickDetails>F1=2.599ppm, F2=1.827ppm, MI=0.02cm, MAXI=0.22cm, PC=1.000
      </PeakPickDetails>
    </PeakList1DHeader>
    <Peak1D F1="2.3403" intensity="0.02" type="0"/>
    <Peak1D F1="2.3251" intensity="0.02" type="0"/>
    <Peak1D F1="2.3162" intensity="0.02" type="0"/>
    <Peak1D F1="2.2138" intensity="0.02" type="0"/>
    <Peak1D F1="2.2068" intensity="0.02" type="0"/>
    <Peak1D F1="2.1888" intensity="0.04" type="0"/>
    <Peak1D F1="2.1818" intensity="0.04" type="0"/>
    <Peak1D F1="2.1641" intensity="0.03" type="0"/>
    <Peak1D F1="2.157" intensity="0.03" type="0"/>
    <Peak1D F1="2.0913" intensity="0.02" type="0"/>
    <Peak1D F1="2.0814" intensity="0.02" type="0"/>
    <Peak1D F1="2.0663" intensity="0.03" type="0"/>
    <Peak1D F1="2.0565" intensity="0.03" type="0"/>
    <Peak1D F1="2.0359" intensity="0.02" type="0"/>
    <Peak1D F1="2.0285" intensity="0.02" type="0"/>
    <Peak1D F1="2.0194" intensity="0.04" type="0"/>
    <Peak1D F1="2.0112" intensity="0.06" type="0"/>
    <Peak1D F1="1.9945" intensity="0.04" type="0"/>
    <Peak1D F1="1.9866" intensity="0.05" type="0"/>
    <Peak1D F1="1.9796" intensity="0.03" type="0"/>
    <Peak1D F1="1.9618" intensity="0.03" type="0"/>
    <Peak1D F1="1.9546" intensity="0.03" type="0"/>
    <Peak1D F1="1.9371" intensity="0.02" type="0"/>
    <Peak1D F1="1.9302" intensity="0.02" type="0"/>
  </PeakList1D>
  <PeakList1D>
    <PeakList1DHeader creator="JRomeo" date="2020-02-13T08:53:24" expNo="2" name="2JR98_2" owner="" procNo="1" source="C:\Bruker\TOPSPIN">
      <PeakPickDetails>F1=1.449ppm, F2=0.961ppm, MI=0.09cm, MAXI=1.30cm, PC=1.000
      </PeakPickDetails>
    </PeakList1DHeader>
    <Peak1D F1="1.2736" intensity="1.19" type="0"/>
    <Peak1D F1="1.225" intensity="0.17" type="0"/>
    <Peak1D F1="1.2122" intensity="0.17" type="0"/>
    <Peak1D F1="1.1886" intensity="0.18" type="0"/>
    <Peak1D F1="1.1756" intensity="0.17" type="0"/>
    <Peak1D F1="1.0601" intensity="0.14" type="0"/>
    <Peak1D F1="1.052" intensity="0.15" type="0"/>
    <Peak1D F1="1.0472" intensity="0.17" type="0"/>
    <Peak1D F1="1.0391" intensity="0.13" type="0"/>
  </PeakList1D>
</PeakList>
