<?xml version="1.0" encoding="UTF-8"?>
<PeakList>
  <PeakList1D>
    <PeakList1DHeader creator="JRomeo" date="2020-03-08T21:59:57" expNo="3" name="2JR104" owner="" procNo="1" source="C:/Bruker/TOPSPIN">
      <PeakPickDetails>F1=177.170ppm, F2=166.930ppm, MI=0.29cm, MAXI=1.25cm, PC=1.400
      </PeakPickDetails>
    </PeakList1DHeader>
    <Peak1D F1="170.6615" intensity="0.64" type="0"/>
    <Peak1D F1="170.3663" intensity="0.6" type="0"/>
  </PeakList1D>
  <PeakList1D>
    <PeakList1DHeader creator="JRomeo" date="2020-03-08T21:59:57" expNo="3" name="2JR104" owner="" procNo="1" source="C:/Bruker/TOPSPIN">
      <PeakPickDetails>F1=152.952ppm, F2=138.323ppm, MI=1.08cm, MAXI=3.27cm, PC=1.400
      </PeakPickDetails>
    </PeakList1DHeader>
    <Peak1D F1="146.1098" intensity="2.68" type="0"/>
  </PeakList1D>
  <PeakList1D>
    <PeakList1DHeader creator="JRomeo" date="2020-03-08T21:59:57" expNo="3" name="2JR104" owner="" procNo="1" source="C:/Bruker/TOPSPIN">
      <PeakPickDetails>F1=101.914ppm, F2=94.599ppm, MI=1.70cm, MAXI=3.59cm, PC=1.400
      </PeakPickDetails>
    </PeakList1DHeader>
    <Peak1D F1="98.2728" intensity="2.69" type="0"/>
  </PeakList1D>
  <PeakList1D>
    <PeakList1DHeader creator="JRomeo" date="2020-03-08T21:59:57" expNo="3" name="2JR104" owner="" procNo="1" source="C:/Bruker/TOPSPIN">
      <PeakPickDetails>F1=73.631ppm, F2=62.416ppm, MI=0.67cm, MAXI=3.27cm, PC=1.400
      </PeakPickDetails>
    </PeakList1DHeader>
    <Peak1D F1="71.5382" intensity="2.58" type="0"/>
    <Peak1D F1="66.3117" intensity="2.28" type="0"/>
    <Peak1D F1="65.0503" intensity="2.76" type="0"/>
  </PeakList1D>
  <PeakList1D>
    <PeakList1DHeader creator="JRomeo" date="2020-03-08T21:59:57" expNo="3" name="2JR104" owner="" procNo="1" source="C:/Bruker/TOPSPIN">
      <PeakPickDetails>F1=27.307ppm, F2=7.314ppm, MI=0.54cm, MAXI=3.22cm, PC=1.400
      </PeakPickDetails>
    </PeakList1DHeader>
    <Peak1D F1="20.8339" intensity="1.72" type="0"/>
    <Peak1D F1="20.6755" intensity="1.6" type="0"/>
    <Peak1D F1="16.4999" intensity="2.5" type="0"/>
  </PeakList1D>
</PeakList>
