{"IFD.findingaid":{"type":"IFD.findingaid.fairspec",
"id":"acs.orglett.0c00624",
"ifd.version":"IFD 0.0.2-alpha+2002.04.02",
"created":"2 Apr 2022 12:30:39 GMT",
"createdBy":"https://github.com/IUPAC/IUPAC-FAIRSpec/blob/main/src/main/java/com/integratedgraphics/ifd/Extractor.java 0.0.2-alpha+2002.04.02",
"statistics":{"collections":[{"collectionName":"samples",
"collectionSize":41,
"collectionType":"org.iupac.fairdata.sample.IFDSampleCollection"},
{"collectionName":"dataObjects",
"collectionSize":80,
"collectionType":"org.iupac.fairdata.dataobject.IFDDataObjectCollection"},
{"collectionName":"sampleDataAssociations",
"collectionSize":41,
"collectionType":"org.iupac.fairdata.derived.IFDSampleDataAssociationCollection"}],
"dataSources":1,
"publicationInfo":1},
"publicationInfo":[{"title":"[Intermolecular Vicinal Diaminative Assembly of Tetrahydroquinoxalines via Metal-free Oxidative [4 + 2] Cycloaddition Strategy]",
"authors":"Dangui Wang, Huaibin Yu, Shaohan Sun, Fangrui Zhong",
"url":"https://pubs.acs.org/doi/pdf/10.1021/acs.orglett.0c00624",
"metadataSource":{"registrationAgency":"Crossref",
"metadataUrl":"https://api.crossref.org/works/10.1021/acs.orglett.0c00624"}}],
"dataSources":[{"ref":"https://ndownloader.figshare.com/files/21947274",
"len":15161951}],
"samples":{"type":"org.iupac.fairdata.sample.IFDSampleCollection",
"name":"samples",
"id":"119",
"listCount":41,
"list":[{"type":"org.iupac.fairdata.sample.IFDSample",
"name":"3aa",
"id":"0",
"sourceIndex":0,
"path":"21947274",
"properties":{"IFD.property.sample.label":"3aa"}},
{"type":"org.iupac.fairdata.sample.IFDSample",
"name":"3ab",
"id":"1",
"sourceIndex":0,
"path":"21947274",
"properties":{"IFD.property.sample.label":"3ab"}},
{"type":"org.iupac.fairdata.sample.IFDSample",
"name":"3ac",
"id":"2",
"sourceIndex":0,
"path":"21947274",
"properties":{"IFD.property.sample.label":"3ac"}},
{"type":"org.iupac.fairdata.sample.IFDSample",
"name":"3ad",
"id":"3",
"sourceIndex":0,
"path":"21947274",
"properties":{"IFD.property.sample.label":"3ad"}},
{"type":"org.iupac.fairdata.sample.IFDSample",
"name":"3ae",
"id":"4",
"sourceIndex":0,
"path":"21947274",
"properties":{"IFD.property.sample.label":"3ae"}},
{"type":"org.iupac.fairdata.sample.IFDSample",
"name":"3af",
"id":"5",
"sourceIndex":0,
"path":"21947274",
"properties":{"IFD.property.sample.label":"3af"}},
{"type":"org.iupac.fairdata.sample.IFDSample",
"name":"3ag",
"id":"6",
"sourceIndex":0,
"path":"21947274",
"properties":{"IFD.property.sample.label":"3ag"}},
{"type":"org.iupac.fairdata.sample.IFDSample",
"name":"3ah",
"id":"7",
"sourceIndex":0,
"path":"21947274",
"properties":{"IFD.property.sample.label":"3ah"}},
{"type":"org.iupac.fairdata.sample.IFDSample",
"name":"3ai",
"id":"8",
"sourceIndex":0,
"path":"21947274",
"properties":{"IFD.property.sample.label":"3ai"}},
{"type":"org.iupac.fairdata.sample.IFDSample",
"name":"3aj",
"id":"9",
"sourceIndex":0,
"path":"21947274",
"properties":{"IFD.property.sample.label":"3aj"}},
{"type":"org.iupac.fairdata.sample.IFDSample",
"name":"3ak",
"id":"10",
"sourceIndex":0,
"path":"21947274",
"properties":{"IFD.property.sample.label":"3ak"}},
{"type":"org.iupac.fairdata.sample.IFDSample",
"name":"3al",
"id":"11",
"sourceIndex":0,
"path":"21947274",
"properties":{"IFD.property.sample.label":"3al"}},
{"type":"org.iupac.fairdata.sample.IFDSample",
"name":"3am",
"id":"12",
"sourceIndex":0,
"path":"21947274",
"properties":{"IFD.property.sample.label":"3am"}},
{"type":"org.iupac.fairdata.sample.IFDSample",
"name":"3an",
"id":"13",
"sourceIndex":0,
"path":"21947274",
"properties":{"IFD.property.sample.label":"3an"}},
{"type":"org.iupac.fairdata.sample.IFDSample",
"name":"3ao",
"id":"14",
"sourceIndex":0,
"path":"21947274",
"properties":{"IFD.property.sample.label":"3ao"}},
{"type":"org.iupac.fairdata.sample.IFDSample",
"name":"3ap",
"id":"15",
"sourceIndex":0,
"path":"21947274",
"properties":{"IFD.property.sample.label":"3ap"}},
{"type":"org.iupac.fairdata.sample.IFDSample",
"name":"3aq",
"id":"16",
"sourceIndex":0,
"path":"21947274",
"properties":{"IFD.property.sample.label":"3aq"}},
{"type":"org.iupac.fairdata.sample.IFDSample",
"name":"3ar",
"id":"17",
"sourceIndex":0,
"path":"21947274",
"properties":{"IFD.property.sample.label":"3ar"}},
{"type":"org.iupac.fairdata.sample.IFDSample",
"name":"3at",
"id":"18",
"sourceIndex":0,
"path":"21947274",
"properties":{"IFD.property.sample.label":"3at"}},
{"type":"org.iupac.fairdata.sample.IFDSample",
"name":"3au",
"id":"19",
"sourceIndex":0,
"path":"21947274",
"properties":{"IFD.property.sample.label":"3au"}},
{"type":"org.iupac.fairdata.sample.IFDSample",
"name":"3av",
"id":"20",
"sourceIndex":0,
"path":"21947274",
"properties":{"IFD.property.sample.label":"3av"}},
{"type":"org.iupac.fairdata.sample.IFDSample",
"name":"3aw",
"id":"21",
"sourceIndex":0,
"path":"21947274",
"properties":{"IFD.property.sample.label":"3aw"}},
{"type":"org.iupac.fairdata.sample.IFDSample",
"name":"3ax",
"id":"22",
"sourceIndex":0,
"path":"21947274",
"properties":{"IFD.property.sample.label":"3ax"}},
{"type":"org.iupac.fairdata.sample.IFDSample",
"name":"3ay",
"id":"23",
"sourceIndex":0,
"path":"21947274",
"properties":{"IFD.property.sample.label":"3ay"}},
{"type":"org.iupac.fairdata.sample.IFDSample",
"name":"3az",
"id":"24",
"sourceIndex":0,
"path":"21947274",
"properties":{"IFD.property.sample.label":"3az"}},
{"type":"org.iupac.fairdata.sample.IFDSample",
"name":"3ba",
"id":"25",
"sourceIndex":0,
"path":"21947274",
"properties":{"IFD.property.sample.label":"3ba"}},
{"type":"org.iupac.fairdata.sample.IFDSample",
"name":"3bq",
"id":"26",
"sourceIndex":0,
"path":"21947274",
"properties":{"IFD.property.sample.label":"3bq"}},
{"type":"org.iupac.fairdata.sample.IFDSample",
"name":"3bx",
"id":"27",
"sourceIndex":0,
"path":"21947274",
"properties":{"IFD.property.sample.label":"3bx"}},
{"type":"org.iupac.fairdata.sample.IFDSample",
"name":"3ca",
"id":"28",
"sourceIndex":0,
"path":"21947274",
"properties":{"IFD.property.sample.label":"3ca"}},
{"type":"org.iupac.fairdata.sample.IFDSample",
"name":"3cq",
"id":"29",
"sourceIndex":0,
"path":"21947274",
"properties":{"IFD.property.sample.label":"3cq"}},
{"type":"org.iupac.fairdata.sample.IFDSample",
"name":"3da",
"id":"30",
"sourceIndex":0,
"path":"21947274",
"properties":{"IFD.property.sample.label":"3da"}},
{"type":"org.iupac.fairdata.sample.IFDSample",
"name":"3dq",
"id":"31",
"sourceIndex":0,
"path":"21947274",
"properties":{"IFD.property.sample.label":"3dq"}},
{"type":"org.iupac.fairdata.sample.IFDSample",
"name":"3dx",
"id":"32",
"sourceIndex":0,
"path":"21947274",
"properties":{"IFD.property.sample.label":"3dx"}},
{"type":"org.iupac.fairdata.sample.IFDSample",
"name":"3ex",
"id":"33",
"sourceIndex":0,
"path":"21947274",
"properties":{"IFD.property.sample.label":"3ex"}},
{"type":"org.iupac.fairdata.sample.IFDSample",
"name":"3fq",
"id":"34",
"sourceIndex":0,
"path":"21947274",
"properties":{"IFD.property.sample.label":"3fq"}},
{"type":"org.iupac.fairdata.sample.IFDSample",
"name":"3gq",
"id":"35",
"sourceIndex":0,
"path":"21947274",
"properties":{"IFD.property.sample.label":"3gq"}},
{"type":"org.iupac.fairdata.sample.IFDSample",
"name":"3ha",
"id":"36",
"sourceIndex":0,
"path":"21947274",
"properties":{"IFD.property.sample.label":"3ha"}},
{"type":"org.iupac.fairdata.sample.IFDSample",
"name":"3ia",
"id":"37",
"sourceIndex":0,
"path":"21947274",
"properties":{"IFD.property.sample.label":"3ia"}},
{"type":"org.iupac.fairdata.sample.IFDSample",
"name":"3ja",
"id":"38",
"sourceIndex":0,
"path":"21947274",
"properties":{"IFD.property.sample.label":"3ja"}},
{"type":"org.iupac.fairdata.sample.IFDSample",
"name":"4aa",
"id":"39",
"sourceIndex":0,
"path":"21947274",
"properties":{"IFD.property.sample.label":"4aa"}},
{"type":"org.iupac.fairdata.sample.IFDSample",
"name":"5ia",
"id":"40",
"sourceIndex":0,
"path":"21947274",
"properties":{"IFD.property.sample.label":"5ia"}}]},
"dataObjects":{"type":"org.iupac.fairdata.dataobject.IFDDataObjectCollection",
"subtype":"IFD.data.spec.nmr",
"name":"dataObjects",
"id":"121",
"listCount":80,
"list":[{"type":"IFD.data.spec.nmr",
"name":"3aa-C",
"id":"0",
"sourceIndex":0,
"path":"primary NMR data/3aa/3aa-C/",
"properties":{"IFD.property.data.spec.nmr.expt.label":"3aa-C",
"IFD.property.data.spec.nmr.expt.nucl.1":"13C",
"IFD.property.data.spec.nmr.expt.nucl.2":"1H",
"IFD.property.data.spec.nmr.expt.pulse.prog":"zgpg30",
"IFD.property.data.spec.nmr.expt.temperature.absolute":297.5,
"IFD.property.data.spec.nmr.instr.freq.nominal":400,
"IFD.property.data.spec.nmr.instr.manufacturer.name":"Bruker",
"IFD.property.data.spec.nmr.instr.probe.type":"5 mm PABBO BB-1H/D Z-GRD Z104450/0035"},
"listCount":1,
"list":[{"type":"IFD.representation.data.spec.nmr.vendor.dataset",
"subtype":"application/zip",
"len":195119,
"ref":{"origin":"primary NMR data/3aa/3aa-C/",
"localPath":"primary NMR data/3aa/3aa-C/",
"localName":"primary_NMR_data_3aa_3aa-C_.zip"}}]},
{"type":"IFD.data.spec.nmr",
"name":"3aa-H",
"id":"1",
"sourceIndex":0,
"path":"primary NMR data/3aa/3aa-H/",
"properties":{"IFD.property.data.spec.nmr.expt.label":"3aa-H",
"IFD.property.data.spec.nmr.expt.nucl.1":"1H",
"IFD.property.data.spec.nmr.expt.pulse.prog":"zg30",
"IFD.property.data.spec.nmr.expt.temperature.absolute":298.0049,
"IFD.property.data.spec.nmr.instr.freq.nominal":600,
"IFD.property.data.spec.nmr.instr.manufacturer.name":"Bruker",
"IFD.property.data.spec.nmr.instr.probe.type":"5 mm PAQXI 1H/31P/D-13C/15N Z-GRD Z833101/0006"},
"listCount":1,
"list":[{"type":"IFD.representation.data.spec.nmr.vendor.dataset",
"subtype":"application/zip",
"len":176218,
"ref":{"origin":"primary NMR data/3aa/3aa-H/",
"localPath":"primary NMR data/3aa/3aa-H/",
"localName":"primary_NMR_data_3aa_3aa-H_.zip"}}]},
{"type":"IFD.data.spec.nmr",
"name":"3ab-C",
"id":"2",
"sourceIndex":0,
"path":"primary NMR data/3ab/3ab-C/",
"properties":{"IFD.property.data.spec.nmr.expt.label":"3ab-C",
"IFD.property.data.spec.nmr.expt.nucl.1":"13C",
"IFD.property.data.spec.nmr.expt.nucl.2":"1H",
"IFD.property.data.spec.nmr.expt.pulse.prog":"zgpg30",
"IFD.property.data.spec.nmr.expt.temperature.absolute":293.5265,
"IFD.property.data.spec.nmr.instr.freq.nominal":600,
"IFD.property.data.spec.nmr.instr.manufacturer.name":"Bruker",
"IFD.property.data.spec.nmr.instr.probe.type":"5 mm PAQXI 1H/31P/D-13C/15N Z-GRD Z833101/0006"},
"listCount":1,
"list":[{"type":"IFD.representation.data.spec.nmr.vendor.dataset",
"subtype":"application/zip",
"len":228695,
"ref":{"origin":"primary NMR data/3ab/3ab-C/",
"localPath":"primary NMR data/3ab/3ab-C/",
"localName":"primary_NMR_data_3ab_3ab-C_.zip"}}]},
{"type":"IFD.data.spec.nmr",
"name":"3ab-H",
"id":"3",
"sourceIndex":0,
"path":"primary NMR data/3ab/3ab-H/",
"properties":{"IFD.property.data.spec.nmr.expt.label":"3ab-H",
"IFD.property.data.spec.nmr.expt.nucl.1":"1H",
"IFD.property.data.spec.nmr.expt.pulse.prog":"zg30",
"IFD.property.data.spec.nmr.expt.temperature.absolute":295.6,
"IFD.property.data.spec.nmr.instr.freq.nominal":400,
"IFD.property.data.spec.nmr.instr.manufacturer.name":"Bruker",
"IFD.property.data.spec.nmr.instr.probe.type":"5 mm PABBO BB-1H/D Z-GRD Z104450/0035"},
"listCount":1,
"list":[{"type":"IFD.representation.data.spec.nmr.vendor.dataset",
"subtype":"application/zip",
"len":149686,
"ref":{"origin":"primary NMR data/3ab/3ab-H/",
"localPath":"primary NMR data/3ab/3ab-H/",
"localName":"primary_NMR_data_3ab_3ab-H_.zip"}}]},
{"type":"IFD.data.spec.nmr",
"name":"3ac-C",
"id":"4",
"sourceIndex":0,
"path":"primary NMR data/3ac/3ac-C/",
"properties":{"IFD.property.data.spec.nmr.expt.label":"3ac-C",
"IFD.property.data.spec.nmr.expt.nucl.1":"13C",
"IFD.property.data.spec.nmr.expt.nucl.2":"1H",
"IFD.property.data.spec.nmr.expt.pulse.prog":"zgpg30",
"IFD.property.data.spec.nmr.expt.temperature.absolute":297.7,
"IFD.property.data.spec.nmr.instr.freq.nominal":400,
"IFD.property.data.spec.nmr.instr.manufacturer.name":"Bruker",
"IFD.property.data.spec.nmr.instr.probe.type":"5 mm PABBO BB-1H/D Z-GRD Z104450/0035"},
"listCount":1,
"list":[{"type":"IFD.representation.data.spec.nmr.vendor.dataset",
"subtype":"application/zip",
"len":191685,
"ref":{"origin":"primary NMR data/3ac/3ac-C/",
"localPath":"primary NMR data/3ac/3ac-C/",
"localName":"primary_NMR_data_3ac_3ac-C_.zip"}}]},
{"type":"IFD.data.spec.nmr",
"name":"3ac-H",
"id":"5",
"sourceIndex":0,
"path":"primary NMR data/3ac/3ac-H/",
"properties":{"IFD.property.data.spec.nmr.expt.label":"3ac-H",
"IFD.property.data.spec.nmr.expt.nucl.1":"1H",
"IFD.property.data.spec.nmr.expt.pulse.prog":"zg30",
"IFD.property.data.spec.nmr.expt.temperature.absolute":295.0,
"IFD.property.data.spec.nmr.instr.freq.nominal":400,
"IFD.property.data.spec.nmr.instr.manufacturer.name":"Bruker",
"IFD.property.data.spec.nmr.instr.probe.type":"5 mm PABBO BB-1H/D Z-GRD Z104450/0035"},
"listCount":1,
"list":[{"type":"IFD.representation.data.spec.nmr.vendor.dataset",
"subtype":"application/zip",
"len":139488,
"ref":{"origin":"primary NMR data/3ac/3ac-H/",
"localPath":"primary NMR data/3ac/3ac-H/",
"localName":"primary_NMR_data_3ac_3ac-H_.zip"}}]},
{"type":"IFD.data.spec.nmr",
"name":"3ad-C",
"id":"6",
"sourceIndex":0,
"path":"primary NMR data/3ad/3ad-C/",
"properties":{"IFD.property.data.spec.nmr.expt.label":"3ad-C",
"IFD.property.data.spec.nmr.expt.nucl.1":"13C",
"IFD.property.data.spec.nmr.expt.nucl.2":"1H",
"IFD.property.data.spec.nmr.expt.pulse.prog":"zgpg30",
"IFD.property.data.spec.nmr.expt.temperature.absolute":293.4627,
"IFD.property.data.spec.nmr.instr.freq.nominal":600,
"IFD.property.data.spec.nmr.instr.manufacturer.name":"Bruker",
"IFD.property.data.spec.nmr.instr.probe.type":"5 mm PAQXI 1H/31P/D-13C/15N Z-GRD Z833101/0006"},
"listCount":1,
"list":[{"type":"IFD.representation.data.spec.nmr.vendor.dataset",
"subtype":"application/zip",
"len":228000,
"ref":{"origin":"primary NMR data/3ad/3ad-C/",
"localPath":"primary NMR data/3ad/3ad-C/",
"localName":"primary_NMR_data_3ad_3ad-C_.zip"}}]},
{"type":"IFD.data.spec.nmr",
"name":"3ad-H",
"id":"7",
"sourceIndex":0,
"path":"primary NMR data/3ad/3ad-H/",
"properties":{"IFD.property.data.spec.nmr.expt.label":"3ad-H",
"IFD.property.data.spec.nmr.expt.nucl.1":"1H",
"IFD.property.data.spec.nmr.expt.pulse.prog":"zg30",
"IFD.property.data.spec.nmr.expt.temperature.absolute":298.0055,
"IFD.property.data.spec.nmr.instr.freq.nominal":600,
"IFD.property.data.spec.nmr.instr.manufacturer.name":"Bruker",
"IFD.property.data.spec.nmr.instr.probe.type":"5 mm PABBO BB/19F-1H/D Z-GRD Z114607/0128"},
"listCount":1,
"list":[{"type":"IFD.representation.data.spec.nmr.vendor.dataset",
"subtype":"application/zip",
"len":179704,
"ref":{"origin":"primary NMR data/3ad/3ad-H/",
"localPath":"primary NMR data/3ad/3ad-H/",
"localName":"primary_NMR_data_3ad_3ad-H_.zip"}}]},
{"type":"IFD.data.spec.nmr",
"name":"3ae-C",
"id":"8",
"sourceIndex":0,
"path":"primary NMR data/3ae/3ae-C/",
"properties":{"IFD.property.data.spec.nmr.expt.label":"3ae-C",
"IFD.property.data.spec.nmr.expt.nucl.1":"13C",
"IFD.property.data.spec.nmr.expt.nucl.2":"1H",
"IFD.property.data.spec.nmr.expt.pulse.prog":"zgpg30",
"IFD.property.data.spec.nmr.expt.temperature.absolute":293.4734,
"IFD.property.data.spec.nmr.instr.freq.nominal":600,
"IFD.property.data.spec.nmr.instr.manufacturer.name":"Bruker",
"IFD.property.data.spec.nmr.instr.probe.type":"5 mm PAQXI 1H/31P/D-13C/15N Z-GRD Z833101/0006"},
"listCount":1,
"list":[{"type":"IFD.representation.data.spec.nmr.vendor.dataset",
"subtype":"application/zip",
"len":228443,
"ref":{"origin":"primary NMR data/3ae/3ae-C/",
"localPath":"primary NMR data/3ae/3ae-C/",
"localName":"primary_NMR_data_3ae_3ae-C_.zip"}}]},
{"type":"IFD.data.spec.nmr",
"name":"3ae-H",
"id":"9",
"sourceIndex":0,
"path":"primary NMR data/3ae/3ae-H/",
"properties":{"IFD.property.data.spec.nmr.expt.label":"3ae-H",
"IFD.property.data.spec.nmr.expt.nucl.1":"1H",
"IFD.property.data.spec.nmr.expt.pulse.prog":"zg30",
"IFD.property.data.spec.nmr.expt.temperature.absolute":295.1,
"IFD.property.data.spec.nmr.instr.freq.nominal":400,
"IFD.property.data.spec.nmr.instr.manufacturer.name":"Bruker",
"IFD.property.data.spec.nmr.instr.probe.type":"5 mm PABBO BB-1H/D Z-GRD Z104450/0035"},
"listCount":1,
"list":[{"type":"IFD.representation.data.spec.nmr.vendor.dataset",
"subtype":"application/zip",
"len":137903,
"ref":{"origin":"primary NMR data/3ae/3ae-H/",
"localPath":"primary NMR data/3ae/3ae-H/",
"localName":"primary_NMR_data_3ae_3ae-H_.zip"}}]},
{"type":"IFD.data.spec.nmr",
"name":"3af-C",
"id":"10",
"sourceIndex":0,
"path":"primary NMR data/3af/3af-C/",
"properties":{"IFD.property.data.spec.nmr.expt.label":"3af-C",
"IFD.property.data.spec.nmr.expt.nucl.1":"13C",
"IFD.property.data.spec.nmr.expt.nucl.2":"1H",
"IFD.property.data.spec.nmr.expt.pulse.prog":"zgpg30",
"IFD.property.data.spec.nmr.expt.temperature.absolute":293.4805,
"IFD.property.data.spec.nmr.instr.freq.nominal":600,
"IFD.property.data.spec.nmr.instr.manufacturer.name":"Bruker",
"IFD.property.data.spec.nmr.instr.probe.type":"5 mm PAQXI 1H/31P/D-13C/15N Z-GRD Z833101/0006"},
"listCount":1,
"list":[{"type":"IFD.representation.data.spec.nmr.vendor.dataset",
"subtype":"application/zip",
"len":228963,
"ref":{"origin":"primary NMR data/3af/3af-C/",
"localPath":"primary NMR data/3af/3af-C/",
"localName":"primary_NMR_data_3af_3af-C_.zip"}}]},
{"type":"IFD.data.spec.nmr",
"name":"3af-H",
"id":"11",
"sourceIndex":0,
"path":"primary NMR data/3af/3af-H/",
"properties":{"IFD.property.data.spec.nmr.expt.label":"3af-H",
"IFD.property.data.spec.nmr.expt.nucl.1":"1H",
"IFD.property.data.spec.nmr.expt.pulse.prog":"zg30",
"IFD.property.data.spec.nmr.expt.temperature.absolute":295.6,
"IFD.property.data.spec.nmr.instr.freq.nominal":400,
"IFD.property.data.spec.nmr.instr.manufacturer.name":"Bruker",
"IFD.property.data.spec.nmr.instr.probe.type":"5 mm PABBO BB-1H/D Z-GRD Z104450/0035"},
"listCount":1,
"list":[{"type":"IFD.representation.data.spec.nmr.vendor.dataset",
"subtype":"application/zip",
"len":146336,
"ref":{"origin":"primary NMR data/3af/3af-H/",
"localPath":"primary NMR data/3af/3af-H/",
"localName":"primary_NMR_data_3af_3af-H_.zip"}}]},
{"type":"IFD.data.spec.nmr",
"name":"3ag-C",
"id":"12",
"sourceIndex":0,
"path":"primary NMR data/3ag/3ag-C/",
"properties":{"IFD.property.data.spec.nmr.expt.label":"3ag-C",
"IFD.property.data.spec.nmr.expt.nucl.1":"13C",
"IFD.property.data.spec.nmr.expt.nucl.2":"1H",
"IFD.property.data.spec.nmr.expt.pulse.prog":"zgpg30",
"IFD.property.data.spec.nmr.expt.temperature.absolute":297.3,
"IFD.property.data.spec.nmr.instr.freq.nominal":400,
"IFD.property.data.spec.nmr.instr.manufacturer.name":"Bruker",
"IFD.property.data.spec.nmr.instr.probe.type":"5 mm PABBO BB-1H/D Z-GRD Z104450/0035"},
"listCount":1,
"list":[{"type":"IFD.representation.data.spec.nmr.vendor.dataset",
"subtype":"application/zip",
"len":190821,
"ref":{"origin":"primary NMR data/3ag/3ag-C/",
"localPath":"primary NMR data/3ag/3ag-C/",
"localName":"primary_NMR_data_3ag_3ag-C_.zip"}}]},
{"type":"IFD.data.spec.nmr",
"name":"3ag-H",
"id":"13",
"sourceIndex":0,
"path":"primary NMR data/3ag/3ag-H/",
"properties":{"IFD.property.data.spec.nmr.expt.label":"3ag-H",
"IFD.property.data.spec.nmr.expt.nucl.1":"1H",
"IFD.property.data.spec.nmr.expt.pulse.prog":"zg30",
"IFD.property.data.spec.nmr.expt.temperature.absolute":295.8,
"IFD.property.data.spec.nmr.instr.freq.nominal":400,
"IFD.property.data.spec.nmr.instr.manufacturer.name":"Bruker",
"IFD.property.data.spec.nmr.instr.probe.type":"5 mm PABBO BB-1H/D Z-GRD Z104450/0035"},
"listCount":1,
"list":[{"type":"IFD.representation.data.spec.nmr.vendor.dataset",
"subtype":"application/zip",
"len":140906,
"ref":{"origin":"primary NMR data/3ag/3ag-H/",
"localPath":"primary NMR data/3ag/3ag-H/",
"localName":"primary_NMR_data_3ag_3ag-H_.zip"}}]},
{"type":"IFD.data.spec.nmr",
"name":"3ah-C",
"id":"14",
"sourceIndex":0,
"path":"primary NMR data/3ah/3ah-C/",
"properties":{"IFD.property.data.spec.nmr.expt.label":"3ah-C",
"IFD.property.data.spec.nmr.expt.nucl.1":"13C",
"IFD.property.data.spec.nmr.expt.nucl.2":"1H",
"IFD.property.data.spec.nmr.expt.pulse.prog":"zgpg30",
"IFD.property.data.spec.nmr.expt.temperature.absolute":293.3891,
"IFD.property.data.spec.nmr.instr.freq.nominal":600,
"IFD.property.data.spec.nmr.instr.manufacturer.name":"Bruker",
"IFD.property.data.spec.nmr.instr.probe.type":"5 mm PAQXI 1H/31P/D-13C/15N Z-GRD Z833101/0006"},
"listCount":1,
"list":[{"type":"IFD.representation.data.spec.nmr.vendor.dataset",
"subtype":"application/zip",
"len":229584,
"ref":{"origin":"primary NMR data/3ah/3ah-C/",
"localPath":"primary NMR data/3ah/3ah-C/",
"localName":"primary_NMR_data_3ah_3ah-C_.zip"}}]},
{"type":"IFD.data.spec.nmr",
"name":"3ah-H",
"id":"15",
"sourceIndex":0,
"path":"primary NMR data/3ah/3ah-H/",
"properties":{"IFD.property.data.spec.nmr.expt.label":"3ah-H",
"IFD.property.data.spec.nmr.expt.nucl.1":"1H",
"IFD.property.data.spec.nmr.expt.pulse.prog":"zg30",
"IFD.property.data.spec.nmr.expt.temperature.absolute":295.7,
"IFD.property.data.spec.nmr.instr.freq.nominal":400,
"IFD.property.data.spec.nmr.instr.manufacturer.name":"Bruker",
"IFD.property.data.spec.nmr.instr.probe.type":"5 mm PABBO BB-1H/D Z-GRD Z104450/0035"},
"listCount":1,
"list":[{"type":"IFD.representation.data.spec.nmr.vendor.dataset",
"subtype":"application/zip",
"len":143611,
"ref":{"origin":"primary NMR data/3ah/3ah-H/",
"localPath":"primary NMR data/3ah/3ah-H/",
"localName":"primary_NMR_data_3ah_3ah-H_.zip"}}]},
{"type":"IFD.data.spec.nmr",
"name":"3ai-C",
"id":"16",
"sourceIndex":0,
"path":"primary NMR data/3ai/3ai-C/",
"properties":{"IFD.property.data.spec.nmr.expt.label":"3ai-C",
"IFD.property.data.spec.nmr.expt.nucl.1":"13C",
"IFD.property.data.spec.nmr.expt.nucl.2":"1H",
"IFD.property.data.spec.nmr.expt.pulse.prog":"zgpg30",
"IFD.property.data.spec.nmr.expt.temperature.absolute":293.4939,
"IFD.property.data.spec.nmr.instr.freq.nominal":600,
"IFD.property.data.spec.nmr.instr.manufacturer.name":"Bruker",
"IFD.property.data.spec.nmr.instr.probe.type":"5 mm PAQXI 1H/31P/D-13C/15N Z-GRD Z833101/0006"},
"listCount":1,
"list":[{"type":"IFD.representation.data.spec.nmr.vendor.dataset",
"subtype":"application/zip",
"len":228725,
"ref":{"origin":"primary NMR data/3ai/3ai-C/",
"localPath":"primary NMR data/3ai/3ai-C/",
"localName":"primary_NMR_data_3ai_3ai-C_.zip"}}]},
{"type":"IFD.data.spec.nmr",
"name":"3ai-H",
"id":"17",
"sourceIndex":0,
"path":"primary NMR data/3ai/3ai-H/",
"properties":{"IFD.property.data.spec.nmr.expt.label":"3ai-H",
"IFD.property.data.spec.nmr.expt.nucl.1":"1H",
"IFD.property.data.spec.nmr.expt.pulse.prog":"zg30",
"IFD.property.data.spec.nmr.expt.temperature.absolute":295.1,
"IFD.property.data.spec.nmr.instr.freq.nominal":400,
"IFD.property.data.spec.nmr.instr.manufacturer.name":"Bruker",
"IFD.property.data.spec.nmr.instr.probe.type":"5 mm PABBO BB-1H/D Z-GRD Z104450/0035"},
"listCount":1,
"list":[{"type":"IFD.representation.data.spec.nmr.vendor.dataset",
"subtype":"application/zip",
"len":132954,
"ref":{"origin":"primary NMR data/3ai/3ai-H/",
"localPath":"primary NMR data/3ai/3ai-H/",
"localName":"primary_NMR_data_3ai_3ai-H_.zip"}}]},
{"type":"IFD.data.spec.nmr",
"name":"3aj-C",
"id":"18",
"sourceIndex":0,
"path":"primary NMR data/3aj/3aj-C/",
"properties":{"IFD.property.data.spec.nmr.expt.label":"3aj-C",
"IFD.property.data.spec.nmr.expt.nucl.1":"13C",
"IFD.property.data.spec.nmr.expt.nucl.2":"1H",
"IFD.property.data.spec.nmr.expt.pulse.prog":"zgpg30",
"IFD.property.data.spec.nmr.expt.temperature.absolute":298.0017,
"IFD.property.data.spec.nmr.instr.freq.nominal":600,
"IFD.property.data.spec.nmr.instr.manufacturer.name":"Bruker",
"IFD.property.data.spec.nmr.instr.probe.type":"5 mm PABBO BB/19F-1H/D Z-GRD Z114607/0128"},
"listCount":1,
"list":[{"type":"IFD.representation.data.spec.nmr.vendor.dataset",
"subtype":"application/zip",
"len":223944,
"ref":{"origin":"primary NMR data/3aj/3aj-C/",
"localPath":"primary NMR data/3aj/3aj-C/",
"localName":"primary_NMR_data_3aj_3aj-C_.zip"}}]},
{"type":"IFD.data.spec.nmr",
"name":"3aj-H",
"id":"19",
"sourceIndex":0,
"path":"primary NMR data/3aj/3aj-H/",
"properties":{"IFD.property.data.spec.nmr.expt.label":"3aj-H",
"IFD.property.data.spec.nmr.expt.nucl.1":"1H",
"IFD.property.data.spec.nmr.expt.pulse.prog":"zg30",
"IFD.property.data.spec.nmr.expt.temperature.absolute":296.3,
"IFD.property.data.spec.nmr.instr.freq.nominal":400,
"IFD.property.data.spec.nmr.instr.manufacturer.name":"Bruker",
"IFD.property.data.spec.nmr.instr.probe.type":"5 mm PABBO BB-1H/D Z-GRD Z104450/0035"},
"listCount":1,
"list":[{"type":"IFD.representation.data.spec.nmr.vendor.dataset",
"subtype":"application/zip",
"len":135001,
"ref":{"origin":"primary NMR data/3aj/3aj-H/",
"localPath":"primary NMR data/3aj/3aj-H/",
"localName":"primary_NMR_data_3aj_3aj-H_.zip"}}]},
{"type":"IFD.data.spec.nmr",
"name":"3ak-C",
"id":"20",
"sourceIndex":0,
"path":"primary NMR data/3ak/3ak-C/",
"properties":{"IFD.property.data.spec.nmr.expt.label":"3ak-C",
"IFD.property.data.spec.nmr.expt.nucl.1":"13C",
"IFD.property.data.spec.nmr.expt.nucl.2":"1H",
"IFD.property.data.spec.nmr.expt.pulse.prog":"zgpg30",
"IFD.property.data.spec.nmr.expt.temperature.absolute":297.3,
"IFD.property.data.spec.nmr.instr.freq.nominal":400,
"IFD.property.data.spec.nmr.instr.manufacturer.name":"Bruker",
"IFD.property.data.spec.nmr.instr.probe.type":"5 mm PABBO BB-1H/D Z-GRD Z104450/0035"},
"listCount":1,
"list":[{"type":"IFD.representation.data.spec.nmr.vendor.dataset",
"subtype":"application/zip",
"len":192751,
"ref":{"origin":"primary NMR data/3ak/3ak-C/",
"localPath":"primary NMR data/3ak/3ak-C/",
"localName":"primary_NMR_data_3ak_3ak-C_.zip"}}]},
{"type":"IFD.data.spec.nmr",
"name":"3ak-H",
"id":"21",
"sourceIndex":0,
"path":"primary NMR data/3ak/3ak-H/",
"properties":{"IFD.property.data.spec.nmr.expt.label":"3ak-H",
"IFD.property.data.spec.nmr.expt.nucl.1":"1H",
"IFD.property.data.spec.nmr.expt.pulse.prog":"zg30",
"IFD.property.data.spec.nmr.expt.temperature.absolute":295.9,
"IFD.property.data.spec.nmr.instr.freq.nominal":400,
"IFD.property.data.spec.nmr.instr.manufacturer.name":"Bruker",
"IFD.property.data.spec.nmr.instr.probe.type":"5 mm PABBO BB-1H/D Z-GRD Z104450/0035"},
"listCount":1,
"list":[{"type":"IFD.representation.data.spec.nmr.vendor.dataset",
"subtype":"application/zip",
"len":134930,
"ref":{"origin":"primary NMR data/3ak/3ak-H/",
"localPath":"primary NMR data/3ak/3ak-H/",
"localName":"primary_NMR_data_3ak_3ak-H_.zip"}}]},
{"type":"IFD.data.spec.nmr",
"name":"3al-C",
"id":"22",
"sourceIndex":0,
"path":"primary NMR data/3al/3al-C/",
"properties":{"IFD.property.data.spec.nmr.expt.label":"3al-C",
"IFD.property.data.spec.nmr.expt.nucl.1":"13C",
"IFD.property.data.spec.nmr.expt.nucl.2":"1H",
"IFD.property.data.spec.nmr.expt.pulse.prog":"zgpg30",
"IFD.property.data.spec.nmr.expt.temperature.absolute":297.4,
"IFD.property.data.spec.nmr.instr.freq.nominal":400,
"IFD.property.data.spec.nmr.instr.manufacturer.name":"Bruker",
"IFD.property.data.spec.nmr.instr.probe.type":"5 mm PABBO BB-1H/D Z-GRD Z104450/0035"},
"listCount":1,
"list":[{"type":"IFD.representation.data.spec.nmr.vendor.dataset",
"subtype":"application/zip",
"len":212086,
"ref":{"origin":"primary NMR data/3al/3al-C/",
"localPath":"primary NMR data/3al/3al-C/",
"localName":"primary_NMR_data_3al_3al-C_.zip"}}]},
{"type":"IFD.data.spec.nmr",
"name":"3al-H",
"id":"23",
"sourceIndex":0,
"path":"primary NMR data/3al/3al-H/",
"properties":{"IFD.property.data.spec.nmr.expt.label":"3al-H",
"IFD.property.data.spec.nmr.expt.nucl.1":"1H",
"IFD.property.data.spec.nmr.expt.pulse.prog":"zg30",
"IFD.property.data.spec.nmr.expt.temperature.absolute":295.1,
"IFD.property.data.spec.nmr.instr.freq.nominal":400,
"IFD.property.data.spec.nmr.instr.manufacturer.name":"Bruker",
"IFD.property.data.spec.nmr.instr.probe.type":"5 mm PABBO BB-1H/D Z-GRD Z104450/0035"},
"listCount":1,
"list":[{"type":"IFD.representation.data.spec.nmr.vendor.dataset",
"subtype":"application/zip",
"len":140048,
"ref":{"origin":"primary NMR data/3al/3al-H/",
"localPath":"primary NMR data/3al/3al-H/",
"localName":"primary_NMR_data_3al_3al-H_.zip"}}]},
{"type":"IFD.data.spec.nmr",
"name":"3am-C",
"id":"24",
"sourceIndex":0,
"path":"primary NMR data/3am/3am-C/",
"properties":{"IFD.property.data.spec.nmr.expt.label":"3am-C",
"IFD.property.data.spec.nmr.expt.nucl.1":"13C",
"IFD.property.data.spec.nmr.expt.nucl.2":"1H",
"IFD.property.data.spec.nmr.expt.pulse.prog":"zgpg30",
"IFD.property.data.spec.nmr.expt.temperature.absolute":297.9998,
"IFD.property.data.spec.nmr.instr.freq.nominal":600,
"IFD.property.data.spec.nmr.instr.manufacturer.name":"Bruker",
"IFD.property.data.spec.nmr.instr.probe.type":"5 mm PAQXI 1H/31P/D-13C/15N Z-GRD Z833101/0006"},
"listCount":1,
"list":[{"type":"IFD.representation.data.spec.nmr.vendor.dataset",
"subtype":"application/zip",
"len":222197,
"ref":{"origin":"primary NMR data/3am/3am-C/",
"localPath":"primary NMR data/3am/3am-C/",
"localName":"primary_NMR_data_3am_3am-C_.zip"}}]},
{"type":"IFD.data.spec.nmr",
"name":"3am-H",
"id":"25",
"sourceIndex":0,
"path":"primary NMR data/3am/3am-H/",
"properties":{"IFD.property.data.spec.nmr.expt.label":"3am-H",
"IFD.property.data.spec.nmr.expt.nucl.1":"1H",
"IFD.property.data.spec.nmr.expt.pulse.prog":"zg30",
"IFD.property.data.spec.nmr.expt.temperature.absolute":296.4,
"IFD.property.data.spec.nmr.instr.freq.nominal":400,
"IFD.property.data.spec.nmr.instr.manufacturer.name":"Bruker",
"IFD.property.data.spec.nmr.instr.probe.type":"5 mm PABBO BB-1H/D Z-GRD Z104450/0035"},
"listCount":1,
"list":[{"type":"IFD.representation.data.spec.nmr.vendor.dataset",
"subtype":"application/zip",
"len":133523,
"ref":{"origin":"primary NMR data/3am/3am-H/",
"localPath":"primary NMR data/3am/3am-H/",
"localName":"primary_NMR_data_3am_3am-H_.zip"}}]},
{"type":"IFD.data.spec.nmr",
"name":"3an-C",
"id":"26",
"sourceIndex":0,
"path":"primary NMR data/3an/3an-C/",
"properties":{"IFD.property.data.spec.nmr.expt.label":"3an-C",
"IFD.property.data.spec.nmr.expt.nucl.1":"13C",
"IFD.property.data.spec.nmr.expt.nucl.2":"1H",
"IFD.property.data.spec.nmr.expt.pulse.prog":"zgpg30",
"IFD.property.data.spec.nmr.expt.temperature.absolute":293.4243,
"IFD.property.data.spec.nmr.instr.freq.nominal":600,
"IFD.property.data.spec.nmr.instr.manufacturer.name":"Bruker",
"IFD.property.data.spec.nmr.instr.probe.type":"5 mm PAQXI 1H/31P/D-13C/15N Z-GRD Z833101/0006"},
"listCount":1,
"list":[{"type":"IFD.representation.data.spec.nmr.vendor.dataset",
"subtype":"application/zip",
"len":227386,
"ref":{"origin":"primary NMR data/3an/3an-C/",
"localPath":"primary NMR data/3an/3an-C/",
"localName":"primary_NMR_data_3an_3an-C_.zip"}}]},
{"type":"IFD.data.spec.nmr",
"name":"3an-H",
"id":"27",
"sourceIndex":0,
"path":"primary NMR data/3an/3an-H/",
"properties":{"IFD.property.data.spec.nmr.expt.label":"3an-H",
"IFD.property.data.spec.nmr.expt.nucl.1":"1H",
"IFD.property.data.spec.nmr.expt.pulse.prog":"zg30",
"IFD.property.data.spec.nmr.expt.temperature.absolute":295.5,
"IFD.property.data.spec.nmr.instr.freq.nominal":400,
"IFD.property.data.spec.nmr.instr.manufacturer.name":"Bruker",
"IFD.property.data.spec.nmr.instr.probe.type":"5 mm PABBO BB-1H/D Z-GRD Z104450/0035"},
"listCount":1,
"list":[{"type":"IFD.representation.data.spec.nmr.vendor.dataset",
"subtype":"application/zip",
"len":139787,
"ref":{"origin":"primary NMR data/3an/3an-H/",
"localPath":"primary NMR data/3an/3an-H/",
"localName":"primary_NMR_data_3an_3an-H_.zip"}}]},
{"type":"IFD.data.spec.nmr",
"name":"3ao-C",
"id":"28",
"sourceIndex":0,
"path":"primary NMR data/3ao/3ao-C/",
"properties":{"IFD.property.data.spec.nmr.expt.label":"3ao-C",
"IFD.property.data.spec.nmr.expt.nucl.1":"13C",
"IFD.property.data.spec.nmr.expt.nucl.2":"1H",
"IFD.property.data.spec.nmr.expt.pulse.prog":"zgpg30",
"IFD.property.data.spec.nmr.expt.temperature.absolute":293.483,
"IFD.property.data.spec.nmr.instr.freq.nominal":600,
"IFD.property.data.spec.nmr.instr.manufacturer.name":"Bruker",
"IFD.property.data.spec.nmr.instr.probe.type":"5 mm PAQXI 1H/31P/D-13C/15N Z-GRD Z833101/0006"},
"listCount":1,
"list":[{"type":"IFD.representation.data.spec.nmr.vendor.dataset",
"subtype":"application/zip",
"len":228465,
"ref":{"origin":"primary NMR data/3ao/3ao-C/",
"localPath":"primary NMR data/3ao/3ao-C/",
"localName":"primary_NMR_data_3ao_3ao-C_.zip"}}]},
{"type":"IFD.data.spec.nmr",
"name":"3ao-H",
"id":"29",
"sourceIndex":0,
"path":"primary NMR data/3ao/3ao-H/",
"properties":{"IFD.property.data.spec.nmr.expt.label":"3ao-H",
"IFD.property.data.spec.nmr.expt.nucl.1":"1H",
"IFD.property.data.spec.nmr.expt.pulse.prog":"zg30",
"IFD.property.data.spec.nmr.expt.temperature.absolute":295.1,
"IFD.property.data.spec.nmr.instr.freq.nominal":400,
"IFD.property.data.spec.nmr.instr.manufacturer.name":"Bruker",
"IFD.property.data.spec.nmr.instr.probe.type":"5 mm PABBO BB-1H/D Z-GRD Z104450/0035"},
"listCount":1,
"list":[{"type":"IFD.representation.data.spec.nmr.vendor.dataset",
"subtype":"application/zip",
"len":134313,
"ref":{"origin":"primary NMR data/3ao/3ao-H/",
"localPath":"primary NMR data/3ao/3ao-H/",
"localName":"primary_NMR_data_3ao_3ao-H_.zip"}}]},
{"type":"IFD.data.spec.nmr",
"name":"3ap-C",
"id":"30",
"sourceIndex":0,
"path":"primary NMR data/3ap/3ap-C/",
"properties":{"IFD.property.data.spec.nmr.expt.label":"3ap-C",
"IFD.property.data.spec.nmr.expt.nucl.1":"13C",
"IFD.property.data.spec.nmr.expt.nucl.2":"1H",
"IFD.property.data.spec.nmr.expt.pulse.prog":"zgpg30",
"IFD.property.data.spec.nmr.expt.temperature.absolute":299.6,
"IFD.property.data.spec.nmr.instr.freq.nominal":400,
"IFD.property.data.spec.nmr.instr.manufacturer.name":"Bruker",
"IFD.property.data.spec.nmr.instr.probe.type":"5 mm PABBO BB-1H/D Z-GRD Z104450/0035"},
"listCount":1,
"list":[{"type":"IFD.representation.data.spec.nmr.vendor.dataset",
"subtype":"application/zip",
"len":418705,
"ref":{"origin":"primary NMR data/3ap/3ap-C/",
"localPath":"primary NMR data/3ap/3ap-C/",
"localName":"primary_NMR_data_3ap_3ap-C_.zip"}}]},
{"type":"IFD.data.spec.nmr",
"name":"3ap-H",
"id":"31",
"sourceIndex":0,
"path":"primary NMR data/3ap/3ap-H/",
"properties":{"IFD.property.data.spec.nmr.expt.label":"3ap-H",
"IFD.property.data.spec.nmr.expt.nucl.1":"1H",
"IFD.property.data.spec.nmr.expt.pulse.prog":"zg30",
"IFD.property.data.spec.nmr.expt.temperature.absolute":296.8,
"IFD.property.data.spec.nmr.instr.freq.nominal":400,
"IFD.property.data.spec.nmr.instr.manufacturer.name":"Bruker",
"IFD.property.data.spec.nmr.instr.probe.type":"5 mm PABBO BB-1H/D Z-GRD Z104450/0035"},
"listCount":1,
"list":[{"type":"IFD.representation.data.spec.nmr.vendor.dataset",
"subtype":"application/zip",
"len":144152,
"ref":{"origin":"primary NMR data/3ap/3ap-H/",
"localPath":"primary NMR data/3ap/3ap-H/",
"localName":"primary_NMR_data_3ap_3ap-H_.zip"}}]},
{"type":"IFD.data.spec.nmr",
"name":"3aq-C",
"id":"32",
"sourceIndex":0,
"path":"primary NMR data/3aq/3aq-C/",
"properties":{"IFD.property.data.spec.nmr.expt.label":"3aq-C",
"IFD.property.data.spec.nmr.expt.nucl.1":"13C",
"IFD.property.data.spec.nmr.expt.nucl.2":"1H",
"IFD.property.data.spec.nmr.expt.pulse.prog":"zgpg30",
"IFD.property.data.spec.nmr.expt.temperature.absolute":298.0047,
"IFD.property.data.spec.nmr.instr.freq.nominal":600,
"IFD.property.data.spec.nmr.instr.manufacturer.name":"Bruker",
"IFD.property.data.spec.nmr.instr.probe.type":"5 mm PAQXI 1H/31P/D-13C/15N Z-GRD Z833101/0006"},
"listCount":1,
"list":[{"type":"IFD.representation.data.spec.nmr.vendor.dataset",
"subtype":"application/zip",
"len":223667,
"ref":{"origin":"primary NMR data/3aq/3aq-C/",
"localPath":"primary NMR data/3aq/3aq-C/",
"localName":"primary_NMR_data_3aq_3aq-C_.zip"}}]},
{"type":"IFD.data.spec.nmr",
"name":"3aq-H",
"id":"33",
"sourceIndex":0,
"path":"primary NMR data/3aq/3aq-H/",
"properties":{"IFD.property.data.spec.nmr.expt.label":"3aq-H",
"IFD.property.data.spec.nmr.expt.nucl.1":"1H",
"IFD.property.data.spec.nmr.expt.pulse.prog":"zg30",
"IFD.property.data.spec.nmr.expt.temperature.absolute":298.0023,
"IFD.property.data.spec.nmr.instr.freq.nominal":600,
"IFD.property.data.spec.nmr.instr.manufacturer.name":"Bruker",
"IFD.property.data.spec.nmr.instr.probe.type":"5 mm PAQXI 1H/31P/D-13C/15N Z-GRD Z833101/0006"},
"listCount":1,
"list":[{"type":"IFD.representation.data.spec.nmr.vendor.dataset",
"subtype":"application/zip",
"len":170180,
"ref":{"origin":"primary NMR data/3aq/3aq-H/",
"localPath":"primary NMR data/3aq/3aq-H/",
"localName":"primary_NMR_data_3aq_3aq-H_.zip"}}]},
{"type":"IFD.data.spec.nmr",
"name":"3ar-C",
"id":"34",
"sourceIndex":0,
"path":"primary NMR data/3ar/3ar-C/",
"properties":{"IFD.property.data.spec.nmr.expt.label":"3ar-C",
"IFD.property.data.spec.nmr.expt.nucl.1":"13C",
"IFD.property.data.spec.nmr.expt.nucl.2":"1H",
"IFD.property.data.spec.nmr.expt.pulse.prog":"zgpg30",
"IFD.property.data.spec.nmr.expt.temperature.absolute":297.9949,
"IFD.property.data.spec.nmr.instr.freq.nominal":600,
"IFD.property.data.spec.nmr.instr.manufacturer.name":"Bruker",
"IFD.property.data.spec.nmr.instr.probe.type":"5 mm PAQXI 1H/31P/D-13C/15N Z-GRD Z833101/0006"},
"listCount":1,
"list":[{"type":"IFD.representation.data.spec.nmr.vendor.dataset",
"subtype":"application/zip",
"len":222142,
"ref":{"origin":"primary NMR data/3ar/3ar-C/",
"localPath":"primary NMR data/3ar/3ar-C/",
"localName":"primary_NMR_data_3ar_3ar-C_.zip"}}]},
{"type":"IFD.data.spec.nmr",
"name":"3ar-H",
"id":"35",
"sourceIndex":0,
"path":"primary NMR data/3ar/3ar-H/",
"properties":{"IFD.property.data.spec.nmr.expt.label":"3ar-H",
"IFD.property.data.spec.nmr.expt.nucl.1":"1H",
"IFD.property.data.spec.nmr.expt.pulse.prog":"zg30",
"IFD.property.data.spec.nmr.expt.temperature.absolute":297.9959,
"IFD.property.data.spec.nmr.instr.freq.nominal":600,
"IFD.property.data.spec.nmr.instr.manufacturer.name":"Bruker",
"IFD.property.data.spec.nmr.instr.probe.type":"5 mm PAQXI 1H/31P/D-13C/15N Z-GRD Z833101/0006"},
"listCount":1,
"list":[{"type":"IFD.representation.data.spec.nmr.vendor.dataset",
"subtype":"application/zip",
"len":166658,
"ref":{"origin":"primary NMR data/3ar/3ar-H/",
"localPath":"primary NMR data/3ar/3ar-H/",
"localName":"primary_NMR_data_3ar_3ar-H_.zip"}}]},
{"type":"IFD.data.spec.nmr",
"name":"3at-C",
"id":"36",
"sourceIndex":0,
"path":"primary NMR data/3at/3at-C/",
"properties":{"IFD.property.data.spec.nmr.expt.label":"3at-C",
"IFD.property.data.spec.nmr.expt.nucl.1":"13C",
"IFD.property.data.spec.nmr.expt.nucl.2":"1H",
"IFD.property.data.spec.nmr.expt.pulse.prog":"zgpg30",
"IFD.property.data.spec.nmr.expt.temperature.absolute":297.4,
"IFD.property.data.spec.nmr.instr.freq.nominal":400,
"IFD.property.data.spec.nmr.instr.manufacturer.name":"Bruker",
"IFD.property.data.spec.nmr.instr.probe.type":"5 mm PABBO BB-1H/D Z-GRD Z104450/0035"},
"listCount":1,
"list":[{"type":"IFD.representation.data.spec.nmr.vendor.dataset",
"subtype":"application/zip",
"len":194702,
"ref":{"origin":"primary NMR data/3at/3at-C/",
"localPath":"primary NMR data/3at/3at-C/",
"localName":"primary_NMR_data_3at_3at-C_.zip"}}]},
{"type":"IFD.data.spec.nmr",
"name":"3at-H",
"id":"37",
"sourceIndex":0,
"path":"primary NMR data/3at/3at-H/",
"properties":{"IFD.property.data.spec.nmr.expt.label":"3at-H",
"IFD.property.data.spec.nmr.expt.nucl.1":"1H",
"IFD.property.data.spec.nmr.expt.pulse.prog":"zg30",
"IFD.property.data.spec.nmr.expt.temperature.absolute":295.9,
"IFD.property.data.spec.nmr.instr.freq.nominal":400,
"IFD.property.data.spec.nmr.instr.manufacturer.name":"Bruker",
"IFD.property.data.spec.nmr.instr.probe.type":"5 mm PABBO BB-1H/D Z-GRD Z104450/0035"},
"listCount":1,
"list":[{"type":"IFD.representation.data.spec.nmr.vendor.dataset",
"subtype":"application/zip",
"len":134575,
"ref":{"origin":"primary NMR data/3at/3at-H/",
"localPath":"primary NMR data/3at/3at-H/",
"localName":"primary_NMR_data_3at_3at-H_.zip"}}]},
{"type":"IFD.data.spec.nmr",
"name":"3au-C",
"id":"38",
"sourceIndex":0,
"path":"primary NMR data/3au/3au-C/",
"properties":{"IFD.property.data.spec.nmr.expt.label":"3au-C",
"IFD.property.data.spec.nmr.expt.nucl.1":"13C",
"IFD.property.data.spec.nmr.expt.nucl.2":"1H",
"IFD.property.data.spec.nmr.expt.pulse.prog":"zgpg30",
"IFD.property.data.spec.nmr.expt.temperature.absolute":297.6,
"IFD.property.data.spec.nmr.instr.freq.nominal":400,
"IFD.property.data.spec.nmr.instr.manufacturer.name":"Bruker",
"IFD.property.data.spec.nmr.instr.probe.type":"5 mm PABBO BB-1H/D Z-GRD Z104450/0035"},
"listCount":1,
"list":[{"type":"IFD.representation.data.spec.nmr.vendor.dataset",
"subtype":"application/zip",
"len":199386,
"ref":{"origin":"primary NMR data/3au/3au-C/",
"localPath":"primary NMR data/3au/3au-C/",
"localName":"primary_NMR_data_3au_3au-C_.zip"}}]},
{"type":"IFD.data.spec.nmr",
"name":"3au-H",
"id":"39",
"sourceIndex":0,
"path":"primary NMR data/3au/3au-H/",
"properties":{"IFD.property.data.spec.nmr.expt.label":"3au-H",
"IFD.property.data.spec.nmr.expt.nucl.1":"1H",
"IFD.property.data.spec.nmr.expt.pulse.prog":"zg30",
"IFD.property.data.spec.nmr.expt.temperature.absolute":295.5,
"IFD.property.data.spec.nmr.instr.freq.nominal":400,
"IFD.property.data.spec.nmr.instr.manufacturer.name":"Bruker",
"IFD.property.data.spec.nmr.instr.probe.type":"5 mm PABBO BB-1H/D Z-GRD Z104450/0035"},
"listCount":1,
"list":[{"type":"IFD.representation.data.spec.nmr.vendor.dataset",
"subtype":"application/zip",
"len":136323,
"ref":{"origin":"primary NMR data/3au/3au-H/",
"localPath":"primary NMR data/3au/3au-H/",
"localName":"primary_NMR_data_3au_3au-H_.zip"}}]},
{"type":"IFD.data.spec.nmr",
"name":"3av-C",
"id":"40",
"sourceIndex":0,
"path":"primary NMR data/3av/3av-C/",
"properties":{"IFD.property.data.spec.nmr.expt.label":"3av-C",
"IFD.property.data.spec.nmr.expt.nucl.1":"13C",
"IFD.property.data.spec.nmr.expt.nucl.2":"1H",
"IFD.property.data.spec.nmr.expt.pulse.prog":"zgpg30",
"IFD.property.data.spec.nmr.expt.temperature.absolute":297.5,
"IFD.property.data.spec.nmr.instr.freq.nominal":400,
"IFD.property.data.spec.nmr.instr.manufacturer.name":"Bruker",
"IFD.property.data.spec.nmr.instr.probe.type":"5 mm PABBO BB-1H/D Z-GRD Z104450/0035"},
"listCount":1,
"list":[{"type":"IFD.representation.data.spec.nmr.vendor.dataset",
"subtype":"application/zip",
"len":199234,
"ref":{"origin":"primary NMR data/3av/3av-C/",
"localPath":"primary NMR data/3av/3av-C/",
"localName":"primary_NMR_data_3av_3av-C_.zip"}}]},
{"type":"IFD.data.spec.nmr",
"name":"3av-H",
"id":"41",
"sourceIndex":0,
"path":"primary NMR data/3av/3av-H/",
"properties":{"IFD.property.data.spec.nmr.expt.label":"3av-H",
"IFD.property.data.spec.nmr.expt.nucl.1":"1H",
"IFD.property.data.spec.nmr.expt.pulse.prog":"zg30",
"IFD.property.data.spec.nmr.expt.temperature.absolute":295.1,
"IFD.property.data.spec.nmr.instr.freq.nominal":400,
"IFD.property.data.spec.nmr.instr.manufacturer.name":"Bruker",
"IFD.property.data.spec.nmr.instr.probe.type":"5 mm PABBO BB-1H/D Z-GRD Z104450/0035"},
"listCount":1,
"list":[{"type":"IFD.representation.data.spec.nmr.vendor.dataset",
"subtype":"application/zip",
"len":141682,
"ref":{"origin":"primary NMR data/3av/3av-H/",
"localPath":"primary NMR data/3av/3av-H/",
"localName":"primary_NMR_data_3av_3av-H_.zip"}}]},
{"type":"IFD.data.spec.nmr",
"name":"3aw-C",
"id":"42",
"sourceIndex":0,
"path":"primary NMR data/3aw/3aw-C/",
"properties":{"IFD.property.data.spec.nmr.expt.label":"3aw-C",
"IFD.property.data.spec.nmr.expt.nucl.1":"13C",
"IFD.property.data.spec.nmr.expt.nucl.2":"1H",
"IFD.property.data.spec.nmr.expt.pulse.prog":"zgpg30",
"IFD.property.data.spec.nmr.expt.temperature.absolute":298.8,
"IFD.property.data.spec.nmr.instr.freq.nominal":400,
"IFD.property.data.spec.nmr.instr.manufacturer.name":"Bruker",
"IFD.property.data.spec.nmr.instr.probe.type":"5 mm PABBO BB-1H/D Z-GRD Z104450/0035"},
"listCount":1,
"list":[{"type":"IFD.representation.data.spec.nmr.vendor.dataset",
"subtype":"application/zip",
"len":204979,
"ref":{"origin":"primary NMR data/3aw/3aw-C/",
"localPath":"primary NMR data/3aw/3aw-C/",
"localName":"primary_NMR_data_3aw_3aw-C_.zip"}}]},
{"type":"IFD.data.spec.nmr",
"name":"3aw-H",
"id":"43",
"sourceIndex":0,
"path":"primary NMR data/3aw/3aw-H/",
"properties":{"IFD.property.data.spec.nmr.expt.label":"3aw-H",
"IFD.property.data.spec.nmr.expt.nucl.1":"1H",
"IFD.property.data.spec.nmr.expt.pulse.prog":"zg30",
"IFD.property.data.spec.nmr.expt.temperature.absolute":295.4,
"IFD.property.data.spec.nmr.instr.freq.nominal":400,
"IFD.property.data.spec.nmr.instr.manufacturer.name":"Bruker",
"IFD.property.data.spec.nmr.instr.probe.type":"5 mm PABBO BB-1H/D Z-GRD Z104450/0035"},
"listCount":1,
"list":[{"type":"IFD.representation.data.spec.nmr.vendor.dataset",
"subtype":"application/zip",
"len":129832,
"ref":{"origin":"primary NMR data/3aw/3aw-H/",
"localPath":"primary NMR data/3aw/3aw-H/",
"localName":"primary_NMR_data_3aw_3aw-H_.zip"}}]},
{"type":"IFD.data.spec.nmr",
"name":"3ax-C",
"id":"44",
"sourceIndex":0,
"path":"primary NMR data/3ax/3ax-C/",
"properties":{"IFD.property.data.spec.nmr.expt.label":"3ax-C",
"IFD.property.data.spec.nmr.expt.nucl.1":"13C",
"IFD.property.data.spec.nmr.expt.nucl.2":"1H",
"IFD.property.data.spec.nmr.expt.pulse.prog":"zgpg30",
"IFD.property.data.spec.nmr.expt.temperature.absolute":297.3,
"IFD.property.data.spec.nmr.instr.freq.nominal":400,
"IFD.property.data.spec.nmr.instr.manufacturer.name":"Bruker",
"IFD.property.data.spec.nmr.instr.probe.type":"5 mm PABBO BB-1H/D Z-GRD Z104450/0035"},
"listCount":1,
"list":[{"type":"IFD.representation.data.spec.nmr.vendor.dataset",
"subtype":"application/zip",
"len":193533,
"ref":{"origin":"primary NMR data/3ax/3ax-C/",
"localPath":"primary NMR data/3ax/3ax-C/",
"localName":"primary_NMR_data_3ax_3ax-C_.zip"}}]},
{"type":"IFD.data.spec.nmr",
"name":"3ax-H",
"id":"45",
"sourceIndex":0,
"path":"primary NMR data/3ax/3ax-H/",
"properties":{"IFD.property.data.spec.nmr.expt.label":"3ax-H",
"IFD.property.data.spec.nmr.expt.nucl.1":"1H",
"IFD.property.data.spec.nmr.expt.pulse.prog":"zg30",
"IFD.property.data.spec.nmr.expt.temperature.absolute":295.0,
"IFD.property.data.spec.nmr.instr.freq.nominal":400,
"IFD.property.data.spec.nmr.instr.manufacturer.name":"Bruker",
"IFD.property.data.spec.nmr.instr.probe.type":"5 mm PABBO BB-1H/D Z-GRD Z104450/0035"},
"listCount":1,
"list":[{"type":"IFD.representation.data.spec.nmr.vendor.dataset",
"subtype":"application/zip",
"len":138278,
"ref":{"origin":"primary NMR data/3ax/3ax-H/",
"localPath":"primary NMR data/3ax/3ax-H/",
"localName":"primary_NMR_data_3ax_3ax-H_.zip"}}]},
{"type":"IFD.data.spec.nmr",
"name":"3ay-C",
"id":"46",
"sourceIndex":0,
"path":"primary NMR data/3ay/3ay-C/",
"properties":{"IFD.property.data.spec.nmr.expt.label":"3ay-C",
"IFD.property.data.spec.nmr.expt.nucl.1":"13C",
"IFD.property.data.spec.nmr.expt.nucl.2":"1H",
"IFD.property.data.spec.nmr.expt.pulse.prog":"zgpg30",
"IFD.property.data.spec.nmr.expt.temperature.absolute":298.0015,
"IFD.property.data.spec.nmr.instr.freq.nominal":600,
"IFD.property.data.spec.nmr.instr.manufacturer.name":"Bruker",
"IFD.property.data.spec.nmr.instr.probe.type":"5 mm PAQXI 1H/31P/D-13C/15N Z-GRD Z833101/0006"},
"listCount":3,
"list":[{"type":"IFD.representation.data.spec.nmr.vendor.dataset",
"subtype":"application/zip",
"len":453409,
"ref":{"origin":"primary NMR data/3ay/3ay-C/",
"localPath":"primary NMR data/3ay/3ay-C/",
"localName":"primary_NMR_data_3ay_3ay-C_.zip"}},
{"type":"IFD.representation.data.spec.nmr.spectrum.image",
"subtype":"IFD.representation.data.spec.nmr.spectrum.image",
"len":4300,
"ref":{"origin":"primary_NMR_data_3ay_3ay-C_pdata_1_thumb.png",
"localPath":"primary NMR data/3ay/3ay-C/",
"localName":"primary_NMR_data_3ay_3ay-C_pdata_1_thumb.png"}},
{"subtype":"image/png",
"len":4300,
"ref":{"origin":"primary NMR data/3ay/3ay-C/pdata/1/thumb.png",
"localPath":"primary NMR data/3ay/3ay-C/",
"localName":"primary_NMR_data_3ay_3ay-C_pdata_1_thumb.png"}}]},
{"type":"IFD.data.spec.nmr",
"name":"3ay-H",
"id":"47",
"sourceIndex":0,
"path":"primary NMR data/3ay/3ay-H/",
"properties":{"IFD.property.data.spec.nmr.expt.label":"3ay-H",
"IFD.property.data.spec.nmr.expt.nucl.1":"1H",
"IFD.property.data.spec.nmr.expt.pulse.prog":"zg30",
"IFD.property.data.spec.nmr.expt.temperature.absolute":298.0013,
"IFD.property.data.spec.nmr.instr.freq.nominal":600,
"IFD.property.data.spec.nmr.instr.manufacturer.name":"Bruker",
"IFD.property.data.spec.nmr.instr.probe.type":"5 mm PAQXI 1H/31P/D-13C/15N Z-GRD Z833101/0006"},
"listCount":1,
"list":[{"type":"IFD.representation.data.spec.nmr.vendor.dataset",
"subtype":"application/zip",
"len":172062,
"ref":{"origin":"primary NMR data/3ay/3ay-H/",
"localPath":"primary NMR data/3ay/3ay-H/",
"localName":"primary_NMR_data_3ay_3ay-H_.zip"}}]},
{"type":"IFD.data.spec.nmr",
"name":"3az-C",
"id":"48",
"sourceIndex":0,
"path":"primary NMR data/3az/3az-C/",
"properties":{"IFD.property.data.spec.nmr.expt.label":"3az-C",
"IFD.property.data.spec.nmr.expt.nucl.1":"13C",
"IFD.property.data.spec.nmr.expt.nucl.2":"1H",
"IFD.property.data.spec.nmr.expt.pulse.prog":"zgpg30",
"IFD.property.data.spec.nmr.expt.temperature.absolute":298.003,
"IFD.property.data.spec.nmr.instr.freq.nominal":600,
"IFD.property.data.spec.nmr.instr.manufacturer.name":"Bruker",
"IFD.property.data.spec.nmr.instr.probe.type":"5 mm PAQXI 1H/31P/D-13C/15N Z-GRD Z833101/0006"},
"listCount":3,
"list":[{"type":"IFD.representation.data.spec.nmr.vendor.dataset",
"subtype":"application/zip",
"len":455618,
"ref":{"origin":"primary NMR data/3az/3az-C/",
"localPath":"primary NMR data/3az/3az-C/",
"localName":"primary_NMR_data_3az_3az-C_.zip"}},
{"type":"IFD.representation.data.spec.nmr.spectrum.image",
"subtype":"IFD.representation.data.spec.nmr.spectrum.image",
"len":4258,
"ref":{"origin":"primary_NMR_data_3az_3az-C_pdata_1_thumb.png",
"localPath":"primary NMR data/3az/3az-C/",
"localName":"primary_NMR_data_3az_3az-C_pdata_1_thumb.png"}},
{"subtype":"image/png",
"len":4258,
"ref":{"origin":"primary NMR data/3az/3az-C/pdata/1/thumb.png",
"localPath":"primary NMR data/3az/3az-C/",
"localName":"primary_NMR_data_3az_3az-C_pdata_1_thumb.png"}}]},
{"type":"IFD.data.spec.nmr",
"name":"3az-H",
"id":"49",
"sourceIndex":0,
"path":"primary NMR data/3az/3az-H/",
"properties":{"IFD.property.data.spec.nmr.expt.label":"3az-H",
"IFD.property.data.spec.nmr.expt.nucl.1":"1H",
"IFD.property.data.spec.nmr.expt.pulse.prog":"zg30",
"IFD.property.data.spec.nmr.expt.temperature.absolute":297.9995,
"IFD.property.data.spec.nmr.instr.freq.nominal":600,
"IFD.property.data.spec.nmr.instr.manufacturer.name":"Bruker",
"IFD.property.data.spec.nmr.instr.probe.type":"5 mm PAQXI 1H/31P/D-13C/15N Z-GRD Z833101/0006"},
"listCount":1,
"list":[{"type":"IFD.representation.data.spec.nmr.vendor.dataset",
"subtype":"application/zip",
"len":163846,
"ref":{"origin":"primary NMR data/3az/3az-H/",
"localPath":"primary NMR data/3az/3az-H/",
"localName":"primary_NMR_data_3az_3az-H_.zip"}}]},
{"type":"IFD.data.spec.nmr",
"name":"3ba-C",
"id":"50",
"sourceIndex":0,
"path":"primary NMR data/3ba/3ba-C/",
"properties":{"IFD.property.data.spec.nmr.expt.label":"3ba-C",
"IFD.property.data.spec.nmr.expt.nucl.1":"13C",
"IFD.property.data.spec.nmr.expt.nucl.2":"1H",
"IFD.property.data.spec.nmr.expt.pulse.prog":"zgpg30",
"IFD.property.data.spec.nmr.expt.temperature.absolute":297.7,
"IFD.property.data.spec.nmr.instr.freq.nominal":400,
"IFD.property.data.spec.nmr.instr.manufacturer.name":"Bruker",
"IFD.property.data.spec.nmr.instr.probe.type":"5 mm PABBO BB-1H/D Z-GRD Z104450/0035"},
"listCount":1,
"list":[{"type":"IFD.representation.data.spec.nmr.vendor.dataset",
"subtype":"application/zip",
"len":198366,
"ref":{"origin":"primary NMR data/3ba/3ba-C/",
"localPath":"primary NMR data/3ba/3ba-C/",
"localName":"primary_NMR_data_3ba_3ba-C_.zip"}}]},
{"type":"IFD.data.spec.nmr",
"name":"3ba-H",
"id":"51",
"sourceIndex":0,
"path":"primary NMR data/3ba/3ba-H/",
"properties":{"IFD.property.data.spec.nmr.expt.label":"3ba-H",
"IFD.property.data.spec.nmr.expt.nucl.1":"1H",
"IFD.property.data.spec.nmr.expt.pulse.prog":"zg30",
"IFD.property.data.spec.nmr.expt.temperature.absolute":295.0,
"IFD.property.data.spec.nmr.instr.freq.nominal":400,
"IFD.property.data.spec.nmr.instr.manufacturer.name":"Bruker",
"IFD.property.data.spec.nmr.instr.probe.type":"5 mm PABBO BB-1H/D Z-GRD Z104450/0035"},
"listCount":1,
"list":[{"type":"IFD.representation.data.spec.nmr.vendor.dataset",
"subtype":"application/zip",
"len":142314,
"ref":{"origin":"primary NMR data/3ba/3ba-H/",
"localPath":"primary NMR data/3ba/3ba-H/",
"localName":"primary_NMR_data_3ba_3ba-H_.zip"}}]},
{"type":"IFD.data.spec.nmr",
"name":"3bq-C",
"id":"52",
"sourceIndex":0,
"path":"primary NMR data/3bq/3bq-C/",
"properties":{"IFD.property.data.spec.nmr.expt.label":"3bq-C",
"IFD.property.data.spec.nmr.expt.nucl.1":"13C",
"IFD.property.data.spec.nmr.expt.nucl.2":"1H",
"IFD.property.data.spec.nmr.expt.pulse.prog":"zgpg30",
"IFD.property.data.spec.nmr.expt.temperature.absolute":298.0004,
"IFD.property.data.spec.nmr.instr.freq.nominal":600,
"IFD.property.data.spec.nmr.instr.manufacturer.name":"Bruker",
"IFD.property.data.spec.nmr.instr.probe.type":"5 mm PAQXI 1H/31P/D-13C/15N Z-GRD Z833101/0006"},
"listCount":1,
"list":[{"type":"IFD.representation.data.spec.nmr.vendor.dataset",
"subtype":"application/zip",
"len":221473,
"ref":{"origin":"primary NMR data/3bq/3bq-C/",
"localPath":"primary NMR data/3bq/3bq-C/",
"localName":"primary_NMR_data_3bq_3bq-C_.zip"}}]},
{"type":"IFD.data.spec.nmr",
"name":"3bq-H",
"id":"53",
"sourceIndex":0,
"path":"primary NMR data/3bq/3bq-H/",
"properties":{"IFD.property.data.spec.nmr.expt.label":"3bq-H",
"IFD.property.data.spec.nmr.expt.nucl.1":"1H",
"IFD.property.data.spec.nmr.expt.pulse.prog":"zg30",
"IFD.property.data.spec.nmr.expt.temperature.absolute":295.0,
"IFD.property.data.spec.nmr.instr.freq.nominal":400,
"IFD.property.data.spec.nmr.instr.manufacturer.name":"Bruker",
"IFD.property.data.spec.nmr.instr.probe.type":"5 mm PABBO BB-1H/D Z-GRD Z104450/0035"},
"listCount":1,
"list":[{"type":"IFD.representation.data.spec.nmr.vendor.dataset",
"subtype":"application/zip",
"len":135556,
"ref":{"origin":"primary NMR data/3bq/3bq-H/",
"localPath":"primary NMR data/3bq/3bq-H/",
"localName":"primary_NMR_data_3bq_3bq-H_.zip"}}]},
{"type":"IFD.data.spec.nmr",
"name":"3bx-C",
"id":"54",
"sourceIndex":0,
"path":"primary NMR data/3bx/3bx-C/",
"properties":{"IFD.property.data.spec.nmr.expt.label":"3bx-C",
"IFD.property.data.spec.nmr.expt.nucl.1":"13C",
"IFD.property.data.spec.nmr.expt.nucl.2":"1H",
"IFD.property.data.spec.nmr.expt.pulse.prog":"zgpg30",
"IFD.property.data.spec.nmr.expt.temperature.absolute":297.5,
"IFD.property.data.spec.nmr.instr.freq.nominal":400,
"IFD.property.data.spec.nmr.instr.manufacturer.name":"Bruker",
"IFD.property.data.spec.nmr.instr.probe.type":"5 mm PABBO BB-1H/D Z-GRD Z104450/0035"},
"listCount":1,
"list":[{"type":"IFD.representation.data.spec.nmr.vendor.dataset",
"subtype":"application/zip",
"len":191152,
"ref":{"origin":"primary NMR data/3bx/3bx-C/",
"localPath":"primary NMR data/3bx/3bx-C/",
"localName":"primary_NMR_data_3bx_3bx-C_.zip"}}]},
{"type":"IFD.data.spec.nmr",
"name":"3bx-H",
"id":"55",
"sourceIndex":0,
"path":"primary NMR data/3bx/3bx-H/",
"properties":{"IFD.property.data.spec.nmr.expt.label":"3bx-H",
"IFD.property.data.spec.nmr.expt.nucl.1":"1H",
"IFD.property.data.spec.nmr.expt.pulse.prog":"zg30",
"IFD.property.data.spec.nmr.expt.temperature.absolute":295.0,
"IFD.property.data.spec.nmr.instr.freq.nominal":400,
"IFD.property.data.spec.nmr.instr.manufacturer.name":"Bruker",
"IFD.property.data.spec.nmr.instr.probe.type":"5 mm PABBO BB-1H/D Z-GRD Z104450/0035"},
"listCount":1,
"list":[{"type":"IFD.representation.data.spec.nmr.vendor.dataset",
"subtype":"application/zip",
"len":140968,
"ref":{"origin":"primary NMR data/3bx/3bx-H/",
"localPath":"primary NMR data/3bx/3bx-H/",
"localName":"primary_NMR_data_3bx_3bx-H_.zip"}}]},
{"type":"IFD.data.spec.nmr",
"name":"3ca-C",
"id":"56",
"sourceIndex":0,
"path":"primary NMR data/3ca/3ca-C/",
"properties":{"IFD.property.data.spec.nmr.expt.label":"3ca-C",
"IFD.property.data.spec.nmr.expt.nucl.1":"13C",
"IFD.property.data.spec.nmr.expt.nucl.2":"1H",
"IFD.property.data.spec.nmr.expt.pulse.prog":"zgpg30",
"IFD.property.data.spec.nmr.expt.temperature.absolute":297.7,
"IFD.property.data.spec.nmr.instr.freq.nominal":400,
"IFD.property.data.spec.nmr.instr.manufacturer.name":"Bruker",
"IFD.property.data.spec.nmr.instr.probe.type":"5 mm PABBO BB-1H/D Z-GRD Z104450/0035"},
"listCount":1,
"list":[{"type":"IFD.representation.data.spec.nmr.vendor.dataset",
"subtype":"application/zip",
"len":194821,
"ref":{"origin":"primary NMR data/3ca/3ca-C/",
"localPath":"primary NMR data/3ca/3ca-C/",
"localName":"primary_NMR_data_3ca_3ca-C_.zip"}}]},
{"type":"IFD.data.spec.nmr",
"name":"3ca-H",
"id":"57",
"sourceIndex":0,
"path":"primary NMR data/3ca/3ca-H/",
"properties":{"IFD.property.data.spec.nmr.expt.label":"3ca-H",
"IFD.property.data.spec.nmr.expt.nucl.1":"1H",
"IFD.property.data.spec.nmr.expt.pulse.prog":"zg30",
"IFD.property.data.spec.nmr.expt.temperature.absolute":295.4,
"IFD.property.data.spec.nmr.instr.freq.nominal":400,
"IFD.property.data.spec.nmr.instr.manufacturer.name":"Bruker",
"IFD.property.data.spec.nmr.instr.probe.type":"5 mm PABBO BB-1H/D Z-GRD Z104450/0035"},
"listCount":1,
"list":[{"type":"IFD.representation.data.spec.nmr.vendor.dataset",
"subtype":"application/zip",
"len":139687,
"ref":{"origin":"primary NMR data/3ca/3ca-H/",
"localPath":"primary NMR data/3ca/3ca-H/",
"localName":"primary_NMR_data_3ca_3ca-H_.zip"}}]},
{"type":"IFD.data.spec.nmr",
"name":"3cq-C",
"id":"58",
"sourceIndex":0,
"path":"primary NMR data/3cq/3cq-C/",
"properties":{"IFD.property.data.spec.nmr.expt.label":"3cq-C",
"IFD.property.data.spec.nmr.expt.nucl.1":"13C",
"IFD.property.data.spec.nmr.expt.nucl.2":"1H",
"IFD.property.data.spec.nmr.expt.pulse.prog":"zgpg30",
"IFD.property.data.spec.nmr.expt.temperature.absolute":298.2,
"IFD.property.data.spec.nmr.instr.freq.nominal":400,
"IFD.property.data.spec.nmr.instr.manufacturer.name":"Bruker",
"IFD.property.data.spec.nmr.instr.probe.type":"5 mm PABBO BB-1H/D Z-GRD Z104450/0035"},
"listCount":1,
"list":[{"type":"IFD.representation.data.spec.nmr.vendor.dataset",
"subtype":"application/zip",
"len":208289,
"ref":{"origin":"primary NMR data/3cq/3cq-C/",
"localPath":"primary NMR data/3cq/3cq-C/",
"localName":"primary_NMR_data_3cq_3cq-C_.zip"}}]},
{"type":"IFD.data.spec.nmr",
"name":"3cq-H",
"id":"59",
"sourceIndex":0,
"path":"primary NMR data/3cq/3cq-H/",
"properties":{"IFD.property.data.spec.nmr.expt.label":"3cq-H",
"IFD.property.data.spec.nmr.expt.nucl.1":"1H",
"IFD.property.data.spec.nmr.expt.pulse.prog":"zg30",
"IFD.property.data.spec.nmr.expt.temperature.absolute":296.0,
"IFD.property.data.spec.nmr.instr.freq.nominal":400,
"IFD.property.data.spec.nmr.instr.manufacturer.name":"Bruker",
"IFD.property.data.spec.nmr.instr.probe.type":"5 mm PABBO BB-1H/D Z-GRD Z104450/0035"},
"listCount":1,
"list":[{"type":"IFD.representation.data.spec.nmr.vendor.dataset",
"subtype":"application/zip",
"len":140129,
"ref":{"origin":"primary NMR data/3cq/3cq-H/",
"localPath":"primary NMR data/3cq/3cq-H/",
"localName":"primary_NMR_data_3cq_3cq-H_.zip"}}]},
{"type":"IFD.data.spec.nmr",
"name":"3da-C",
"id":"60",
"sourceIndex":0,
"path":"primary NMR data/3da/3da-C/",
"properties":{"IFD.property.data.spec.nmr.expt.label":"3da-C",
"IFD.property.data.spec.nmr.expt.nucl.1":"13C",
"IFD.property.data.spec.nmr.expt.nucl.2":"1H",
"IFD.property.data.spec.nmr.expt.pulse.prog":"zgpg30",
"IFD.property.data.spec.nmr.expt.temperature.absolute":297.4,
"IFD.property.data.spec.nmr.instr.freq.nominal":400,
"IFD.property.data.spec.nmr.instr.manufacturer.name":"Bruker",
"IFD.property.data.spec.nmr.instr.probe.type":"5 mm PABBO BB-1H/D Z-GRD Z104450/0035"},
"listCount":1,
"list":[{"type":"IFD.representation.data.spec.nmr.vendor.dataset",
"subtype":"application/zip",
"len":206193,
"ref":{"origin":"primary NMR data/3da/3da-C/",
"localPath":"primary NMR data/3da/3da-C/",
"localName":"primary_NMR_data_3da_3da-C_.zip"}}]},
{"type":"IFD.data.spec.nmr",
"name":"3da-H",
"id":"61",
"sourceIndex":0,
"path":"primary NMR data/3da/3da-H/",
"properties":{"IFD.property.data.spec.nmr.expt.label":"3da-H",
"IFD.property.data.spec.nmr.expt.nucl.1":"1H",
"IFD.property.data.spec.nmr.expt.pulse.prog":"zg30",
"IFD.property.data.spec.nmr.expt.temperature.absolute":295.7,
"IFD.property.data.spec.nmr.instr.freq.nominal":400,
"IFD.property.data.spec.nmr.instr.manufacturer.name":"Bruker",
"IFD.property.data.spec.nmr.instr.probe.type":"5 mm PABBO BB-1H/D Z-GRD Z104450/0035"},
"listCount":1,
"list":[{"type":"IFD.representation.data.spec.nmr.vendor.dataset",
"subtype":"application/zip",
"len":133485,
"ref":{"origin":"primary NMR data/3da/3da-H/",
"localPath":"primary NMR data/3da/3da-H/",
"localName":"primary_NMR_data_3da_3da-H_.zip"}}]},
{"type":"IFD.data.spec.nmr",
"name":"3dq-C",
"id":"62",
"sourceIndex":0,
"path":"primary NMR data/3dq/3dq-C/",
"properties":{"IFD.property.data.spec.nmr.expt.label":"3dq-C",
"IFD.property.data.spec.nmr.expt.nucl.1":"13C",
"IFD.property.data.spec.nmr.expt.nucl.2":"1H",
"IFD.property.data.spec.nmr.expt.pulse.prog":"zgpg30",
"IFD.property.data.spec.nmr.expt.temperature.absolute":297.4,
"IFD.property.data.spec.nmr.instr.freq.nominal":400,
"IFD.property.data.spec.nmr.instr.manufacturer.name":"Bruker",
"IFD.property.data.spec.nmr.instr.probe.type":"5 mm PABBO BB-1H/D Z-GRD Z104450/0035"},
"listCount":1,
"list":[{"type":"IFD.representation.data.spec.nmr.vendor.dataset",
"subtype":"application/zip",
"len":195567,
"ref":{"origin":"primary NMR data/3dq/3dq-C/",
"localPath":"primary NMR data/3dq/3dq-C/",
"localName":"primary_NMR_data_3dq_3dq-C_.zip"}}]},
{"type":"IFD.data.spec.nmr",
"name":"3dq-H",
"id":"63",
"sourceIndex":0,
"path":"primary NMR data/3dq/3dq-H/",
"properties":{"IFD.property.data.spec.nmr.expt.label":"3dq-H",
"IFD.property.data.spec.nmr.expt.nucl.1":"1H",
"IFD.property.data.spec.nmr.expt.pulse.prog":"zg30",
"IFD.property.data.spec.nmr.expt.temperature.absolute":294.9,
"IFD.property.data.spec.nmr.instr.freq.nominal":400,
"IFD.property.data.spec.nmr.instr.manufacturer.name":"Bruker",
"IFD.property.data.spec.nmr.instr.probe.type":"5 mm PABBO BB-1H/D Z-GRD Z104450/0035"},
"listCount":1,
"list":[{"type":"IFD.representation.data.spec.nmr.vendor.dataset",
"subtype":"application/zip",
"len":138798,
"ref":{"origin":"primary NMR data/3dq/3dq-H/",
"localPath":"primary NMR data/3dq/3dq-H/",
"localName":"primary_NMR_data_3dq_3dq-H_.zip"}}]},
{"type":"IFD.data.spec.nmr",
"name":"3dx-C",
"id":"64",
"sourceIndex":0,
"path":"primary NMR data/3dx/3dx-C/",
"properties":{"IFD.property.data.spec.nmr.expt.label":"3dx-C",
"IFD.property.data.spec.nmr.expt.nucl.1":"13C",
"IFD.property.data.spec.nmr.expt.nucl.2":"1H",
"IFD.property.data.spec.nmr.expt.pulse.prog":"zgpg30",
"IFD.property.data.spec.nmr.expt.temperature.absolute":297.4,
"IFD.property.data.spec.nmr.instr.freq.nominal":400,
"IFD.property.data.spec.nmr.instr.manufacturer.name":"Bruker",
"IFD.property.data.spec.nmr.instr.probe.type":"5 mm PABBO BB-1H/D Z-GRD Z104450/0035"},
"listCount":1,
"list":[{"type":"IFD.representation.data.spec.nmr.vendor.dataset",
"subtype":"application/zip",
"len":192316,
"ref":{"origin":"primary NMR data/3dx/3dx-C/",
"localPath":"primary NMR data/3dx/3dx-C/",
"localName":"primary_NMR_data_3dx_3dx-C_.zip"}}]},
{"type":"IFD.data.spec.nmr",
"name":"3dx-H",
"id":"65",
"sourceIndex":0,
"path":"primary NMR data/3dx/3dx-H/",
"properties":{"IFD.property.data.spec.nmr.expt.label":"3dx-H",
"IFD.property.data.spec.nmr.expt.nucl.1":"1H",
"IFD.property.data.spec.nmr.expt.pulse.prog":"zg30",
"IFD.property.data.spec.nmr.expt.temperature.absolute":295.0,
"IFD.property.data.spec.nmr.instr.freq.nominal":400,
"IFD.property.data.spec.nmr.instr.manufacturer.name":"Bruker",
"IFD.property.data.spec.nmr.instr.probe.type":"5 mm PABBO BB-1H/D Z-GRD Z104450/0035"},
"listCount":1,
"list":[{"type":"IFD.representation.data.spec.nmr.vendor.dataset",
"subtype":"application/zip",
"len":138010,
"ref":{"origin":"primary NMR data/3dx/3dx-H/",
"localPath":"primary NMR data/3dx/3dx-H/",
"localName":"primary_NMR_data_3dx_3dx-H_.zip"}}]},
{"type":"IFD.data.spec.nmr",
"name":"3ex-C",
"id":"66",
"sourceIndex":0,
"path":"primary NMR data/3ex/3ex-C/",
"properties":{"IFD.property.data.spec.nmr.expt.label":"3ex-C",
"IFD.property.data.spec.nmr.expt.nucl.1":"13C",
"IFD.property.data.spec.nmr.expt.nucl.2":"1H",
"IFD.property.data.spec.nmr.expt.pulse.prog":"zgpg30",
"IFD.property.data.spec.nmr.expt.temperature.absolute":297.4,
"IFD.property.data.spec.nmr.instr.freq.nominal":400,
"IFD.property.data.spec.nmr.instr.manufacturer.name":"Bruker",
"IFD.property.data.spec.nmr.instr.probe.type":"5 mm PABBO BB-1H/D Z-GRD Z104450/0035"},
"listCount":1,
"list":[{"type":"IFD.representation.data.spec.nmr.vendor.dataset",
"subtype":"application/zip",
"len":194242,
"ref":{"origin":"primary NMR data/3ex/3ex-C/",
"localPath":"primary NMR data/3ex/3ex-C/",
"localName":"primary_NMR_data_3ex_3ex-C_.zip"}}]},
{"type":"IFD.data.spec.nmr",
"name":"3ex-H",
"id":"67",
"sourceIndex":0,
"path":"primary NMR data/3ex/3ex-H/",
"properties":{"IFD.property.data.spec.nmr.expt.label":"3ex-H",
"IFD.property.data.spec.nmr.expt.nucl.1":"1H",
"IFD.property.data.spec.nmr.expt.pulse.prog":"zg30",
"IFD.property.data.spec.nmr.expt.temperature.absolute":295.1,
"IFD.property.data.spec.nmr.instr.freq.nominal":400,
"IFD.property.data.spec.nmr.instr.manufacturer.name":"Bruker",
"IFD.property.data.spec.nmr.instr.probe.type":"5 mm PABBO BB-1H/D Z-GRD Z104450/0035"},
"listCount":1,
"list":[{"type":"IFD.representation.data.spec.nmr.vendor.dataset",
"subtype":"application/zip",
"len":140993,
"ref":{"origin":"primary NMR data/3ex/3ex-H/",
"localPath":"primary NMR data/3ex/3ex-H/",
"localName":"primary_NMR_data_3ex_3ex-H_.zip"}}]},
{"type":"IFD.data.spec.nmr",
"name":"3fq-C",
"id":"68",
"sourceIndex":0,
"path":"primary NMR data/3fq/3fq-C/",
"properties":{"IFD.property.data.spec.nmr.expt.label":"3fq-C",
"IFD.property.data.spec.nmr.expt.nucl.1":"13C",
"IFD.property.data.spec.nmr.expt.nucl.2":"1H",
"IFD.property.data.spec.nmr.expt.pulse.prog":"zgpg30",
"IFD.property.data.spec.nmr.expt.temperature.absolute":294.2266,
"IFD.property.data.spec.nmr.instr.freq.nominal":600,
"IFD.property.data.spec.nmr.instr.manufacturer.name":"Bruker",
"IFD.property.data.spec.nmr.instr.probe.type":"5 mm PAQXI 1H/31P/D-13C/15N Z-GRD Z833101/0006"},
"listCount":1,
"list":[{"type":"IFD.representation.data.spec.nmr.vendor.dataset",
"subtype":"application/zip",
"len":221378,
"ref":{"origin":"primary NMR data/3fq/3fq-C/",
"localPath":"primary NMR data/3fq/3fq-C/",
"localName":"primary_NMR_data_3fq_3fq-C_.zip"}}]},
{"type":"IFD.data.spec.nmr",
"name":"3fq-H",
"id":"69",
"sourceIndex":0,
"path":"primary NMR data/3fq/3fq-H/",
"properties":{"IFD.property.data.spec.nmr.expt.label":"3fq-H",
"IFD.property.data.spec.nmr.expt.nucl.1":"1H",
"IFD.property.data.spec.nmr.expt.pulse.prog":"zg30",
"IFD.property.data.spec.nmr.expt.temperature.absolute":294.9,
"IFD.property.data.spec.nmr.instr.freq.nominal":400,
"IFD.property.data.spec.nmr.instr.manufacturer.name":"Bruker",
"IFD.property.data.spec.nmr.instr.probe.type":"5 mm PABBO BB-1H/D Z-GRD Z104450/0035"},
"listCount":1,
"list":[{"type":"IFD.representation.data.spec.nmr.vendor.dataset",
"subtype":"application/zip",
"len":133744,
"ref":{"origin":"primary NMR data/3fq/3fq-H/",
"localPath":"primary NMR data/3fq/3fq-H/",
"localName":"primary_NMR_data_3fq_3fq-H_.zip"}}]},
{"type":"IFD.data.spec.nmr",
"name":"3gq-C",
"id":"70",
"sourceIndex":0,
"path":"primary NMR data/3gq/3gq-C/",
"properties":{"IFD.property.data.spec.nmr.expt.label":"3gq-C",
"IFD.property.data.spec.nmr.expt.nucl.1":"13C",
"IFD.property.data.spec.nmr.expt.nucl.2":"1H",
"IFD.property.data.spec.nmr.expt.pulse.prog":"zgpg30",
"IFD.property.data.spec.nmr.expt.temperature.absolute":297.999,
"IFD.property.data.spec.nmr.instr.freq.nominal":600,
"IFD.property.data.spec.nmr.instr.manufacturer.name":"Bruker",
"IFD.property.data.spec.nmr.instr.probe.type":"5 mm PABBO BB/19F-1H/D Z-GRD Z114607/0128"},
"listCount":3,
"list":[{"type":"IFD.representation.data.spec.nmr.vendor.dataset",
"subtype":"application/zip",
"len":454023,
"ref":{"origin":"primary NMR data/3gq/3gq-C/",
"localPath":"primary NMR data/3gq/3gq-C/",
"localName":"primary_NMR_data_3gq_3gq-C_.zip"}},
{"type":"IFD.representation.data.spec.nmr.spectrum.image",
"subtype":"IFD.representation.data.spec.nmr.spectrum.image",
"len":3683,
"ref":{"origin":"primary_NMR_data_3gq_3gq-C_pdata_1_thumb.png",
"localPath":"primary NMR data/3gq/3gq-C/",
"localName":"primary_NMR_data_3gq_3gq-C_pdata_1_thumb.png"}},
{"subtype":"image/png",
"len":3683,
"ref":{"origin":"primary NMR data/3gq/3gq-C/pdata/1/thumb.png",
"localPath":"primary NMR data/3gq/3gq-C/",
"localName":"primary_NMR_data_3gq_3gq-C_pdata_1_thumb.png"}}]},
{"type":"IFD.data.spec.nmr",
"name":"3gq-H",
"id":"71",
"sourceIndex":0,
"path":"primary NMR data/3gq/3gq-H/",
"properties":{"IFD.property.data.spec.nmr.expt.label":"3gq-H",
"IFD.property.data.spec.nmr.expt.nucl.1":"1H",
"IFD.property.data.spec.nmr.expt.pulse.prog":"zg30",
"IFD.property.data.spec.nmr.expt.temperature.absolute":298.0101,
"IFD.property.data.spec.nmr.instr.freq.nominal":600,
"IFD.property.data.spec.nmr.instr.manufacturer.name":"Bruker",
"IFD.property.data.spec.nmr.instr.probe.type":"5 mm PABBO BB/19F-1H/D Z-GRD Z114607/0128"},
"listCount":1,
"list":[{"type":"IFD.representation.data.spec.nmr.vendor.dataset",
"subtype":"application/zip",
"len":175814,
"ref":{"origin":"primary NMR data/3gq/3gq-H/",
"localPath":"primary NMR data/3gq/3gq-H/",
"localName":"primary_NMR_data_3gq_3gq-H_.zip"}}]},
{"type":"IFD.data.spec.nmr",
"name":"3ha-C",
"id":"72",
"sourceIndex":0,
"path":"primary NMR data/3ha/3ha-C/",
"properties":{"IFD.property.data.spec.nmr.expt.label":"3ha-C",
"IFD.property.data.spec.nmr.expt.nucl.1":"13C",
"IFD.property.data.spec.nmr.expt.nucl.2":"1H",
"IFD.property.data.spec.nmr.expt.pulse.prog":"zgpg30",
"IFD.property.data.spec.nmr.expt.temperature.absolute":295.5,
"IFD.property.data.spec.nmr.instr.freq.nominal":400,
"IFD.property.data.spec.nmr.instr.manufacturer.name":"Bruker",
"IFD.property.data.spec.nmr.instr.probe.type":"5 mm PABBO BB-1H/D Z-GRD Z104450/0035"},
"listCount":1,
"list":[{"type":"IFD.representation.data.spec.nmr.vendor.dataset",
"subtype":"application/zip",
"len":206009,
"ref":{"origin":"primary NMR data/3ha/3ha-C/",
"localPath":"primary NMR data/3ha/3ha-C/",
"localName":"primary_NMR_data_3ha_3ha-C_.zip"}}]},
{"type":"IFD.data.spec.nmr",
"name":"3ha-H",
"id":"73",
"sourceIndex":0,
"path":"primary NMR data/3ha/3ha-H/",
"properties":{"IFD.property.data.spec.nmr.expt.label":"3ha-H",
"IFD.property.data.spec.nmr.expt.nucl.1":"1H",
"IFD.property.data.spec.nmr.expt.pulse.prog":"zg30",
"IFD.property.data.spec.nmr.expt.temperature.absolute":293.2,
"IFD.property.data.spec.nmr.instr.freq.nominal":400,
"IFD.property.data.spec.nmr.instr.manufacturer.name":"Bruker",
"IFD.property.data.spec.nmr.instr.probe.type":"5 mm PABBO BB-1H/D Z-GRD Z104450/0035"},
"listCount":1,
"list":[{"type":"IFD.representation.data.spec.nmr.vendor.dataset",
"subtype":"application/zip",
"len":131013,
"ref":{"origin":"primary NMR data/3ha/3ha-H/",
"localPath":"primary NMR data/3ha/3ha-H/",
"localName":"primary_NMR_data_3ha_3ha-H_.zip"}}]},
{"type":"IFD.data.spec.nmr",
"name":"3ia-C",
"id":"74",
"sourceIndex":0,
"path":"primary NMR data/3ia/3ia-C/",
"properties":{"IFD.property.data.spec.nmr.expt.label":"3ia-C",
"IFD.property.data.spec.nmr.expt.nucl.1":"13C",
"IFD.property.data.spec.nmr.expt.nucl.2":"1H",
"IFD.property.data.spec.nmr.expt.pulse.prog":"zgpg30",
"IFD.property.data.spec.nmr.expt.temperature.absolute":296.6,
"IFD.property.data.spec.nmr.instr.freq.nominal":400,
"IFD.property.data.spec.nmr.instr.manufacturer.name":"Bruker",
"IFD.property.data.spec.nmr.instr.probe.type":"5 mm PABBO BB-1H/D Z-GRD Z104450/0035"},
"listCount":1,
"list":[{"type":"IFD.representation.data.spec.nmr.vendor.dataset",
"subtype":"application/zip",
"len":433162,
"ref":{"origin":"primary NMR data/3ia/3ia-C/",
"localPath":"primary NMR data/3ia/3ia-C/",
"localName":"primary_NMR_data_3ia_3ia-C_.zip"}}]},
{"type":"IFD.data.spec.nmr",
"name":"3ia-H",
"id":"75",
"sourceIndex":0,
"path":"primary NMR data/3ia/3ia-H/",
"properties":{"IFD.property.data.spec.nmr.expt.label":"3ia-H",
"IFD.property.data.spec.nmr.expt.nucl.1":"1H",
"IFD.property.data.spec.nmr.expt.pulse.prog":"zg30",
"IFD.property.data.spec.nmr.expt.temperature.absolute":294.5,
"IFD.property.data.spec.nmr.instr.freq.nominal":400,
"IFD.property.data.spec.nmr.instr.manufacturer.name":"Bruker",
"IFD.property.data.spec.nmr.instr.probe.type":"5 mm PABBO BB-1H/D Z-GRD Z104450/0035"},
"listCount":1,
"list":[{"type":"IFD.representation.data.spec.nmr.vendor.dataset",
"subtype":"application/zip",
"len":129851,
"ref":{"origin":"primary NMR data/3ia/3ia-H/",
"localPath":"primary NMR data/3ia/3ia-H/",
"localName":"primary_NMR_data_3ia_3ia-H_.zip"}}]},
{"type":"IFD.data.spec.nmr",
"name":"3ja-C",
"id":"76",
"sourceIndex":0,
"path":"primary NMR data/3ja/3ja-C/",
"properties":{"IFD.property.data.spec.nmr.expt.label":"3ja-C",
"IFD.property.data.spec.nmr.expt.nucl.1":"13C",
"IFD.property.data.spec.nmr.expt.nucl.2":"1H",
"IFD.property.data.spec.nmr.expt.pulse.prog":"zgpg30",
"IFD.property.data.spec.nmr.expt.temperature.absolute":302.1,
"IFD.property.data.spec.nmr.instr.freq.nominal":400,
"IFD.property.data.spec.nmr.instr.manufacturer.name":"Bruker",
"IFD.property.data.spec.nmr.instr.probe.type":"5 mm PABBO BB-1H/D Z-GRD Z104450/0035"},
"listCount":1,
"list":[{"type":"IFD.representation.data.spec.nmr.vendor.dataset",
"subtype":"application/zip",
"len":202950,
"ref":{"origin":"primary NMR data/3ja/3ja-C/",
"localPath":"primary NMR data/3ja/3ja-C/",
"localName":"primary_NMR_data_3ja_3ja-C_.zip"}}]},
{"type":"IFD.data.spec.nmr",
"name":"3ja-H",
"id":"77",
"sourceIndex":0,
"path":"primary NMR data/3ja/3ja-H/",
"properties":{"IFD.property.data.spec.nmr.expt.label":"3ja-H",
"IFD.property.data.spec.nmr.expt.nucl.1":"1H",
"IFD.property.data.spec.nmr.expt.pulse.prog":"zg30",
"IFD.property.data.spec.nmr.expt.temperature.absolute":300.3,
"IFD.property.data.spec.nmr.instr.freq.nominal":400,
"IFD.property.data.spec.nmr.instr.manufacturer.name":"Bruker",
"IFD.property.data.spec.nmr.instr.probe.type":"5 mm PABBO BB-1H/D Z-GRD Z104450/0035"},
"listCount":1,
"list":[{"type":"IFD.representation.data.spec.nmr.vendor.dataset",
"subtype":"application/zip",
"len":118538,
"ref":{"origin":"primary NMR data/3ja/3ja-H/",
"localPath":"primary NMR data/3ja/3ja-H/",
"localName":"primary_NMR_data_3ja_3ja-H_.zip"}}]},
{"type":"IFD.data.spec.nmr",
"name":"4aa-H",
"id":"78",
"sourceIndex":0,
"path":"primary NMR data/4aa/4aa-H/",
"properties":{"IFD.property.data.spec.nmr.expt.label":"4aa-H",
"IFD.property.data.spec.nmr.expt.nucl.1":"1H",
"IFD.property.data.spec.nmr.expt.pulse.prog":"zg30",
"IFD.property.data.spec.nmr.expt.temperature.absolute":295.3,
"IFD.property.data.spec.nmr.instr.freq.nominal":400,
"IFD.property.data.spec.nmr.instr.manufacturer.name":"Bruker",
"IFD.property.data.spec.nmr.instr.probe.type":"5 mm PABBO BB-1H/D Z-GRD Z104450/0035"},
"listCount":1,
"list":[{"type":"IFD.representation.data.spec.nmr.vendor.dataset",
"subtype":"application/zip",
"len":133238,
"ref":{"origin":"primary NMR data/4aa/4aa-H/",
"localPath":"primary NMR data/4aa/4aa-H/",
"localName":"primary_NMR_data_4aa_4aa-H_.zip"}}]},
{"type":"IFD.data.spec.nmr",
"name":"5ia-H",
"id":"79",
"sourceIndex":0,
"path":"primary NMR data/5ia/5ia-H/",
"properties":{"IFD.property.data.spec.nmr.expt.label":"5ia-H",
"IFD.property.data.spec.nmr.expt.nucl.1":"1H",
"IFD.property.data.spec.nmr.expt.pulse.prog":"zg30",
"IFD.property.data.spec.nmr.expt.temperature.absolute":294.1,
"IFD.property.data.spec.nmr.instr.freq.nominal":400,
"IFD.property.data.spec.nmr.instr.manufacturer.name":"Bruker",
"IFD.property.data.spec.nmr.instr.probe.type":"5 mm PABBO BB-1H/D Z-GRD Z104450/0035"},
"listCount":1,
"list":[{"type":"IFD.representation.data.spec.nmr.vendor.dataset",
"subtype":"application/zip",
"len":137481,
"ref":{"origin":"primary NMR data/5ia/5ia-H/",
"localPath":"primary NMR data/5ia/5ia-H/",
"localName":"primary_NMR_data_5ia_5ia-H_.zip"}}]}]},
"sampleDataAssociations":{"type":"Samples",
"name":"sampleDataAssociations",
"id":"123",
"listCount":41,
"list":[{"type":"org.iupac.fairdata.derived.IFDSampleDataAssociation",
"name":"primary NMR data/3aa/3aa-C/",
"id":"0",
"type1":"org.iupac.fairdata.sample.IFDSampleCollection",
"type2":"org.iupac.fairdata.dataobject.IFDDataObjectCollection",
"obj1":[0],
"obj2":[0,
1]},
{"type":"org.iupac.fairdata.derived.IFDSampleDataAssociation",
"name":"primary NMR data/3ab/3ab-C/",
"id":"1",
"type1":"org.iupac.fairdata.sample.IFDSampleCollection",
"type2":"org.iupac.fairdata.dataobject.IFDDataObjectCollection",
"obj1":[1],
"obj2":[2,
3]},
{"type":"org.iupac.fairdata.derived.IFDSampleDataAssociation",
"name":"primary NMR data/3ac/3ac-C/",
"id":"2",
"type1":"org.iupac.fairdata.sample.IFDSampleCollection",
"type2":"org.iupac.fairdata.dataobject.IFDDataObjectCollection",
"obj1":[2],
"obj2":[4,
5]},
{"type":"org.iupac.fairdata.derived.IFDSampleDataAssociation",
"name":"primary NMR data/3ad/3ad-C/",
"id":"3",
"type1":"org.iupac.fairdata.sample.IFDSampleCollection",
"type2":"org.iupac.fairdata.dataobject.IFDDataObjectCollection",
"obj1":[3],
"obj2":[6,
7]},
{"type":"org.iupac.fairdata.derived.IFDSampleDataAssociation",
"name":"primary NMR data/3ae/3ae-C/",
"id":"4",
"type1":"org.iupac.fairdata.sample.IFDSampleCollection",
"type2":"org.iupac.fairdata.dataobject.IFDDataObjectCollection",
"obj1":[4],
"obj2":[8,
9]},
{"type":"org.iupac.fairdata.derived.IFDSampleDataAssociation",
"name":"primary NMR data/3af/3af-C/",
"id":"5",
"type1":"org.iupac.fairdata.sample.IFDSampleCollection",
"type2":"org.iupac.fairdata.dataobject.IFDDataObjectCollection",
"obj1":[5],
"obj2":[10,
11]},
{"type":"org.iupac.fairdata.derived.IFDSampleDataAssociation",
"name":"primary NMR data/3ag/3ag-C/",
"id":"6",
"type1":"org.iupac.fairdata.sample.IFDSampleCollection",
"type2":"org.iupac.fairdata.dataobject.IFDDataObjectCollection",
"obj1":[6],
"obj2":[12,
13]},
{"type":"org.iupac.fairdata.derived.IFDSampleDataAssociation",
"name":"primary NMR data/3ah/3ah-C/",
"id":"7",
"type1":"org.iupac.fairdata.sample.IFDSampleCollection",
"type2":"org.iupac.fairdata.dataobject.IFDDataObjectCollection",
"obj1":[7],
"obj2":[14,
15]},
{"type":"org.iupac.fairdata.derived.IFDSampleDataAssociation",
"name":"primary NMR data/3ai/3ai-C/",
"id":"8",
"type1":"org.iupac.fairdata.sample.IFDSampleCollection",
"type2":"org.iupac.fairdata.dataobject.IFDDataObjectCollection",
"obj1":[8],
"obj2":[16,
17]},
{"type":"org.iupac.fairdata.derived.IFDSampleDataAssociation",
"name":"primary NMR data/3aj/3aj-C/",
"id":"9",
"type1":"org.iupac.fairdata.sample.IFDSampleCollection",
"type2":"org.iupac.fairdata.dataobject.IFDDataObjectCollection",
"obj1":[9],
"obj2":[18,
19]},
{"type":"org.iupac.fairdata.derived.IFDSampleDataAssociation",
"name":"primary NMR data/3ak/3ak-C/",
"id":"10",
"type1":"org.iupac.fairdata.sample.IFDSampleCollection",
"type2":"org.iupac.fairdata.dataobject.IFDDataObjectCollection",
"obj1":[10],
"obj2":[20,
21]},
{"type":"org.iupac.fairdata.derived.IFDSampleDataAssociation",
"name":"primary NMR data/3al/3al-C/",
"id":"11",
"type1":"org.iupac.fairdata.sample.IFDSampleCollection",
"type2":"org.iupac.fairdata.dataobject.IFDDataObjectCollection",
"obj1":[11],
"obj2":[22,
23]},
{"type":"org.iupac.fairdata.derived.IFDSampleDataAssociation",
"name":"primary NMR data/3am/3am-C/",
"id":"12",
"type1":"org.iupac.fairdata.sample.IFDSampleCollection",
"type2":"org.iupac.fairdata.dataobject.IFDDataObjectCollection",
"obj1":[12],
"obj2":[24,
25]},
{"type":"org.iupac.fairdata.derived.IFDSampleDataAssociation",
"name":"primary NMR data/3an/3an-C/",
"id":"13",
"type1":"org.iupac.fairdata.sample.IFDSampleCollection",
"type2":"org.iupac.fairdata.dataobject.IFDDataObjectCollection",
"obj1":[13],
"obj2":[26,
27]},
{"type":"org.iupac.fairdata.derived.IFDSampleDataAssociation",
"name":"primary NMR data/3ao/3ao-C/",
"id":"14",
"type1":"org.iupac.fairdata.sample.IFDSampleCollection",
"type2":"org.iupac.fairdata.dataobject.IFDDataObjectCollection",
"obj1":[14],
"obj2":[28,
29]},
{"type":"org.iupac.fairdata.derived.IFDSampleDataAssociation",
"name":"primary NMR data/3ap/3ap-C/",
"id":"15",
"type1":"org.iupac.fairdata.sample.IFDSampleCollection",
"type2":"org.iupac.fairdata.dataobject.IFDDataObjectCollection",
"obj1":[15],
"obj2":[30,
31]},
{"type":"org.iupac.fairdata.derived.IFDSampleDataAssociation",
"name":"primary NMR data/3aq/3aq-C/",
"id":"16",
"type1":"org.iupac.fairdata.sample.IFDSampleCollection",
"type2":"org.iupac.fairdata.dataobject.IFDDataObjectCollection",
"obj1":[16],
"obj2":[32,
33]},
{"type":"org.iupac.fairdata.derived.IFDSampleDataAssociation",
"name":"primary NMR data/3ar/3ar-C/",
"id":"17",
"type1":"org.iupac.fairdata.sample.IFDSampleCollection",
"type2":"org.iupac.fairdata.dataobject.IFDDataObjectCollection",
"obj1":[17],
"obj2":[34,
35]},
{"type":"org.iupac.fairdata.derived.IFDSampleDataAssociation",
"name":"primary NMR data/3at/3at-C/",
"id":"18",
"type1":"org.iupac.fairdata.sample.IFDSampleCollection",
"type2":"org.iupac.fairdata.dataobject.IFDDataObjectCollection",
"obj1":[18],
"obj2":[36,
37]},
{"type":"org.iupac.fairdata.derived.IFDSampleDataAssociation",
"name":"primary NMR data/3au/3au-C/",
"id":"19",
"type1":"org.iupac.fairdata.sample.IFDSampleCollection",
"type2":"org.iupac.fairdata.dataobject.IFDDataObjectCollection",
"obj1":[19],
"obj2":[38,
39]},
{"type":"org.iupac.fairdata.derived.IFDSampleDataAssociation",
"name":"primary NMR data/3av/3av-C/",
"id":"20",
"type1":"org.iupac.fairdata.sample.IFDSampleCollection",
"type2":"org.iupac.fairdata.dataobject.IFDDataObjectCollection",
"obj1":[20],
"obj2":[40,
41]},
{"type":"org.iupac.fairdata.derived.IFDSampleDataAssociation",
"name":"primary NMR data/3aw/3aw-C/",
"id":"21",
"type1":"org.iupac.fairdata.sample.IFDSampleCollection",
"type2":"org.iupac.fairdata.dataobject.IFDDataObjectCollection",
"obj1":[21],
"obj2":[42,
43]},
{"type":"org.iupac.fairdata.derived.IFDSampleDataAssociation",
"name":"primary NMR data/3ax/3ax-C/",
"id":"22",
"type1":"org.iupac.fairdata.sample.IFDSampleCollection",
"type2":"org.iupac.fairdata.dataobject.IFDDataObjectCollection",
"obj1":[22],
"obj2":[44,
45]},
{"type":"org.iupac.fairdata.derived.IFDSampleDataAssociation",
"name":"primary NMR data/3ay/3ay-C/",
"id":"23",
"type1":"org.iupac.fairdata.sample.IFDSampleCollection",
"type2":"org.iupac.fairdata.dataobject.IFDDataObjectCollection",
"obj1":[23],
"obj2":[46,
47]},
{"type":"org.iupac.fairdata.derived.IFDSampleDataAssociation",
"name":"primary NMR data/3az/3az-C/",
"id":"24",
"type1":"org.iupac.fairdata.sample.IFDSampleCollection",
"type2":"org.iupac.fairdata.dataobject.IFDDataObjectCollection",
"obj1":[24],
"obj2":[48,
49]},
{"type":"org.iupac.fairdata.derived.IFDSampleDataAssociation",
"name":"primary NMR data/3ba/3ba-C/",
"id":"25",
"type1":"org.iupac.fairdata.sample.IFDSampleCollection",
"type2":"org.iupac.fairdata.dataobject.IFDDataObjectCollection",
"obj1":[25],
"obj2":[50,
51]},
{"type":"org.iupac.fairdata.derived.IFDSampleDataAssociation",
"name":"primary NMR data/3bq/3bq-C/",
"id":"26",
"type1":"org.iupac.fairdata.sample.IFDSampleCollection",
"type2":"org.iupac.fairdata.dataobject.IFDDataObjectCollection",
"obj1":[26],
"obj2":[52,
53]},
{"type":"org.iupac.fairdata.derived.IFDSampleDataAssociation",
"name":"primary NMR data/3bx/3bx-C/",
"id":"27",
"type1":"org.iupac.fairdata.sample.IFDSampleCollection",
"type2":"org.iupac.fairdata.dataobject.IFDDataObjectCollection",
"obj1":[27],
"obj2":[54,
55]},
{"type":"org.iupac.fairdata.derived.IFDSampleDataAssociation",
"name":"primary NMR data/3ca/3ca-C/",
"id":"28",
"type1":"org.iupac.fairdata.sample.IFDSampleCollection",
"type2":"org.iupac.fairdata.dataobject.IFDDataObjectCollection",
"obj1":[28],
"obj2":[56,
57]},
{"type":"org.iupac.fairdata.derived.IFDSampleDataAssociation",
"name":"primary NMR data/3cq/3cq-C/",
"id":"29",
"type1":"org.iupac.fairdata.sample.IFDSampleCollection",
"type2":"org.iupac.fairdata.dataobject.IFDDataObjectCollection",
"obj1":[29],
"obj2":[58,
59]},
{"type":"org.iupac.fairdata.derived.IFDSampleDataAssociation",
"name":"primary NMR data/3da/3da-C/",
"id":"30",
"type1":"org.iupac.fairdata.sample.IFDSampleCollection",
"type2":"org.iupac.fairdata.dataobject.IFDDataObjectCollection",
"obj1":[30],
"obj2":[60,
61]},
{"type":"org.iupac.fairdata.derived.IFDSampleDataAssociation",
"name":"primary NMR data/3dq/3dq-C/",
"id":"31",
"type1":"org.iupac.fairdata.sample.IFDSampleCollection",
"type2":"org.iupac.fairdata.dataobject.IFDDataObjectCollection",
"obj1":[31],
"obj2":[62,
63]},
{"type":"org.iupac.fairdata.derived.IFDSampleDataAssociation",
"name":"primary NMR data/3dx/3dx-C/",
"id":"32",
"type1":"org.iupac.fairdata.sample.IFDSampleCollection",
"type2":"org.iupac.fairdata.dataobject.IFDDataObjectCollection",
"obj1":[32],
"obj2":[64,
65]},
{"type":"org.iupac.fairdata.derived.IFDSampleDataAssociation",
"name":"primary NMR data/3ex/3ex-C/",
"id":"33",
"type1":"org.iupac.fairdata.sample.IFDSampleCollection",
"type2":"org.iupac.fairdata.dataobject.IFDDataObjectCollection",
"obj1":[33],
"obj2":[66,
67]},
{"type":"org.iupac.fairdata.derived.IFDSampleDataAssociation",
"name":"primary NMR data/3fq/3fq-C/",
"id":"34",
"type1":"org.iupac.fairdata.sample.IFDSampleCollection",
"type2":"org.iupac.fairdata.dataobject.IFDDataObjectCollection",
"obj1":[34],
"obj2":[68,
69]},
{"type":"org.iupac.fairdata.derived.IFDSampleDataAssociation",
"name":"primary NMR data/3gq/3gq-C/",
"id":"35",
"type1":"org.iupac.fairdata.sample.IFDSampleCollection",
"type2":"org.iupac.fairdata.dataobject.IFDDataObjectCollection",
"obj1":[35],
"obj2":[70,
71]},
{"type":"org.iupac.fairdata.derived.IFDSampleDataAssociation",
"name":"primary NMR data/3ha/3ha-C/",
"id":"36",
"type1":"org.iupac.fairdata.sample.IFDSampleCollection",
"type2":"org.iupac.fairdata.dataobject.IFDDataObjectCollection",
"obj1":[36],
"obj2":[72,
73]},
{"type":"org.iupac.fairdata.derived.IFDSampleDataAssociation",
"name":"primary NMR data/3ia/3ia-C/",
"id":"37",
"type1":"org.iupac.fairdata.sample.IFDSampleCollection",
"type2":"org.iupac.fairdata.dataobject.IFDDataObjectCollection",
"obj1":[37],
"obj2":[74,
75]},
{"type":"org.iupac.fairdata.derived.IFDSampleDataAssociation",
"name":"primary NMR data/3ja/3ja-C/",
"id":"38",
"type1":"org.iupac.fairdata.sample.IFDSampleCollection",
"type2":"org.iupac.fairdata.dataobject.IFDDataObjectCollection",
"obj1":[38],
"obj2":[76,
77]},
{"type":"org.iupac.fairdata.derived.IFDSampleDataAssociation",
"name":"primary NMR data/4aa/4aa-H/",
"id":"39",
"type1":"org.iupac.fairdata.sample.IFDSampleCollection",
"type2":"org.iupac.fairdata.dataobject.IFDDataObjectCollection",
"obj1":[39],
"obj2":[78]},
{"type":"org.iupac.fairdata.derived.IFDSampleDataAssociation",
"name":"primary NMR data/5ia/5ia-H/",
"id":"40",
"type1":"org.iupac.fairdata.sample.IFDSampleCollection",
"type2":"org.iupac.fairdata.dataobject.IFDDataObjectCollection",
"obj1":[40],
"obj2":[79]}]}}}