<?xml version="1.0" encoding="UTF-8"?>
<PeakList>
  <PeakList1D>
    <PeakList1DHeader creator="chemist" date="2019-03-20T23:35:23.464+00:00" expNo="10" name="Y1841" owner="" procNo="1" source="d:\">
      <PeakPickDetails>F1=245.691ppm, F2=-23.691ppm, MI=0.00cm, MAXI=10000.00cm, PC=1.400
      </PeakPickDetails>
    </PeakList1DHeader>
    <Peak1D F1="159.3802" intensity="0.30" type="0"/>
    <Peak1D F1="143.1318" intensity="0.26" type="0"/>
    <Peak1D F1="135.8876" intensity="0.30" type="0"/>
    <Peak1D F1="132.5499" intensity="1.23" type="0"/>
    <Peak1D F1="131.8378" intensity="0.22" type="0"/>
    <Peak1D F1="130.3333" intensity="0.52" type="0"/>
    <Peak1D F1="130.1073" intensity="0.34" type="0"/>
    <Peak1D F1="129.6519" intensity="0.52" type="0"/>
    <Peak1D F1="127.9224" intensity="0.42" type="0"/>
    <Peak1D F1="126.4329" intensity="0.57" type="0"/>
    <Peak1D F1="126.1085" intensity="0.54" type="0"/>
    <Peak1D F1="125.8019" intensity="0.54" type="0"/>
    <Peak1D F1="125.0902" intensity="0.52" type="0"/>
    <Peak1D F1="114.4297" intensity="1.24" type="0"/>
    <Peak1D F1="78.2243" intensity="13.29" type="0"/>
    <Peak1D F1="78.0128" intensity="13.50" type="0"/>
    <Peak1D F1="77.8011" intensity="13.29" type="0"/>
    <Peak1D F1="77.1083" intensity="0.45" type="0"/>
    <Peak1D F1="56.1705" intensity="0.70" type="0"/>
    <Peak1D F1="48.6542" intensity="0.62" type="0"/>
    <Peak1D F1="30.4690" intensity="0.62" type="0"/>
  </PeakList1D>
</PeakList>
