<?xml version="1.0" encoding="UTF-8"?>
<PeakList>
  <PeakList1D>
    <PeakList1DHeader creator="chemist" date="2019-03-06T07:01:37.294+00:00" expNo="10" name="Y1088" owner="" procNo="1" source="d:\">
      <PeakPickDetails>F1=245.691ppm, F2=-23.691ppm, MI=0.00cm, MAXI=10000.00cm, PC=1.400
      </PeakPickDetails>
    </PeakList1DHeader>
    <Peak1D F1="159.2177" intensity="0.76" type="0"/>
    <Peak1D F1="151.4032" intensity="1.40" type="0"/>
    <Peak1D F1="132.3081" intensity="2.73" type="0"/>
    <Peak1D F1="131.8427" intensity="0.22" type="0"/>
    <Peak1D F1="129.7863" intensity="2.45" type="0"/>
    <Peak1D F1="128.5541" intensity="0.82" type="0"/>
    <Peak1D F1="127.6015" intensity="2.49" type="0"/>
    <Peak1D F1="127.5758" intensity="1.36" type="0"/>
    <Peak1D F1="126.8501" intensity="0.13" type="0"/>
    <Peak1D F1="124.0931" intensity="2.45" type="0"/>
    <Peak1D F1="122.0704" intensity="0.13" type="0"/>
    <Peak1D F1="116.8237" intensity="2.72" type="0"/>
    <Peak1D F1="114.1762" intensity="0.25" type="0"/>
    <Peak1D F1="113.8591" intensity="2.68" type="0"/>
    <Peak1D F1="78.2300" intensity="13.33" type="0"/>
    <Peak1D F1="78.0184" intensity="13.50" type="0"/>
    <Peak1D F1="77.8068" intensity="13.37" type="0"/>
    <Peak1D F1="71.2342" intensity="1.16" type="0"/>
    <Peak1D F1="56.1919" intensity="0.13" type="0"/>
    <Peak1D F1="56.0394" intensity="1.60" type="0"/>
    <Peak1D F1="53.1563" intensity="1.29" type="0"/>
    <Peak1D F1="37.1990" intensity="0.16" type="0"/>
    <Peak1D F1="30.2146" intensity="0.13" type="0"/>
    <Peak1D F1="24.8263" intensity="0.18" type="0"/>
    <Peak1D F1="23.6264" intensity="0.15" type="0"/>
    <Peak1D F1="21.7860" intensity="0.15" type="0"/>
  </PeakList1D>
</PeakList>
