<?xml version="1.0" encoding="UTF-8"?>
<PeakList>
  <PeakList1D>
    <PeakList1DHeader creator="nmr" date="2019-01-07T14:46:08" expNo="1" name="zhq-515B-2" owner="" procNo="1" source="D:/bruker">
      <PeakPickDetails>F1=8.543ppm, F2=8.339ppm, MI=1.62cm, MAXI=3.29cm, PC=1.000
      </PeakPickDetails>
    </PeakList1DHeader>
    <Peak1D F1="8.4907" intensity="2.34" type="0"/>
    <Peak1D F1="8.4858" intensity="2.36" type="0"/>
  </PeakList1D>
  <PeakList1D>
    <PeakList1DHeader creator="nmr" date="2019-01-07T14:46:08" expNo="1" name="zhq-515B-2" owner="" procNo="1" source="D:/bruker">
      <PeakPickDetails>F1=7.944ppm, F2=7.535ppm, MI=0.76cm, MAXI=2.34cm, PC=1.000
      </PeakPickDetails>
    </PeakList1DHeader>
    <Peak1D F1="7.7222" intensity="1.22" type="0"/>
    <Peak1D F1="7.7175" intensity="1.24" type="0"/>
    <Peak1D F1="7.7022" intensity="1.35" type="0"/>
    <Peak1D F1="7.6975" intensity="1.34" type="0"/>
  </PeakList1D>
</PeakList>
