<?xml version="1.0" encoding="UTF-8"?>
<PeakList>
  <PeakList1D>
    <PeakList1DHeader creator="chemist" date="2019-01-25T05:40:14.495+00:00" expNo="10" name="Z144370" owner="" procNo="1" source="f:\data\chemist\nmr\">
      <PeakPickDetails>F1=250.000ppm, F2=-10.000ppm, MI=1.00cm, MAXI=2000.00cm, PC=1.000
      </PeakPickDetails>
    </PeakList1DHeader>
    <Peak1D F1="236.3289" intensity="6.024740e+000" type="0"/>
    <Peak1D F1="232.3111" intensity="6.220279e+000" type="0"/>
    <Peak1D F1="219.4598" intensity="5.533077e+000" type="0"/>
    <Peak1D F1="158.7577" intensity="3.758265e+001" type="0"/>
    <Peak1D F1="156.2440" intensity="5.562092e+000" type="0"/>
    <Peak1D F1="146.0065" intensity="8.354217e+000" type="0"/>
    <Peak1D F1="144.0293" intensity="5.989880e+000" type="0"/>
    <Peak1D F1="139.3490" intensity="6.406254e+000" type="0"/>
    <Peak1D F1="138.6221" intensity="6.839899e+000" type="0"/>
    <Peak1D F1="130.9373" intensity="7.971030e+000" type="0"/>
    <Peak1D F1="130.4678" intensity="6.112549e+000" type="0"/>
    <Peak1D F1="130.1746" intensity="1.646598e+002" type="0"/>
    <Peak1D F1="128.1636" intensity="4.534315e+001" type="0"/>
    <Peak1D F1="116.2904" intensity="6.040927e+000" type="0"/>
    <Peak1D F1="116.0966" intensity="6.765597e+000" type="0"/>
    <Peak1D F1="114.2016" intensity="1.729546e+002" type="0"/>
    <Peak1D F1="113.1325" intensity="8.269483e+000" type="0"/>
    <Peak1D F1="112.6373" intensity="5.692749e+000" type="0"/>
    <Peak1D F1="77.3335" intensity="9.964643e+002" type="0"/>
    <Peak1D F1="77.2198" intensity="3.877376e+001" type="0"/>
    <Peak1D F1="77.0155" intensity="1.019108e+003" type="0"/>
    <Peak1D F1="76.6977" intensity="1.000075e+003" type="0"/>
    <Peak1D F1="76.2903" intensity="6.271660e+000" type="0"/>
    <Peak1D F1="67.5283" intensity="3.449764e+001" type="0"/>
    <Peak1D F1="55.2500" intensity="9.058624e+001" type="0"/>
    <Peak1D F1="55.1597" intensity="9.329713e+000" type="0"/>
    <Peak1D F1="42.2710" intensity="4.384788e+001" type="0"/>
    <Peak1D F1="41.9546" intensity="5.967332e+000" type="0"/>
    <Peak1D F1="27.6752" intensity="6.158628e+000" type="0"/>
    <Peak1D F1="-8.6040" intensity="6.371523e+000" type="0"/>
  </PeakList1D>
</PeakList>
