<?xml version="1.0" encoding="UTF-8"?>
<PeakList>
  <PeakList1D>
    <PeakList1DHeader creator="nmrsu" date="2020-01-20T08:13:41.039-02:00" expNo="1" name="2B203_Indole_padrao" owner="" procNo="1" source="C:/NMRData/data/marcio_marilia/nmr">
      <PeakPickDetails>F1=15.853900ppm, F2=-1.185162ppm, MI=0.00cm, MAXI=10000.00cm, PC=1.000
      </PeakPickDetails>
    </PeakList1DHeader>
    <Peak1D F1="13.848164" intensity="2.171578e-003" type="0"/>
    <Peak1D F1="13.529709" intensity="2.178180e-003" type="0"/>
    <Peak1D F1="12.556794" intensity="2.201987e-003" type="0"/>
    <Peak1D F1="11.848827" intensity="2.360351e-003" type="0"/>
    <Peak1D F1="11.705785" intensity="2.471300e-003" type="0"/>
    <Peak1D F1="8.755932" intensity="2.231017e-003" type="0"/>
    <Peak1D F1="8.609534" intensity="2.902101e-003" type="0"/>
    <Peak1D F1="8.601164" intensity="3.139233e-003" type="0"/>
    <Peak1D F1="8.570232" intensity="2.481489e-003" type="0"/>
    <Peak1D F1="8.544022" intensity="2.448372e-003" type="0"/>
    <Peak1D F1="8.502934" intensity="2.207776e-003" type="0"/>
    <Peak1D F1="8.497705" intensity="2.205840e-003" type="0"/>
    <Peak1D F1="8.479235" intensity="2.952712e-003" type="0"/>
    <Peak1D F1="8.462647" intensity="2.364121e-003" type="0"/>
    <Peak1D F1="8.461101" intensity="2.403177e-003" type="0"/>
    <Peak1D F1="8.443360" intensity="2.827368e-003" type="0"/>
    <Peak1D F1="8.393975" intensity="3.354234e-003" type="0"/>
    <Peak1D F1="8.380761" intensity="3.695477e-003" type="0"/>
    <Peak1D F1="8.377042" intensity="3.532631e-003" type="0"/>
    <Peak1D F1="8.372601" intensity="3.960472e-003" type="0"/>
    <Peak1D F1="8.369256" intensity="4.427380e-003" type="0"/>
    <Peak1D F1="8.357620" intensity="4.486284e-003" type="0"/>
    <Peak1D F1="8.342525" intensity="4.521484e-003" type="0"/>
    <Peak1D F1="8.334128" intensity="4.933994e-003" type="0"/>
    <Peak1D F1="8.325362" intensity="5.181407e-003" type="0"/>
    <Peak1D F1="8.323478" intensity="5.294596e-003" type="0"/>
    <Peak1D F1="8.321178" intensity="5.831870e-003" type="0"/>
    <Peak1D F1="8.317519" intensity="5.786490e-003" type="0"/>
    <Peak1D F1="8.296803" intensity="1.702860e-002" type="0"/>
    <Peak1D F1="8.282931" intensity="1.051074e-002" type="0"/>
    <Peak1D F1="8.258533" intensity="1.593105e-002" type="0"/>
    <Peak1D F1="8.252312" intensity="1.864959e-002" type="0"/>
    <Peak1D F1="8.243486" intensity="2.287498e-002" type="0"/>
    <Peak1D F1="8.176017" intensity="1.404727e+000" type="0"/>
    <Peak1D F1="8.102794" intensity="2.005734e-002" type="0"/>
    <Peak1D F1="8.101535" intensity="1.953163e-002" type="0"/>
    <Peak1D F1="8.053174" intensity="1.719099e-002" type="0"/>
    <Peak1D F1="8.043942" intensity="8.264490e-003" type="0"/>
    <Peak1D F1="8.031310" intensity="7.284204e-003" type="0"/>
    <Peak1D F1="8.022687" intensity="6.274397e-003" type="0"/>
    <Peak1D F1="8.006041" intensity="5.445917e-003" type="0"/>
    <Peak1D F1="7.991796" intensity="4.918972e-003" type="0"/>
    <Peak1D F1="7.971982" intensity="4.200580e-003" type="0"/>
    <Peak1D F1="7.961350" intensity="4.269107e-003" type="0"/>
    <Peak1D F1="7.948099" intensity="3.520210e-003" type="0"/>
    <Peak1D F1="7.942123" intensity="3.736224e-003" type="0"/>
    <Peak1D F1="7.938975" intensity="3.837919e-003" type="0"/>
    <Peak1D F1="7.927796" intensity="3.822248e-003" type="0"/>
    <Peak1D F1="7.920547" intensity="3.467788e-003" type="0"/>
    <Peak1D F1="7.889046" intensity="4.017439e-003" type="0"/>
    <Peak1D F1="7.885385" intensity="4.044360e-003" type="0"/>
    <Peak1D F1="7.882349" intensity="3.264881e-003" type="0"/>
    <Peak1D F1="7.871353" intensity="3.012540e-003" type="0"/>
    <Peak1D F1="7.850364" intensity="3.137090e-003" type="0"/>
    <Peak1D F1="7.840228" intensity="3.494018e-003" type="0"/>
    <Peak1D F1="7.831347" intensity="3.517776e-003" type="0"/>
    <Peak1D F1="7.828782" intensity="3.540220e-003" type="0"/>
    <Peak1D F1="7.813158" intensity="3.745011e-003" type="0"/>
    <Peak1D F1="7.803312" intensity="3.255170e-003" type="0"/>
    <Peak1D F1="7.794226" intensity="3.124559e-003" type="0"/>
    <Peak1D F1="7.786564" intensity="2.932345e-003" type="0"/>
    <Peak1D F1="7.778574" intensity="2.748810e-003" type="0"/>
    <Peak1D F1="7.728394" intensity="1.381600e-002" type="0"/>
    <Peak1D F1="7.708355" intensity="1.513046e-002" type="0"/>
    <Peak1D F1="7.689678" intensity="3.649642e-003" type="0"/>
    <Peak1D F1="7.684737" intensity="3.650064e-003" type="0"/>
    <Peak1D F1="7.659966" intensity="2.644673e-003" type="0"/>
    <Peak1D F1="7.640595" intensity="3.642644e-003" type="0"/>
    <Peak1D F1="7.637941" intensity="3.694250e-003" type="0"/>
    <Peak1D F1="7.622304" intensity="4.065461e-003" type="0"/>
    <Peak1D F1="7.596801" intensity="6.946849e-003" type="0"/>
    <Peak1D F1="7.584563" intensity="9.178360e-003" type="0"/>
    <Peak1D F1="7.530161" intensity="2.047733e+000" type="0"/>
    <Peak1D F1="7.510369" intensity="2.225403e+000" type="0"/>
    <Peak1D F1="7.475410" intensity="7.412272e-003" type="0"/>
    <Peak1D F1="7.464531" intensity="4.149656e-003" type="0"/>
    <Peak1D F1="7.457829" intensity="4.940644e-003" type="0"/>
    <Peak1D F1="7.451447" intensity="3.922272e-003" type="0"/>
    <Peak1D F1="7.444198" intensity="4.002000e-003" type="0"/>
    <Peak1D F1="7.422106" intensity="3.440185e-003" type="0"/>
    <Peak1D F1="7.415579" intensity="3.853176e-003" type="0"/>
    <Peak1D F1="7.405595" intensity="4.962810e-003" type="0"/>
    <Peak1D F1="7.385695" intensity="6.768577e-003" type="0"/>
    <Peak1D F1="7.376650" intensity="8.335140e-003" type="0"/>
    <Peak1D F1="7.354096" intensity="8.092822e-003" type="0"/>
    <Peak1D F1="7.338938" intensity="2.299453e-002" type="0"/>
    <Peak1D F1="7.319655" intensity="3.470163e-002" type="0"/>
    <Peak1D F1="7.310376" intensity="2.024187e-002" type="0"/>
    <Peak1D F1="7.299107" intensity="2.203115e-002" type="0"/>
    <Peak1D F1="7.269595" intensity="5.028561e-002" type="0"/>
    <Peak1D F1="7.265563" intensity="4.912910e-002" type="0"/>
    <Peak1D F1="7.249738" intensity="7.348913e-002" type="0"/>
    <Peak1D F1="7.229924" intensity="4.121384e-002" type="0"/>
    <Peak1D F1="7.210676" intensity="5.384254e-002" type="0"/>
    <Peak1D F1="7.191450" intensity="1.400932e-001" type="0"/>
    <Peak1D F1="7.179582" intensity="6.211580e-002" type="0"/>
    <Peak1D F1="7.162815" intensity="1.056112e-001" type="0"/>
    <Peak1D F1="7.143186" intensity="3.512422e-001" type="0"/>
    <Peak1D F1="7.131275" intensity="4.336020e+000" type="0"/>
    <Peak1D F1="7.122366" intensity="3.920756e+000" type="0"/>
    <Peak1D F1="7.120897" intensity="3.898762e+000" type="0"/>
    <Peak1D F1="7.100234" intensity="1.548237e+000" type="0"/>
    <Peak1D F1="7.080937" intensity="3.884632e+000" type="0"/>
    <Peak1D F1="7.062006" intensity="3.836724e+000" type="0"/>
    <Peak1D F1="7.048666" intensity="1.376155e+000" type="0"/>
    <Peak1D F1="7.038633" intensity="9.617423e-001" type="0"/>
    <Peak1D F1="7.026970" intensity="2.124700e+000" type="0"/>
    <Peak1D F1="7.010019" intensity="1.815039e+000" type="0"/>
    <Peak1D F1="6.986522" intensity="4.764346e+000" type="0"/>
    <Peak1D F1="6.966488" intensity="3.140334e+000" type="0"/>
    <Peak1D F1="6.938295" intensity="3.944907e-002" type="0"/>
    <Peak1D F1="6.917833" intensity="3.057259e-002" type="0"/>
    <Peak1D F1="6.894847" intensity="2.260229e-002" type="0"/>
    <Peak1D F1="6.876787" intensity="2.597975e-002" type="0"/>
    <Peak1D F1="6.856923" intensity="1.888902e-002" type="0"/>
    <Peak1D F1="6.837970" intensity="1.101364e-002" type="0"/>
    <Peak1D F1="6.827798" intensity="1.424441e-002" type="0"/>
    <Peak1D F1="6.809216" intensity="1.624157e-002" type="0"/>
    <Peak1D F1="6.782313" intensity="2.371030e-002" type="0"/>
    <Peak1D F1="6.763865" intensity="2.130365e-002" type="0"/>
    <Peak1D F1="6.743247" intensity="3.771362e-003" type="0"/>
    <Peak1D F1="6.724551" intensity="2.996798e-003" type="0"/>
    <Peak1D F1="6.700640" intensity="5.991211e-003" type="0"/>
    <Peak1D F1="6.694842" intensity="4.450593e-003" type="0"/>
    <Peak1D F1="6.680588" intensity="3.581355e-003" type="0"/>
    <Peak1D F1="6.665284" intensity="2.830066e-003" type="0"/>
    <Peak1D F1="6.662911" intensity="2.433280e-003" type="0"/>
    <Peak1D F1="6.654376" intensity="2.214029e-003" type="0"/>
    <Peak1D F1="6.652257" intensity="2.594026e-003" type="0"/>
    <Peak1D F1="6.646397" intensity="2.977463e-003" type="0"/>
    <Peak1D F1="6.639188" intensity="2.518750e-003" type="0"/>
    <Peak1D F1="6.636177" intensity="2.816906e-003" type="0"/>
    <Peak1D F1="6.617052" intensity="2.844233e-003" type="0"/>
    <Peak1D F1="6.593589" intensity="2.497405e-003" type="0"/>
    <Peak1D F1="6.545168" intensity="2.473684e-003" type="0"/>
    <Peak1D F1="6.531902" intensity="2.401674e-003" type="0"/>
    <Peak1D F1="6.529663" intensity="2.822683e-003" type="0"/>
    <Peak1D F1="6.528021" intensity="2.906251e-003" type="0"/>
    <Peak1D F1="6.495018" intensity="2.896932e-003" type="0"/>
    <Peak1D F1="6.493977" intensity="2.641375e-003" type="0"/>
    <Peak1D F1="6.487903" intensity="2.732049e-003" type="0"/>
    <Peak1D F1="6.480721" intensity="2.447408e-003" type="0"/>
    <Peak1D F1="6.440349" intensity="2.534162e-003" type="0"/>
    <Peak1D F1="6.424337" intensity="2.491998e-003" type="0"/>
    <Peak1D F1="5.412866" intensity="2.231959e-003" type="0"/>
    <Peak1D F1="5.148801" intensity="1.494536e-002" type="0"/>
    <Peak1D F1="4.965385" intensity="1.339377e-002" type="0"/>
    <Peak1D F1="4.945643" intensity="2.022603e-002" type="0"/>
    <Peak1D F1="4.926433" intensity="1.334518e-002" type="0"/>
    <Peak1D F1="4.337024" intensity="2.514606e-003" type="0"/>
    <Peak1D F1="4.319225" intensity="2.316113e-003" type="0"/>
    <Peak1D F1="4.314604" intensity="2.420991e-003" type="0"/>
    <Peak1D F1="4.263422" intensity="8.086178e-003" type="0"/>
    <Peak1D F1="4.109334" intensity="2.302923e-003" type="0"/>
    <Peak1D F1="4.088235" intensity="3.354017e-003" type="0"/>
    <Peak1D F1="4.070795" intensity="3.265592e-003" type="0"/>
    <Peak1D F1="4.055919" intensity="2.437533e-003" type="0"/>
    <Peak1D F1="4.043463" intensity="2.163643e-003" type="0"/>
    <Peak1D F1="4.018294" intensity="2.525476e-003" type="0"/>
    <Peak1D F1="4.006825" intensity="2.521246e-003" type="0"/>
    <Peak1D F1="3.998508" intensity="3.018618e-003" type="0"/>
    <Peak1D F1="3.993921" intensity="3.511545e-003" type="0"/>
    <Peak1D F1="3.972532" intensity="5.138780e-002" type="0"/>
    <Peak1D F1="3.940395" intensity="5.717136e-003" type="0"/>
    <Peak1D F1="3.922739" intensity="6.493077e-003" type="0"/>
    <Peak1D F1="3.912435" intensity="4.508976e-003" type="0"/>
    <Peak1D F1="3.889954" intensity="8.655550e-003" type="0"/>
    <Peak1D F1="3.877748" intensity="7.672286e-003" type="0"/>
    <Peak1D F1="3.874968" intensity="7.796624e-003" type="0"/>
    <Peak1D F1="3.854480" intensity="1.395397e-002" type="0"/>
    <Peak1D F1="3.812550" intensity="9.492534e+000" type="0"/>
    <Peak1D F1="3.765727" intensity="6.672253e-003" type="0"/>
    <Peak1D F1="3.758570" intensity="5.996625e-003" type="0"/>
    <Peak1D F1="3.749136" intensity="3.260278e-003" type="0"/>
    <Peak1D F1="3.747310" intensity="3.337099e-003" type="0"/>
    <Peak1D F1="3.743704" intensity="3.432881e-003" type="0"/>
    <Peak1D F1="3.734376" intensity="8.885695e-003" type="0"/>
    <Peak1D F1="3.728098" intensity="2.707944e-003" type="0"/>
    <Peak1D F1="3.720575" intensity="3.409077e-003" type="0"/>
    <Peak1D F1="3.708437" intensity="3.663985e-003" type="0"/>
    <Peak1D F1="3.693681" intensity="3.072534e-003" type="0"/>
    <Peak1D F1="3.661476" intensity="8.648416e-002" type="0"/>
    <Peak1D F1="3.648319" intensity="5.184512e-002" type="0"/>
    <Peak1D F1="3.637333" intensity="2.167266e-002" type="0"/>
    <Peak1D F1="3.616549" intensity="5.633795e-003" type="0"/>
    <Peak1D F1="3.610878" intensity="4.910269e-003" type="0"/>
    <Peak1D F1="3.591653" intensity="5.142549e-003" type="0"/>
    <Peak1D F1="3.589787" intensity="5.050304e-003" type="0"/>
    <Peak1D F1="3.580621" intensity="6.403631e-003" type="0"/>
    <Peak1D F1="3.562901" intensity="1.513233e-001" type="0"/>
    <Peak1D F1="3.543476" intensity="1.252513e-002" type="0"/>
    <Peak1D F1="3.522701" intensity="1.904156e-002" type="0"/>
    <Peak1D F1="3.480104" intensity="1.500000e+001" type="0"/>
    <Peak1D F1="3.454884" intensity="2.277427e-002" type="0"/>
    <Peak1D F1="3.442706" intensity="1.720564e-002" type="0"/>
    <Peak1D F1="3.433543" intensity="7.535590e-003" type="0"/>
    <Peak1D F1="3.426566" intensity="1.276908e-002" type="0"/>
    <Peak1D F1="3.415892" intensity="2.199481e-002" type="0"/>
    <Peak1D F1="3.386944" intensity="6.859167e-003" type="0"/>
    <Peak1D F1="3.374470" intensity="3.224274e-003" type="0"/>
    <Peak1D F1="3.365195" intensity="2.326376e-003" type="0"/>
    <Peak1D F1="3.332361" intensity="5.456888e-003" type="0"/>
    <Peak1D F1="3.294181" intensity="8.228868e-002" type="0"/>
    <Peak1D F1="3.259852" intensity="2.170539e-003" type="0"/>
    <Peak1D F1="3.240885" intensity="5.275109e-003" type="0"/>
    <Peak1D F1="3.004485" intensity="1.901727e-002" type="0"/>
    <Peak1D F1="2.986038" intensity="3.814869e-002" type="0"/>
    <Peak1D F1="2.966678" intensity="2.556797e-002" type="0"/>
    <Peak1D F1="2.952043" intensity="7.423111e-003" type="0"/>
    <Peak1D F1="2.928890" intensity="2.309876e-002" type="0"/>
    <Peak1D F1="2.911385" intensity="2.262511e-002" type="0"/>
    <Peak1D F1="2.904436" intensity="2.329547e-002" type="0"/>
    <Peak1D F1="2.882377" intensity="2.165837e-002" type="0"/>
    <Peak1D F1="2.864669" intensity="6.101215e-003" type="0"/>
    <Peak1D F1="2.841806" intensity="6.723242e-003" type="0"/>
    <Peak1D F1="2.816502" intensity="2.656861e-003" type="0"/>
    <Peak1D F1="2.598005" intensity="2.330695e-002" type="0"/>
    <Peak1D F1="2.579704" intensity="4.082101e-002" type="0"/>
    <Peak1D F1="2.560733" intensity="2.088736e-002" type="0"/>
    <Peak1D F1="2.270104" intensity="1.197940e-002" type="0"/>
    <Peak1D F1="2.250569" intensity="7.640991e-003" type="0"/>
    <Peak1D F1="2.237298" intensity="3.778002e-003" type="0"/>
    <Peak1D F1="2.235693" intensity="4.846555e-003" type="0"/>
    <Peak1D F1="2.227925" intensity="6.423155e-003" type="0"/>
    <Peak1D F1="2.213911" intensity="1.375696e-002" type="0"/>
    <Peak1D F1="2.210004" intensity="1.689982e-002" type="0"/>
    <Peak1D F1="2.189644" intensity="3.909266e-002" type="0"/>
    <Peak1D F1="2.156938" intensity="7.383134e-003" type="0"/>
    <Peak1D F1="2.142179" intensity="7.051250e-003" type="0"/>
    <Peak1D F1="2.130197" intensity="3.028925e-003" type="0"/>
    <Peak1D F1="2.058341" intensity="2.223831e-003" type="0"/>
    <Peak1D F1="2.040246" intensity="4.445777e-003" type="0"/>
    <Peak1D F1="2.024369" intensity="2.505783e-003" type="0"/>
    <Peak1D F1="2.008801" intensity="3.018471e-003" type="0"/>
    <Peak1D F1="1.987327" intensity="3.009006e-003" type="0"/>
    <Peak1D F1="1.969471" intensity="2.926322e-003" type="0"/>
    <Peak1D F1="1.963206" intensity="2.540888e-003" type="0"/>
    <Peak1D F1="1.956331" intensity="2.422442e-003" type="0"/>
    <Peak1D F1="1.930002" intensity="7.531665e-003" type="0"/>
    <Peak1D F1="1.914303" intensity="3.754154e-003" type="0"/>
    <Peak1D F1="1.799204" intensity="2.130026e-003" type="0"/>
    <Peak1D F1="1.789593" intensity="2.162195e-003" type="0"/>
    <Peak1D F1="1.776268" intensity="2.222415e-003" type="0"/>
    <Peak1D F1="1.755292" intensity="2.243349e-003" type="0"/>
    <Peak1D F1="1.745187" intensity="2.608012e-003" type="0"/>
    <Peak1D F1="1.726452" intensity="3.906615e-003" type="0"/>
    <Peak1D F1="1.711266" intensity="6.133593e-003" type="0"/>
    <Peak1D F1="1.710014" intensity="6.075320e-003" type="0"/>
    <Peak1D F1="1.697790" intensity="6.202779e-003" type="0"/>
    <Peak1D F1="1.694348" intensity="6.697336e-003" type="0"/>
    <Peak1D F1="1.686607" intensity="6.893026e-003" type="0"/>
    <Peak1D F1="1.644169" intensity="1.384248e-002" type="0"/>
    <Peak1D F1="1.591895" intensity="2.186018e-001" type="0"/>
    <Peak1D F1="1.530942" intensity="1.359176e-002" type="0"/>
    <Peak1D F1="1.516336" intensity="1.816741e-002" type="0"/>
    <Peak1D F1="1.480933" intensity="6.489802e-003" type="0"/>
    <Peak1D F1="1.471349" intensity="5.391830e-003" type="0"/>
    <Peak1D F1="1.465604" intensity="5.358557e-003" type="0"/>
    <Peak1D F1="1.458899" intensity="4.450618e-003" type="0"/>
    <Peak1D F1="1.450527" intensity="3.974245e-003" type="0"/>
    <Peak1D F1="1.424853" intensity="4.774885e-003" type="0"/>
    <Peak1D F1="1.404261" intensity="3.506360e-003" type="0"/>
    <Peak1D F1="1.401152" intensity="3.773343e-003" type="0"/>
    <Peak1D F1="1.395188" intensity="3.373868e-003" type="0"/>
    <Peak1D F1="1.380056" intensity="3.203914e-003" type="0"/>
    <Peak1D F1="1.373835" intensity="2.958440e-003" type="0"/>
    <Peak1D F1="1.367100" intensity="3.839712e-003" type="0"/>
    <Peak1D F1="1.344957" intensity="8.904925e-003" type="0"/>
    <Peak1D F1="1.339319" intensity="1.166487e-002" type="0"/>
    <Peak1D F1="1.329813" intensity="1.656374e-002" type="0"/>
    <Peak1D F1="1.315963" intensity="6.380790e-003" type="0"/>
    <Peak1D F1="1.305981" intensity="6.067667e-003" type="0"/>
    <Peak1D F1="1.284694" intensity="5.696836e-003" type="0"/>
    <Peak1D F1="1.277282" intensity="6.167775e-003" type="0"/>
    <Peak1D F1="1.258091" intensity="1.212745e-002" type="0"/>
    <Peak1D F1="1.243861" intensity="1.566916e-002" type="0"/>
    <Peak1D F1="1.231352" intensity="1.459960e-002" type="0"/>
    <Peak1D F1="1.217839" intensity="2.358710e-002" type="0"/>
    <Peak1D F1="1.173921" intensity="3.722684e-001" type="0"/>
    <Peak1D F1="1.142983" intensity="2.014658e-002" type="0"/>
    <Peak1D F1="1.129194" intensity="1.348453e-002" type="0"/>
    <Peak1D F1="1.111509" intensity="8.473809e-003" type="0"/>
    <Peak1D F1="1.100574" intensity="7.671040e-003" type="0"/>
    <Peak1D F1="1.084430" intensity="5.240086e-003" type="0"/>
    <Peak1D F1="1.073386" intensity="6.186856e-003" type="0"/>
    <Peak1D F1="1.056839" intensity="8.266199e-003" type="0"/>
    <Peak1D F1="1.037412" intensity="1.972954e-002" type="0"/>
    <Peak1D F1="1.023898" intensity="5.992321e-003" type="0"/>
    <Peak1D F1="1.006444" intensity="4.438492e-003" type="0"/>
    <Peak1D F1="1.000747" intensity="4.875661e-003" type="0"/>
    <Peak1D F1="0.990072" intensity="4.425905e-003" type="0"/>
    <Peak1D F1="0.979236" intensity="3.649362e-003" type="0"/>
    <Peak1D F1="0.969303" intensity="3.911048e-003" type="0"/>
    <Peak1D F1="0.960827" intensity="3.443003e-003" type="0"/>
    <Peak1D F1="0.953142" intensity="2.813705e-003" type="0"/>
    <Peak1D F1="0.950822" intensity="2.823915e-003" type="0"/>
    <Peak1D F1="0.940391" intensity="2.533138e-003" type="0"/>
    <Peak1D F1="0.929220" intensity="2.906911e-003" type="0"/>
    <Peak1D F1="0.912264" intensity="2.515635e-003" type="0"/>
    <Peak1D F1="0.908441" intensity="2.326159e-003" type="0"/>
    <Peak1D F1="0.897039" intensity="2.815571e-003" type="0"/>
    <Peak1D F1="0.878285" intensity="2.940868e-003" type="0"/>
    <Peak1D F1="0.872505" intensity="2.789985e-003" type="0"/>
    <Peak1D F1="0.860801" intensity="2.895872e-003" type="0"/>
    <Peak1D F1="0.849619" intensity="3.703056e-003" type="0"/>
    <Peak1D F1="0.846271" intensity="4.851602e-003" type="0"/>
    <Peak1D F1="0.836198" intensity="4.185286e-003" type="0"/>
    <Peak1D F1="0.810394" intensity="1.960348e-002" type="0"/>
    <Peak1D F1="0.803114" intensity="1.566765e-002" type="0"/>
    <Peak1D F1="0.794834" intensity="3.599738e-002" type="0"/>
    <Peak1D F1="0.778179" intensity="2.586377e-002" type="0"/>
    <Peak1D F1="0.722277" intensity="4.025622e-003" type="0"/>
    <Peak1D F1="0.007864" intensity="4.115045e-003" type="0"/>
    <Peak1D F1="-0.000125" intensity="5.048604e-002" type="0"/>
    <Peak1D F1="-0.703295" intensity="2.915386e-003" type="0"/>
    <Peak1D F1="-0.773035" intensity="2.324399e-003" type="0"/>
    <Peak1D F1="-0.790178" intensity="2.514795e-003" type="0"/>
    <Peak1D F1="-0.800201" intensity="2.414864e-003" type="0"/>
    <Peak1D F1="-0.829879" intensity="2.554633e-003" type="0"/>
    <Peak1D F1="-0.849372" intensity="2.210659e-003" type="0"/>
    <Peak1D F1="-0.859486" intensity="2.157283e-003" type="0"/>
    <Peak1D F1="-0.893084" intensity="2.337953e-003" type="0"/>
    <Peak1D F1="-0.897702" intensity="2.399836e-003" type="0"/>
    <Peak1D F1="-0.924838" intensity="2.437589e-003" type="0"/>
    <Peak1D F1="-0.997067" intensity="2.223652e-003" type="0"/>
    <Peak1D F1="-0.998061" intensity="2.593921e-003" type="0"/>
    <Peak1D F1="-0.999653" intensity="2.728070e-003" type="0"/>
    <Peak1D F1="-1.008068" intensity="2.456033e-003" type="0"/>
    <Peak1D F1="-1.070367" intensity="2.238824e-003" type="0"/>
    <Peak1D F1="-1.154093" intensity="2.317337e-003" type="0"/>
    <Peak1D F1="-1.156910" intensity="2.385152e-003" type="0"/>
  </PeakList1D>
</PeakList>
