<?xml version="1.0" encoding="UTF-8"?>
<PeakList>
  <PeakList1D>
    <PeakList1DHeader creator="nightrun" date="2020-01-14T21:21:05.356+09:00" expNo="1" name="200114_KG15-74-P_13C" owner="" procNo="1" source="/opt/topspin3.5pl7/data/geon0202">
      <PeakPickDetails>F1=219.463303ppm, F2=-19.463253ppm, MI=0.00cm, MAXI=10000.00cm, PC=1.400
      </PeakPickDetails>
    </PeakList1DHeader>
    <Peak1D F1="194.384644" intensity="2.174542e+00" type="0"/>
    <Peak1D F1="145.688400" intensity="4.480255e+00" type="0"/>
    <Peak1D F1="135.919495" intensity="2.044717e+00" type="0"/>
    <Peak1D F1="125.327148" intensity="5.520873e+00" type="0"/>
    <Peak1D F1="116.557808" intensity="4.333175e+00" type="0"/>
    <Peak1D F1="77.342827" intensity="1.927817e+01" type="0"/>
    <Peak1D F1="77.229752" intensity="8.685973e-01" type="0"/>
    <Peak1D F1="77.025902" intensity="1.955420e+01" type="0"/>
    <Peak1D F1="76.707886" intensity="1.943693e+01" type="0"/>
    <Peak1D F1="66.376511" intensity="5.144252e+00" type="0"/>
    <Peak1D F1="59.901539" intensity="2.797087e+00" type="0"/>
    <Peak1D F1="58.319920" intensity="4.893402e+00" type="0"/>
    <Peak1D F1="29.706379" intensity="4.794765e-01" type="0"/>
    <Peak1D F1="26.476774" intensity="4.904865e+00" type="0"/>
    <Peak1D F1="25.815145" intensity="4.988062e+00" type="0"/>
    <Peak1D F1="25.764162" intensity="1.500000e+01" type="0"/>
    <Peak1D F1="18.221104" intensity="2.673036e+00" type="0"/>
    <Peak1D F1="18.027525" intensity="3.803245e+00" type="0"/>
    <Peak1D F1="-4.437990" intensity="4.325579e+00" type="0"/>
    <Peak1D F1="-4.584774" intensity="4.848110e+00" type="0"/>
  </PeakList1D>
</PeakList>
