<?xml version="1.0" encoding="UTF-8"?>
<PeakList modified="2020-02-02T13:40:36">
  <PeakList1D>
    <PeakList1DHeader creator="Dell" date="2020-02-02T13:40:36" expNo="2" name="SDT519" owner="" procNo="1" source="C:/Users/Dell/Desktop/NMR/Z-synthesis">
      <PeakPickDetails>F1=151.880249ppm, F2=141.062576ppm, MI=0.21cm, MAXI=1.31cm, PC=1.400
      </PeakPickDetails>
    </PeakList1DHeader>
    <Peak1D F1="148.500748" intensity="0.7218381" type="0"/>
    <Peak1D F1="147.684082" intensity="0.5689825" type="0"/>
    <Peak1D F1="147.366135" intensity="0.6296619" type="0"/>
    <Peak1D F1="144.055298" intensity="0.6172566" type="0"/>
  </PeakList1D>
  <PeakList1D>
    <PeakList1DHeader creator="Dell" date="2020-02-02T13:40:36" expNo="2" name="SDT519" owner="" procNo="1" source="C:/Users/Dell/Desktop/NMR/Z-synthesis">
      <PeakPickDetails>F1=132.408432ppm, F2=126.736198ppm, MI=0.14cm, MAXI=0.86cm, PC=1.400
      </PeakPickDetails>
    </PeakList1DHeader>
    <Peak1D F1="129.969955" intensity="0.3967356" type="0"/>
  </PeakList1D>
  <PeakList1D>
    <PeakList1DHeader creator="Dell" date="2020-02-02T13:40:36" expNo="2" name="SDT519" owner="" procNo="1" source="C:/Users/Dell/Desktop/NMR/Z-synthesis">
      <PeakPickDetails>F1=126.736198ppm, F2=126.502975ppm, MI=0.08cm, MAXI=0.20cm, PC=1.400
      </PeakPickDetails>
    </PeakList1DHeader>
    <Peak1D F1="126.62487" intensity="0.127614" type="0"/>
  </PeakList1D>
  <PeakList1D>
    <PeakList1DHeader creator="Dell" date="2020-02-02T13:40:36" expNo="2" name="SDT519" owner="" procNo="1" source="C:/Users/Dell/Desktop/NMR/Z-synthesis">
      <PeakPickDetails>F1=126.502975ppm, F2=123.537926ppm, MI=0.14cm, MAXI=0.86cm, PC=1.400
      </PeakPickDetails>
    </PeakList1DHeader>
    <Peak1D F1="126.28241" intensity="0.3590061" type="0"/>
    <Peak1D F1="124.94223" intensity="0.4346384" type="0"/>
  </PeakList1D>
  <PeakList1D>
    <PeakList1DHeader creator="Dell" date="2020-02-02T13:40:36" expNo="2" name="SDT519" owner="" procNo="1" source="C:/Users/Dell/Desktop/NMR/Z-synthesis">
      <PeakPickDetails>F1=123.537926ppm, F2=105.147873ppm, MI=0.09cm, MAXI=1.85cm, PC=1.400
      </PeakPickDetails>
    </PeakList1DHeader>
    <Peak1D F1="122.758141" intensity="0.6559685" type="0"/>
    <Peak1D F1="120.522789" intensity="1.271675" type="0"/>
    <Peak1D F1="119.125504" intensity="1.388078" type="0"/>
    <Peak1D F1="111.486969" intensity="1.299723" type="0"/>
    <Peak1D F1="110.599037" intensity="1.316195" type="0"/>
    <Peak1D F1="109.602409" intensity="1.265482" type="0"/>
  </PeakList1D>
  <PeakList1D>
    <PeakList1DHeader creator="Dell" date="2020-02-02T13:40:36" expNo="2" name="SDT519" owner="" procNo="1" source="C:/Users/Dell/Desktop/NMR/Z-synthesis">
      <PeakPickDetails>F1=77.533577ppm, F2=76.819725ppm, MI=10.34cm, MAXI=22.34cm, PC=1.400
      </PeakPickDetails>
    </PeakList1DHeader>
    <Peak1D F1="77.3815" intensity="14.75773" type="0"/>
    <Peak1D F1="77.199966" intensity="15.0" type="0"/>
    <Peak1D F1="77.018463" intensity="14.85865" type="0"/>
  </PeakList1D>
  <PeakList1D>
    <PeakList1DHeader creator="Dell" date="2020-02-02T13:40:36" expNo="2" name="SDT519" owner="" procNo="1" source="C:/Users/Dell/Desktop/NMR/Z-synthesis">
      <PeakPickDetails>F1=71.613052ppm, F2=46.948742ppm, MI=0.13cm, MAXI=3.12cm, PC=1.400
      </PeakPickDetails>
    </PeakList1DHeader>
    <Peak1D F1="68.698387" intensity="1.342597" type="0"/>
    <Peak1D F1="58.388538" intensity="0.4849686" type="0"/>
    <Peak1D F1="56.087879" intensity="1.575789" type="0"/>
    <Peak1D F1="56.066521" intensity="2.624481" type="0"/>
    <Peak1D F1="55.81311" intensity="0.6001694" type="0"/>
    <Peak1D F1="51.096462" intensity="0.9084852" type="0"/>
  </PeakList1D>
  <PeakList1D>
    <PeakList1DHeader creator="Dell" date="2020-02-02T13:40:36" expNo="2" name="SDT519" owner="" procNo="1" source="C:/Users/Dell/Desktop/NMR/Z-synthesis">
      <PeakPickDetails>F1=37.645535ppm, F2=22.500778ppm, MI=0.12cm, MAXI=1.75cm, PC=1.400
      </PeakPickDetails>
    </PeakList1DHeader>
    <Peak1D F1="33.394909" intensity="1.306797" type="0"/>
    <Peak1D F1="28.752247" intensity="0.417207" type="0"/>
    <Peak1D F1="27.424301" intensity="0.7453584" type="0"/>
  </PeakList1D>
</PeakList>
