<?xml version="1.0" encoding="UTF-8"?>
<PeakList>
  <PeakList1D>
    <PeakList1DHeader creator="chemist" date="2019-01-30T23:40:11.817+00:00" expNo="10" name="Z144815" owner="" procNo="1" source="f:\data\chemist\nmr\">
      <PeakPickDetails>F1=250.000ppm, F2=-10.000ppm, MI=1.00cm, MAXI=2000.00cm, PC=1.000
      </PeakPickDetails>
    </PeakList1DHeader>
    <Peak1D F1="158.1656" intensity="4.053564e+001" type="0"/>
    <Peak1D F1="143.8078" intensity="3.499139e+001" type="0"/>
    <Peak1D F1="141.0975" intensity="7.651619e+000" type="0"/>
    <Peak1D F1="140.5406" intensity="3.569070e+001" type="0"/>
    <Peak1D F1="134.1509" intensity="7.311386e+000" type="0"/>
    <Peak1D F1="130.8076" intensity="5.098168e+001" type="0"/>
    <Peak1D F1="130.2115" intensity="1.706564e+002" type="0"/>
    <Peak1D F1="128.3700" intensity="1.706797e+002" type="0"/>
    <Peak1D F1="128.2674" intensity="1.790897e+002" type="0"/>
    <Peak1D F1="127.9503" intensity="1.663458e+002" type="0"/>
    <Peak1D F1="127.4305" intensity="1.723444e+002" type="0"/>
    <Peak1D F1="127.0663" intensity="7.949093e+001" type="0"/>
    <Peak1D F1="126.7228" intensity="8.189097e+001" type="0"/>
    <Peak1D F1="113.7794" intensity="1.702013e+002" type="0"/>
    <Peak1D F1="77.3400" intensity="1.194442e+003" type="0"/>
    <Peak1D F1="77.2261" intensity="4.323489e+001" type="0"/>
    <Peak1D F1="77.0221" intensity="1.219512e+003" type="0"/>
    <Peak1D F1="76.7041" intensity="1.199614e+003" type="0"/>
    <Peak1D F1="75.0344" intensity="7.300120e+000" type="0"/>
    <Peak1D F1="63.7807" intensity="7.556608e+001" type="0"/>
    <Peak1D F1="59.4930" intensity="7.697563e+000" type="0"/>
    <Peak1D F1="59.3733" intensity="7.241475e+000" type="0"/>
    <Peak1D F1="55.2485" intensity="8.786688e+001" type="0"/>
    <Peak1D F1="51.4033" intensity="7.597810e+001" type="0"/>
    <Peak1D F1="44.4218" intensity="6.944597e+001" type="0"/>
  </PeakList1D>
</PeakList>
