<?xml version="1.0" encoding="UTF-8"?>
<PeakList modified="2019-09-17T07:39:06">
  <PeakList1D>
    <PeakList1DHeader creator="puk06221" date="2019-09-17T07:39:06" expNo="2" name="XSant002" owner="" procNo="1" source="C:\Bruker\TopSpin3.2PL7\data\puk06221\nmr">
      <PeakPickDetails>F1=209.484314ppm, F2=-0.481573ppm, MI=0.02cm, MAXI=12.99cm, PC=1.400
      </PeakPickDetails>
    </PeakList1DHeader>
    <Peak1D F1="172.0876" intensity="0.12" type="0"/>
    <Peak1D F1="171.6483" intensity="0.25" type="0"/>
    <Peak1D F1="171.0490" intensity="0.05" type="0"/>
    <Peak1D F1="170.6589" intensity="0.03" type="0"/>
    <Peak1D F1="170.1640" intensity="0.10" type="0"/>
    <Peak1D F1="136.7541" intensity="0.16" type="0"/>
    <Peak1D F1="127.0648" intensity="0.17" type="0"/>
    <Peak1D F1="125.9507" intensity="0.17" type="0"/>
    <Peak1D F1="122.1955" intensity="0.12" type="0"/>
    <Peak1D F1="118.9307" intensity="0.12" type="0"/>
    <Peak1D F1="118.6147" intensity="0.13" type="0"/>
    <Peak1D F1="113.1909" intensity="0.15" type="0"/>
    <Peak1D F1="111.1654" intensity="0.12" type="0"/>
    <Peak1D F1="53.1221" intensity="0.08" type="0"/>
    <Peak1D F1="52.5610" intensity="0.08" type="0"/>
    <Peak1D F1="51.5871" intensity="0.25" type="0"/>
    <Peak1D F1="41.5038" intensity="0.05" type="0"/>
    <Peak1D F1="40.1253" intensity="1.78" type="0"/>
    <Peak1D F1="39.9166" intensity="5.36" type="0"/>
    <Peak1D F1="39.7079" intensity="10.65" type="0"/>
    <Peak1D F1="39.4991" intensity="12.50" type="0"/>
    <Peak1D F1="39.2903" intensity="10.62" type="0"/>
    <Peak1D F1="39.0817" intensity="5.32" type="0"/>
    <Peak1D F1="38.8729" intensity="1.74" type="0"/>
    <Peak1D F1="37.4782" intensity="0.07" type="0"/>
    <Peak1D F1="31.4974" intensity="0.06" type="0"/>
    <Peak1D F1="30.1865" intensity="0.13" type="0"/>
    <Peak1D F1="26.7443" intensity="0.08" type="0"/>
  </PeakList1D>
</PeakList>
