<?xml version="1.0" encoding="UTF-8"?>
<PeakList>
  <PeakList1D>
    <PeakList1DHeader creator="nmrsu" date="2023-07-20T13:52:22.779-05:00" expNo="1258110" name="Jul20-2023" owner="" procNo="1" source="G:/data/chem-synthesis-summer-a-team2/nmr">
      <PeakPickDetails>F1=16.187771ppm, F2=-3.837772ppm, MI=0.00cm, MAXI=10000.00cm, PC=1.000
      </PeakPickDetails>
    </PeakList1DHeader>
    <Peak1D F1="13.989545" intensity="4.612557e-003" type="0"/>
    <Peak1D F1="8.719638" intensity="4.555282e-003" type="0"/>
    <Peak1D F1="7.911341" intensity="5.166640e-003" type="0"/>
    <Peak1D F1="7.872888" intensity="4.862784e-003" type="0"/>
    <Peak1D F1="7.788661" intensity="4.803450e-003" type="0"/>
    <Peak1D F1="7.701513" intensity="5.714653e-003" type="0"/>
    <Peak1D F1="7.638320" intensity="6.150518e-003" type="0"/>
    <Peak1D F1="7.617702" intensity="6.896850e-003" type="0"/>
    <Peak1D F1="7.540923" intensity="1.128541e-002" type="0"/>
    <Peak1D F1="7.497634" intensity="1.457072e-002" type="0"/>
    <Peak1D F1="7.492640" intensity="1.627204e-002" type="0"/>
    <Peak1D F1="7.279261" intensity="3.462699e-001" type="0"/>
    <Peak1D F1="6.491521" intensity="5.396096e-003" type="0"/>
    <Peak1D F1="5.202632" intensity="4.432118e-003" type="0"/>
    <Peak1D F1="5.052991" intensity="4.816483e-003" type="0"/>
    <Peak1D F1="5.011523" intensity="4.793924e-003" type="0"/>
    <Peak1D F1="4.927891" intensity="5.183146e-003" type="0"/>
    <Peak1D F1="4.917065" intensity="4.724940e-003" type="0"/>
    <Peak1D F1="4.906599" intensity="5.341532e-003" type="0"/>
    <Peak1D F1="4.779017" intensity="2.393436e-002" type="0"/>
    <Peak1D F1="4.733032" intensity="2.050437e-002" type="0"/>
    <Peak1D F1="4.719301" intensity="1.992917e-002" type="0"/>
    <Peak1D F1="4.666560" intensity="1.836517e-002" type="0"/>
    <Peak1D F1="4.626793" intensity="1.867827e-002" type="0"/>
    <Peak1D F1="4.615870" intensity="1.840261e-002" type="0"/>
    <Peak1D F1="4.599164" intensity="1.890095e-002" type="0"/>
    <Peak1D F1="4.577055" intensity="1.865846e-002" type="0"/>
    <Peak1D F1="4.537206" intensity="2.011973e-002" type="0"/>
    <Peak1D F1="4.471812" intensity="2.330635e-002" type="0"/>
    <Peak1D F1="4.435346" intensity="2.087037e-002" type="0"/>
    <Peak1D F1="4.391675" intensity="2.214831e-002" type="0"/>
    <Peak1D F1="4.312486" intensity="2.552154e-002" type="0"/>
    <Peak1D F1="4.272591" intensity="2.694083e-002" type="0"/>
    <Peak1D F1="4.256102" intensity="2.663206e-002" type="0"/>
    <Peak1D F1="4.228360" intensity="2.815540e-002" type="0"/>
    <Peak1D F1="4.192059" intensity="2.947688e-002" type="0"/>
    <Peak1D F1="4.149565" intensity="3.371339e-002" type="0"/>
    <Peak1D F1="4.138535" intensity="3.715677e-002" type="0"/>
    <Peak1D F1="4.119172" intensity="3.595420e-002" type="0"/>
    <Peak1D F1="4.096999" intensity="3.353448e-002" type="0"/>
    <Peak1D F1="4.060861" intensity="3.558853e-002" type="0"/>
    <Peak1D F1="3.874127" intensity="8.778460e-002" type="0"/>
    <Peak1D F1="3.704389" intensity="2.037174e-001" type="0"/>
    <Peak1D F1="3.681975" intensity="2.331693e-001" type="0"/>
    <Peak1D F1="3.657674" intensity="1.829131e-001" type="0"/>
    <Peak1D F1="3.354557" intensity="3.509373e+000" type="0"/>
    <Peak1D F1="3.180783" intensity="1.275222e-001" type="0"/>
    <Peak1D F1="3.173021" intensity="1.286359e-001" type="0"/>
    <Peak1D F1="3.150654" intensity="1.300330e-001" type="0"/>
    <Peak1D F1="3.071967" intensity="1.193037e-001" type="0"/>
    <Peak1D F1="3.029627" intensity="1.198165e-001" type="0"/>
    <Peak1D F1="2.877796" intensity="1.619764e-001" type="0"/>
    <Peak1D F1="2.503486" intensity="3.227693e+000" type="0"/>
    <Peak1D F1="2.465894" intensity="3.395385e+000" type="0"/>
    <Peak1D F1="2.314814" intensity="2.689930e+000" type="0"/>
    <Peak1D F1="2.278855" intensity="1.530454e+000" type="0"/>
    <Peak1D F1="2.051877" intensity="4.131256e-001" type="0"/>
    <Peak1D F1="1.729680" intensity="1.500000e+001" type="0"/>
    <Peak1D F1="1.675085" intensity="8.753138e-002" type="0"/>
    <Peak1D F1="1.645554" intensity="1.252726e-001" type="0"/>
    <Peak1D F1="1.571325" intensity="1.087776e-001" type="0"/>
    <Peak1D F1="1.480092" intensity="3.004958e-002" type="0"/>
    <Peak1D F1="1.464320" intensity="3.140670e-002" type="0"/>
    <Peak1D F1="1.453062" intensity="3.198913e-002" type="0"/>
    <Peak1D F1="1.396683" intensity="3.696021e-002" type="0"/>
    <Peak1D F1="1.282242" intensity="8.515348e-002" type="0"/>
    <Peak1D F1="1.218340" intensity="1.770159e-002" type="0"/>
    <Peak1D F1="1.181686" intensity="2.042230e-002" type="0"/>
    <Peak1D F1="1.117892" intensity="2.191835e-002" type="0"/>
    <Peak1D F1="1.104058" intensity="2.133241e-002" type="0"/>
    <Peak1D F1="1.094020" intensity="2.246502e-002" type="0"/>
    <Peak1D F1="1.071329" intensity="2.415070e-002" type="0"/>
    <Peak1D F1="0.983628" intensity="4.124189e-002" type="0"/>
    <Peak1D F1="0.967467" intensity="3.849379e-002" type="0"/>
    <Peak1D F1="0.908041" intensity="7.543001e-002" type="0"/>
    <Peak1D F1="0.893614" intensity="8.459698e-002" type="0"/>
    <Peak1D F1="0.848177" intensity="2.082844e-002" type="0"/>
    <Peak1D F1="0.810781" intensity="6.298303e-003" type="0"/>
    <Peak1D F1="0.772810" intensity="6.194022e-003" type="0"/>
    <Peak1D F1="0.758201" intensity="5.668449e-003" type="0"/>
    <Peak1D F1="0.721593" intensity="5.957326e-003" type="0"/>
    <Peak1D F1="0.649269" intensity="5.572891e-003" type="0"/>
    <Peak1D F1="0.578330" intensity="5.509045e-003" type="0"/>
    <Peak1D F1="0.532557" intensity="4.550285e-003" type="0"/>
    <Peak1D F1="0.443257" intensity="4.858303e-003" type="0"/>
    <Peak1D F1="0.422625" intensity="4.649184e-003" type="0"/>
    <Peak1D F1="0.404496" intensity="4.924011e-003" type="0"/>
    <Peak1D F1="0.371662" intensity="4.716543e-003" type="0"/>
    <Peak1D F1="0.181043" intensity="4.490357e-003" type="0"/>
    <Peak1D F1="-3.370923" intensity="5.004036e-003" type="0"/>
  </PeakList1D>
</PeakList>
