<?xml version="1.0" encoding="UTF-8"?>
<PeakList>
  <PeakList1D>
    <PeakList1DHeader creator="nmrsu" date="2023-07-25T23:31:38.311-05:00" expNo="1268810" name="Jul25-2023" owner="" procNo="1" source="G:/data/chem-synthesis-summer-a-team3/nmr">
      <PeakPickDetails>F1=16.187771ppm, F2=-3.837772ppm, MI=0.00cm, MAXI=10000.00cm, PC=1.000
      </PeakPickDetails>
    </PeakList1DHeader>
    <Peak1D F1="16.149624" intensity="7.451230e-004" type="0"/>
    <Peak1D F1="16.104698" intensity="7.338196e-004" type="0"/>
    <Peak1D F1="15.918845" intensity="7.329490e-004" type="0"/>
    <Peak1D F1="15.869597" intensity="7.161171e-004" type="0"/>
    <Peak1D F1="15.864135" intensity="7.402273e-004" type="0"/>
    <Peak1D F1="15.838934" intensity="7.123979e-004" type="0"/>
    <Peak1D F1="15.809316" intensity="8.484827e-004" type="0"/>
    <Peak1D F1="15.749092" intensity="6.852664e-004" type="0"/>
    <Peak1D F1="15.657151" intensity="7.515110e-004" type="0"/>
    <Peak1D F1="15.636014" intensity="6.873981e-004" type="0"/>
    <Peak1D F1="15.453197" intensity="7.074230e-004" type="0"/>
    <Peak1D F1="15.179797" intensity="6.827264e-004" type="0"/>
    <Peak1D F1="15.079905" intensity="7.008036e-004" type="0"/>
    <Peak1D F1="11.865123" intensity="7.525818e-004" type="0"/>
    <Peak1D F1="10.540295" intensity="8.147544e-004" type="0"/>
    <Peak1D F1="10.101162" intensity="7.419950e-004" type="0"/>
    <Peak1D F1="9.916095" intensity="7.113434e-004" type="0"/>
    <Peak1D F1="9.829541" intensity="7.112111e-004" type="0"/>
    <Peak1D F1="9.629456" intensity="7.210783e-004" type="0"/>
    <Peak1D F1="8.167456" intensity="7.977673e-004" type="0"/>
    <Peak1D F1="8.143651" intensity="8.296305e-004" type="0"/>
    <Peak1D F1="8.094797" intensity="7.756587e-004" type="0"/>
    <Peak1D F1="8.087157" intensity="8.436890e-004" type="0"/>
    <Peak1D F1="8.067408" intensity="9.665774e-004" type="0"/>
    <Peak1D F1="8.045969" intensity="7.754417e-004" type="0"/>
    <Peak1D F1="7.999405" intensity="9.704727e-004" type="0"/>
    <Peak1D F1="7.958530" intensity="1.624925e-003" type="0"/>
    <Peak1D F1="7.953533" intensity="1.719750e-003" type="0"/>
    <Peak1D F1="7.928119" intensity="6.863691e-003" type="0"/>
    <Peak1D F1="7.922721" intensity="7.641511e-003" type="0"/>
    <Peak1D F1="7.906096" intensity="8.637533e-003" type="0"/>
    <Peak1D F1="7.722002" intensity="1.649320e+000" type="0"/>
    <Peak1D F1="7.701439" intensity="1.808520e+000" type="0"/>
    <Peak1D F1="7.654434" intensity="3.433926e-003" type="0"/>
    <Peak1D F1="7.620097" intensity="4.106403e-003" type="0"/>
    <Peak1D F1="7.542771" intensity="5.564639e-003" type="0"/>
    <Peak1D F1="7.528561" intensity="3.838148e-003" type="0"/>
    <Peak1D F1="7.512857" intensity="1.048336e-002" type="0"/>
    <Peak1D F1="7.505054" intensity="1.111941e-002" type="0"/>
    <Peak1D F1="7.497767" intensity="1.206638e-002" type="0"/>
    <Peak1D F1="7.491602" intensity="1.208996e-002" type="0"/>
    <Peak1D F1="7.457677" intensity="4.671495e-003" type="0"/>
    <Peak1D F1="7.409160" intensity="7.390440e-003" type="0"/>
    <Peak1D F1="7.395651" intensity="1.643323e-002" type="0"/>
    <Peak1D F1="7.370992" intensity="1.088215e-002" type="0"/>
    <Peak1D F1="7.308251" intensity="1.549596e+000" type="0"/>
    <Peak1D F1="7.287945" intensity="1.470687e+000" type="0"/>
    <Peak1D F1="7.261678" intensity="4.195674e-001" type="0"/>
    <Peak1D F1="7.214586" intensity="4.459459e-001" type="0"/>
    <Peak1D F1="7.198655" intensity="9.198862e-001" type="0"/>
    <Peak1D F1="7.171841" intensity="4.111371e-001" type="0"/>
    <Peak1D F1="7.153332" intensity="2.999302e-001" type="0"/>
    <Peak1D F1="7.106400" intensity="8.793731e-003" type="0"/>
    <Peak1D F1="7.089271" intensity="7.450154e-003" type="0"/>
    <Peak1D F1="7.076849" intensity="4.114146e-003" type="0"/>
    <Peak1D F1="7.055613" intensity="1.857969e-003" type="0"/>
    <Peak1D F1="7.019401" intensity="5.148823e-003" type="0"/>
    <Peak1D F1="7.000875" intensity="5.597530e-003" type="0"/>
    <Peak1D F1="6.971245" intensity="2.413559e-003" type="0"/>
    <Peak1D F1="6.950954" intensity="2.194141e-003" type="0"/>
    <Peak1D F1="6.932613" intensity="1.093371e-003" type="0"/>
    <Peak1D F1="6.912926" intensity="8.552336e-004" type="0"/>
    <Peak1D F1="6.905415" intensity="8.229789e-004" type="0"/>
    <Peak1D F1="5.309182" intensity="2.844327e-003" type="0"/>
    <Peak1D F1="5.170115" intensity="7.363831e-004" type="0"/>
    <Peak1D F1="5.154129" intensity="7.583696e-004" type="0"/>
    <Peak1D F1="4.468935" intensity="7.236560e-004" type="0"/>
    <Peak1D F1="4.166340" intensity="8.813303e-003" type="0"/>
    <Peak1D F1="4.148365" intensity="2.777641e-002" type="0"/>
    <Peak1D F1="4.130531" intensity="2.804910e-002" type="0"/>
    <Peak1D F1="4.112594" intensity="9.406029e-003" type="0"/>
    <Peak1D F1="3.965158" intensity="7.353846e-004" type="0"/>
    <Peak1D F1="3.885460" intensity="1.025357e-003" type="0"/>
    <Peak1D F1="3.863227" intensity="1.181846e-003" type="0"/>
    <Peak1D F1="3.845482" intensity="1.529151e-003" type="0"/>
    <Peak1D F1="3.824556" intensity="4.727275e-003" type="0"/>
    <Peak1D F1="3.789638" intensity="3.312008e-003" type="0"/>
    <Peak1D F1="3.733763" intensity="5.081372e-003" type="0"/>
    <Peak1D F1="3.680281" intensity="1.104902e-002" type="0"/>
    <Peak1D F1="3.665564" intensity="1.374320e-002" type="0"/>
    <Peak1D F1="3.557182" intensity="1.496060e-001" type="0"/>
    <Peak1D F1="3.522422" intensity="1.296726e-001" type="0"/>
    <Peak1D F1="3.504801" intensity="1.813785e-001" type="0"/>
    <Peak1D F1="3.487266" intensity="1.671092e-001" type="0"/>
    <Peak1D F1="3.469748" intensity="7.871730e-002" type="0"/>
    <Peak1D F1="3.440330" intensity="3.921087e-002" type="0"/>
    <Peak1D F1="3.422440" intensity="5.126355e-002" type="0"/>
    <Peak1D F1="3.404619" intensity="5.160382e-002" type="0"/>
    <Peak1D F1="3.386684" intensity="4.182600e-002" type="0"/>
    <Peak1D F1="3.270481" intensity="1.302358e+000" type="0"/>
    <Peak1D F1="3.252603" intensity="3.710728e+000" type="0"/>
    <Peak1D F1="3.234740" intensity="3.715353e+000" type="0"/>
    <Peak1D F1="3.216874" intensity="1.223652e+000" type="0"/>
    <Peak1D F1="3.095745" intensity="9.529782e-003" type="0"/>
    <Peak1D F1="3.077844" intensity="2.135743e-002" type="0"/>
    <Peak1D F1="3.060056" intensity="2.065597e-002" type="0"/>
    <Peak1D F1="3.041847" intensity="7.433373e-003" type="0"/>
    <Peak1D F1="3.025041" intensity="1.728992e-003" type="0"/>
    <Peak1D F1="3.003058" intensity="1.757863e-003" type="0"/>
    <Peak1D F1="2.990474" intensity="1.894823e-003" type="0"/>
    <Peak1D F1="2.974931" intensity="1.385044e-003" type="0"/>
    <Peak1D F1="2.929772" intensity="1.097482e-003" type="0"/>
    <Peak1D F1="2.888020" intensity="9.865890e-004" type="0"/>
    <Peak1D F1="2.857243" intensity="7.844251e-004" type="0"/>
    <Peak1D F1="2.838290" intensity="9.629387e-004" type="0"/>
    <Peak1D F1="2.824239" intensity="9.499392e-004" type="0"/>
    <Peak1D F1="2.786796" intensity="7.991546e-004" type="0"/>
    <Peak1D F1="2.757609" intensity="9.350415e-004" type="0"/>
    <Peak1D F1="2.706912" intensity="2.383145e-002" type="0"/>
    <Peak1D F1="2.676303" intensity="1.715399e-003" type="0"/>
    <Peak1D F1="2.645248" intensity="2.593888e-003" type="0"/>
    <Peak1D F1="2.587754" intensity="3.448129e-002" type="0"/>
    <Peak1D F1="2.539603" intensity="2.386944e-002" type="0"/>
    <Peak1D F1="2.430740" intensity="5.792327e+000" type="0"/>
    <Peak1D F1="2.409446" intensity="5.124153e-002" type="0"/>
    <Peak1D F1="2.383024" intensity="3.191979e+000" type="0"/>
    <Peak1D F1="2.336424" intensity="5.470070e-003" type="0"/>
    <Peak1D F1="2.321975" intensity="3.372479e-003" type="0"/>
    <Peak1D F1="2.306511" intensity="4.408040e-003" type="0"/>
    <Peak1D F1="2.270211" intensity="3.267736e-002" type="0"/>
    <Peak1D F1="2.223140" intensity="1.821651e-002" type="0"/>
    <Peak1D F1="2.182924" intensity="1.340333e-002" type="0"/>
    <Peak1D F1="2.136024" intensity="1.997509e-003" type="0"/>
    <Peak1D F1="2.096940" intensity="2.986286e-003" type="0"/>
    <Peak1D F1="2.072803" intensity="4.641226e-003" type="0"/>
    <Peak1D F1="2.057584" intensity="1.263865e-001" type="0"/>
    <Peak1D F1="2.038344" intensity="5.662477e-003" type="0"/>
    <Peak1D F1="2.023348" intensity="5.363230e-003" type="0"/>
    <Peak1D F1="2.000582" intensity="5.409010e-003" type="0"/>
    <Peak1D F1="1.956159" intensity="1.993110e-002" type="0"/>
    <Peak1D F1="1.938554" intensity="7.366888e-002" type="0"/>
    <Peak1D F1="1.919604" intensity="1.889913e-001" type="0"/>
    <Peak1D F1="1.901483" intensity="3.314747e-001" type="0"/>
    <Peak1D F1="1.883721" intensity="3.660617e-001" type="0"/>
    <Peak1D F1="1.866166" intensity="2.497684e-001" type="0"/>
    <Peak1D F1="1.846469" intensity="1.136078e-001" type="0"/>
    <Peak1D F1="1.829629" intensity="5.088936e-002" type="0"/>
    <Peak1D F1="1.781857" intensity="2.994334e-001" type="0"/>
    <Peak1D F1="1.779406" intensity="2.975881e-001" type="0"/>
    <Peak1D F1="1.775322" intensity="2.981799e-001" type="0"/>
    <Peak1D F1="1.766959" intensity="4.361741e-001" type="0"/>
    <Peak1D F1="1.762478" intensity="4.020593e-001" type="0"/>
    <Peak1D F1="1.754156" intensity="5.186410e-001" type="0"/>
    <Peak1D F1="1.736390" intensity="4.741904e-001" type="0"/>
    <Peak1D F1="1.725381" intensity="3.797385e-001" type="0"/>
    <Peak1D F1="1.715527" intensity="1.960844e-001" type="0"/>
    <Peak1D F1="1.707980" intensity="2.263712e-001" type="0"/>
    <Peak1D F1="1.682008" intensity="9.000206e-002" type="0"/>
    <Peak1D F1="1.672230" intensity="1.275607e-001" type="0"/>
    <Peak1D F1="1.653519" intensity="3.092628e-001" type="0"/>
    <Peak1D F1="1.644063" intensity="4.462615e-001" type="0"/>
    <Peak1D F1="1.632967" intensity="5.635995e-001" type="0"/>
    <Peak1D F1="1.624486" intensity="3.553137e-001" type="0"/>
    <Peak1D F1="1.622329" intensity="3.557096e-001" type="0"/>
    <Peak1D F1="1.615871" intensity="4.201505e-001" type="0"/>
    <Peak1D F1="1.609005" intensity="2.710782e-001" type="0"/>
    <Peak1D F1="1.600381" intensity="2.126783e-001" type="0"/>
    <Peak1D F1="1.592851" intensity="2.636887e-001" type="0"/>
    <Peak1D F1="1.576721" intensity="3.203545e-001" type="0"/>
    <Peak1D F1="1.570381" intensity="2.292015e-001" type="0"/>
    <Peak1D F1="1.560133" intensity="3.868895e-001" type="0"/>
    <Peak1D F1="1.556400" intensity="3.120894e-001" type="0"/>
    <Peak1D F1="1.545012" intensity="5.287954e-001" type="0"/>
    <Peak1D F1="1.536782" intensity="4.767471e-001" type="0"/>
    <Peak1D F1="1.528362" intensity="6.161284e-001" type="0"/>
    <Peak1D F1="1.516597" intensity="4.602176e-001" type="0"/>
    <Peak1D F1="1.509959" intensity="3.245816e-001" type="0"/>
    <Peak1D F1="1.499549" intensity="1.841796e-001" type="0"/>
    <Peak1D F1="1.485291" intensity="9.648839e-002" type="0"/>
    <Peak1D F1="1.479904" intensity="9.926325e-002" type="0"/>
    <Peak1D F1="1.475472" intensity="9.751309e-002" type="0"/>
    <Peak1D F1="1.447566" intensity="3.489709e-001" type="0"/>
    <Peak1D F1="1.426936" intensity="9.616993e-002" type="0"/>
    <Peak1D F1="1.414864" intensity="1.116198e-001" type="0"/>
    <Peak1D F1="1.406908" intensity="1.920093e-001" type="0"/>
    <Peak1D F1="1.394319" intensity="2.517263e-001" type="0"/>
    <Peak1D F1="1.388543" intensity="4.427754e-001" type="0"/>
    <Peak1D F1="1.375382" intensity="6.858468e-001" type="0"/>
    <Peak1D F1="1.369981" intensity="6.376321e-001" type="0"/>
    <Peak1D F1="1.356530" intensity="1.262931e+000" type="0"/>
    <Peak1D F1="1.342498" intensity="1.761382e+000" type="0"/>
    <Peak1D F1="1.338213" intensity="1.847332e+000" type="0"/>
    <Peak1D F1="1.324539" intensity="3.307245e+000" type="0"/>
    <Peak1D F1="1.305662" intensity="4.234257e+000" type="0"/>
    <Peak1D F1="1.286920" intensity="9.881031e+000" type="0"/>
    <Peak1D F1="1.243866" intensity="8.833469e-001" type="0"/>
    <Peak1D F1="1.226006" intensity="7.276230e-001" type="0"/>
    <Peak1D F1="1.214144" intensity="3.849536e-001" type="0"/>
    <Peak1D F1="1.208333" intensity="4.034790e-001" type="0"/>
    <Peak1D F1="1.193946" intensity="5.922068e-001" type="0"/>
    <Peak1D F1="1.178253" intensity="1.172742e+000" type="0"/>
    <Peak1D F1="1.160334" intensity="5.017620e+000" type="0"/>
    <Peak1D F1="1.142481" intensity="8.448792e+000" type="0"/>
    <Peak1D F1="1.124650" intensity="4.306732e+000" type="0"/>
    <Peak1D F1="1.109811" intensity="8.625293e-001" type="0"/>
    <Peak1D F1="1.097559" intensity="5.994724e-001" type="0"/>
    <Peak1D F1="1.092364" intensity="5.419775e-001" type="0"/>
    <Peak1D F1="1.083689" intensity="4.832586e-001" type="0"/>
    <Peak1D F1="1.078234" intensity="5.516734e-001" type="0"/>
    <Peak1D F1="1.067418" intensity="5.248656e-001" type="0"/>
    <Peak1D F1="1.058116" intensity="4.090873e-001" type="0"/>
    <Peak1D F1="1.048185" intensity="4.511003e-001" type="0"/>
    <Peak1D F1="1.029335" intensity="2.461398e-001" type="0"/>
    <Peak1D F1="1.008085" intensity="1.455235e-001" type="0"/>
    <Peak1D F1="0.994277" intensity="3.619227e+000" type="0"/>
    <Peak1D F1="0.977725" intensity="3.454222e+000" type="0"/>
    <Peak1D F1="0.964183" intensity="1.713934e-001" type="0"/>
    <Peak1D F1="0.920291" intensity="6.011187e+000" type="0"/>
    <Peak1D F1="0.915276" intensity="4.645312e+000" type="0"/>
    <Peak1D F1="0.903736" intensity="1.500000e+001" type="0"/>
    <Peak1D F1="0.895695" intensity="8.054840e+000" type="0"/>
    <Peak1D F1="0.891943" intensity="6.764180e+000" type="0"/>
    <Peak1D F1="0.886269" intensity="7.084573e+000" type="0"/>
    <Peak1D F1="0.876832" intensity="1.077246e+001" type="0"/>
    <Peak1D F1="0.871591" intensity="5.633051e+000" type="0"/>
    <Peak1D F1="0.865509" intensity="1.335356e+000" type="0"/>
    <Peak1D F1="0.855439" intensity="4.979034e+000" type="0"/>
    <Peak1D F1="0.820911" intensity="6.742217e-002" type="0"/>
    <Peak1D F1="0.814896" intensity="4.875053e-002" type="0"/>
    <Peak1D F1="0.763269" intensity="4.927939e-002" type="0"/>
    <Peak1D F1="0.746389" intensity="1.012407e-001" type="0"/>
    <Peak1D F1="0.738412" intensity="5.393102e-002" type="0"/>
    <Peak1D F1="0.728738" intensity="5.400118e-002" type="0"/>
    <Peak1D F1="0.719646" intensity="7.022732e-002" type="0"/>
    <Peak1D F1="0.714910" intensity="3.835393e-002" type="0"/>
    <Peak1D F1="0.698804" intensity="3.441826e-002" type="0"/>
    <Peak1D F1="0.617581" intensity="4.216384e-003" type="0"/>
    <Peak1D F1="0.600126" intensity="3.925512e-003" type="0"/>
    <Peak1D F1="0.482261" intensity="2.299907e-003" type="0"/>
    <Peak1D F1="0.463535" intensity="2.153742e-003" type="0"/>
    <Peak1D F1="0.451515" intensity="1.826160e-003" type="0"/>
    <Peak1D F1="0.385865" intensity="1.550721e-003" type="0"/>
    <Peak1D F1="0.357433" intensity="1.424359e-003" type="0"/>
    <Peak1D F1="0.332254" intensity="1.292171e-003" type="0"/>
    <Peak1D F1="0.303227" intensity="1.226885e-003" type="0"/>
    <Peak1D F1="0.290554" intensity="1.347149e-003" type="0"/>
    <Peak1D F1="0.257387" intensity="9.421608e-004" type="0"/>
    <Peak1D F1="0.223431" intensity="1.049732e-003" type="0"/>
    <Peak1D F1="0.172160" intensity="1.041105e-003" type="0"/>
    <Peak1D F1="0.159184" intensity="8.635517e-004" type="0"/>
    <Peak1D F1="0.094177" intensity="2.992712e-003" type="0"/>
  </PeakList1D>
</PeakList>
