<?xml version="1.0" encoding="UTF-8"?>
<PeakList>
  <PeakList1D>
    <PeakList1DHeader creator="nmr400" date="2019-08-22T18:12:32.721+02:00" expNo="920" name="4Aug2219" owner="" procNo="1" source="/opt/topspin3.2/data/nmr400/nmr">
      <PeakPickDetails>F1=16.093691ppm, F2=-3.924846ppm, MI=0.00cm, MAXI=10000.00cm, PC=1.000
      </PeakPickDetails>
    </PeakList1DHeader>
    <Peak1D F1="13.332459" intensity="3.795056e-03" type="0"/>
    <Peak1D F1="11.765702" intensity="4.572761e-03" type="0"/>
    <Peak1D F1="8.149425" intensity="1.896650e-02" type="0"/>
    <Peak1D F1="8.130995" intensity="2.019232e-02" type="0"/>
    <Peak1D F1="8.045098" intensity="4.682798e-03" type="0"/>
    <Peak1D F1="8.028658" intensity="5.094068e-03" type="0"/>
    <Peak1D F1="8.024783" intensity="4.466623e-03" type="0"/>
    <Peak1D F1="8.012394" intensity="6.992892e-03" type="0"/>
    <Peak1D F1="7.985317" intensity="1.948413e-02" type="0"/>
    <Peak1D F1="7.964130" intensity="2.303161e-02" type="0"/>
    <Peak1D F1="7.951360" intensity="1.762748e-02" type="0"/>
    <Peak1D F1="7.947545" intensity="1.758868e-02" type="0"/>
    <Peak1D F1="7.927671" intensity="2.896728e-02" type="0"/>
    <Peak1D F1="7.905001" intensity="1.936619e-02" type="0"/>
    <Peak1D F1="7.870879" intensity="4.668380e-03" type="0"/>
    <Peak1D F1="7.860897" intensity="4.668378e-03" type="0"/>
    <Peak1D F1="7.808486" intensity="7.726045e-03" type="0"/>
    <Peak1D F1="7.790559" intensity="7.463100e-03" type="0"/>
    <Peak1D F1="7.773682" intensity="7.652941e-03" type="0"/>
    <Peak1D F1="7.753762" intensity="1.781843e-02" type="0"/>
    <Peak1D F1="7.750478" intensity="1.699065e-02" type="0"/>
    <Peak1D F1="7.736349" intensity="1.900153e-02" type="0"/>
    <Peak1D F1="7.732656" intensity="2.967164e-02" type="0"/>
    <Peak1D F1="7.729047" intensity="1.486136e-02" type="0"/>
    <Peak1D F1="7.715117" intensity="1.814106e-02" type="0"/>
    <Peak1D F1="7.711637" intensity="1.608888e-02" type="0"/>
    <Peak1D F1="7.683083" intensity="4.013180e-03" type="0"/>
    <Peak1D F1="7.669968" intensity="4.989424e-03" type="0"/>
    <Peak1D F1="7.616017" intensity="3.364072e-02" type="0"/>
    <Peak1D F1="7.612885" intensity="3.093887e-02" type="0"/>
    <Peak1D F1="7.598503" intensity="3.300106e-02" type="0"/>
    <Peak1D F1="7.595267" intensity="4.016256e-02" type="0"/>
    <Peak1D F1="7.591902" intensity="3.085194e-02" type="0"/>
    <Peak1D F1="7.577657" intensity="2.110424e-02" type="0"/>
    <Peak1D F1="7.574470" intensity="2.261568e-02" type="0"/>
    <Peak1D F1="7.568833" intensity="2.295543e-02" type="0"/>
    <Peak1D F1="7.551117" intensity="1.870749e-02" type="0"/>
    <Peak1D F1="7.518321" intensity="1.915585e-02" type="0"/>
    <Peak1D F1="7.510264" intensity="2.230521e-02" type="0"/>
    <Peak1D F1="7.504470" intensity="2.651309e-02" type="0"/>
    <Peak1D F1="7.496209" intensity="3.952705e-02" type="0"/>
    <Peak1D F1="7.488968" intensity="3.601676e-02" type="0"/>
    <Peak1D F1="7.483894" intensity="3.957171e-02" type="0"/>
    <Peak1D F1="7.468602" intensity="8.159239e-02" type="0"/>
    <Peak1D F1="7.459148" intensity="5.366947e-02" type="0"/>
    <Peak1D F1="7.453618" intensity="1.150280e-01" type="0"/>
    <Peak1D F1="7.449339" intensity="9.809941e-02" type="0"/>
    <Peak1D F1="7.438920" intensity="5.583194e-02" type="0"/>
    <Peak1D F1="7.434128" intensity="5.976915e-02" type="0"/>
    <Peak1D F1="7.430291" intensity="4.867550e-02" type="0"/>
    <Peak1D F1="7.416092" intensity="1.061223e-01" type="0"/>
    <Peak1D F1="7.408536" intensity="1.900136e-01" type="0"/>
    <Peak1D F1="7.400746" intensity="1.790965e-01" type="0"/>
    <Peak1D F1="7.396656" intensity="1.952072e-01" type="0"/>
    <Peak1D F1="7.375332" intensity="9.094692e-02" type="0"/>
    <Peak1D F1="7.360134" intensity="1.106886e-01" type="0"/>
    <Peak1D F1="7.351590" intensity="1.357657e-01" type="0"/>
    <Peak1D F1="7.338029" intensity="2.398346e-01" type="0"/>
    <Peak1D F1="7.330549" intensity="3.641015e-01" type="0"/>
    <Peak1D F1="7.325686" intensity="3.829665e-01" type="0"/>
    <Peak1D F1="7.320660" intensity="4.501452e-01" type="0"/>
    <Peak1D F1="7.312030" intensity="1.139782e+00" type="0"/>
    <Peak1D F1="7.307139" intensity="3.871390e+00" type="0"/>
    <Peak1D F1="7.301655" intensity="3.258918e+00" type="0"/>
    <Peak1D F1="7.297142" intensity="6.951929e+00" type="0"/>
    <Peak1D F1="7.293424" intensity="4.483396e+00" type="0"/>
    <Peak1D F1="7.290269" intensity="1.054319e+01" type="0"/>
    <Peak1D F1="7.285531" intensity="2.901453e+00" type="0"/>
    <Peak1D F1="7.281410" intensity="3.330539e+00" type="0"/>
    <Peak1D F1="7.274681" intensity="2.847414e+00" type="0"/>
    <Peak1D F1="7.271518" intensity="4.869476e+00" type="0"/>
    <Peak1D F1="7.262641" intensity="3.202486e+00" type="0"/>
    <Peak1D F1="7.261618" intensity="3.063628e+00" type="0"/>
    <Peak1D F1="7.256939" intensity="1.631465e+00" type="0"/>
    <Peak1D F1="7.254432" intensity="1.746375e+00" type="0"/>
    <Peak1D F1="7.252891" intensity="2.044169e+00" type="0"/>
    <Peak1D F1="7.246583" intensity="1.465756e+00" type="0"/>
    <Peak1D F1="7.238403" intensity="2.782438e-01" type="0"/>
    <Peak1D F1="7.211392" intensity="9.188221e-02" type="0"/>
    <Peak1D F1="7.193912" intensity="1.829683e+00" type="0"/>
    <Peak1D F1="7.172822" intensity="3.849550e-02" type="0"/>
    <Peak1D F1="7.152708" intensity="3.349498e-02" type="0"/>
    <Peak1D F1="7.148106" intensity="3.433227e-02" type="0"/>
    <Peak1D F1="7.130991" intensity="3.226834e-02" type="0"/>
    <Peak1D F1="7.116181" intensity="3.406709e-02" type="0"/>
    <Peak1D F1="7.107009" intensity="3.858947e-02" type="0"/>
    <Peak1D F1="7.094223" intensity="4.327267e-02" type="0"/>
    <Peak1D F1="7.086632" intensity="3.171779e-02" type="0"/>
    <Peak1D F1="7.073079" intensity="3.772074e-02" type="0"/>
    <Peak1D F1="7.064142" intensity="3.156906e-02" type="0"/>
    <Peak1D F1="7.051121" intensity="2.826938e-02" type="0"/>
    <Peak1D F1="7.042895" intensity="8.199208e-02" type="0"/>
    <Peak1D F1="7.028820" intensity="1.277403e-02" type="0"/>
    <Peak1D F1="7.003431" intensity="1.050080e-02" type="0"/>
    <Peak1D F1="6.974128" intensity="1.135419e-02" type="0"/>
    <Peak1D F1="6.940372" intensity="8.935815e-03" type="0"/>
    <Peak1D F1="6.929966" intensity="1.973198e-02" type="0"/>
    <Peak1D F1="6.869739" intensity="4.205279e-03" type="0"/>
    <Peak1D F1="6.824803" intensity="4.895907e-03" type="0"/>
    <Peak1D F1="6.809239" intensity="5.166338e-03" type="0"/>
    <Peak1D F1="6.574108" intensity="4.635340e-02" type="0"/>
    <Peak1D F1="6.242923" intensity="1.094445e-02" type="0"/>
    <Peak1D F1="6.088219" intensity="3.788584e-03" type="0"/>
    <Peak1D F1="5.979003" intensity="4.239742e-03" type="0"/>
    <Peak1D F1="5.956796" intensity="4.048903e-03" type="0"/>
    <Peak1D F1="5.916293" intensity="5.678780e-03" type="0"/>
    <Peak1D F1="5.901062" intensity="8.185026e-03" type="0"/>
    <Peak1D F1="5.865379" intensity="1.483771e-02" type="0"/>
    <Peak1D F1="5.845763" intensity="7.318107e-03" type="0"/>
    <Peak1D F1="5.826356" intensity="7.723842e-03" type="0"/>
    <Peak1D F1="5.817323" intensity="7.633616e-03" type="0"/>
    <Peak1D F1="5.783115" intensity="7.504124e-03" type="0"/>
    <Peak1D F1="5.759429" intensity="3.917711e-02" type="0"/>
    <Peak1D F1="5.729712" intensity="1.015205e-02" type="0"/>
    <Peak1D F1="5.672930" intensity="1.845121e-02" type="0"/>
    <Peak1D F1="5.616833" intensity="4.801347e-02" type="0"/>
    <Peak1D F1="5.574138" intensity="6.595569e+00" type="0"/>
    <Peak1D F1="5.555386" intensity="2.457366e-01" type="0"/>
    <Peak1D F1="5.540065" intensity="5.249053e-02" type="0"/>
    <Peak1D F1="5.523552" intensity="5.093916e-02" type="0"/>
    <Peak1D F1="5.498431" intensity="6.162666e-02" type="0"/>
    <Peak1D F1="5.474231" intensity="3.706619e-02" type="0"/>
    <Peak1D F1="5.441919" intensity="5.381203e-02" type="0"/>
    <Peak1D F1="5.385055" intensity="7.739940e-02" type="0"/>
    <Peak1D F1="5.305624" intensity="1.164604e-01" type="0"/>
    <Peak1D F1="5.274089" intensity="5.862859e-02" type="0"/>
    <Peak1D F1="5.264993" intensity="5.826645e-02" type="0"/>
    <Peak1D F1="5.223075" intensity="2.573561e+00" type="0"/>
    <Peak1D F1="5.181824" intensity="5.039162e-02" type="0"/>
    <Peak1D F1="5.173467" intensity="4.718723e-02" type="0"/>
    <Peak1D F1="5.154476" intensity="4.097513e-02" type="0"/>
    <Peak1D F1="5.066679" intensity="2.653049e-02" type="0"/>
    <Peak1D F1="5.025817" intensity="2.449300e-02" type="0"/>
    <Peak1D F1="4.998629" intensity="3.196263e-02" type="0"/>
    <Peak1D F1="4.991282" intensity="1.851359e-02" type="0"/>
    <Peak1D F1="4.925342" intensity="1.455780e-02" type="0"/>
    <Peak1D F1="4.892596" intensity="1.101387e-02" type="0"/>
    <Peak1D F1="4.823086" intensity="8.912188e-03" type="0"/>
    <Peak1D F1="4.800765" intensity="9.678369e-03" type="0"/>
    <Peak1D F1="4.764265" intensity="8.547030e-03" type="0"/>
    <Peak1D F1="4.732682" intensity="7.465807e-03" type="0"/>
    <Peak1D F1="4.722350" intensity="6.836283e-03" type="0"/>
    <Peak1D F1="4.688382" intensity="5.623714e-03" type="0"/>
    <Peak1D F1="4.680330" intensity="5.841999e-03" type="0"/>
    <Peak1D F1="4.641685" intensity="4.345919e-03" type="0"/>
    <Peak1D F1="4.603980" intensity="8.527309e-03" type="0"/>
    <Peak1D F1="4.536394" intensity="1.315149e-02" type="0"/>
    <Peak1D F1="4.488117" intensity="2.952127e-02" type="0"/>
    <Peak1D F1="4.435650" intensity="6.600979e-03" type="0"/>
    <Peak1D F1="4.428179" intensity="3.072548e-02" type="0"/>
    <Peak1D F1="4.379725" intensity="1.163648e-02" type="0"/>
    <Peak1D F1="4.167903" intensity="3.876632e-03" type="0"/>
    <Peak1D F1="4.088496" intensity="4.422092e-03" type="0"/>
    <Peak1D F1="4.043121" intensity="5.380986e-03" type="0"/>
    <Peak1D F1="3.989066" intensity="1.086264e-02" type="0"/>
    <Peak1D F1="3.981516" intensity="9.451062e-03" type="0"/>
    <Peak1D F1="3.976819" intensity="8.683858e-03" type="0"/>
    <Peak1D F1="3.965498" intensity="8.803703e-03" type="0"/>
    <Peak1D F1="3.946773" intensity="9.111110e-03" type="0"/>
    <Peak1D F1="3.901788" intensity="1.819991e-02" type="0"/>
    <Peak1D F1="3.883895" intensity="2.147868e-02" type="0"/>
    <Peak1D F1="3.866209" intensity="1.924046e-02" type="0"/>
    <Peak1D F1="3.851439" intensity="1.503898e-02" type="0"/>
    <Peak1D F1="3.847315" intensity="2.181384e-02" type="0"/>
    <Peak1D F1="3.822292" intensity="2.150263e-02" type="0"/>
    <Peak1D F1="3.785547" intensity="2.018092e-02" type="0"/>
    <Peak1D F1="3.720287" intensity="4.494948e-02" type="0"/>
    <Peak1D F1="3.701985" intensity="6.057432e-02" type="0"/>
    <Peak1D F1="3.688169" intensity="6.550430e-02" type="0"/>
    <Peak1D F1="3.673786" intensity="7.020264e-02" type="0"/>
    <Peak1D F1="3.656612" intensity="7.274580e-02" type="0"/>
    <Peak1D F1="3.530128" intensity="1.130132e+00" type="0"/>
    <Peak1D F1="3.457736" intensity="2.864170e-01" type="0"/>
    <Peak1D F1="3.440968" intensity="2.720500e-01" type="0"/>
    <Peak1D F1="3.402879" intensity="4.495949e-01" type="0"/>
    <Peak1D F1="3.383155" intensity="3.530183e-01" type="0"/>
    <Peak1D F1="3.358842" intensity="3.516633e-01" type="0"/>
    <Peak1D F1="3.343123" intensity="3.376492e-01" type="0"/>
    <Peak1D F1="3.337520" intensity="3.390385e-01" type="0"/>
    <Peak1D F1="3.282663" intensity="2.579476e-01" type="0"/>
    <Peak1D F1="3.171721" intensity="1.004250e-01" type="0"/>
    <Peak1D F1="3.160411" intensity="1.015952e-01" type="0"/>
    <Peak1D F1="3.141503" intensity="9.509763e-02" type="0"/>
    <Peak1D F1="3.130481" intensity="8.032267e-02" type="0"/>
    <Peak1D F1="3.110284" intensity="7.964735e-02" type="0"/>
    <Peak1D F1="3.104908" intensity="8.298205e-02" type="0"/>
    <Peak1D F1="3.089269" intensity="6.162664e-02" type="0"/>
    <Peak1D F1="2.964667" intensity="4.529285e-02" type="0"/>
    <Peak1D F1="2.946661" intensity="6.018206e-02" type="0"/>
    <Peak1D F1="2.936952" intensity="4.943155e-02" type="0"/>
    <Peak1D F1="2.919394" intensity="4.252070e-02" type="0"/>
    <Peak1D F1="2.902610" intensity="4.539243e-02" type="0"/>
    <Peak1D F1="2.887585" intensity="6.394775e-02" type="0"/>
    <Peak1D F1="2.850168" intensity="2.422626e-02" type="0"/>
    <Peak1D F1="2.831152" intensity="2.937800e-02" type="0"/>
    <Peak1D F1="2.813656" intensity="2.397602e-02" type="0"/>
    <Peak1D F1="2.796839" intensity="1.997387e-02" type="0"/>
    <Peak1D F1="2.788339" intensity="2.063851e-02" type="0"/>
    <Peak1D F1="2.763201" intensity="8.307040e-02" type="0"/>
    <Peak1D F1="2.697787" intensity="8.630706e-03" type="0"/>
    <Peak1D F1="2.674896" intensity="9.157437e-03" type="0"/>
    <Peak1D F1="2.586383" intensity="9.114608e-03" type="0"/>
    <Peak1D F1="2.578360" intensity="5.248081e-03" type="0"/>
    <Peak1D F1="2.559845" intensity="1.060906e-02" type="0"/>
    <Peak1D F1="2.485040" intensity="6.083001e-03" type="0"/>
    <Peak1D F1="2.467041" intensity="1.186321e-02" type="0"/>
    <Peak1D F1="2.447631" intensity="1.487623e-02" type="0"/>
    <Peak1D F1="2.424700" intensity="7.865079e-03" type="0"/>
    <Peak1D F1="2.401464" intensity="5.337080e-03" type="0"/>
    <Peak1D F1="2.383677" intensity="1.628777e-01" type="0"/>
    <Peak1D F1="2.367166" intensity="3.614227e-02" type="0"/>
    <Peak1D F1="2.329994" intensity="1.005638e-02" type="0"/>
    <Peak1D F1="2.312550" intensity="3.544338e-02" type="0"/>
    <Peak1D F1="2.305590" intensity="7.319084e-03" type="0"/>
    <Peak1D F1="2.258195" intensity="4.208854e-02" type="0"/>
    <Peak1D F1="2.246196" intensity="7.569109e-03" type="0"/>
    <Peak1D F1="2.225085" intensity="1.290934e-02" type="0"/>
    <Peak1D F1="2.207189" intensity="3.219581e-02" type="0"/>
    <Peak1D F1="2.161601" intensity="7.318421e-01" type="0"/>
    <Peak1D F1="2.149503" intensity="2.091097e-02" type="0"/>
    <Peak1D F1="2.142011" intensity="1.599281e-02" type="0"/>
    <Peak1D F1="2.133749" intensity="4.817442e-03" type="0"/>
    <Peak1D F1="2.115623" intensity="2.628247e-01" type="0"/>
    <Peak1D F1="2.107456" intensity="5.912898e-02" type="0"/>
    <Peak1D F1="2.103698" intensity="3.499593e-02" type="0"/>
    <Peak1D F1="2.094931" intensity="2.632081e-01" type="0"/>
    <Peak1D F1="2.077260" intensity="2.686266e-01" type="0"/>
    <Peak1D F1="2.059401" intensity="2.630824e-02" type="0"/>
    <Peak1D F1="2.044830" intensity="2.194987e-02" type="0"/>
    <Peak1D F1="2.034130" intensity="2.656688e-02" type="0"/>
    <Peak1D F1="2.029629" intensity="2.453378e-02" type="0"/>
    <Peak1D F1="2.013927" intensity="2.560051e-02" type="0"/>
    <Peak1D F1="2.001629" intensity="2.056857e-02" type="0"/>
    <Peak1D F1="1.987328" intensity="2.766782e-02" type="0"/>
    <Peak1D F1="1.971835" intensity="8.424669e-02" type="0"/>
    <Peak1D F1="1.951207" intensity="2.586253e-01" type="0"/>
    <Peak1D F1="1.935286" intensity="5.630727e-01" type="0"/>
    <Peak1D F1="1.926657" intensity="1.050837e+00" type="0"/>
    <Peak1D F1="1.916400" intensity="1.251943e+00" type="0"/>
    <Peak1D F1="1.907578" intensity="1.858092e+00" type="0"/>
    <Peak1D F1="1.900218" intensity="1.333741e+00" type="0"/>
    <Peak1D F1="1.890578" intensity="1.732608e+00" type="0"/>
    <Peak1D F1="1.873206" intensity="1.019253e+00" type="0"/>
    <Peak1D F1="1.860897" intensity="8.535768e-01" type="0"/>
    <Peak1D F1="1.832361" intensity="1.367364e+00" type="0"/>
    <Peak1D F1="1.819246" intensity="1.569887e+00" type="0"/>
    <Peak1D F1="1.811055" intensity="1.306889e+00" type="0"/>
    <Peak1D F1="1.805614" intensity="1.231541e+00" type="0"/>
    <Peak1D F1="1.796802" intensity="1.085640e+00" type="0"/>
    <Peak1D F1="1.781188" intensity="1.471307e+01" type="0"/>
    <Peak1D F1="1.778599" intensity="1.500000e+01" type="0"/>
    <Peak1D F1="1.753125" intensity="3.437471e-01" type="0"/>
    <Peak1D F1="1.736091" intensity="2.163961e-01" type="0"/>
    <Peak1D F1="1.731609" intensity="2.124173e-01" type="0"/>
    <Peak1D F1="1.728789" intensity="2.145879e-01" type="0"/>
    <Peak1D F1="1.702621" intensity="1.808236e-01" type="0"/>
    <Peak1D F1="1.683962" intensity="1.501032e-01" type="0"/>
    <Peak1D F1="1.663759" intensity="1.243803e-01" type="0"/>
    <Peak1D F1="1.646065" intensity="1.272865e-01" type="0"/>
    <Peak1D F1="1.635769" intensity="1.326664e-01" type="0"/>
    <Peak1D F1="1.620505" intensity="2.231470e-01" type="0"/>
    <Peak1D F1="1.617985" intensity="2.463216e-01" type="0"/>
    <Peak1D F1="1.595347" intensity="1.367600e+01" type="0"/>
    <Peak1D F1="1.592943" intensity="1.332255e+01" type="0"/>
    <Peak1D F1="1.565884" intensity="7.559350e-01" type="0"/>
    <Peak1D F1="1.534626" intensity="1.178905e-01" type="0"/>
    <Peak1D F1="1.517327" intensity="1.011020e-01" type="0"/>
    <Peak1D F1="1.492732" intensity="8.363825e-02" type="0"/>
    <Peak1D F1="1.480147" intensity="9.676883e-02" type="0"/>
    <Peak1D F1="1.461563" intensity="1.074906e-01" type="0"/>
    <Peak1D F1="1.444864" intensity="8.153581e-02" type="0"/>
    <Peak1D F1="1.434169" intensity="1.178594e-01" type="0"/>
    <Peak1D F1="1.431823" intensity="1.177253e-01" type="0"/>
    <Peak1D F1="1.421232" intensity="6.502439e-02" type="0"/>
    <Peak1D F1="1.408691" intensity="6.141797e-02" type="0"/>
    <Peak1D F1="1.354866" intensity="4.883040e-02" type="0"/>
    <Peak1D F1="1.335617" intensity="4.559320e-02" type="0"/>
    <Peak1D F1="1.299545" intensity="4.242683e-02" type="0"/>
    <Peak1D F1="1.278440" intensity="4.429964e-02" type="0"/>
    <Peak1D F1="1.262487" intensity="5.773732e-02" type="0"/>
    <Peak1D F1="1.231555" intensity="7.087639e-02" type="0"/>
    <Peak1D F1="1.212892" intensity="9.547108e-02" type="0"/>
    <Peak1D F1="1.183926" intensity="4.513357e-01" type="0"/>
    <Peak1D F1="1.160321" intensity="6.704034e-02" type="0"/>
    <Peak1D F1="1.089855" intensity="3.508097e-02" type="0"/>
    <Peak1D F1="1.075863" intensity="3.064243e-02" type="0"/>
    <Peak1D F1="1.069068" intensity="3.189685e-02" type="0"/>
    <Peak1D F1="1.048456" intensity="2.685553e-02" type="0"/>
    <Peak1D F1="0.987037" intensity="2.456279e-02" type="0"/>
    <Peak1D F1="0.940975" intensity="1.971590e-02" type="0"/>
    <Peak1D F1="0.922339" intensity="1.750723e-02" type="0"/>
    <Peak1D F1="0.900409" intensity="1.639395e-02" type="0"/>
    <Peak1D F1="0.872793" intensity="1.843287e-02" type="0"/>
    <Peak1D F1="0.811238" intensity="7.199371e-02" type="0"/>
    <Peak1D F1="0.807193" intensity="8.416441e-02" type="0"/>
    <Peak1D F1="0.789817" intensity="7.609764e-02" type="0"/>
    <Peak1D F1="0.774473" intensity="7.977269e-02" type="0"/>
    <Peak1D F1="0.760999" intensity="7.154069e-02" type="0"/>
    <Peak1D F1="0.743058" intensity="3.680952e-02" type="0"/>
    <Peak1D F1="0.737401" intensity="4.357447e-02" type="0"/>
    <Peak1D F1="0.718656" intensity="4.705953e-02" type="0"/>
    <Peak1D F1="0.700002" intensity="2.452934e-02" type="0"/>
    <Peak1D F1="0.656661" intensity="9.692581e-03" type="0"/>
    <Peak1D F1="0.638281" intensity="1.013999e-02" type="0"/>
    <Peak1D F1="0.612275" intensity="7.692620e-03" type="0"/>
    <Peak1D F1="0.584421" intensity="7.381070e-03" type="0"/>
    <Peak1D F1="0.541094" intensity="6.127572e-03" type="0"/>
    <Peak1D F1="0.467284" intensity="5.564883e-03" type="0"/>
    <Peak1D F1="0.447628" intensity="5.271274e-03" type="0"/>
    <Peak1D F1="0.383739" intensity="5.036301e-03" type="0"/>
    <Peak1D F1="0.347603" intensity="4.524111e-03" type="0"/>
    <Peak1D F1="0.269551" intensity="4.355138e-03" type="0"/>
    <Peak1D F1="0.249945" intensity="3.964017e-03" type="0"/>
    <Peak1D F1="0.105798" intensity="4.118970e-03" type="0"/>
    <Peak1D F1="0.065168" intensity="3.927422e-03" type="0"/>
    <Peak1D F1="-0.000149" intensity="1.598674e-01" type="0"/>
    <Peak1D F1="-2.809707" intensity="3.996515e-03" type="0"/>
    <Peak1D F1="-3.318316" intensity="4.667256e-03" type="0"/>
    <Peak1D F1="-3.559380" intensity="3.951911e-03" type="0"/>
    <Peak1D F1="-3.636554" intensity="3.975864e-03" type="0"/>
  </PeakList1D>
</PeakList>
