<?xml version="1.0" encoding="UTF-8"?>
<PeakList>
  <PeakList1D>
    <PeakList1DHeader creator="nmrsu" date="2018-09-14T11:05:44.268-03:00" expNo="2" name="2B236_ms238.2" owner="" procNo="1" source="C:/NMRData/data/marcio_marilia/nmr">
      <PeakPickDetails>F1=222.593ppm, F2=-22.603ppm, MI=0.00cm, MAXI=10000.00cm, PC=1.400
      </PeakPickDetails>
    </PeakList1DHeader>
    <Peak1D F1="172.1622" intensity="1.816944e+000" type="0"/>
    <Peak1D F1="171.2416" intensity="2.183832e+000" type="0"/>
    <Peak1D F1="156.2246" intensity="1.132098e+000" type="0"/>
    <Peak1D F1="136.5602" intensity="1.917531e+000" type="0"/>
    <Peak1D F1="127.4673" intensity="1.679766e+000" type="0"/>
    <Peak1D F1="125.3942" intensity="1.221606e+000" type="0"/>
    <Peak1D F1="123.2855" intensity="3.357932e+000" type="0"/>
    <Peak1D F1="119.8505" intensity="3.521098e+000" type="0"/>
    <Peak1D F1="119.2110" intensity="4.921557e+000" type="0"/>
    <Peak1D F1="114.5847" intensity="1.055147e+000" type="0"/>
    <Peak1D F1="111.3588" intensity="3.374760e+000" type="0"/>
    <Peak1D F1="80.7610" intensity="1.970294e+000" type="0"/>
    <Peak1D F1="77.3597" intensity="1.555653e+001" type="0"/>
    <Peak1D F1="77.0421" intensity="1.598351e+001" type="0"/>
    <Peak1D F1="76.7246" intensity="1.579399e+001" type="0"/>
    <Peak1D F1="53.4306" intensity="3.125767e+000" type="0"/>
    <Peak1D F1="52.6505" intensity="3.165808e+000" type="0"/>
    <Peak1D F1="52.0352" intensity="3.093565e+000" type="0"/>
    <Peak1D F1="40.6637" intensity="2.916865e+000" type="0"/>
    <Peak1D F1="30.9931" intensity="4.497274e+000" type="0"/>
    <Peak1D F1="28.2929" intensity="1.500000e+001" type="0"/>
  </PeakList1D>
</PeakList>
