<?xml version="1.0" encoding="UTF-8"?>
<PeakList>
  <PeakList1D>
    <PeakList1DHeader creator="nmrsu" date="2023-06-20T09:40:42.632-05:00" expNo="1210610" name="Jun20-2023" owner="" procNo="1" source="G:/data/chem-synthesis-a-team1/nmr">
      <PeakPickDetails>F1=219.460297ppm, F2=-19.460289ppm, MI=0.00cm, MAXI=10000.00cm, PC=1.400
      </PeakPickDetails>
    </PeakList1DHeader>
    <Peak1D F1="190.228378" intensity="4.965355e+000" type="0"/>
    <Peak1D F1="154.357819" intensity="2.575840e+000" type="0"/>
    <Peak1D F1="131.937332" intensity="3.704308e+000" type="0"/>
    <Peak1D F1="125.148735" intensity="1.815724e+000" type="0"/>
    <Peak1D F1="111.003807" intensity="1.500000e+001" type="0"/>
    <Peak1D F1="77.463821" intensity="3.393709e+000" type="0"/>
    <Peak1D F1="77.145454" intensity="3.495878e+000" type="0"/>
    <Peak1D F1="76.826996" intensity="3.377341e+000" type="0"/>
    <Peak1D F1="40.027325" intensity="1.105558e+001" type="0"/>
  </PeakList1D>
</PeakList>
