<?xml version="1.0" encoding="UTF-8"?>
<PeakList>
  <PeakList1D>
    <PeakList1DHeader creator="nmr" date="2020-04-02T19:04:23.647+08:00" expNo="30" name="xjb-xq-1" owner="" procNo="1" source="D:/he/data/chengfeixiang/nmr">
      <PeakPickDetails>F1=219.412292ppm, F2=-19.508282ppm, MI=0.00cm, MAXI=10000.00cm, PC=1.400
      </PeakPickDetails>
    </PeakList1DHeader>
    <Peak1D F1="211.918365" intensity="6.586058e+000" type="0"/>
    <Peak1D F1="209.121902" intensity="7.094806e+000" type="0"/>
    <Peak1D F1="208.805542" intensity="7.870284e+000" type="0"/>
    <Peak1D F1="163.866486" intensity="5.974007e+000" type="0"/>
    <Peak1D F1="151.628036" intensity="5.049315e+000" type="0"/>
    <Peak1D F1="150.352371" intensity="7.133135e+000" type="0"/>
    <Peak1D F1="149.789474" intensity="5.211232e+000" type="0"/>
    <Peak1D F1="140.281204" intensity="1.059433e+001" type="0"/>
    <Peak1D F1="138.562927" intensity="6.383443e+000" type="0"/>
    <Peak1D F1="124.058784" intensity="1.356366e+001" type="0"/>
    <Peak1D F1="118.389435" intensity="5.940092e+000" type="0"/>
    <Peak1D F1="105.276657" intensity="1.014381e+001" type="0"/>
    <Peak1D F1="77.444061" intensity="1.840282e+001" type="0"/>
    <Peak1D F1="77.410995" intensity="1.466112e+001" type="0"/>
    <Peak1D F1="77.325790" intensity="2.304150e+000" type="0"/>
    <Peak1D F1="77.125237" intensity="1.901471e+001" type="0"/>
    <Peak1D F1="77.092400" intensity="1.486793e+001" type="0"/>
    <Peak1D F1="76.806145" intensity="1.846672e+001" type="0"/>
    <Peak1D F1="76.774719" intensity="1.470541e+001" type="0"/>
    <Peak1D F1="67.021606" intensity="4.576186e-001" type="0"/>
    <Peak1D F1="60.373116" intensity="6.838858e-001" type="0"/>
    <Peak1D F1="56.824757" intensity="4.882188e-001" type="0"/>
    <Peak1D F1="56.687416" intensity="1.274201e+001" type="0"/>
    <Peak1D F1="51.622330" intensity="1.440390e+001" type="0"/>
    <Peak1D F1="48.839710" intensity="1.025657e+001" type="0"/>
    <Peak1D F1="46.705006" intensity="8.234247e+000" type="0"/>
    <Peak1D F1="45.635822" intensity="5.496022e-001" type="0"/>
    <Peak1D F1="45.422367" intensity="1.103954e+001" type="0"/>
    <Peak1D F1="45.168579" intensity="7.092168e+000" type="0"/>
    <Peak1D F1="44.913586" intensity="1.109392e+001" type="0"/>
    <Peak1D F1="42.703529" intensity="9.564232e+000" type="0"/>
    <Peak1D F1="38.556931" intensity="1.126619e+001" type="0"/>
    <Peak1D F1="36.414177" intensity="9.361099e+000" type="0"/>
    <Peak1D F1="35.918797" intensity="1.404394e+001" type="0"/>
    <Peak1D F1="35.660656" intensity="1.403046e+001" type="0"/>
    <Peak1D F1="35.424274" intensity="3.739500e-001" type="0"/>
    <Peak1D F1="35.128094" intensity="7.849139e+000" type="0"/>
    <Peak1D F1="34.223106" intensity="8.470684e+000" type="0"/>
    <Peak1D F1="30.275606" intensity="7.354591e+000" type="0"/>
    <Peak1D F1="27.585508" intensity="9.747072e+000" type="0"/>
    <Peak1D F1="24.978266" intensity="9.837442e+000" type="0"/>
    <Peak1D F1="21.825001" intensity="1.288818e+001" type="0"/>
    <Peak1D F1="21.071451" intensity="7.132563e-001" type="0"/>
    <Peak1D F1="18.560944" intensity="1.350327e+001" type="0"/>
    <Peak1D F1="14.176537" intensity="1.011725e+000" type="0"/>
    <Peak1D F1="11.837916" intensity="6.411788e-001" type="0"/>
    <Peak1D F1="11.697432" intensity="1.500000e+001" type="0"/>
    <Peak1D F1="0.984452" intensity="7.853277e-001" type="0"/>
    <Peak1D F1="-0.003645" intensity="8.761250e-001" type="0"/>
  </PeakList1D>
</PeakList>
