<?xml version="1.0" encoding="UTF-8"?>
<PeakList>
  <PeakList1D>
    <PeakList1DHeader creator="nmr600" date="2019-09-17T15:48:54.885+02:00" expNo="250" name="6Sep1719" owner="" procNo="1" source="/opt/topspin3.0/data/nmr600/nmr">
      <PeakPickDetails>F1=16.450729ppm, F2=-4.099918ppm, MI=0.00cm, MAXI=10000.00cm, PC=1.000
      </PeakPickDetails>
    </PeakList1DHeader>
    <Peak1D F1="16.340570" intensity="1.417589e-03" type="0"/>
    <Peak1D F1="16.315117" intensity="1.336932e-03" type="0"/>
    <Peak1D F1="16.298182" intensity="1.391093e-03" type="0"/>
    <Peak1D F1="16.216539" intensity="1.503361e-03" type="0"/>
    <Peak1D F1="16.132193" intensity="1.638891e-03" type="0"/>
    <Peak1D F1="16.079933" intensity="1.253630e-03" type="0"/>
    <Peak1D F1="16.055168" intensity="1.534490e-03" type="0"/>
    <Peak1D F1="16.005611" intensity="1.264785e-03" type="0"/>
    <Peak1D F1="15.953149" intensity="1.329075e-03" type="0"/>
    <Peak1D F1="15.913428" intensity="1.236740e-03" type="0"/>
    <Peak1D F1="15.837903" intensity="1.366292e-03" type="0"/>
    <Peak1D F1="15.822198" intensity="1.531711e-03" type="0"/>
    <Peak1D F1="15.595496" intensity="1.310162e-03" type="0"/>
    <Peak1D F1="11.398880" intensity="1.345829e-03" type="0"/>
    <Peak1D F1="11.210692" intensity="1.346475e-03" type="0"/>
    <Peak1D F1="10.715236" intensity="1.266886e-03" type="0"/>
    <Peak1D F1="10.364905" intensity="1.286452e-03" type="0"/>
    <Peak1D F1="10.031911" intensity="1.241521e-03" type="0"/>
    <Peak1D F1="9.995001" intensity="1.286360e-03" type="0"/>
    <Peak1D F1="8.246169" intensity="6.195093e-03" type="0"/>
    <Peak1D F1="8.231333" intensity="6.246779e-03" type="0"/>
    <Peak1D F1="8.092566" intensity="5.611239e-03" type="0"/>
    <Peak1D F1="8.064003" intensity="5.900562e-03" type="0"/>
    <Peak1D F1="8.050344" intensity="7.743873e-03" type="0"/>
    <Peak1D F1="7.982920" intensity="1.156055e-02" type="0"/>
    <Peak1D F1="7.969198" intensity="4.918748e-03" type="0"/>
    <Peak1D F1="7.955476" intensity="7.969994e-03" type="0"/>
    <Peak1D F1="7.943714" intensity="3.917104e-03" type="0"/>
    <Peak1D F1="7.860619" intensity="1.815157e-03" type="0"/>
    <Peak1D F1="7.844499" intensity="6.304666e-03" type="0"/>
    <Peak1D F1="7.830849" intensity="7.437301e-03" type="0"/>
    <Peak1D F1="7.818991" intensity="3.975053e-03" type="0"/>
    <Peak1D F1="7.726635" intensity="8.575775e-02" type="0"/>
    <Peak1D F1="7.718373" intensity="1.397441e-01" type="0"/>
    <Peak1D F1="7.712536" intensity="1.565527e-01" type="0"/>
    <Peak1D F1="7.677775" intensity="1.831013e-01" type="0"/>
    <Peak1D F1="7.672658" intensity="1.474498e-01" type="0"/>
    <Peak1D F1="7.663258" intensity="8.431029e-02" type="0"/>
    <Peak1D F1="7.626219" intensity="2.152876e-03" type="0"/>
    <Peak1D F1="7.610753" intensity="2.545386e-03" type="0"/>
    <Peak1D F1="7.596428" intensity="7.090901e-03" type="0"/>
    <Peak1D F1="7.582320" intensity="8.946105e-03" type="0"/>
    <Peak1D F1="7.560378" intensity="8.811486e-03" type="0"/>
    <Peak1D F1="7.549688" intensity="1.288701e-02" type="0"/>
    <Peak1D F1="7.530493" intensity="1.752398e-02" type="0"/>
    <Peak1D F1="7.521339" intensity="2.374695e-02" type="0"/>
    <Peak1D F1="7.510446" intensity="2.336267e-02" type="0"/>
    <Peak1D F1="7.497910" intensity="1.772692e-02" type="0"/>
    <Peak1D F1="7.481284" intensity="1.774162e-02" type="0"/>
    <Peak1D F1="7.469303" intensity="1.756988e-02" type="0"/>
    <Peak1D F1="7.458731" intensity="1.880773e-02" type="0"/>
    <Peak1D F1="7.442075" intensity="3.575075e-02" type="0"/>
    <Peak1D F1="7.429876" intensity="6.232486e-02" type="0"/>
    <Peak1D F1="7.417148" intensity="5.359658e-02" type="0"/>
    <Peak1D F1="7.408380" intensity="4.692718e-02" type="0"/>
    <Peak1D F1="7.391618" intensity="8.552412e-01" type="0"/>
    <Peak1D F1="7.380530" intensity="2.644836e+00" type="0"/>
    <Peak1D F1="7.368232" intensity="2.909912e+00" type="0"/>
    <Peak1D F1="7.359633" intensity="1.598316e+00" type="0"/>
    <Peak1D F1="7.352584" intensity="5.810639e-01" type="0"/>
    <Peak1D F1="7.348295" intensity="1.320605e+00" type="0"/>
    <Peak1D F1="7.342240" intensity="3.243334e-01" type="0"/>
    <Peak1D F1="7.336106" intensity="3.747356e-01" type="0"/>
    <Peak1D F1="7.311106" intensity="2.906085e+00" type="0"/>
    <Peak1D F1="7.299638" intensity="2.229100e+00" type="0"/>
    <Peak1D F1="7.254158" intensity="2.671961e-02" type="0"/>
    <Peak1D F1="7.242696" intensity="2.864237e-02" type="0"/>
    <Peak1D F1="7.231040" intensity="2.275327e-02" type="0"/>
    <Peak1D F1="7.213567" intensity="2.076528e-02" type="0"/>
    <Peak1D F1="7.190394" intensity="1.313520e-02" type="0"/>
    <Peak1D F1="7.178133" intensity="2.528905e-02" type="0"/>
    <Peak1D F1="7.165630" intensity="2.037893e-02" type="0"/>
    <Peak1D F1="7.150994" intensity="8.946543e-03" type="0"/>
    <Peak1D F1="7.135461" intensity="1.264988e-02" type="0"/>
    <Peak1D F1="7.121928" intensity="8.148435e-03" type="0"/>
    <Peak1D F1="7.103338" intensity="8.266413e-03" type="0"/>
    <Peak1D F1="7.093678" intensity="6.152187e-03" type="0"/>
    <Peak1D F1="7.059466" intensity="3.661139e-03" type="0"/>
    <Peak1D F1="6.998713" intensity="1.900912e-03" type="0"/>
    <Peak1D F1="6.986959" intensity="2.594580e-03" type="0"/>
    <Peak1D F1="6.965387" intensity="2.435134e-03" type="0"/>
    <Peak1D F1="6.942938" intensity="1.339773e-03" type="0"/>
    <Peak1D F1="6.890287" intensity="2.026763e-02" type="0"/>
    <Peak1D F1="6.798617" intensity="1.011682e-02" type="0"/>
    <Peak1D F1="6.780365" intensity="7.212526e-03" type="0"/>
    <Peak1D F1="6.714069" intensity="1.088505e-02" type="0"/>
    <Peak1D F1="6.659812" intensity="1.496761e-03" type="0"/>
    <Peak1D F1="6.622882" intensity="1.543840e-02" type="0"/>
    <Peak1D F1="6.480892" intensity="1.675940e-03" type="0"/>
    <Peak1D F1="5.900420" intensity="1.663069e-02" type="0"/>
    <Peak1D F1="5.887308" intensity="3.389970e-03" type="0"/>
    <Peak1D F1="5.860355" intensity="3.504447e-02" type="0"/>
    <Peak1D F1="5.777074" intensity="1.668784e+00" type="0"/>
    <Peak1D F1="5.752409" intensity="1.531306e+00" type="0"/>
    <Peak1D F1="5.686605" intensity="7.069308e-03" type="0"/>
    <Peak1D F1="5.649000" intensity="9.575879e-03" type="0"/>
    <Peak1D F1="5.598207" intensity="8.426672e-03" type="0"/>
    <Peak1D F1="5.582582" intensity="5.568376e-03" type="0"/>
    <Peak1D F1="5.576663" intensity="5.299425e-03" type="0"/>
    <Peak1D F1="5.336308" intensity="3.385274e-03" type="0"/>
    <Peak1D F1="5.326732" intensity="4.749528e-03" type="0"/>
    <Peak1D F1="5.184443" intensity="4.078900e-03" type="0"/>
    <Peak1D F1="5.176158" intensity="2.829427e-03" type="0"/>
    <Peak1D F1="5.008774" intensity="3.136543e-03" type="0"/>
    <Peak1D F1="4.838635" intensity="1.398939e-03" type="0"/>
    <Peak1D F1="4.814440" intensity="1.914958e-03" type="0"/>
    <Peak1D F1="4.805599" intensity="1.408633e-03" type="0"/>
    <Peak1D F1="4.537114" intensity="1.828107e-03" type="0"/>
    <Peak1D F1="4.354354" intensity="1.308822e-03" type="0"/>
    <Peak1D F1="4.272494" intensity="2.798726e-02" type="0"/>
    <Peak1D F1="4.260556" intensity="3.778482e-02" type="0"/>
    <Peak1D F1="4.245084" intensity="5.194762e-02" type="0"/>
    <Peak1D F1="4.232136" intensity="4.838786e-02" type="0"/>
    <Peak1D F1="4.220078" intensity="8.963878e-02" type="0"/>
    <Peak1D F1="4.211425" intensity="1.357571e-01" type="0"/>
    <Peak1D F1="4.201754" intensity="1.234698e-01" type="0"/>
    <Peak1D F1="4.161529" intensity="6.088681e-03" type="0"/>
    <Peak1D F1="4.140613" intensity="1.826016e-02" type="0"/>
    <Peak1D F1="4.130132" intensity="2.208619e-02" type="0"/>
    <Peak1D F1="4.110971" intensity="1.505290e-02" type="0"/>
    <Peak1D F1="4.037899" intensity="1.217139e-02" type="0"/>
    <Peak1D F1="4.022592" intensity="1.607432e-02" type="0"/>
    <Peak1D F1="4.014707" intensity="1.390815e-02" type="0"/>
    <Peak1D F1="3.989933" intensity="1.712827e-02" type="0"/>
    <Peak1D F1="3.976108" intensity="1.127831e-02" type="0"/>
    <Peak1D F1="3.946959" intensity="9.860267e-03" type="0"/>
    <Peak1D F1="3.934843" intensity="2.344919e-02" type="0"/>
    <Peak1D F1="3.926760" intensity="2.017060e-02" type="0"/>
    <Peak1D F1="3.892428" intensity="1.085179e-02" type="0"/>
    <Peak1D F1="3.863357" intensity="1.065164e-02" type="0"/>
    <Peak1D F1="3.839846" intensity="9.822002e-03" type="0"/>
    <Peak1D F1="3.830524" intensity="1.067792e-02" type="0"/>
    <Peak1D F1="3.805170" intensity="1.306349e-02" type="0"/>
    <Peak1D F1="3.792381" intensity="1.547401e-02" type="0"/>
    <Peak1D F1="3.519767" intensity="1.051277e+00" type="0"/>
    <Peak1D F1="3.381590" intensity="1.500000e+01" type="0"/>
    <Peak1D F1="3.176219" intensity="1.748092e-01" type="0"/>
    <Peak1D F1="3.035992" intensity="9.836535e-02" type="0"/>
    <Peak1D F1="2.946487" intensity="6.234105e-02" type="0"/>
    <Peak1D F1="2.918107" intensity="5.266201e-02" type="0"/>
    <Peak1D F1="2.885804" intensity="4.180514e-02" type="0"/>
    <Peak1D F1="2.759658" intensity="2.427000e-02" type="0"/>
    <Peak1D F1="2.752639" intensity="1.863504e-02" type="0"/>
    <Peak1D F1="2.732699" intensity="1.812651e-02" type="0"/>
    <Peak1D F1="2.720995" intensity="2.028553e-02" type="0"/>
    <Peak1D F1="2.707706" intensity="1.735662e-02" type="0"/>
    <Peak1D F1="2.685312" intensity="1.139142e-02" type="0"/>
    <Peak1D F1="2.639440" intensity="1.031364e-02" type="0"/>
    <Peak1D F1="2.619841" intensity="6.943993e-02" type="0"/>
    <Peak1D F1="2.581787" intensity="1.327056e-02" type="0"/>
    <Peak1D F1="2.525337" intensity="2.209396e-01" type="0"/>
    <Peak1D F1="2.507746" intensity="7.443994e+00" type="0"/>
    <Peak1D F1="2.418014" intensity="1.025703e-02" type="0"/>
    <Peak1D F1="2.391683" intensity="6.563315e-02" type="0"/>
    <Peak1D F1="2.353517" intensity="7.583930e-03" type="0"/>
    <Peak1D F1="2.311375" intensity="2.349360e-02" type="0"/>
    <Peak1D F1="2.300375" intensity="2.000382e-02" type="0"/>
    <Peak1D F1="2.247099" intensity="5.812593e-03" type="0"/>
    <Peak1D F1="2.228861" intensity="4.339232e-02" type="0"/>
    <Peak1D F1="2.217663" intensity="4.645423e-02" type="0"/>
    <Peak1D F1="2.195775" intensity="7.768876e-03" type="0"/>
    <Peak1D F1="2.183384" intensity="1.137170e-02" type="0"/>
    <Peak1D F1="2.171226" intensity="8.305553e-03" type="0"/>
    <Peak1D F1="2.150698" intensity="1.823533e-02" type="0"/>
    <Peak1D F1="2.138658" intensity="1.261379e-02" type="0"/>
    <Peak1D F1="2.112162" intensity="7.715585e-02" type="0"/>
    <Peak1D F1="2.106861" intensity="1.217923e-01" type="0"/>
    <Peak1D F1="2.089442" intensity="9.317356e-03" type="0"/>
    <Peak1D F1="2.073159" intensity="5.845431e-03" type="0"/>
    <Peak1D F1="2.055162" intensity="4.901296e-03" type="0"/>
    <Peak1D F1="2.035327" intensity="1.392771e-02" type="0"/>
    <Peak1D F1="2.023295" intensity="5.988094e-02" type="0"/>
    <Peak1D F1="2.004892" intensity="1.471959e-02" type="0"/>
    <Peak1D F1="1.990424" intensity="1.903332e-02" type="0"/>
    <Peak1D F1="1.976772" intensity="1.405265e-02" type="0"/>
    <Peak1D F1="1.970231" intensity="1.437924e-02" type="0"/>
    <Peak1D F1="1.958534" intensity="1.306774e-02" type="0"/>
    <Peak1D F1="1.947803" intensity="2.146979e-02" type="0"/>
    <Peak1D F1="1.937060" intensity="1.710380e-02" type="0"/>
    <Peak1D F1="1.913240" intensity="4.423819e-02" type="0"/>
    <Peak1D F1="1.850055" intensity="6.440812e-01" type="0"/>
    <Peak1D F1="1.837628" intensity="1.296663e+00" type="0"/>
    <Peak1D F1="1.826962" intensity="1.587743e+00" type="0"/>
    <Peak1D F1="1.816926" intensity="1.339679e+00" type="0"/>
    <Peak1D F1="1.805713" intensity="1.213960e+00" type="0"/>
    <Peak1D F1="1.794640" intensity="1.009468e+00" type="0"/>
    <Peak1D F1="1.725665" intensity="6.925866e-02" type="0"/>
    <Peak1D F1="1.705056" intensity="1.844562e-01" type="0"/>
    <Peak1D F1="1.687570" intensity="8.301917e+00" type="0"/>
    <Peak1D F1="1.637120" intensity="1.020627e-01" type="0"/>
    <Peak1D F1="1.602828" intensity="8.669671e+00" type="0"/>
    <Peak1D F1="1.582262" intensity="1.415609e-01" type="0"/>
    <Peak1D F1="1.532640" intensity="6.038521e-02" type="0"/>
    <Peak1D F1="1.521447" intensity="6.429672e-02" type="0"/>
    <Peak1D F1="1.508756" intensity="4.757223e-02" type="0"/>
    <Peak1D F1="1.495253" intensity="9.036142e-02" type="0"/>
    <Peak1D F1="1.464659" intensity="4.527537e-02" type="0"/>
    <Peak1D F1="1.448921" intensity="4.286315e-02" type="0"/>
    <Peak1D F1="1.433464" intensity="1.279842e-01" type="0"/>
    <Peak1D F1="1.407135" intensity="5.066132e-02" type="0"/>
    <Peak1D F1="1.396360" intensity="5.266140e-02" type="0"/>
    <Peak1D F1="1.384136" intensity="5.589582e-02" type="0"/>
    <Peak1D F1="1.371776" intensity="4.942100e-02" type="0"/>
    <Peak1D F1="1.354218" intensity="7.594028e-02" type="0"/>
    <Peak1D F1="1.337921" intensity="3.348188e-01" type="0"/>
    <Peak1D F1="1.320562" intensity="1.072695e-01" type="0"/>
    <Peak1D F1="1.300632" intensity="1.796909e-01" type="0"/>
    <Peak1D F1="1.281025" intensity="1.516749e-01" type="0"/>
    <Peak1D F1="1.262688" intensity="2.788624e-01" type="0"/>
    <Peak1D F1="1.259960" intensity="2.762795e-01" type="0"/>
    <Peak1D F1="1.250212" intensity="3.255529e-01" type="0"/>
    <Peak1D F1="1.237038" intensity="2.966802e-01" type="0"/>
    <Peak1D F1="1.189668" intensity="5.583471e-02" type="0"/>
    <Peak1D F1="1.177062" intensity="5.872458e-02" type="0"/>
    <Peak1D F1="1.170498" intensity="6.182036e-02" type="0"/>
    <Peak1D F1="1.158246" intensity="6.468977e-02" type="0"/>
    <Peak1D F1="1.142697" intensity="7.408341e-02" type="0"/>
    <Peak1D F1="1.134549" intensity="6.605761e-02" type="0"/>
    <Peak1D F1="1.124323" intensity="6.564076e-02" type="0"/>
    <Peak1D F1="1.113708" intensity="6.642509e-02" type="0"/>
    <Peak1D F1="1.101683" intensity="7.094552e-02" type="0"/>
    <Peak1D F1="1.089148" intensity="6.330049e-02" type="0"/>
    <Peak1D F1="1.078391" intensity="4.817756e-02" type="0"/>
    <Peak1D F1="1.066938" intensity="3.457028e-02" type="0"/>
    <Peak1D F1="1.060698" intensity="3.263186e-02" type="0"/>
    <Peak1D F1="1.053269" intensity="3.305249e-02" type="0"/>
    <Peak1D F1="1.043401" intensity="2.868200e-02" type="0"/>
    <Peak1D F1="1.031645" intensity="2.326588e-02" type="0"/>
    <Peak1D F1="1.010953" intensity="1.876883e-02" type="0"/>
    <Peak1D F1="0.999068" intensity="1.724895e-02" type="0"/>
    <Peak1D F1="0.987474" intensity="2.040883e-02" type="0"/>
    <Peak1D F1="0.976314" intensity="1.896329e-02" type="0"/>
    <Peak1D F1="0.965150" intensity="1.907538e-02" type="0"/>
    <Peak1D F1="0.953086" intensity="1.833613e-02" type="0"/>
    <Peak1D F1="0.934628" intensity="4.122820e-02" type="0"/>
    <Peak1D F1="0.924562" intensity="5.792553e-02" type="0"/>
    <Peak1D F1="0.914142" intensity="4.801132e-02" type="0"/>
    <Peak1D F1="0.898152" intensity="8.551340e-02" type="0"/>
    <Peak1D F1="0.887861" intensity="9.172235e-02" type="0"/>
    <Peak1D F1="0.874584" intensity="8.957446e-02" type="0"/>
    <Peak1D F1="0.863237" intensity="1.917283e-01" type="0"/>
    <Peak1D F1="0.847717" intensity="5.011237e-01" type="0"/>
    <Peak1D F1="0.845319" intensity="4.814086e-01" type="0"/>
    <Peak1D F1="0.841357" intensity="4.510873e-01" type="0"/>
    <Peak1D F1="0.834527" intensity="4.825378e-01" type="0"/>
    <Peak1D F1="0.823400" intensity="4.469456e-01" type="0"/>
    <Peak1D F1="0.816422" intensity="2.457408e-01" type="0"/>
    <Peak1D F1="0.811122" intensity="2.560265e-01" type="0"/>
    <Peak1D F1="0.804386" intensity="1.386082e-01" type="0"/>
    <Peak1D F1="0.799120" intensity="1.594292e-01" type="0"/>
    <Peak1D F1="0.793022" intensity="1.088202e-01" type="0"/>
    <Peak1D F1="0.788676" intensity="1.085584e-01" type="0"/>
    <Peak1D F1="0.776287" intensity="8.885032e-02" type="0"/>
    <Peak1D F1="0.764790" intensity="1.055655e-01" type="0"/>
    <Peak1D F1="0.752853" intensity="1.049074e-01" type="0"/>
    <Peak1D F1="0.740860" intensity="1.008902e-01" type="0"/>
    <Peak1D F1="0.728171" intensity="6.568775e-02" type="0"/>
    <Peak1D F1="0.720444" intensity="2.350513e-02" type="0"/>
    <Peak1D F1="0.708220" intensity="1.467868e-02" type="0"/>
    <Peak1D F1="0.576353" intensity="3.893058e-03" type="0"/>
    <Peak1D F1="0.534222" intensity="3.063243e-03" type="0"/>
    <Peak1D F1="0.454579" intensity="2.047009e-03" type="0"/>
    <Peak1D F1="0.446185" intensity="1.949320e-03" type="0"/>
    <Peak1D F1="0.424144" intensity="1.851796e-03" type="0"/>
    <Peak1D F1="0.400982" intensity="1.885387e-03" type="0"/>
    <Peak1D F1="0.393521" intensity="1.430951e-03" type="0"/>
    <Peak1D F1="0.379705" intensity="1.352350e-03" type="0"/>
    <Peak1D F1="0.372325" intensity="1.373088e-03" type="0"/>
    <Peak1D F1="0.351368" intensity="1.383391e-03" type="0"/>
    <Peak1D F1="0.275516" intensity="1.299264e-03" type="0"/>
  </PeakList1D>
</PeakList>
