<?xml version="1.0" encoding="UTF-8"?>
<PeakList>
  <PeakList1D>
    <PeakList1DHeader creator="nmrsu" date="2020-02-05T08:26:22.035-02:00" expNo="1" name="2A105_MS374-DV" owner="" procNo="1" source="C:/NMRData/data/marcio_camila/nmr">
      <PeakPickDetails>F1=15.919590ppm, F2=-1.119473ppm, MI=0.00cm, MAXI=10000.00cm, PC=1.000
      </PeakPickDetails>
    </PeakList1DHeader>
    <Peak1D F1="11.753588" intensity="6.176424e-003" type="0"/>
    <Peak1D F1="11.024247" intensity="6.265799e-003" type="0"/>
    <Peak1D F1="10.996964" intensity="5.936853e-003" type="0"/>
    <Peak1D F1="10.742680" intensity="6.188587e-003" type="0"/>
    <Peak1D F1="9.909955" intensity="6.213744e-003" type="0"/>
    <Peak1D F1="9.890945" intensity="1.022157e-002" type="0"/>
    <Peak1D F1="9.869100" intensity="1.222055e-002" type="0"/>
    <Peak1D F1="9.866549" intensity="1.097447e-002" type="0"/>
    <Peak1D F1="9.861643" intensity="1.050498e-002" type="0"/>
    <Peak1D F1="9.850398" intensity="1.103564e-002" type="0"/>
    <Peak1D F1="9.847214" intensity="1.249273e-002" type="0"/>
    <Peak1D F1="9.817115" intensity="2.674892e-002" type="0"/>
    <Peak1D F1="9.799093" intensity="5.829068e-002" type="0"/>
    <Peak1D F1="9.765617" intensity="5.987902e-001" type="0"/>
    <Peak1D F1="9.708916" intensity="2.501586e-002" type="0"/>
    <Peak1D F1="9.699304" intensity="2.105585e-002" type="0"/>
    <Peak1D F1="9.695675" intensity="1.858102e-002" type="0"/>
    <Peak1D F1="9.688177" intensity="1.682597e-002" type="0"/>
    <Peak1D F1="9.672027" intensity="1.204251e-002" type="0"/>
    <Peak1D F1="9.667032" intensity="1.050278e-002" type="0"/>
    <Peak1D F1="9.656206" intensity="9.947395e-003" type="0"/>
    <Peak1D F1="9.646333" intensity="9.809542e-003" type="0"/>
    <Peak1D F1="9.638714" intensity="8.663450e-003" type="0"/>
    <Peak1D F1="9.608095" intensity="7.349382e-003" type="0"/>
    <Peak1D F1="9.592752" intensity="6.710252e-003" type="0"/>
    <Peak1D F1="9.588611" intensity="7.363025e-003" type="0"/>
    <Peak1D F1="9.548012" intensity="5.834024e-003" type="0"/>
    <Peak1D F1="9.409416" intensity="5.981439e-003" type="0"/>
    <Peak1D F1="8.828108" intensity="7.344050e-003" type="0"/>
    <Peak1D F1="8.678289" intensity="8.332376e-003" type="0"/>
    <Peak1D F1="8.564467" intensity="7.106283e-003" type="0"/>
    <Peak1D F1="8.557166" intensity="7.321772e-003" type="0"/>
    <Peak1D F1="8.544463" intensity="8.086368e-003" type="0"/>
    <Peak1D F1="8.536984" intensity="7.662508e-003" type="0"/>
    <Peak1D F1="8.534825" intensity="7.064240e-003" type="0"/>
    <Peak1D F1="8.523069" intensity="6.940919e-003" type="0"/>
    <Peak1D F1="8.521598" intensity="7.953146e-003" type="0"/>
    <Peak1D F1="8.504082" intensity="7.026050e-003" type="0"/>
    <Peak1D F1="8.499735" intensity="6.659855e-003" type="0"/>
    <Peak1D F1="8.489817" intensity="6.304250e-003" type="0"/>
    <Peak1D F1="8.485188" intensity="6.507510e-003" type="0"/>
    <Peak1D F1="8.059793" intensity="6.062644e-003" type="0"/>
    <Peak1D F1="7.719165" intensity="7.492699e-003" type="0"/>
    <Peak1D F1="7.700274" intensity="8.624577e-003" type="0"/>
    <Peak1D F1="7.566799" intensity="8.241314e-003" type="0"/>
    <Peak1D F1="7.547398" intensity="1.157753e-002" type="0"/>
    <Peak1D F1="7.522079" intensity="1.090986e+000" type="0"/>
    <Peak1D F1="7.502159" intensity="1.190526e+000" type="0"/>
    <Peak1D F1="7.480012" intensity="1.260156e-002" type="0"/>
    <Peak1D F1="7.442313" intensity="9.110637e-003" type="0"/>
    <Peak1D F1="7.436426" intensity="6.862558e-003" type="0"/>
    <Peak1D F1="7.418165" intensity="9.950984e-003" type="0"/>
    <Peak1D F1="7.409502" intensity="9.386239e-003" type="0"/>
    <Peak1D F1="7.403056" intensity="1.130806e-002" type="0"/>
    <Peak1D F1="7.392137" intensity="1.096639e-002" type="0"/>
    <Peak1D F1="7.380178" intensity="1.333136e-002" type="0"/>
    <Peak1D F1="7.371856" intensity="1.126745e-002" type="0"/>
    <Peak1D F1="7.336304" intensity="7.837541e-001" type="0"/>
    <Peak1D F1="7.316165" intensity="9.812326e-001" type="0"/>
    <Peak1D F1="7.291667" intensity="4.148760e-002" type="0"/>
    <Peak1D F1="7.272325" intensity="2.257107e-002" type="0"/>
    <Peak1D F1="7.256182" intensity="2.122823e-002" type="0"/>
    <Peak1D F1="7.247046" intensity="1.853822e-002" type="0"/>
    <Peak1D F1="7.243458" intensity="1.769281e-002" type="0"/>
    <Peak1D F1="7.221310" intensity="1.636106e-002" type="0"/>
    <Peak1D F1="7.183392" intensity="9.423544e-001" type="0"/>
    <Peak1D F1="7.176968" intensity="6.691065e-001" type="0"/>
    <Peak1D F1="7.158434" intensity="1.186733e+000" type="0"/>
    <Peak1D F1="7.139037" intensity="7.112545e-001" type="0"/>
    <Peak1D F1="7.111895" intensity="2.692659e-002" type="0"/>
    <Peak1D F1="7.098089" intensity="1.849591e-002" type="0"/>
    <Peak1D F1="7.092165" intensity="1.875059e-002" type="0"/>
    <Peak1D F1="7.088723" intensity="1.740374e-002" type="0"/>
    <Peak1D F1="7.064899" intensity="8.627319e-001" type="0"/>
    <Peak1D F1="7.046007" intensity="1.291141e+000" type="0"/>
    <Peak1D F1="7.027255" intensity="5.900816e-001" type="0"/>
    <Peak1D F1="7.006349" intensity="9.603331e-003" type="0"/>
    <Peak1D F1="7.001326" intensity="1.023468e-002" type="0"/>
    <Peak1D F1="7.000295" intensity="1.061347e-002" type="0"/>
    <Peak1D F1="6.975381" intensity="1.016202e-002" type="0"/>
    <Peak1D F1="6.962531" intensity="8.107546e-003" type="0"/>
    <Peak1D F1="6.954269" intensity="1.084225e-002" type="0"/>
    <Peak1D F1="6.942069" intensity="7.698983e-003" type="0"/>
    <Peak1D F1="6.935301" intensity="7.546823e-003" type="0"/>
    <Peak1D F1="6.921320" intensity="1.034646e-002" type="0"/>
    <Peak1D F1="6.912646" intensity="9.847106e-003" type="0"/>
    <Peak1D F1="6.909344" intensity="1.091894e-002" type="0"/>
    <Peak1D F1="6.887772" intensity="7.481140e-003" type="0"/>
    <Peak1D F1="6.847926" intensity="8.641805e-003" type="0"/>
    <Peak1D F1="6.842215" intensity="6.631484e-003" type="0"/>
    <Peak1D F1="5.660225" intensity="6.806167e-003" type="0"/>
    <Peak1D F1="5.487704" intensity="7.113631e-003" type="0"/>
    <Peak1D F1="5.455253" intensity="6.826684e-003" type="0"/>
    <Peak1D F1="5.449699" intensity="6.788183e-003" type="0"/>
    <Peak1D F1="5.428385" intensity="7.750222e-003" type="0"/>
    <Peak1D F1="5.419027" intensity="8.800975e-003" type="0"/>
    <Peak1D F1="5.415356" intensity="9.834521e-003" type="0"/>
    <Peak1D F1="5.364882" intensity="6.843045e-001" type="0"/>
    <Peak1D F1="5.341321" intensity="7.408246e-001" type="0"/>
    <Peak1D F1="5.284116" intensity="1.079819e-002" type="0"/>
    <Peak1D F1="5.281964" intensity="1.006297e-002" type="0"/>
    <Peak1D F1="5.257557" intensity="6.330239e-003" type="0"/>
    <Peak1D F1="5.221388" intensity="6.899388e-003" type="0"/>
    <Peak1D F1="4.661392" intensity="7.908283e-003" type="0"/>
    <Peak1D F1="4.650729" intensity="6.221100e-003" type="0"/>
    <Peak1D F1="4.641139" intensity="6.454383e-003" type="0"/>
    <Peak1D F1="4.539239" intensity="7.392452e-003" type="0"/>
    <Peak1D F1="4.487400" intensity="2.564358e-001" type="0"/>
    <Peak1D F1="4.471094" intensity="4.383937e-001" type="0"/>
    <Peak1D F1="4.465372" intensity="4.438697e-001" type="0"/>
    <Peak1D F1="4.449446" intensity="2.557851e-001" type="0"/>
    <Peak1D F1="4.421178" intensity="2.719428e-002" type="0"/>
    <Peak1D F1="4.409657" intensity="1.567050e-002" type="0"/>
    <Peak1D F1="4.396185" intensity="1.257002e-002" type="0"/>
    <Peak1D F1="4.386533" intensity="8.063299e-003" type="0"/>
    <Peak1D F1="4.381155" intensity="8.664534e-003" type="0"/>
    <Peak1D F1="4.378832" intensity="7.176594e-003" type="0"/>
    <Peak1D F1="4.359198" intensity="7.292743e-003" type="0"/>
    <Peak1D F1="4.347576" intensity="5.888116e-003" type="0"/>
    <Peak1D F1="4.335615" intensity="6.594824e-003" type="0"/>
    <Peak1D F1="4.323122" intensity="6.782688e-003" type="0"/>
    <Peak1D F1="4.318726" intensity="6.345501e-003" type="0"/>
    <Peak1D F1="4.311737" intensity="7.164885e-003" type="0"/>
    <Peak1D F1="4.306437" intensity="7.285657e-003" type="0"/>
    <Peak1D F1="4.301808" intensity="6.420242e-003" type="0"/>
    <Peak1D F1="4.297154" intensity="8.265910e-003" type="0"/>
    <Peak1D F1="4.287525" intensity="7.121971e-003" type="0"/>
    <Peak1D F1="4.283649" intensity="7.215483e-003" type="0"/>
    <Peak1D F1="4.279680" intensity="6.694814e-003" type="0"/>
    <Peak1D F1="4.264127" intensity="6.866800e-003" type="0"/>
    <Peak1D F1="4.236814" intensity="6.315266e-003" type="0"/>
    <Peak1D F1="4.214745" intensity="7.010971e-003" type="0"/>
    <Peak1D F1="4.209080" intensity="6.963862e-003" type="0"/>
    <Peak1D F1="4.195532" intensity="6.381096e-003" type="0"/>
    <Peak1D F1="4.161131" intensity="5.976478e-003" type="0"/>
    <Peak1D F1="4.058423" intensity="7.086239e-003" type="0"/>
    <Peak1D F1="4.039217" intensity="7.045216e-003" type="0"/>
    <Peak1D F1="4.023943" intensity="9.579409e-003" type="0"/>
    <Peak1D F1="4.020425" intensity="9.068282e-003" type="0"/>
    <Peak1D F1="4.001764" intensity="1.300077e-002" type="0"/>
    <Peak1D F1="3.975062" intensity="6.619226e-003" type="0"/>
    <Peak1D F1="3.899355" intensity="4.014987e-001" type="0"/>
    <Peak1D F1="3.860734" intensity="1.838485e+000" type="0"/>
    <Peak1D F1="3.840864" intensity="2.242186e+000" type="0"/>
    <Peak1D F1="3.820784" intensity="3.224881e-002" type="0"/>
    <Peak1D F1="3.802537" intensity="4.744794e-001" type="0"/>
    <Peak1D F1="3.789429" intensity="5.728653e-002" type="0"/>
    <Peak1D F1="3.766194" intensity="7.737193e-003" type="0"/>
    <Peak1D F1="3.757179" intensity="1.202966e-002" type="0"/>
    <Peak1D F1="3.730141" intensity="4.408173e-002" type="0"/>
    <Peak1D F1="3.715538" intensity="1.328226e-002" type="0"/>
    <Peak1D F1="3.707537" intensity="4.543434e-002" type="0"/>
    <Peak1D F1="3.698666" intensity="7.661460e-002" type="0"/>
    <Peak1D F1="3.688458" intensity="5.817533e-002" type="0"/>
    <Peak1D F1="3.664279" intensity="3.891913e-002" type="0"/>
    <Peak1D F1="3.630480" intensity="7.078360e-002" type="0"/>
    <Peak1D F1="3.607375" intensity="8.779370e+000" type="0"/>
    <Peak1D F1="3.586599" intensity="6.327903e-002" type="0"/>
    <Peak1D F1="3.584569" intensity="6.485599e-002" type="0"/>
    <Peak1D F1="3.548647" intensity="6.161079e+000" type="0"/>
    <Peak1D F1="3.480195" intensity="1.933337e-002" type="0"/>
    <Peak1D F1="3.477955" intensity="2.033037e-002" type="0"/>
    <Peak1D F1="3.467182" intensity="1.493355e-002" type="0"/>
    <Peak1D F1="3.449589" intensity="3.127488e-002" type="0"/>
    <Peak1D F1="3.431909" intensity="4.668328e-002" type="0"/>
    <Peak1D F1="3.421227" intensity="5.504038e-002" type="0"/>
    <Peak1D F1="3.407134" intensity="8.836934e-003" type="0"/>
    <Peak1D F1="3.402799" intensity="8.417603e-003" type="0"/>
    <Peak1D F1="3.361675" intensity="3.721172e-002" type="0"/>
    <Peak1D F1="3.351768" intensity="1.500200e-002" type="0"/>
    <Peak1D F1="3.333951" intensity="7.985080e-003" type="0"/>
    <Peak1D F1="3.310451" intensity="1.061413e-002" type="0"/>
    <Peak1D F1="3.301351" intensity="7.155268e-003" type="0"/>
    <Peak1D F1="3.265723" intensity="7.106604e-003" type="0"/>
    <Peak1D F1="3.256575" intensity="6.745372e-003" type="0"/>
    <Peak1D F1="3.228285" intensity="1.012936e-002" type="0"/>
    <Peak1D F1="3.224373" intensity="1.474299e-002" type="0"/>
    <Peak1D F1="3.200778" intensity="5.553319e-001" type="0"/>
    <Peak1D F1="3.192096" intensity="5.425413e-001" type="0"/>
    <Peak1D F1="3.165618" intensity="6.651124e-001" type="0"/>
    <Peak1D F1="3.156824" intensity="6.255146e-001" type="0"/>
    <Peak1D F1="3.129480" intensity="1.678263e-002" type="0"/>
    <Peak1D F1="3.109487" intensity="1.071313e-002" type="0"/>
    <Peak1D F1="3.103512" intensity="1.183649e-002" type="0"/>
    <Peak1D F1="3.090530" intensity="1.100724e-002" type="0"/>
    <Peak1D F1="3.049191" intensity="9.206682e-003" type="0"/>
    <Peak1D F1="3.023899" intensity="7.207810e-003" type="0"/>
    <Peak1D F1="3.008361" intensity="8.473113e-003" type="0"/>
    <Peak1D F1="3.003195" intensity="8.531065e-003" type="0"/>
    <Peak1D F1="2.997239" intensity="6.752588e-003" type="0"/>
    <Peak1D F1="2.981843" intensity="8.094961e-003" type="0"/>
    <Peak1D F1="2.977884" intensity="9.428012e-003" type="0"/>
    <Peak1D F1="2.974785" intensity="7.860987e-003" type="0"/>
    <Peak1D F1="2.935556" intensity="8.173036e-003" type="0"/>
    <Peak1D F1="2.906224" intensity="6.096333e-003" type="0"/>
    <Peak1D F1="2.899423" intensity="6.972325e-003" type="0"/>
    <Peak1D F1="2.892390" intensity="7.627045e-003" type="0"/>
    <Peak1D F1="2.885953" intensity="1.030728e-002" type="0"/>
    <Peak1D F1="2.878831" intensity="8.458420e-003" type="0"/>
    <Peak1D F1="2.861666" intensity="7.619034e-003" type="0"/>
    <Peak1D F1="2.851870" intensity="6.536952e-003" type="0"/>
    <Peak1D F1="2.792626" intensity="6.565833e-003" type="0"/>
    <Peak1D F1="2.776684" intensity="9.203314e-003" type="0"/>
    <Peak1D F1="2.765732" intensity="1.089001e-002" type="0"/>
    <Peak1D F1="2.723105" intensity="3.625918e-001" type="0"/>
    <Peak1D F1="2.698935" intensity="4.009327e-001" type="0"/>
    <Peak1D F1="2.688833" intensity="3.698222e-001" type="0"/>
    <Peak1D F1="2.664785" intensity="3.070688e-001" type="0"/>
    <Peak1D F1="2.631079" intensity="1.317361e-002" type="0"/>
    <Peak1D F1="2.614463" intensity="6.989013e-003" type="0"/>
    <Peak1D F1="2.545077" intensity="7.242190e-003" type="0"/>
    <Peak1D F1="2.280620" intensity="1.052128e-002" type="0"/>
    <Peak1D F1="2.267916" intensity="1.061784e-002" type="0"/>
    <Peak1D F1="2.259560" intensity="1.294604e-002" type="0"/>
    <Peak1D F1="2.246826" intensity="2.656729e-002" type="0"/>
    <Peak1D F1="2.211264" intensity="7.085382e-003" type="0"/>
    <Peak1D F1="2.203352" intensity="7.159441e-003" type="0"/>
    <Peak1D F1="2.153445" intensity="5.886910e-003" type="0"/>
    <Peak1D F1="2.098596" intensity="1.469453e-002" type="0"/>
    <Peak1D F1="2.061590" intensity="7.130221e-003" type="0"/>
    <Peak1D F1="2.030789" intensity="7.802318e-003" type="0"/>
    <Peak1D F1="2.015379" intensity="7.879332e-003" type="0"/>
    <Peak1D F1="1.990220" intensity="5.927261e-003" type="0"/>
    <Peak1D F1="1.984768" intensity="6.851215e-003" type="0"/>
    <Peak1D F1="1.979502" intensity="6.923419e-003" type="0"/>
    <Peak1D F1="1.972002" intensity="2.071871e-002" type="0"/>
    <Peak1D F1="1.810549" intensity="6.350642e-003" type="0"/>
    <Peak1D F1="1.778006" intensity="8.441376e-003" type="0"/>
    <Peak1D F1="1.770223" intensity="8.403227e-003" type="0"/>
    <Peak1D F1="1.757763" intensity="1.101808e-002" type="0"/>
    <Peak1D F1="1.745549" intensity="2.272808e-002" type="0"/>
    <Peak1D F1="1.712056" intensity="2.096109e-002" type="0"/>
    <Peak1D F1="1.707305" intensity="2.173282e-002" type="0"/>
    <Peak1D F1="1.650920" intensity="1.124054e-001" type="0"/>
    <Peak1D F1="1.620294" intensity="4.173524e-001" type="0"/>
    <Peak1D F1="1.550819" intensity="1.056697e-001" type="0"/>
    <Peak1D F1="1.505589" intensity="2.299685e-002" type="0"/>
    <Peak1D F1="1.481106" intensity="2.404403e-002" type="0"/>
    <Peak1D F1="1.463267" intensity="6.132979e-002" type="0"/>
    <Peak1D F1="1.393769" intensity="1.500000e+001" type="0"/>
    <Peak1D F1="1.343143" intensity="2.434088e-001" type="0"/>
    <Peak1D F1="1.297259" intensity="7.876135e-002" type="0"/>
    <Peak1D F1="1.289808" intensity="4.586565e-002" type="0"/>
    <Peak1D F1="1.267875" intensity="3.162491e-002" type="0"/>
    <Peak1D F1="1.263482" intensity="3.044769e-002" type="0"/>
    <Peak1D F1="1.253932" intensity="3.061891e-002" type="0"/>
    <Peak1D F1="1.233208" intensity="1.030438e-001" type="0"/>
    <Peak1D F1="1.183309" intensity="1.836399e-001" type="0"/>
    <Peak1D F1="1.168873" intensity="2.585937e-002" type="0"/>
    <Peak1D F1="1.158542" intensity="1.642667e-002" type="0"/>
    <Peak1D F1="1.142851" intensity="1.636223e-002" type="0"/>
    <Peak1D F1="1.135063" intensity="1.480957e-002" type="0"/>
    <Peak1D F1="1.109350" intensity="7.475453e-003" type="0"/>
    <Peak1D F1="1.089378" intensity="6.377435e-003" type="0"/>
    <Peak1D F1="1.034242" intensity="6.309880e-003" type="0"/>
    <Peak1D F1="1.024612" intensity="6.813757e-003" type="0"/>
    <Peak1D F1="1.006157" intensity="6.738406e-003" type="0"/>
    <Peak1D F1="0.867677" intensity="1.185574e-002" type="0"/>
    <Peak1D F1="0.860301" intensity="7.460008e-003" type="0"/>
    <Peak1D F1="0.851703" intensity="9.744759e-003" type="0"/>
    <Peak1D F1="0.835749" intensity="7.265802e-003" type="0"/>
    <Peak1D F1="0.822653" intensity="1.586325e-002" type="0"/>
    <Peak1D F1="0.808035" intensity="2.513468e-002" type="0"/>
    <Peak1D F1="0.793479" intensity="1.441171e-002" type="0"/>
    <Peak1D F1="0.788968" intensity="1.666053e-002" type="0"/>
    <Peak1D F1="0.781492" intensity="1.500276e-002" type="0"/>
    <Peak1D F1="0.779899" intensity="1.367280e-002" type="0"/>
    <Peak1D F1="0.760670" intensity="1.415680e-002" type="0"/>
    <Peak1D F1="0.746797" intensity="8.911764e-003" type="0"/>
    <Peak1D F1="0.741732" intensity="7.169281e-003" type="0"/>
    <Peak1D F1="-0.000126" intensity="4.913214e-002" type="0"/>
    <Peak1D F1="-0.723652" intensity="6.047129e-003" type="0"/>
    <Peak1D F1="-0.826382" intensity="6.240926e-003" type="0"/>
    <Peak1D F1="-0.896246" intensity="6.133907e-003" type="0"/>
    <Peak1D F1="-0.984659" intensity="5.968501e-003" type="0"/>
  </PeakList1D>
</PeakList>
