<?xml version="1.0" encoding="UTF-8"?>
<PeakList>
  <PeakList1D>
    <PeakList1DHeader creator="JRomeo" date="2020-03-10T19:34:31" expNo="2" name="2JR105" owner="" procNo="1" source="C:\Bruker\TOPSPIN">
      <PeakPickDetails>F1=8.095ppm, F2=7.710ppm, MI=0.25cm, MAXI=1.80cm, PC=1.000
      </PeakPickDetails>
    </PeakList1DHeader>
    <Peak1D F1="7.8237" intensity="1.08" type="0"/>
    <Peak1D F1="7.8154" intensity="0.73" type="0"/>
    <Peak1D F1="7.806" intensity="1.41" type="0"/>
  </PeakList1D>
  <PeakList1D>
    <PeakList1DHeader creator="JRomeo" date="2020-03-10T19:34:31" expNo="2" name="2JR105" owner="" procNo="1" source="C:\Bruker\TOPSPIN">
      <PeakPickDetails>F1=7.606ppm, F2=7.391ppm, MI=0.12cm, MAXI=0.99cm, PC=1.000
      </PeakPickDetails>
    </PeakList1DHeader>
    <Peak1D F1="7.5559" intensity="0.43" type="0"/>
    <Peak1D F1="7.5529" intensity="0.43" type="0"/>
    <Peak1D F1="7.539" intensity="0.38" type="0"/>
    <Peak1D F1="7.5361" intensity="0.38" type="0"/>
    <Peak1D F1="7.4804" intensity="0.19" type="0"/>
    <Peak1D F1="7.4711" intensity="0.56" type="0"/>
    <Peak1D F1="7.4676" intensity="0.77" type="0"/>
    <Peak1D F1="7.46" intensity="0.82" type="0"/>
    <Peak1D F1="7.4526" intensity="0.75" type="0"/>
    <Peak1D F1="7.449" intensity="0.53" type="0"/>
    <Peak1D F1="7.4395" intensity="0.21" type="0"/>
  </PeakList1D>
  <PeakList1D>
    <PeakList1DHeader creator="JRomeo" date="2020-03-10T19:34:31" expNo="2" name="2JR105" owner="" procNo="1" source="C:\Bruker\TOPSPIN">
      <PeakPickDetails>F1=6.435ppm, F2=6.205ppm, MI=0.16cm, MAXI=0.71cm, PC=1.000
      </PeakPickDetails>
    </PeakList1DHeader>
    <Peak1D F1="6.3252" intensity="0.4" type="0"/>
    <Peak1D F1="6.322" intensity="0.4" type="0"/>
    <Peak1D F1="6.3127" intensity="0.41" type="0"/>
    <Peak1D F1="6.3095" intensity="0.39" type="0"/>
  </PeakList1D>
  <PeakList1D>
    <PeakList1DHeader creator="JRomeo" date="2020-03-10T19:34:31" expNo="2" name="2JR105" owner="" procNo="1" source="C:\Bruker\TOPSPIN">
      <PeakPickDetails>F1=5.567ppm, F2=5.078ppm, MI=0.14cm, MAXI=0.99cm, PC=1.000
      </PeakPickDetails>
    </PeakList1DHeader>
    <Peak1D F1="5.1882" intensity="0.47" type="0"/>
    <Peak1D F1="5.164" intensity="0.53" type="0"/>
  </PeakList1D>
  <PeakList1D>
    <PeakList1DHeader creator="JRomeo" date="2020-03-10T19:34:31" expNo="2" name="2JR105" owner="" procNo="1" source="C:\Bruker\TOPSPIN">
      <PeakPickDetails>F1=4.885ppm, F2=4.522ppm, MI=0.13cm, MAXI=0.86cm, PC=1.000
      </PeakPickDetails>
    </PeakList1DHeader>
    <Peak1D F1="4.8557" intensity="0.65" type="0"/>
    <Peak1D F1="4.8315" intensity="0.56" type="0"/>
    <Peak1D F1="4.6582" intensity="0.27" type="0"/>
    <Peak1D F1="4.6542" intensity="0.42" type="0"/>
    <Peak1D F1="4.6503" intensity="0.31" type="0"/>
    <Peak1D F1="4.6457" intensity="0.28" type="0"/>
    <Peak1D F1="4.6416" intensity="0.42" type="0"/>
    <Peak1D F1="4.6378" intensity="0.29" type="0"/>
    <Peak1D F1="4.6012" intensity="0.4" type="0"/>
    <Peak1D F1="4.5987" intensity="0.4" type="0"/>
  </PeakList1D>
  <PeakList1D>
    <PeakList1DHeader creator="JRomeo" date="2020-03-10T19:34:31" expNo="2" name="2JR105" owner="" procNo="1" source="C:\Bruker\TOPSPIN">
      <PeakPickDetails>F1=4.329ppm, F2=3.929ppm, MI=0.09cm, MAXI=0.51cm, PC=1.000
      </PeakPickDetails>
    </PeakList1DHeader>
    <Peak1D F1="4.0792" intensity="0.11" type="0"/>
    <Peak1D F1="4.0662" intensity="0.3" type="0"/>
    <Peak1D F1="4.0531" intensity="0.3" type="0"/>
    <Peak1D F1="4.0402" intensity="0.11" type="0"/>
  </PeakList1D>
  <PeakList1D>
    <PeakList1DHeader creator="JRomeo" date="2020-03-10T19:34:31" expNo="2" name="2JR105" owner="" procNo="1" source="C:\Bruker\TOPSPIN">
      <PeakPickDetails>F1=3.744ppm, F2=3.418ppm, MI=0.17cm, MAXI=0.69cm, PC=1.000
      </PeakPickDetails>
    </PeakList1DHeader>
    <Peak1D F1="3.5683" intensity="0.29" type="0"/>
    <Peak1D F1="3.5653" intensity="0.46" type="0"/>
    <Peak1D F1="3.5613" intensity="0.41" type="0"/>
    <Peak1D F1="3.5572" intensity="0.44" type="0"/>
  </PeakList1D>
  <PeakList1D>
    <PeakList1DHeader creator="JRomeo" date="2020-03-10T19:34:31" expNo="2" name="2JR105" owner="" procNo="1" source="C:\Bruker\TOPSPIN">
      <PeakPickDetails>F1=1.371ppm, F2=1.119ppm, MI=1.03cm, MAXI=4.93cm, PC=1.000
      </PeakPickDetails>
    </PeakList1DHeader>
    <Peak1D F1="1.246" intensity="2.11" type="0"/>
    <Peak1D F1="1.2328" intensity="2.08" type="0"/>
  </PeakList1D>
  <PeakList1D>
    <PeakList1DHeader creator="JRomeo" date="2020-03-10T19:34:31" expNo="2" name="2JR105" owner="" procNo="1" source="C:\Bruker\TOPSPIN">
      <PeakPickDetails>F1=1.060ppm, F2=0.786ppm, MI=13.41cm, MAXI=15.74cm, PC=1.000
      </PeakPickDetails>
    </PeakList1DHeader>
    <Peak1D F1="0.9645" intensity="15.0" type="0"/>
  </PeakList1D>
  <PeakList1D>
    <PeakList1DHeader creator="JRomeo" date="2020-03-10T19:34:31" expNo="2" name="2JR105" owner="" procNo="1" source="C:\Bruker\TOPSPIN">
      <PeakPickDetails>F1=0.460ppm, F2=0.059ppm, MI=2.87cm, MAXI=5.77cm, PC=1.000
      </PeakPickDetails>
    </PeakList1DHeader>
    <Peak1D F1="0.1629" intensity="4.68" type="0"/>
    <Peak1D F1="0.1534" intensity="4.69" type="0"/>
  </PeakList1D>
</PeakList>
