<?xml version="1.0" encoding="UTF-8"?>
<PeakList>
  <PeakList1D>
    <PeakList1DHeader creator="nmr600" date="2019-07-02T10:21:18.734+02:00" expNo="20" name="6Jul0219" owner="" procNo="1" source="/opt/topspin3.0/data/nmr600/nmr">
      <PeakPickDetails>F1=16.360861ppm, F2=-4.189785ppm, MI=0.00cm, MAXI=10000.00cm, PC=1.000
      </PeakPickDetails>
    </PeakList1DHeader>
    <Peak1D F1="14.904320" intensity="2.429889e-03" type="0"/>
    <Peak1D F1="13.053393" intensity="7.370404e-04" type="0"/>
    <Peak1D F1="9.271693" intensity="7.729837e-04" type="0"/>
    <Peak1D F1="9.115467" intensity="1.067360e-03" type="0"/>
    <Peak1D F1="9.105020" intensity="1.063575e-03" type="0"/>
    <Peak1D F1="9.068784" intensity="1.514806e-03" type="0"/>
    <Peak1D F1="9.059938" intensity="1.568776e-03" type="0"/>
    <Peak1D F1="9.048984" intensity="1.777996e-03" type="0"/>
    <Peak1D F1="9.038120" intensity="2.053834e-03" type="0"/>
    <Peak1D F1="8.905540" intensity="4.807606e-01" type="0"/>
    <Peak1D F1="8.717217" intensity="7.859064e-04" type="0"/>
    <Peak1D F1="8.705184" intensity="7.765732e-04" type="0"/>
    <Peak1D F1="8.623401" intensity="1.493335e-03" type="0"/>
    <Peak1D F1="8.180939" intensity="1.790540e-03" type="0"/>
    <Peak1D F1="8.149114" intensity="1.527170e-02" type="0"/>
    <Peak1D F1="8.147588" intensity="1.508801e-02" type="0"/>
    <Peak1D F1="8.135176" intensity="1.605130e-02" type="0"/>
    <Peak1D F1="8.133584" intensity="1.521072e-02" type="0"/>
    <Peak1D F1="8.097840" intensity="7.276255e-04" type="0"/>
    <Peak1D F1="8.088884" intensity="7.331479e-04" type="0"/>
    <Peak1D F1="8.063913" intensity="7.717341e-04" type="0"/>
    <Peak1D F1="8.036455" intensity="9.129597e-04" type="0"/>
    <Peak1D F1="8.011890" intensity="1.634009e-02" type="0"/>
    <Peak1D F1="8.008389" intensity="1.248086e-02" type="0"/>
    <Peak1D F1="7.975919" intensity="1.547505e-02" type="0"/>
    <Peak1D F1="7.961738" intensity="2.167766e-02" type="0"/>
    <Peak1D F1="7.948252" intensity="4.412798e-03" type="0"/>
    <Peak1D F1="7.935215" intensity="2.073340e-03" type="0"/>
    <Peak1D F1="7.908935" intensity="9.724403e-04" type="0"/>
    <Peak1D F1="7.830852" intensity="2.608410e-03" type="0"/>
    <Peak1D F1="7.819332" intensity="2.955570e-03" type="0"/>
    <Peak1D F1="7.775065" intensity="1.709089e-03" type="0"/>
    <Peak1D F1="7.750463" intensity="1.023056e-02" type="0"/>
    <Peak1D F1="7.748181" intensity="1.007830e-02" type="0"/>
    <Peak1D F1="7.738870" intensity="1.281728e-02" type="0"/>
    <Peak1D F1="7.736485" intensity="1.901002e-02" type="0"/>
    <Peak1D F1="7.734096" intensity="1.040577e-02" type="0"/>
    <Peak1D F1="7.724791" intensity="1.104490e-02" type="0"/>
    <Peak1D F1="7.722509" intensity="1.043398e-02" type="0"/>
    <Peak1D F1="7.706578" intensity="1.924901e-03" type="0"/>
    <Peak1D F1="7.702435" intensity="1.799929e-03" type="0"/>
    <Peak1D F1="7.696866" intensity="2.004142e-03" type="0"/>
    <Peak1D F1="7.689145" intensity="1.773988e-03" type="0"/>
    <Peak1D F1="7.675286" intensity="2.266884e-03" type="0"/>
    <Peak1D F1="7.647448" intensity="2.592807e-03" type="0"/>
    <Peak1D F1="7.641642" intensity="2.943285e-03" type="0"/>
    <Peak1D F1="7.632346" intensity="3.019060e-03" type="0"/>
    <Peak1D F1="7.614890" intensity="1.393575e-02" type="0"/>
    <Peak1D F1="7.612925" intensity="1.377037e-02" type="0"/>
    <Peak1D F1="7.603277" intensity="1.340467e-02" type="0"/>
    <Peak1D F1="7.601136" intensity="2.121130e-02" type="0"/>
    <Peak1D F1="7.598917" intensity="1.562637e-02" type="0"/>
    <Peak1D F1="7.589336" intensity="1.254872e-02" type="0"/>
    <Peak1D F1="7.587406" intensity="1.207735e-02" type="0"/>
    <Peak1D F1="7.583257" intensity="7.486635e-03" type="0"/>
    <Peak1D F1="7.572849" intensity="7.455382e-03" type="0"/>
    <Peak1D F1="7.558579" intensity="9.108609e-03" type="0"/>
    <Peak1D F1="7.552925" intensity="8.880707e-03" type="0"/>
    <Peak1D F1="7.549773" intensity="9.091569e-03" type="0"/>
    <Peak1D F1="7.544081" intensity="9.973088e-03" type="0"/>
    <Peak1D F1="7.541338" intensity="9.306856e-03" type="0"/>
    <Peak1D F1="7.536711" intensity="1.117708e-02" type="0"/>
    <Peak1D F1="7.519057" intensity="4.588352e-03" type="0"/>
    <Peak1D F1="7.506766" intensity="5.167410e-03" type="0"/>
    <Peak1D F1="7.485684" intensity="7.687004e-03" type="0"/>
    <Peak1D F1="7.474988" intensity="2.595205e-02" type="0"/>
    <Peak1D F1="7.472308" intensity="2.256847e-02" type="0"/>
    <Peak1D F1="7.463008" intensity="1.764716e-02" type="0"/>
    <Peak1D F1="7.452224" intensity="6.425219e-02" type="0"/>
    <Peak1D F1="7.442774" intensity="1.080493e-02" type="0"/>
    <Peak1D F1="7.440109" intensity="9.778142e-03" type="0"/>
    <Peak1D F1="7.437907" intensity="1.025993e-02" type="0"/>
    <Peak1D F1="7.428161" intensity="1.692016e-02" type="0"/>
    <Peak1D F1="7.424140" intensity="1.583640e-02" type="0"/>
    <Peak1D F1="7.415751" intensity="1.965575e-02" type="0"/>
    <Peak1D F1="7.413144" intensity="1.822009e-02" type="0"/>
    <Peak1D F1="7.402744" intensity="2.099952e-02" type="0"/>
    <Peak1D F1="7.394225" intensity="3.014919e-02" type="0"/>
    <Peak1D F1="7.390362" intensity="1.535401e-02" type="0"/>
    <Peak1D F1="7.380107" intensity="1.815454e-02" type="0"/>
    <Peak1D F1="7.366843" intensity="2.390085e-02" type="0"/>
    <Peak1D F1="7.351927" intensity="1.720482e-02" type="0"/>
    <Peak1D F1="7.336474" intensity="2.190216e-02" type="0"/>
    <Peak1D F1="7.327215" intensity="2.868253e-02" type="0"/>
    <Peak1D F1="7.324238" intensity="3.277090e-02" type="0"/>
    <Peak1D F1="7.298830" intensity="6.060658e-01" type="0"/>
    <Peak1D F1="7.296605" intensity="9.289056e-01" type="0"/>
    <Peak1D F1="7.293575" intensity="5.092533e-01" type="0"/>
    <Peak1D F1="7.285101" intensity="2.487630e+00" type="0"/>
    <Peak1D F1="7.282453" intensity="1.344719e+00" type="0"/>
    <Peak1D F1="7.278779" intensity="6.117781e-01" type="0"/>
    <Peak1D F1="7.272323" intensity="2.011228e+00" type="0"/>
    <Peak1D F1="7.265628" intensity="3.754430e-01" type="0"/>
    <Peak1D F1="7.257572" intensity="1.041070e+00" type="0"/>
    <Peak1D F1="7.245763" intensity="1.081645e+00" type="0"/>
    <Peak1D F1="7.241146" intensity="2.681595e-01" type="0"/>
    <Peak1D F1="7.233637" intensity="3.134269e-01" type="0"/>
    <Peak1D F1="7.225674" intensity="4.653548e-02" type="0"/>
    <Peak1D F1="7.212077" intensity="1.757283e-02" type="0"/>
    <Peak1D F1="7.195057" intensity="2.029426e+00" type="0"/>
    <Peak1D F1="7.162087" intensity="1.795255e-02" type="0"/>
    <Peak1D F1="7.148750" intensity="2.219872e-02" type="0"/>
    <Peak1D F1="7.144789" intensity="1.905146e-02" type="0"/>
    <Peak1D F1="7.132445" intensity="1.404245e-02" type="0"/>
    <Peak1D F1="7.122803" intensity="1.014560e-02" type="0"/>
    <Peak1D F1="7.111331" intensity="1.144678e-02" type="0"/>
    <Peak1D F1="7.099150" intensity="8.330525e-03" type="0"/>
    <Peak1D F1="7.087195" intensity="7.034467e-03" type="0"/>
    <Peak1D F1="7.067008" intensity="1.154835e-02" type="0"/>
    <Peak1D F1="7.048683" intensity="3.944311e-02" type="0"/>
    <Peak1D F1="7.034302" intensity="1.564796e+00" type="0"/>
    <Peak1D F1="7.020219" intensity="1.733776e+00" type="0"/>
    <Peak1D F1="6.987061" intensity="8.022168e-03" type="0"/>
    <Peak1D F1="6.958931" intensity="1.308420e-02" type="0"/>
    <Peak1D F1="6.946084" intensity="1.272064e-02" type="0"/>
    <Peak1D F1="6.926364" intensity="6.895547e-03" type="0"/>
    <Peak1D F1="6.920000" intensity="9.996857e-03" type="0"/>
    <Peak1D F1="6.915854" intensity="1.046754e-02" type="0"/>
    <Peak1D F1="6.901735" intensity="1.795807e-02" type="0"/>
    <Peak1D F1="6.887561" intensity="2.009766e-02" type="0"/>
    <Peak1D F1="6.859509" intensity="2.725241e-02" type="0"/>
    <Peak1D F1="6.830051" intensity="2.175777e+00" type="0"/>
    <Peak1D F1="6.816577" intensity="2.138131e+00" type="0"/>
    <Peak1D F1="6.798635" intensity="1.844775e-01" type="0"/>
    <Peak1D F1="6.787442" intensity="9.898791e-01" type="0"/>
    <Peak1D F1="6.782852" intensity="1.074200e+00" type="0"/>
    <Peak1D F1="6.773428" intensity="8.880189e-01" type="0"/>
    <Peak1D F1="6.768819" intensity="9.656123e-01" type="0"/>
    <Peak1D F1="6.740433" intensity="1.248094e-02" type="0"/>
    <Peak1D F1="6.729780" intensity="1.773174e-02" type="0"/>
    <Peak1D F1="6.698807" intensity="1.665144e+00" type="0"/>
    <Peak1D F1="6.694405" intensity="1.491840e+00" type="0"/>
    <Peak1D F1="6.665664" intensity="8.596338e-03" type="0"/>
    <Peak1D F1="6.650925" intensity="6.391567e-03" type="0"/>
    <Peak1D F1="6.646454" intensity="6.018275e-03" type="0"/>
    <Peak1D F1="6.636837" intensity="5.097720e-03" type="0"/>
    <Peak1D F1="6.632264" intensity="4.443568e-03" type="0"/>
    <Peak1D F1="6.566377" intensity="6.771091e-03" type="0"/>
    <Peak1D F1="6.562091" intensity="6.482438e-03" type="0"/>
    <Peak1D F1="6.383875" intensity="1.839598e-03" type="0"/>
    <Peak1D F1="6.334829" intensity="1.003840e-01" type="0"/>
    <Peak1D F1="6.284574" intensity="1.631335e-03" type="0"/>
    <Peak1D F1="5.906528" intensity="1.932851e-02" type="0"/>
    <Peak1D F1="5.589675" intensity="1.238443e-03" type="0"/>
    <Peak1D F1="5.509032" intensity="2.322147e-03" type="0"/>
    <Peak1D F1="5.491104" intensity="1.102922e-03" type="0"/>
    <Peak1D F1="5.476285" intensity="1.245197e-03" type="0"/>
    <Peak1D F1="5.463535" intensity="1.138134e-03" type="0"/>
    <Peak1D F1="5.415597" intensity="9.390297e-03" type="0"/>
    <Peak1D F1="5.390141" intensity="4.447675e-03" type="0"/>
    <Peak1D F1="5.371162" intensity="1.541085e-02" type="0"/>
    <Peak1D F1="5.311190" intensity="1.569038e+00" type="0"/>
    <Peak1D F1="5.280020" intensity="9.510784e-03" type="0"/>
    <Peak1D F1="5.267336" intensity="7.773098e-03" type="0"/>
    <Peak1D F1="5.259321" intensity="6.466090e-03" type="0"/>
    <Peak1D F1="5.226129" intensity="2.056184e+00" type="0"/>
    <Peak1D F1="5.203902" intensity="9.336201e-03" type="0"/>
    <Peak1D F1="5.193018" intensity="3.530098e-03" type="0"/>
    <Peak1D F1="5.075473" intensity="1.048538e-02" type="0"/>
    <Peak1D F1="4.999551" intensity="1.142473e-03" type="0"/>
    <Peak1D F1="4.773284" intensity="1.748676e-03" type="0"/>
    <Peak1D F1="4.759870" intensity="2.206624e-03" type="0"/>
    <Peak1D F1="4.747970" intensity="2.635994e-03" type="0"/>
    <Peak1D F1="4.736938" intensity="2.286195e-03" type="0"/>
    <Peak1D F1="4.723259" intensity="1.797198e-03" type="0"/>
    <Peak1D F1="4.695614" intensity="9.667612e-04" type="0"/>
    <Peak1D F1="4.659840" intensity="4.764008e-03" type="0"/>
    <Peak1D F1="4.604385" intensity="1.775279e-02" type="0"/>
    <Peak1D F1="4.576084" intensity="1.440396e-03" type="0"/>
    <Peak1D F1="4.555202" intensity="9.800151e-04" type="0"/>
    <Peak1D F1="4.528720" intensity="1.044883e-03" type="0"/>
    <Peak1D F1="4.517755" intensity="1.091973e-03" type="0"/>
    <Peak1D F1="4.426238" intensity="2.497649e-03" type="0"/>
    <Peak1D F1="4.390409" intensity="1.771492e-03" type="0"/>
    <Peak1D F1="4.376425" intensity="1.641530e-03" type="0"/>
    <Peak1D F1="4.330265" intensity="2.217693e-03" type="0"/>
    <Peak1D F1="4.318407" intensity="2.446433e-03" type="0"/>
    <Peak1D F1="4.306089" intensity="2.285224e-03" type="0"/>
    <Peak1D F1="4.284400" intensity="2.488462e-03" type="0"/>
    <Peak1D F1="4.273404" intensity="2.703552e-03" type="0"/>
    <Peak1D F1="4.241387" intensity="3.343312e-03" type="0"/>
    <Peak1D F1="4.230021" intensity="4.935254e-03" type="0"/>
    <Peak1D F1="4.218513" intensity="3.693293e-03" type="0"/>
    <Peak1D F1="4.210227" intensity="2.865334e-03" type="0"/>
    <Peak1D F1="4.183396" intensity="2.990876e-03" type="0"/>
    <Peak1D F1="4.167758" intensity="3.165462e-03" type="0"/>
    <Peak1D F1="4.154073" intensity="3.184670e-03" type="0"/>
    <Peak1D F1="4.142170" intensity="3.604757e-03" type="0"/>
    <Peak1D F1="4.056736" intensity="5.104002e-03" type="0"/>
    <Peak1D F1="4.040649" intensity="5.498922e-03" type="0"/>
    <Peak1D F1="4.017099" intensity="6.485200e-03" type="0"/>
    <Peak1D F1="4.009423" intensity="7.509570e-03" type="0"/>
    <Peak1D F1="3.999410" intensity="7.079244e-03" type="0"/>
    <Peak1D F1="3.970814" intensity="1.069262e-02" type="0"/>
    <Peak1D F1="3.960034" intensity="1.170197e-02" type="0"/>
    <Peak1D F1="3.948254" intensity="1.318206e-02" type="0"/>
    <Peak1D F1="3.906826" intensity="2.297931e-02" type="0"/>
    <Peak1D F1="3.881729" intensity="2.125966e-01" type="0"/>
    <Peak1D F1="3.877702" intensity="1.896137e-01" type="0"/>
    <Peak1D F1="3.870879" intensity="3.662084e-01" type="0"/>
    <Peak1D F1="3.864388" intensity="4.897382e-01" type="0"/>
    <Peak1D F1="3.854318" intensity="7.069654e-01" type="0"/>
    <Peak1D F1="3.842488" intensity="7.166761e-01" type="0"/>
    <Peak1D F1="3.829506" intensity="7.591231e-01" type="0"/>
    <Peak1D F1="3.819440" intensity="4.545878e-01" type="0"/>
    <Peak1D F1="3.811661" intensity="3.509712e-01" type="0"/>
    <Peak1D F1="3.801370" intensity="2.172887e-01" type="0"/>
    <Peak1D F1="3.788694" intensity="1.010907e+00" type="0"/>
    <Peak1D F1="3.759959" intensity="1.500000e+01" type="0"/>
    <Peak1D F1="3.749947" intensity="4.474470e-01" type="0"/>
    <Peak1D F1="3.738048" intensity="5.171705e-01" type="0"/>
    <Peak1D F1="3.728247" intensity="5.814047e-01" type="0"/>
    <Peak1D F1="3.717168" intensity="3.821903e-01" type="0"/>
    <Peak1D F1="3.689552" intensity="3.214009e-01" type="0"/>
    <Peak1D F1="3.678938" intensity="5.539530e-01" type="0"/>
    <Peak1D F1="3.668533" intensity="4.889857e-01" type="0"/>
    <Peak1D F1="3.658524" intensity="3.477173e-01" type="0"/>
    <Peak1D F1="3.647855" intensity="2.224415e-01" type="0"/>
    <Peak1D F1="3.637485" intensity="1.196724e-01" type="0"/>
    <Peak1D F1="3.628398" intensity="3.721246e-02" type="0"/>
    <Peak1D F1="3.616503" intensity="2.050590e-02" type="0"/>
    <Peak1D F1="3.597453" intensity="4.226677e-03" type="0"/>
    <Peak1D F1="3.580905" intensity="3.260438e-03" type="0"/>
    <Peak1D F1="3.566600" intensity="4.745364e-03" type="0"/>
    <Peak1D F1="3.557077" intensity="5.882526e-03" type="0"/>
    <Peak1D F1="3.552912" intensity="5.977784e-03" type="0"/>
    <Peak1D F1="3.542428" intensity="6.957477e-03" type="0"/>
    <Peak1D F1="3.535837" intensity="6.960114e-03" type="0"/>
    <Peak1D F1="3.458427" intensity="1.053366e-01" type="0"/>
    <Peak1D F1="3.450459" intensity="2.362906e-01" type="0"/>
    <Peak1D F1="3.441895" intensity="2.654885e-01" type="0"/>
    <Peak1D F1="3.433589" intensity="3.664337e-01" type="0"/>
    <Peak1D F1="3.425466" intensity="5.977494e-01" type="0"/>
    <Peak1D F1="3.417184" intensity="5.824504e-01" type="0"/>
    <Peak1D F1="3.409027" intensity="2.924020e-01" type="0"/>
    <Peak1D F1="3.402904" intensity="3.003342e-01" type="0"/>
    <Peak1D F1="3.397544" intensity="3.502278e-01" type="0"/>
    <Peak1D F1="3.389315" intensity="2.932132e-01" type="0"/>
    <Peak1D F1="3.382548" intensity="3.072695e-01" type="0"/>
    <Peak1D F1="3.377431" intensity="4.235928e-01" type="0"/>
    <Peak1D F1="3.374356" intensity="4.149338e-01" type="0"/>
    <Peak1D F1="3.369570" intensity="3.621018e-01" type="0"/>
    <Peak1D F1="3.357769" intensity="1.458414e-01" type="0"/>
    <Peak1D F1="3.352480" intensity="1.602561e-01" type="0"/>
    <Peak1D F1="3.349828" intensity="1.608562e-01" type="0"/>
    <Peak1D F1="3.344632" intensity="1.198813e-01" type="0"/>
    <Peak1D F1="3.311920" intensity="4.754288e-03" type="0"/>
    <Peak1D F1="3.304464" intensity="4.495341e-03" type="0"/>
    <Peak1D F1="3.295332" intensity="5.301747e-03" type="0"/>
    <Peak1D F1="3.287382" intensity="4.466894e-03" type="0"/>
    <Peak1D F1="3.280469" intensity="4.579725e-03" type="0"/>
    <Peak1D F1="3.267782" intensity="5.344344e-03" type="0"/>
    <Peak1D F1="3.255329" intensity="4.842209e-03" type="0"/>
    <Peak1D F1="3.232178" intensity="3.940573e-03" type="0"/>
    <Peak1D F1="3.223388" intensity="3.425841e-03" type="0"/>
    <Peak1D F1="3.210883" intensity="3.199316e-03" type="0"/>
    <Peak1D F1="3.202910" intensity="4.441357e-03" type="0"/>
    <Peak1D F1="3.192668" intensity="4.399612e-03" type="0"/>
    <Peak1D F1="3.171576" intensity="8.180480e-03" type="0"/>
    <Peak1D F1="3.155864" intensity="9.444754e-03" type="0"/>
    <Peak1D F1="3.125446" intensity="2.816393e-01" type="0"/>
    <Peak1D F1="3.117259" intensity="2.832533e-01" type="0"/>
    <Peak1D F1="3.105599" intensity="2.902506e-01" type="0"/>
    <Peak1D F1="3.096209" intensity="5.512898e-01" type="0"/>
    <Peak1D F1="3.087533" intensity="3.511219e-01" type="0"/>
    <Peak1D F1="3.075803" intensity="3.575512e-01" type="0"/>
    <Peak1D F1="3.067351" intensity="3.036140e-01" type="0"/>
    <Peak1D F1="3.049998" intensity="2.604367e-02" type="0"/>
    <Peak1D F1="3.034550" intensity="3.765864e-03" type="0"/>
    <Peak1D F1="3.016066" intensity="2.649732e-03" type="0"/>
    <Peak1D F1="3.006269" intensity="2.468420e-03" type="0"/>
    <Peak1D F1="2.998460" intensity="2.222108e-03" type="0"/>
    <Peak1D F1="2.985636" intensity="5.724237e-03" type="0"/>
    <Peak1D F1="2.978552" intensity="7.268880e-03" type="0"/>
    <Peak1D F1="2.964768" intensity="3.631181e-03" type="0"/>
    <Peak1D F1="2.955166" intensity="5.680996e-03" type="0"/>
    <Peak1D F1="2.942602" intensity="7.080203e-03" type="0"/>
    <Peak1D F1="2.934163" intensity="6.171061e-03" type="0"/>
    <Peak1D F1="2.909032" intensity="3.794346e-02" type="0"/>
    <Peak1D F1="2.902712" intensity="5.992051e-02" type="0"/>
    <Peak1D F1="2.895811" intensity="4.420506e-02" type="0"/>
    <Peak1D F1="2.879838" intensity="4.397385e-01" type="0"/>
    <Peak1D F1="2.874238" intensity="7.279761e-01" type="0"/>
    <Peak1D F1="2.868369" intensity="4.242888e-01" type="0"/>
    <Peak1D F1="2.850087" intensity="3.455380e-01" type="0"/>
    <Peak1D F1="2.844428" intensity="5.507496e-01" type="0"/>
    <Peak1D F1="2.838606" intensity="2.986875e-01" type="0"/>
    <Peak1D F1="2.805218" intensity="1.023416e-02" type="0"/>
    <Peak1D F1="2.766671" intensity="5.010573e-03" type="0"/>
    <Peak1D F1="2.735857" intensity="7.049400e-03" type="0"/>
    <Peak1D F1="2.729363" intensity="8.959584e-03" type="0"/>
    <Peak1D F1="2.695777" intensity="1.349279e-03" type="0"/>
    <Peak1D F1="2.544342" intensity="1.498486e-03" type="0"/>
    <Peak1D F1="2.529707" intensity="1.424984e-03" type="0"/>
    <Peak1D F1="2.516869" intensity="1.509639e-03" type="0"/>
    <Peak1D F1="2.496819" intensity="2.000401e-03" type="0"/>
    <Peak1D F1="2.464820" intensity="1.683125e-03" type="0"/>
    <Peak1D F1="2.447955" intensity="1.720506e-03" type="0"/>
    <Peak1D F1="2.423773" intensity="1.520993e-03" type="0"/>
    <Peak1D F1="2.408258" intensity="1.690526e-03" type="0"/>
    <Peak1D F1="2.364816" intensity="2.086986e-03" type="0"/>
    <Peak1D F1="2.333858" intensity="2.748311e-03" type="0"/>
    <Peak1D F1="2.278533" intensity="6.454234e-03" type="0"/>
    <Peak1D F1="2.267844" intensity="7.827766e-03" type="0"/>
    <Peak1D F1="2.256001" intensity="9.221065e-03" type="0"/>
    <Peak1D F1="2.249096" intensity="1.161882e-02" type="0"/>
    <Peak1D F1="2.236524" intensity="1.648266e-02" type="0"/>
    <Peak1D F1="2.224079" intensity="1.638540e-02" type="0"/>
    <Peak1D F1="2.213542" intensity="1.678702e-02" type="0"/>
    <Peak1D F1="2.186980" intensity="8.141567e-02" type="0"/>
    <Peak1D F1="2.180539" intensity="1.251282e-01" type="0"/>
    <Peak1D F1="2.168671" intensity="3.322113e-01" type="0"/>
    <Peak1D F1="2.158944" intensity="4.715081e-01" type="0"/>
    <Peak1D F1="2.145581" intensity="4.114971e-01" type="0"/>
    <Peak1D F1="2.142133" intensity="4.357393e-01" type="0"/>
    <Peak1D F1="2.131359" intensity="3.664324e-01" type="0"/>
    <Peak1D F1="2.127669" intensity="3.779969e-01" type="0"/>
    <Peak1D F1="2.117070" intensity="6.584399e-01" type="0"/>
    <Peak1D F1="2.106777" intensity="8.226027e-01" type="0"/>
    <Peak1D F1="2.099141" intensity="8.785280e-01" type="0"/>
    <Peak1D F1="2.091846" intensity="8.438106e-01" type="0"/>
    <Peak1D F1="2.081251" intensity="7.255359e-01" type="0"/>
    <Peak1D F1="2.075241" intensity="4.704107e-01" type="0"/>
    <Peak1D F1="2.070911" intensity="4.328802e-01" type="0"/>
    <Peak1D F1="2.064889" intensity="5.240619e-01" type="0"/>
    <Peak1D F1="2.048131" intensity="4.323668e-01" type="0"/>
    <Peak1D F1="2.038541" intensity="3.059846e-01" type="0"/>
    <Peak1D F1="2.031237" intensity="1.226988e-01" type="0"/>
    <Peak1D F1="2.026758" intensity="1.057475e-01" type="0"/>
    <Peak1D F1="2.020208" intensity="8.567898e-02" type="0"/>
    <Peak1D F1="2.009393" intensity="3.225057e-02" type="0"/>
    <Peak1D F1="1.998201" intensity="1.103456e-02" type="0"/>
    <Peak1D F1="1.991580" intensity="5.794126e-03" type="0"/>
    <Peak1D F1="1.987200" intensity="5.893091e-03" type="0"/>
    <Peak1D F1="1.980829" intensity="5.314781e-03" type="0"/>
    <Peak1D F1="1.969370" intensity="4.239716e-03" type="0"/>
    <Peak1D F1="1.957519" intensity="3.247764e-03" type="0"/>
    <Peak1D F1="1.945786" intensity="4.973322e-03" type="0"/>
    <Peak1D F1="1.939662" intensity="5.221375e-03" type="0"/>
    <Peak1D F1="1.935163" intensity="5.452036e-03" type="0"/>
    <Peak1D F1="1.912043" intensity="1.382830e-03" type="0"/>
    <Peak1D F1="1.899394" intensity="1.745647e-03" type="0"/>
    <Peak1D F1="1.887230" intensity="2.867789e-03" type="0"/>
    <Peak1D F1="1.870936" intensity="3.521871e-03" type="0"/>
    <Peak1D F1="1.863241" intensity="3.648634e-03" type="0"/>
    <Peak1D F1="1.850822" intensity="4.163225e-03" type="0"/>
    <Peak1D F1="1.842375" intensity="4.140250e-03" type="0"/>
    <Peak1D F1="1.839202" intensity="5.216817e-03" type="0"/>
    <Peak1D F1="1.831407" intensity="4.118480e-03" type="0"/>
    <Peak1D F1="1.827748" intensity="4.794418e-03" type="0"/>
    <Peak1D F1="1.709656" intensity="2.636732e-01" type="0"/>
    <Peak1D F1="1.657701" intensity="1.257393e-02" type="0"/>
    <Peak1D F1="1.614580" intensity="5.369913e-03" type="0"/>
    <Peak1D F1="1.577289" intensity="3.401377e-03" type="0"/>
    <Peak1D F1="1.561458" intensity="9.158432e-03" type="0"/>
    <Peak1D F1="1.550441" intensity="1.734977e-02" type="0"/>
    <Peak1D F1="1.545146" intensity="1.288851e-02" type="0"/>
    <Peak1D F1="1.538967" intensity="1.234592e-02" type="0"/>
    <Peak1D F1="1.530706" intensity="1.117178e-02" type="0"/>
    <Peak1D F1="1.519066" intensity="1.320778e-02" type="0"/>
    <Peak1D F1="1.507209" intensity="1.445652e-02" type="0"/>
    <Peak1D F1="1.496563" intensity="1.232765e-02" type="0"/>
    <Peak1D F1="1.480622" intensity="9.851202e-03" type="0"/>
    <Peak1D F1="1.469717" intensity="1.331166e-02" type="0"/>
    <Peak1D F1="1.458608" intensity="6.039583e-03" type="0"/>
    <Peak1D F1="1.442067" intensity="4.778839e-03" type="0"/>
    <Peak1D F1="1.423317" intensity="6.325203e-03" type="0"/>
    <Peak1D F1="1.412423" intensity="7.057271e-03" type="0"/>
    <Peak1D F1="1.401757" intensity="6.956511e-03" type="0"/>
    <Peak1D F1="1.388527" intensity="5.336619e-03" type="0"/>
    <Peak1D F1="1.376035" intensity="4.494206e-03" type="0"/>
    <Peak1D F1="1.362782" intensity="4.698369e-03" type="0"/>
    <Peak1D F1="1.350388" intensity="3.447420e-02" type="0"/>
    <Peak1D F1="1.320494" intensity="1.100779e-02" type="0"/>
    <Peak1D F1="1.299937" intensity="5.207004e-02" type="0"/>
    <Peak1D F1="1.286915" intensity="1.062891e-02" type="0"/>
    <Peak1D F1="1.261568" intensity="3.083993e-02" type="0"/>
    <Peak1D F1="1.213748" intensity="1.035909e-01" type="0"/>
    <Peak1D F1="1.182812" intensity="2.243587e-01" type="0"/>
    <Peak1D F1="1.173343" intensity="5.522917e-02" type="0"/>
    <Peak1D F1="1.161385" intensity="4.378386e-02" type="0"/>
    <Peak1D F1="1.149642" intensity="2.915775e-02" type="0"/>
    <Peak1D F1="1.119094" intensity="1.213193e-02" type="0"/>
    <Peak1D F1="1.010357" intensity="7.602308e-03" type="0"/>
    <Peak1D F1="0.993433" intensity="8.153941e-03" type="0"/>
    <Peak1D F1="0.981030" intensity="8.107286e-03" type="0"/>
    <Peak1D F1="0.969720" intensity="7.990706e-03" type="0"/>
    <Peak1D F1="0.950000" intensity="8.543120e-03" type="0"/>
    <Peak1D F1="0.937786" intensity="9.700463e-03" type="0"/>
    <Peak1D F1="0.925208" intensity="7.360321e-03" type="0"/>
    <Peak1D F1="0.921549" intensity="6.879573e-03" type="0"/>
    <Peak1D F1="0.910336" intensity="5.368513e-03" type="0"/>
    <Peak1D F1="0.901113" intensity="5.523454e-03" type="0"/>
    <Peak1D F1="0.888838" intensity="7.609650e-03" type="0"/>
    <Peak1D F1="0.876444" intensity="5.507026e-03" type="0"/>
    <Peak1D F1="0.818047" intensity="3.641802e-02" type="0"/>
    <Peak1D F1="0.806698" intensity="6.532139e-02" type="0"/>
    <Peak1D F1="0.794750" intensity="4.416343e-02" type="0"/>
    <Peak1D F1="0.785447" intensity="4.571328e-02" type="0"/>
    <Peak1D F1="0.773796" intensity="7.945372e-02" type="0"/>
    <Peak1D F1="0.769195" intensity="7.736605e-02" type="0"/>
    <Peak1D F1="0.738167" intensity="3.396053e-02" type="0"/>
    <Peak1D F1="0.726875" intensity="2.057896e-02" type="0"/>
    <Peak1D F1="0.702088" intensity="1.454109e-03" type="0"/>
    <Peak1D F1="0.689097" intensity="1.007939e-03" type="0"/>
    <Peak1D F1="0.021904" intensity="9.188652e-04" type="0"/>
    <Peak1D F1="0.016382" intensity="2.014881e-03" type="0"/>
    <Peak1D F1="0.005734" intensity="9.366633e-03" type="0"/>
    <Peak1D F1="-0.000158" intensity="1.850926e-01" type="0"/>
    <Peak1D F1="-0.006302" intensity="6.257782e-03" type="0"/>
  </PeakList1D>
</PeakList>
