<?xml version="1.0" encoding="UTF-8"?>
<PeakList>
  <PeakList1D>
    <PeakList1DHeader creator="nmrsu" date="2023-06-20T09:29:19.764-05:00" expNo="1210510" name="Jun20-2023" owner="" procNo="1" source="G:/data/chem-synthesis-a-team3/nmr">
      <PeakPickDetails>F1=219.460297ppm, F2=-19.460289ppm, MI=0.00cm, MAXI=10000.00cm, PC=1.400
      </PeakPickDetails>
    </PeakList1DHeader>
    <Peak1D F1="168.674164" intensity="1.515689e+000" type="0"/>
    <Peak1D F1="135.382446" intensity="2.670839e+000" type="0"/>
    <Peak1D F1="133.965530" intensity="3.143296e+000" type="0"/>
    <Peak1D F1="129.423416" intensity="1.500000e+001" type="0"/>
    <Peak1D F1="120.227234" intensity="1.417416e+001" type="0"/>
    <Peak1D F1="77.379913" intensity="1.276540e+001" type="0"/>
    <Peak1D F1="77.062630" intensity="1.276972e+001" type="0"/>
    <Peak1D F1="76.744591" intensity="1.266666e+001" type="0"/>
    <Peak1D F1="24.344881" intensity="5.144195e+000" type="0"/>
    <Peak1D F1="20.844427" intensity="5.393447e+000" type="0"/>
  </PeakList1D>
</PeakList>
