<?xml version="1.0" encoding="UTF-8"?>
<PeakList>
  <PeakList1D>
    <PeakList1DHeader creator="nmrsu" date="2023-08-03T11:24:45.322-05:00" expNo="1295410" name="Aug03-2023" owner="" procNo="1" source="G:/data/chem-synthesis-summer-a-team3/nmr">
      <PeakPickDetails>F1=219.460297ppm, F2=-19.460289ppm, MI=0.00cm, MAXI=10000.00cm, PC=1.400
      </PeakPickDetails>
    </PeakList1DHeader>
    <Peak1D F1="159.653610" intensity="2.447087e+000" type="0"/>
    <Peak1D F1="133.065781" intensity="1.332129e+001" type="0"/>
    <Peak1D F1="132.517288" intensity="2.589188e+000" type="0"/>
    <Peak1D F1="131.465912" intensity="1.500000e+001" type="0"/>
    <Peak1D F1="129.213623" intensity="1.149288e+000" type="0"/>
    <Peak1D F1="128.453979" intensity="2.894540e+000" type="0"/>
    <Peak1D F1="128.313293" intensity="1.232609e+001" type="0"/>
    <Peak1D F1="127.934746" intensity="5.895214e+000" type="0"/>
    <Peak1D F1="123.639023" intensity="2.073405e+000" type="0"/>
    <Peak1D F1="115.431412" intensity="2.185485e+000" type="0"/>
    <Peak1D F1="114.025482" intensity="1.482905e+001" type="0"/>
    <Peak1D F1="89.388374" intensity="2.565751e+000" type="0"/>
    <Peak1D F1="88.088631" intensity="2.265270e+000" type="0"/>
    <Peak1D F1="77.346718" intensity="2.026330e+001" type="0"/>
    <Peak1D F1="77.029106" intensity="2.076936e+001" type="0"/>
    <Peak1D F1="76.711510" intensity="2.016164e+001" type="0"/>
    <Peak1D F1="55.310352" intensity="7.037213e+000" type="0"/>
  </PeakList1D>
</PeakList>
