<?xml version="1.0" encoding="UTF-8"?>
<PeakList modified="2020-02-05T18:26:38">
  <PeakList1D>
    <PeakList1DHeader creator="Dell" date="2020-02-05T18:26:38" expNo="1" name="SDT167" owner="" procNo="1" source="C:/Users/Dell/Desktop/NMR/Methoxy chromanyl">
      <PeakPickDetails>F1=7.392585ppm, F2=7.172716ppm, MI=0.44cm, MAXI=1.68cm, PC=1.000
      </PeakPickDetails>
    </PeakList1DHeader>
    <Peak1D F1="7.260086" intensity="1.057904" type="0"/>
  </PeakList1D>
  <PeakList1D>
    <PeakList1DHeader creator="Dell" date="2020-02-05T18:26:38" expNo="1" name="SDT167" owner="" procNo="1" source="C:/Users/Dell/Desktop/NMR/Methoxy chromanyl">
      <PeakPickDetails>F1=7.027519ppm, F2=6.550444ppm, MI=0.21cm, MAXI=3.40cm, PC=1.000
      </PeakPickDetails>
    </PeakList1DHeader>
    <Peak1D F1="6.935301" intensity="1.757941" type="0"/>
    <Peak1D F1="6.924266" intensity="2.749473" type="0"/>
    <Peak1D F1="6.891991" intensity="1.329998" type="0"/>
    <Peak1D F1="6.880744" intensity="2.469086" type="0"/>
    <Peak1D F1="6.869633" intensity="1.25289" type="0"/>
    <Peak1D F1="6.821703" intensity="2.617443" type="0"/>
    <Peak1D F1="6.810362" intensity="1.904139" type="0"/>
  </PeakList1D>
  <PeakList1D>
    <PeakList1DHeader creator="Dell" date="2020-02-05T18:26:38" expNo="1" name="SDT167" owner="" procNo="1" source="C:/Users/Dell/Desktop/NMR/Methoxy chromanyl">
      <PeakPickDetails>F1=4.825315ppm, F2=4.754597ppm, MI=0.87cm, MAXI=4.86cm, PC=1.000
      </PeakPickDetails>
    </PeakList1DHeader>
    <Peak1D F1="4.783841" intensity="2.308003" type="0"/>
  </PeakList1D>
  <PeakList1D>
    <PeakList1DHeader creator="Dell" date="2020-02-05T18:26:38" expNo="1" name="SDT167" owner="" procNo="1" source="C:/Users/Dell/Desktop/NMR/Methoxy chromanyl">
      <PeakPickDetails>F1=4.559419ppm, F2=4.197347ppm, MI=0.38cm, MAXI=2.61cm, PC=1.000
      </PeakPickDetails>
    </PeakList1DHeader>
    <Peak1D F1="4.401397" intensity="0.5048721" type="0"/>
    <Peak1D F1="4.395996" intensity="1.018003" type="0"/>
    <Peak1D F1="4.386744" intensity="0.9449747" type="0"/>
    <Peak1D F1="4.380236" intensity="1.627548" type="0"/>
    <Peak1D F1="4.374724" intensity="0.895815" type="0"/>
    <Peak1D F1="4.335536" intensity="1.195865" type="0"/>
    <Peak1D F1="4.319626" intensity="1.856093" type="0"/>
    <Peak1D F1="4.30379" intensity="0.784785" type="0"/>
  </PeakList1D>
  <PeakList1D>
    <PeakList1DHeader creator="Dell" date="2020-02-05T18:26:38" expNo="1" name="SDT167" owner="" procNo="1" source="C:/Users/Dell/Desktop/NMR/Methoxy chromanyl">
      <PeakPickDetails>F1=4.197347ppm, F2=3.419564ppm, MI=2.27cm, MAXI=18.35cm, PC=1.000
      </PeakPickDetails>
    </PeakList1DHeader>
    <Peak1D F1="3.870463" intensity="15.0" type="0"/>
  </PeakList1D>
  <PeakList1D>
    <PeakList1DHeader creator="Dell" date="2020-02-05T18:26:38" expNo="1" name="SDT167" owner="" procNo="1" source="C:/Users/Dell/Desktop/NMR/Methoxy chromanyl">
      <PeakPickDetails>F1=2.279709ppm, F2=1.770127ppm, MI=0.19cm, MAXI=2.19cm, PC=1.000
      </PeakPickDetails>
    </PeakList1DHeader>
    <Peak1D F1="2.147615" intensity="0.2747086" type="0"/>
    <Peak1D F1="2.142557" intensity="0.5332661" type="0"/>
    <Peak1D F1="2.137067" intensity="0.3229251" type="0"/>
    <Peak1D F1="2.126723" intensity="0.9180634" type="0"/>
    <Peak1D F1="2.121888" intensity="1.096341" type="0"/>
    <Peak1D F1="2.112255" intensity="0.5313655" type="0"/>
    <Peak1D F1="2.10625" intensity="0.8865604" type="0"/>
    <Peak1D F1="2.100936" intensity="0.4978034" type="0"/>
    <Peak1D F1="2.056616" intensity="1.222561" type="0"/>
    <Peak1D F1="2.053973" intensity="1.302386" type="0"/>
    <Peak1D F1="2.052036" intensity="1.245615" type="0"/>
    <Peak1D F1="2.03649" intensity="0.7837093" type="0"/>
    <Peak1D F1="2.033837" intensity="0.8049596" type="0"/>
    <Peak1D F1="2.031728" intensity="0.7595556" type="0"/>
    <Peak1D F1="1.901177" intensity="0.9714915" type="0"/>
  </PeakList1D>
</PeakList>
