<?xml version="1.0" encoding="UTF-8"?>
<PeakList>
  <PeakList1D>
    <PeakList1DHeader creator="chemist" date="2019-01-25T15:10:37.523+00:00" expNo="10" name="Z144537" owner="" procNo="1" source="f:\data\chemist\nmr\">
      <PeakPickDetails>F1=15.000ppm, F2=-0.100ppm, MI=0.50cm, MAXI=80.00cm, PC=1.000
      </PeakPickDetails>
    </PeakList1DHeader>
    <Peak1D F1="7.2854" intensity="2.323853e+000" type="0"/>
    <Peak1D F1="7.2073" intensity="1.367399e+000" type="0"/>
    <Peak1D F1="7.2005" intensity="9.887181e-001" type="0"/>
    <Peak1D F1="7.1959" intensity="8.677169e-001" type="0"/>
    <Peak1D F1="7.1916" intensity="1.197514e+000" type="0"/>
    <Peak1D F1="7.1861" intensity="1.857494e+000" type="0"/>
    <Peak1D F1="6.8710" intensity="1.748957e+000" type="0"/>
    <Peak1D F1="6.8660" intensity="6.497982e-001" type="0"/>
    <Peak1D F1="6.8543" intensity="5.982694e-001" type="0"/>
    <Peak1D F1="6.8494" intensity="1.555985e+000" type="0"/>
    <Peak1D F1="6.2303" intensity="5.112755e-001" type="0"/>
    <Peak1D F1="6.2259" intensity="5.759165e-001" type="0"/>
    <Peak1D F1="6.2236" intensity="6.233094e-001" type="0"/>
    <Peak1D F1="6.2221" intensity="6.227693e-001" type="0"/>
    <Peak1D F1="6.2193" intensity="5.775135e-001" type="0"/>
    <Peak1D F1="6.1235" intensity="6.698773e-001" type="0"/>
    <Peak1D F1="6.1151" intensity="1.177706e+000" type="0"/>
    <Peak1D F1="6.1067" intensity="5.629270e-001" type="0"/>
    <Peak1D F1="3.9295" intensity="7.484219e-001" type="0"/>
    <Peak1D F1="3.9151" intensity="7.273280e-001" type="0"/>
    <Peak1D F1="3.8110" intensity="7.909511e+000" type="0"/>
    <Peak1D F1="3.8019" intensity="5.148111e-001" type="0"/>
    <Peak1D F1="3.1653" intensity="6.141208e-001" type="0"/>
    <Peak1D F1="3.1523" intensity="5.813679e-001" type="0"/>
    <Peak1D F1="3.1388" intensity="7.024352e-001" type="0"/>
    <Peak1D F1="3.1175" intensity="6.222819e-001" type="0"/>
    <Peak1D F1="1.6258" intensity="2.000000e+001" type="0"/>
    <Peak1D F1="1.6148" intensity="1.104358e+000" type="0"/>
    <Peak1D F1="1.5882" intensity="2.234827e+000" type="0"/>
    <Peak1D F1="1.4938" intensity="1.158832e+000" type="0"/>
    <Peak1D F1="1.4814" intensity="6.119133e-001" type="0"/>
  </PeakList1D>
</PeakList>
