{"IFD.fairdata.version":"0.0.2-alpha+2020.04.03",
"IFD.extractor.version":"0.0.2-alpha+2002.04.02",
"IFD.extractor.code":"https://github.com/IUPAC/IUPAC-FAIRSpec/blob/main/src/main/java/com/integratedgraphics/ifd/Extractor.java",
"IFD.extractor.list.type":"manifest",
"IFD.extractor.scirpt":"_IFD_extract.json",
"IFD.extractor.source":"https://ndownloader.figshare.com/files/22567817",
"IFD.extractor.creation.date":"3 Apr 2022 17:14:10 GMT",
"IFD.extractor.count":69,
"IFD.extractor.list":
[
"1.zip_1_13C_.zip"
,"1.zip_1_1H_.zip"
,"10.zip_10_13C_.zip"
,"10.zip_10_1H_.zip"
,"11.zip_11_13C_.zip"
,"11.zip_11_1H_.zip"
,"13.zip_13_13C_.zip"
,"13.zip_13_1H_.zip"
,"16.zip_16_13C_.zip"
,"16.zip_16_1H_.zip"
,"16.zip_dia-16_13C_.zip"
,"16.zip_dia-16_1H_.zip"
,"17.zip_17_13C_.zip"
,"17.zip_17_1H_.zip"
,"2.zip_2_13C_.zip"
,"2.zip_2_1H-13C_NUS_HSQC_.zip"
,"2.zip_2_1H_.zip"
,"21.zip_21_13C_.zip"
,"21.zip_21_1H_.zip"
,"3.zip_3_13C_.zip"
,"3.zip_3_1H-13C_NUS_HMBC_.zip"
,"3.zip_3_1H-13C_NUS_HSQC_.zip"
,"3.zip_3_1H_.zip"
,"8.zip_8_13C_.zip"
,"8.zip_8_1H_.zip"
,"9.zip_9_13C_.zip"
,"9.zip_9_1H_.zip"
,"1.zip_1.mnova"
,"1.zip_1_13C_pdata_1_thumb.png"
,"1.zip_1_1H_pdata_1_thumb.png"
,"10.zip_10.mnova"
,"10.zip_10_13C_pdata_1_thumb.png"
,"10.zip_10_1H_pdata_1_thumb.png"
,"11.zip_11.mnova"
,"11.zip_11_13C_pdata_1_thumb.png"
,"11.zip_11_1H_pdata_1_thumb.png"
,"13.zip_13.mnova"
,"13.zip_13_13C_pdata_1_thumb.png"
,"13.zip_13_1H_pdata_1_thumb.png"
,"16.zip_16.mnova"
,"16.zip_16_13C_pdata_1_200326_KG16-31-P_13C_1_1.pdf"
,"16.zip_16_1H_pdata_1_200326_KG16-31-P_1H_1_1.pdf"
,"16.zip_dia-16.mnova"
,"16.zip_dia-16_13C_pdata_1_thumb.png"
,"16.zip_dia-16_1H_pdata_1_thumb.png"
,"17.zip_17.mnova"
,"17.zip_17_13C_pdata_1_thumb.png"
,"17.zip_17_1H_pdata_1_thumb.png"
,"2.zip_2.mnova"
,"2.zip_2_13C_pdata_1_thumb.png"
,"2.zip_2_1H-13C_NUS_HSQC_pdata_1_thumb.png"
,"2.zip_2_1H-13C_NUS_HSQC_pdata_999_thumb.png"
,"2.zip_2_1H_pdata_1_thumb.png"
,"21.zip_21.mnova"
,"21.zip_21_13C_pdata_1_thumb.png"
,"21.zip_21_1H_pdata_1_thumb.png"
,"3.zip_3.mnova"
,"3.zip_3_13C_pdata_1_thumb.png"
,"3.zip_3_1H-13C_NUS_HMBC_pdata_1_thumb.png"
,"3.zip_3_1H-13C_NUS_HMBC_pdata_999_thumb.png"
,"3.zip_3_1H-13C_NUS_HSQC_pdata_1_thumb.png"
,"3.zip_3_1H-13C_NUS_HSQC_pdata_999_thumb.png"
,"3.zip_3_1H_pdata_1_thumb.png"
,"8.zip_8.mnova"
,"8.zip_8_13C_pdata_1_200114_KG15-74-P_13C_1_1.pdf"
,"8.zip_8_1H_pdata_1_200114_KG15-74-P_1H_1_1.pdf"
,"9.zip_9.mnova"
,"9.zip_9_13C_pdata_1_thumb.png"
,"9.zip_9_1H_pdata_1_thumb.png"
]}
