{"IFD-extract-version":"0.2.0-alpha","keys":[
 {"example":"compound zip files containing bruker and mnova files identified as'1_13C' and '1_mnova'"},
 {"journal":"acs.joc"},{"hash":"0c00770"},
 {"figshareid":"22567817"},
 
 {"IFD.property.fairdata.collection.data.license.uri":"https://creativecommons.org/licenses/by-nc/4.0"},
 {"IFD.property.fairdata.collection.data.license.name":"cc-by-nc-4.0"},
 {"IFDid=IFD.property.fairdata.collection.id":"{journal}.{hash}"},
 {"IFD.property.fairdata.collection.source.publication.uri":"https://doi.org/10.1021/{IFDid}"}, 
 
 {"data0":"{IFD.property.fairdata.collection.source.data.uri::https://pubs.acs.org/doi/suppl/10.1021/{IFDid}/suppl_file/jo{hash}_si_002.zip}"},
 {"data":"{IFD.property.fairdata.collection.source.data.uri::https://ndownloader.figshare.com/files/{figshareid}}"},

 {"zip":"{data}|{id=IFD.property.sample.label::*}.zip|"},
 {"IFD.property.fairdata.collection.object":"{zip}{IFD.representation.data.spec.nmr.vendor.dataset::{IFD.property.data.spec.nmr.expt.label::*}/}"},
 {"IFD.property.fairdata.collection.object":"{zip}{IFD.representation.data.spec.nmr.vendor.dataset::{IFD.property.data.spec.nmr.expt.label::*.mnova}}"}
]}
