{"IFD.fairdata.version":"0.0.2-alpha+2020.04.03",
"IFD.extractor.version":"0.0.2-alpha+2002.04.02",
"IFD.extractor.code":"https://github.com/IUPAC/IUPAC-FAIRSpec/blob/main/src/main/java/com/integratedgraphics/ifd/Extractor.java",
"IFD.extractor.list.type":"ignored",
"IFD.extractor.scirpt":"_IFD_extract.json",
"IFD.extractor.source":"https://ndownloader.figshare.com/files/22567817",
"IFD.extractor.creation.date":"3 Apr 2022 17:14:10 GMT",
"IFD.extractor.count":62,
"IFD.extractor.list":
[
"1.zip|1_13C/desktop.ini"
,"1.zip|1_13C/pdata/1/desktop.ini"
,"1.zip|1_13C/pdata/desktop.ini"
,"1.zip|1_1H/desktop.ini"
,"1.zip|1_1H/pdata/1/desktop.ini"
,"1.zip|1_1H/pdata/desktop.ini"
,"1.zip|desktop.ini"
,"10.zip|10_13C/desktop.ini"
,"10.zip|10_13C/pdata/1/desktop.ini"
,"10.zip|10_13C/pdata/desktop.ini"
,"10.zip|10_1H/desktop.ini"
,"10.zip|10_1H/pdata/1/desktop.ini"
,"10.zip|10_1H/pdata/desktop.ini"
,"10.zip|desktop.ini"
,"11.zip|11_13C/desktop.ini"
,"11.zip|11_13C/pdata/1/desktop.ini"
,"11.zip|11_13C/pdata/desktop.ini"
,"11.zip|11_1H/desktop.ini"
,"11.zip|11_1H/pdata/1/desktop.ini"
,"11.zip|11_1H/pdata/desktop.ini"
,"11.zip|desktop.ini"
,"13.zip|13_13C/desktop.ini"
,"13.zip|13_1H/desktop.ini"
,"13.zip|desktop.ini"
,"16.zip|16_13C/desktop.ini"
,"16.zip|16_13C/pdata/1/desktop.ini"
,"16.zip|16_13C/pdata/desktop.ini"
,"16.zip|16_1H/desktop.ini"
,"16.zip|16_1H/pdata/1/desktop.ini"
,"16.zip|16_1H/pdata/desktop.ini"
,"16.zip|desktop.ini"
,"16.zip|dia-16_13C/desktop.ini"
,"16.zip|dia-16_13C/pdata/1/desktop.ini"
,"16.zip|dia-16_13C/pdata/desktop.ini"
,"16.zip|dia-16_1H/desktop.ini"
,"16.zip|dia-16_1H/pdata/1/desktop.ini"
,"16.zip|dia-16_1H/pdata/desktop.ini"
,"17.zip|17_13C/desktop.ini"
,"17.zip|17_13C/pdata/1/desktop.ini"
,"17.zip|17_1H/desktop.ini"
,"17.zip|17_1H/pdata/1/desktop.ini"
,"17.zip|desktop.ini"
,"21.zip|21_13C/desktop.ini"
,"21.zip|21_13C/pdata/desktop.ini"
,"21.zip|21_1H/desktop.ini"
,"21.zip|21_1H/pdata/1/desktop.ini"
,"21.zip|21_1H/pdata/desktop.ini"
,"21.zip|desktop.ini"
,"8.zip|8_13C/desktop.ini"
,"8.zip|8_1H/desktop.ini"
,"8.zip|8_1H/pdata/1/desktop.ini"
,"8.zip|8_1H/pdata/desktop.ini"
,"8.zip|desktop.ini"
,"9.zip|9_13C/desktop.ini"
,"9.zip|9_13C/pdata/1/desktop.ini"
,"9.zip|9_13C/pdata/desktop.ini"
,"9.zip|9_1H/desktop.ini"
,"9.zip|9_1H/pdata/1/desktop.ini"
,"9.zip|9_1H/pdata/desktop.ini"
,"9.zip|desktop.ini"
,"desktop.ini"
,"desktop.ini"
]}
