<?xml version="1.0" encoding="UTF-8"?>
<PeakList>
  <PeakList1D>
    <PeakList1DHeader creator="nmr600" date="2019-08-22T15:56:09.344+02:00" expNo="50" name="6Aug2219" owner="" procNo="1" source="/opt/topspin3.0/data/nmr600/nmr">
      <PeakPickDetails>F1=16.364130ppm, F2=-4.186516ppm, MI=0.00cm, MAXI=10000.00cm, PC=1.000
      </PeakPickDetails>
    </PeakList1DHeader>
    <Peak1D F1="9.954950" intensity="3.395878e-02" type="0"/>
    <Peak1D F1="9.702926" intensity="7.113262e-03" type="0"/>
    <Peak1D F1="8.037933" intensity="3.278314e-02" type="0"/>
    <Peak1D F1="8.025762" intensity="3.711498e-02" type="0"/>
    <Peak1D F1="8.013730" intensity="1.434306e-02" type="0"/>
    <Peak1D F1="7.940584" intensity="3.848469e-02" type="0"/>
    <Peak1D F1="7.927444" intensity="4.779799e-02" type="0"/>
    <Peak1D F1="7.823487" intensity="2.091202e-02" type="0"/>
    <Peak1D F1="7.810680" intensity="2.209427e-02" type="0"/>
    <Peak1D F1="7.784729" intensity="2.873239e-02" type="0"/>
    <Peak1D F1="7.771642" intensity="3.265736e-02" type="0"/>
    <Peak1D F1="7.757849" intensity="4.261330e-03" type="0"/>
    <Peak1D F1="7.671876" intensity="8.829006e-03" type="0"/>
    <Peak1D F1="7.659818" intensity="9.094182e-03" type="0"/>
    <Peak1D F1="7.628578" intensity="3.405483e-02" type="0"/>
    <Peak1D F1="7.613284" intensity="6.834064e-02" type="0"/>
    <Peak1D F1="7.610779" intensity="6.924031e-02" type="0"/>
    <Peak1D F1="7.599126" intensity="6.583800e-02" type="0"/>
    <Peak1D F1="7.583884" intensity="2.811112e-02" type="0"/>
    <Peak1D F1="7.569301" intensity="4.659790e-02" type="0"/>
    <Peak1D F1="7.557242" intensity="2.482406e-02" type="0"/>
    <Peak1D F1="7.539042" intensity="7.220810e-03" type="0"/>
    <Peak1D F1="7.521749" intensity="8.575975e-03" type="0"/>
    <Peak1D F1="7.508172" intensity="1.055228e-02" type="0"/>
    <Peak1D F1="7.500016" intensity="1.742960e-02" type="0"/>
    <Peak1D F1="7.487243" intensity="3.990389e-02" type="0"/>
    <Peak1D F1="7.480477" intensity="4.887048e-02" type="0"/>
    <Peak1D F1="7.474642" intensity="6.452421e-02" type="0"/>
    <Peak1D F1="7.462937" intensity="1.213238e-01" type="0"/>
    <Peak1D F1="7.450222" intensity="1.140207e-01" type="0"/>
    <Peak1D F1="7.427619" intensity="9.159983e-02" type="0"/>
    <Peak1D F1="7.425765" intensity="9.277682e-02" type="0"/>
    <Peak1D F1="7.414388" intensity="2.004436e-01" type="0"/>
    <Peak1D F1="7.403532" intensity="1.953231e-01" type="0"/>
    <Peak1D F1="7.392773" intensity="1.249050e-01" type="0"/>
    <Peak1D F1="7.385668" intensity="1.507245e-01" type="0"/>
    <Peak1D F1="7.375758" intensity="1.623408e-01" type="0"/>
    <Peak1D F1="7.368444" intensity="1.555385e-01" type="0"/>
    <Peak1D F1="7.363417" intensity="1.521356e-01" type="0"/>
    <Peak1D F1="7.360631" intensity="1.483399e-01" type="0"/>
    <Peak1D F1="7.352135" intensity="2.167016e-01" type="0"/>
    <Peak1D F1="7.341022" intensity="2.622324e-01" type="0"/>
    <Peak1D F1="7.339835" intensity="2.625917e-01" type="0"/>
    <Peak1D F1="7.325118" intensity="4.067966e-01" type="0"/>
    <Peak1D F1="7.317450" intensity="5.587342e-01" type="0"/>
    <Peak1D F1="7.307901" intensity="7.613125e-01" type="0"/>
    <Peak1D F1="7.304952" intensity="7.258725e-01" type="0"/>
    <Peak1D F1="7.274333" intensity="6.217365e+01" type="0"/>
    <Peak1D F1="7.262895" intensity="1.562973e+00" type="0"/>
    <Peak1D F1="7.256552" intensity="1.870779e+00" type="0"/>
    <Peak1D F1="7.253497" intensity="1.551246e+00" type="0"/>
    <Peak1D F1="7.248823" intensity="7.724405e-01" type="0"/>
    <Peak1D F1="7.245358" intensity="9.163683e-01" type="0"/>
    <Peak1D F1="7.243009" intensity="1.031176e+00" type="0"/>
    <Peak1D F1="7.236824" intensity="3.938732e-01" type="0"/>
    <Peak1D F1="7.228460" intensity="3.350960e-01" type="0"/>
    <Peak1D F1="7.218157" intensity="2.505792e-01" type="0"/>
    <Peak1D F1="7.196887" intensity="1.513554e+00" type="0"/>
    <Peak1D F1="7.183553" intensity="1.494853e-01" type="0"/>
    <Peak1D F1="7.181011" intensity="1.492339e-01" type="0"/>
    <Peak1D F1="7.170090" intensity="1.290706e-01" type="0"/>
    <Peak1D F1="7.146622" intensity="1.428934e-01" type="0"/>
    <Peak1D F1="7.140991" intensity="1.495627e-01" type="0"/>
    <Peak1D F1="7.134558" intensity="1.435226e-01" type="0"/>
    <Peak1D F1="7.125558" intensity="9.138666e-02" type="0"/>
    <Peak1D F1="7.111493" intensity="6.336295e-02" type="0"/>
    <Peak1D F1="7.098941" intensity="5.362418e-02" type="0"/>
    <Peak1D F1="7.087258" intensity="3.598926e-02" type="0"/>
    <Peak1D F1="7.068217" intensity="5.596420e-02" type="0"/>
    <Peak1D F1="7.055518" intensity="5.155203e-02" type="0"/>
    <Peak1D F1="7.041770" intensity="1.240786e-01" type="0"/>
    <Peak1D F1="7.032316" intensity="2.294532e-02" type="0"/>
    <Peak1D F1="7.020008" intensity="3.084527e-02" type="0"/>
    <Peak1D F1="7.002592" intensity="1.797229e-02" type="0"/>
    <Peak1D F1="6.995459" intensity="2.264118e-02" type="0"/>
    <Peak1D F1="6.985824" intensity="1.598872e-02" type="0"/>
    <Peak1D F1="6.934690" intensity="1.156050e-02" type="0"/>
    <Peak1D F1="6.913035" intensity="1.229749e-02" type="0"/>
    <Peak1D F1="6.880143" intensity="8.002442e-03" type="0"/>
    <Peak1D F1="6.868186" intensity="7.734957e-03" type="0"/>
    <Peak1D F1="6.830912" intensity="6.570384e-03" type="0"/>
    <Peak1D F1="6.817398" intensity="7.305883e-03" type="0"/>
    <Peak1D F1="6.797134" intensity="4.932058e-03" type="0"/>
    <Peak1D F1="6.775054" intensity="8.001135e-03" type="0"/>
    <Peak1D F1="6.761599" intensity="6.303915e-03" type="0"/>
    <Peak1D F1="6.746871" intensity="5.000650e-03" type="0"/>
    <Peak1D F1="6.713632" intensity="4.583953e-03" type="0"/>
    <Peak1D F1="6.702672" intensity="6.460720e-03" type="0"/>
    <Peak1D F1="6.677833" intensity="4.274531e-03" type="0"/>
    <Peak1D F1="6.630495" intensity="3.820566e-03" type="0"/>
    <Peak1D F1="6.389711" intensity="4.387774e-03" type="0"/>
    <Peak1D F1="6.340537" intensity="8.979962e-02" type="0"/>
    <Peak1D F1="6.327067" intensity="1.621847e-02" type="0"/>
    <Peak1D F1="6.283716" intensity="8.521623e-03" type="0"/>
    <Peak1D F1="6.276325" intensity="1.360274e-02" type="0"/>
    <Peak1D F1="6.119339" intensity="7.497468e-03" type="0"/>
    <Peak1D F1="6.073396" intensity="4.206401e-03" type="0"/>
    <Peak1D F1="5.980811" intensity="6.759895e-03" type="0"/>
    <Peak1D F1="5.861479" intensity="1.418401e-02" type="0"/>
    <Peak1D F1="5.721034" intensity="9.832022e-03" type="0"/>
    <Peak1D F1="5.713542" intensity="5.226688e-03" type="0"/>
    <Peak1D F1="5.675919" intensity="7.012378e-03" type="0"/>
    <Peak1D F1="5.665218" intensity="2.001000e-02" type="0"/>
    <Peak1D F1="5.661399" intensity="1.995447e-02" type="0"/>
    <Peak1D F1="5.653518" intensity="8.062208e-02" type="0"/>
    <Peak1D F1="5.641156" intensity="3.049631e-02" type="0"/>
    <Peak1D F1="5.628744" intensity="1.140337e-02" type="0"/>
    <Peak1D F1="5.595779" intensity="4.873871e-02" type="0"/>
    <Peak1D F1="5.585696" intensity="1.226757e-02" type="0"/>
    <Peak1D F1="5.576489" intensity="4.498528e-02" type="0"/>
    <Peak1D F1="5.564641" intensity="5.531158e-02" type="0"/>
    <Peak1D F1="5.559683" intensity="6.320997e-02" type="0"/>
    <Peak1D F1="5.553462" intensity="1.189849e-01" type="0"/>
    <Peak1D F1="5.531105" intensity="1.500000e+01" type="0"/>
    <Peak1D F1="5.513520" intensity="1.250415e-01" type="0"/>
    <Peak1D F1="5.500663" intensity="5.636421e-02" type="0"/>
    <Peak1D F1="5.492407" intensity="5.360873e-02" type="0"/>
    <Peak1D F1="5.484930" intensity="5.904313e-02" type="0"/>
    <Peak1D F1="5.468689" intensity="1.095280e-01" type="0"/>
    <Peak1D F1="5.447082" intensity="3.418882e-02" type="0"/>
    <Peak1D F1="5.434134" intensity="2.300663e-02" type="0"/>
    <Peak1D F1="5.426505" intensity="2.495436e-02" type="0"/>
    <Peak1D F1="5.419850" intensity="2.976503e-02" type="0"/>
    <Peak1D F1="5.405083" intensity="9.257959e-02" type="0"/>
    <Peak1D F1="5.383056" intensity="6.574345e-02" type="0"/>
    <Peak1D F1="5.367413" intensity="3.687342e-02" type="0"/>
    <Peak1D F1="5.351115" intensity="1.553712e-02" type="0"/>
    <Peak1D F1="5.333351" intensity="2.434451e-02" type="0"/>
    <Peak1D F1="5.312912" intensity="1.307146e-02" type="0"/>
    <Peak1D F1="5.293218" intensity="1.775447e-02" type="0"/>
    <Peak1D F1="5.281039" intensity="1.656283e-01" type="0"/>
    <Peak1D F1="5.266183" intensity="1.855631e-02" type="0"/>
    <Peak1D F1="5.256324" intensity="1.826780e-02" type="0"/>
    <Peak1D F1="5.222389" intensity="3.772483e+00" type="0"/>
    <Peak1D F1="5.183871" intensity="1.869499e-02" type="0"/>
    <Peak1D F1="5.176376" intensity="1.772880e-02" type="0"/>
    <Peak1D F1="5.166720" intensity="1.458754e-02" type="0"/>
    <Peak1D F1="5.157501" intensity="1.381302e-02" type="0"/>
    <Peak1D F1="5.152575" intensity="1.304829e-02" type="0"/>
    <Peak1D F1="5.138898" intensity="1.138212e-02" type="0"/>
    <Peak1D F1="5.113005" intensity="1.612852e-02" type="0"/>
    <Peak1D F1="5.094187" intensity="1.276572e-02" type="0"/>
    <Peak1D F1="5.071736" intensity="3.422796e-02" type="0"/>
    <Peak1D F1="5.051935" intensity="1.489512e-02" type="0"/>
    <Peak1D F1="5.040111" intensity="1.255354e-02" type="0"/>
    <Peak1D F1="5.031020" intensity="1.331812e-02" type="0"/>
    <Peak1D F1="5.006816" intensity="1.634366e-02" type="0"/>
    <Peak1D F1="4.991832" intensity="1.447081e-02" type="0"/>
    <Peak1D F1="4.972718" intensity="1.732852e-02" type="0"/>
    <Peak1D F1="4.945929" intensity="1.632818e-02" type="0"/>
    <Peak1D F1="4.921985" intensity="2.348092e-02" type="0"/>
    <Peak1D F1="4.914530" intensity="2.038676e-02" type="0"/>
    <Peak1D F1="4.903403" intensity="2.040554e-02" type="0"/>
    <Peak1D F1="4.858848" intensity="2.426895e-02" type="0"/>
    <Peak1D F1="4.845392" intensity="2.484401e-02" type="0"/>
    <Peak1D F1="4.817895" intensity="3.463816e-02" type="0"/>
    <Peak1D F1="4.738499" intensity="3.381305e-02" type="0"/>
    <Peak1D F1="4.686755" intensity="3.739886e-02" type="0"/>
    <Peak1D F1="4.676960" intensity="3.544055e-02" type="0"/>
    <Peak1D F1="4.652983" intensity="4.500759e-02" type="0"/>
    <Peak1D F1="4.632607" intensity="4.263286e-02" type="0"/>
    <Peak1D F1="4.621294" intensity="4.427107e-02" type="0"/>
    <Peak1D F1="4.611623" intensity="5.087532e-02" type="0"/>
    <Peak1D F1="4.605555" intensity="5.706006e-02" type="0"/>
    <Peak1D F1="4.563189" intensity="3.279639e-02" type="0"/>
    <Peak1D F1="4.559038" intensity="3.305197e-02" type="0"/>
    <Peak1D F1="4.526487" intensity="3.000295e-02" type="0"/>
    <Peak1D F1="4.503383" intensity="3.196714e-02" type="0"/>
    <Peak1D F1="4.492095" intensity="3.112485e-02" type="0"/>
    <Peak1D F1="4.473383" intensity="2.725315e-02" type="0"/>
    <Peak1D F1="4.468142" intensity="2.617056e-02" type="0"/>
    <Peak1D F1="4.443080" intensity="2.354765e-02" type="0"/>
    <Peak1D F1="4.392528" intensity="2.175289e-02" type="0"/>
    <Peak1D F1="4.378206" intensity="2.319742e-02" type="0"/>
    <Peak1D F1="4.354627" intensity="1.624473e-02" type="0"/>
    <Peak1D F1="4.308713" intensity="1.869120e-02" type="0"/>
    <Peak1D F1="4.295298" intensity="1.707426e-02" type="0"/>
    <Peak1D F1="4.272346" intensity="1.595430e-02" type="0"/>
    <Peak1D F1="4.217797" intensity="7.447030e-03" type="0"/>
    <Peak1D F1="4.182385" intensity="1.674281e-02" type="0"/>
    <Peak1D F1="4.143629" intensity="3.655906e-03" type="0"/>
    <Peak1D F1="4.124172" intensity="4.260007e-03" type="0"/>
    <Peak1D F1="4.105752" intensity="4.253537e-03" type="0"/>
    <Peak1D F1="4.089125" intensity="3.906233e-03" type="0"/>
    <Peak1D F1="4.078829" intensity="5.762757e-03" type="0"/>
    <Peak1D F1="4.067494" intensity="1.582202e-02" type="0"/>
    <Peak1D F1="4.039998" intensity="4.747007e-03" type="0"/>
    <Peak1D F1="4.012252" intensity="1.967109e-02" type="0"/>
    <Peak1D F1="3.992432" intensity="3.928376e-03" type="0"/>
    <Peak1D F1="3.972341" intensity="1.524037e-02" type="0"/>
    <Peak1D F1="3.954301" intensity="4.235449e-03" type="0"/>
    <Peak1D F1="3.943189" intensity="3.787758e-03" type="0"/>
    <Peak1D F1="3.923426" intensity="7.776824e-03" type="0"/>
    <Peak1D F1="3.911628" intensity="1.346124e-02" type="0"/>
    <Peak1D F1="3.899103" intensity="1.728897e-02" type="0"/>
    <Peak1D F1="3.875326" intensity="1.207617e-02" type="0"/>
    <Peak1D F1="3.846732" intensity="2.549720e-02" type="0"/>
    <Peak1D F1="3.802021" intensity="4.683929e-02" type="0"/>
    <Peak1D F1="3.787569" intensity="5.198537e-02" type="0"/>
    <Peak1D F1="3.767217" intensity="3.563834e-02" type="0"/>
    <Peak1D F1="3.743860" intensity="3.996955e-02" type="0"/>
    <Peak1D F1="3.738615" intensity="4.186627e-02" type="0"/>
    <Peak1D F1="3.724156" intensity="5.136117e-02" type="0"/>
    <Peak1D F1="3.678832" intensity="8.282674e-02" type="0"/>
    <Peak1D F1="3.667765" intensity="1.104779e-01" type="0"/>
    <Peak1D F1="3.654531" intensity="1.131986e-01" type="0"/>
    <Peak1D F1="3.647443" intensity="1.609653e-01" type="0"/>
    <Peak1D F1="3.632044" intensity="9.328570e-02" type="0"/>
    <Peak1D F1="3.618355" intensity="1.027367e-01" type="0"/>
    <Peak1D F1="3.585092" intensity="1.846720e-01" type="0"/>
    <Peak1D F1="3.571368" intensity="1.844741e-01" type="0"/>
    <Peak1D F1="3.564362" intensity="2.002752e-01" type="0"/>
    <Peak1D F1="3.555619" intensity="1.974634e-01" type="0"/>
    <Peak1D F1="3.458693" intensity="2.564635e+00" type="0"/>
    <Peak1D F1="3.396709" intensity="6.937723e-01" type="0"/>
    <Peak1D F1="3.378006" intensity="5.970995e-01" type="0"/>
    <Peak1D F1="3.349781" intensity="5.643303e-01" type="0"/>
    <Peak1D F1="3.337204" intensity="5.598993e-01" type="0"/>
    <Peak1D F1="3.330826" intensity="5.504946e-01" type="0"/>
    <Peak1D F1="3.305433" intensity="5.053067e-01" type="0"/>
    <Peak1D F1="3.286960" intensity="4.835452e-01" type="0"/>
    <Peak1D F1="3.223706" intensity="3.835234e-01" type="0"/>
    <Peak1D F1="3.211519" intensity="3.773564e-01" type="0"/>
    <Peak1D F1="3.164276" intensity="2.997803e-01" type="0"/>
    <Peak1D F1="3.160186" intensity="2.936542e-01" type="0"/>
    <Peak1D F1="3.153510" intensity="3.180312e-01" type="0"/>
    <Peak1D F1="3.143459" intensity="2.633367e-01" type="0"/>
    <Peak1D F1="3.103337" intensity="1.857194e-01" type="0"/>
    <Peak1D F1="3.024282" intensity="1.204633e-01" type="0"/>
    <Peak1D F1="2.961649" intensity="9.616312e-02" type="0"/>
    <Peak1D F1="2.888774" intensity="1.848356e-01" type="0"/>
    <Peak1D F1="2.803305" intensity="4.286701e-02" type="0"/>
    <Peak1D F1="2.762203" intensity="7.787920e-02" type="0"/>
    <Peak1D F1="2.727614" intensity="1.828142e-01" type="0"/>
    <Peak1D F1="2.718193" intensity="2.001128e-01" type="0"/>
    <Peak1D F1="2.708946" intensity="2.365462e-01" type="0"/>
    <Peak1D F1="2.704177" intensity="2.544511e-01" type="0"/>
    <Peak1D F1="2.699628" intensity="2.368026e-01" type="0"/>
    <Peak1D F1="2.694737" intensity="2.610587e-01" type="0"/>
    <Peak1D F1="2.685625" intensity="2.423268e-01" type="0"/>
    <Peak1D F1="2.676258" intensity="2.180964e-01" type="0"/>
    <Peak1D F1="2.672270" intensity="9.794772e-02" type="0"/>
    <Peak1D F1="2.661640" intensity="4.892750e-02" type="0"/>
    <Peak1D F1="2.615152" intensity="2.293739e-02" type="0"/>
    <Peak1D F1="2.608867" intensity="2.721337e-02" type="0"/>
    <Peak1D F1="2.601699" intensity="2.655494e-02" type="0"/>
    <Peak1D F1="2.587009" intensity="3.138397e-02" type="0"/>
    <Peak1D F1="2.580488" intensity="4.154621e-02" type="0"/>
    <Peak1D F1="2.575962" intensity="3.277932e-02" type="0"/>
    <Peak1D F1="2.558670" intensity="2.327950e-02" type="0"/>
    <Peak1D F1="2.547328" intensity="2.619981e-02" type="0"/>
    <Peak1D F1="2.536863" intensity="2.571450e-02" type="0"/>
    <Peak1D F1="2.524453" intensity="3.121970e-02" type="0"/>
    <Peak1D F1="2.512982" intensity="3.289289e-02" type="0"/>
    <Peak1D F1="2.493729" intensity="6.099363e-02" type="0"/>
    <Peak1D F1="2.488819" intensity="5.967209e-02" type="0"/>
    <Peak1D F1="2.483345" intensity="7.125953e-02" type="0"/>
    <Peak1D F1="2.471651" intensity="6.066442e-02" type="0"/>
    <Peak1D F1="2.461882" intensity="4.324426e-02" type="0"/>
    <Peak1D F1="2.444256" intensity="1.746003e-01" type="0"/>
    <Peak1D F1="2.436868" intensity="3.000579e-01" type="0"/>
    <Peak1D F1="2.428948" intensity="1.956956e-01" type="0"/>
    <Peak1D F1="2.422410" intensity="1.915977e-01" type="0"/>
    <Peak1D F1="2.413291" intensity="2.934340e-01" type="0"/>
    <Peak1D F1="2.405594" intensity="1.792662e-01" type="0"/>
    <Peak1D F1="2.382928" intensity="6.745092e-02" type="0"/>
    <Peak1D F1="2.364102" intensity="7.271238e-02" type="0"/>
    <Peak1D F1="2.354613" intensity="8.444330e-02" type="0"/>
    <Peak1D F1="2.344011" intensity="7.075441e-02" type="0"/>
    <Peak1D F1="2.335769" intensity="5.562542e-02" type="0"/>
    <Peak1D F1="2.326835" intensity="5.821230e-02" type="0"/>
    <Peak1D F1="2.317798" intensity="4.834961e-02" type="0"/>
    <Peak1D F1="2.308589" intensity="3.571140e-02" type="0"/>
    <Peak1D F1="2.298842" intensity="3.402371e-02" type="0"/>
    <Peak1D F1="2.280840" intensity="9.899264e-02" type="0"/>
    <Peak1D F1="2.268566" intensity="5.908990e-01" type="0"/>
    <Peak1D F1="2.264743" intensity="8.225703e-01" type="0"/>
    <Peak1D F1="2.260002" intensity="9.656041e-01" type="0"/>
    <Peak1D F1="2.254590" intensity="1.234799e+00" type="0"/>
    <Peak1D F1="2.250762" intensity="1.266176e+00" type="0"/>
    <Peak1D F1="2.244664" intensity="1.222376e+00" type="0"/>
    <Peak1D F1="2.238583" intensity="1.682611e+00" type="0"/>
    <Peak1D F1="2.233240" intensity="1.477179e+00" type="0"/>
    <Peak1D F1="2.227567" intensity="1.778382e+00" type="0"/>
    <Peak1D F1="2.223769" intensity="1.774308e+00" type="0"/>
    <Peak1D F1="2.218313" intensity="1.401145e+00" type="0"/>
    <Peak1D F1="2.213808" intensity="1.235791e+00" type="0"/>
    <Peak1D F1="2.188351" intensity="1.034415e-01" type="0"/>
    <Peak1D F1="2.181023" intensity="8.395144e-02" type="0"/>
    <Peak1D F1="2.176366" intensity="7.709843e-02" type="0"/>
    <Peak1D F1="2.158570" intensity="4.177213e-02" type="0"/>
    <Peak1D F1="2.146697" intensity="4.993517e-02" type="0"/>
    <Peak1D F1="2.110551" intensity="1.602532e+00" type="0"/>
    <Peak1D F1="2.103077" intensity="2.647981e+00" type="0"/>
    <Peak1D F1="2.095857" intensity="1.892138e+00" type="0"/>
    <Peak1D F1="2.084046" intensity="1.154445e+00" type="0"/>
    <Peak1D F1="2.076125" intensity="1.770821e+00" type="0"/>
    <Peak1D F1="2.068033" intensity="1.017566e+00" type="0"/>
    <Peak1D F1="2.010402" intensity="1.919003e+00" type="0"/>
    <Peak1D F1="1.982673" intensity="2.476038e+00" type="0"/>
    <Peak1D F1="1.961420" intensity="4.853088e-01" type="0"/>
    <Peak1D F1="1.958719" intensity="4.247646e-01" type="0"/>
    <Peak1D F1="1.955745" intensity="4.326511e-01" type="0"/>
    <Peak1D F1="1.939313" intensity="4.030972e-01" type="0"/>
    <Peak1D F1="1.933822" intensity="3.206124e-01" type="0"/>
    <Peak1D F1="1.922211" intensity="2.380769e-01" type="0"/>
    <Peak1D F1="1.916252" intensity="3.051595e-01" type="0"/>
    <Peak1D F1="1.907987" intensity="2.584744e-01" type="0"/>
    <Peak1D F1="1.904087" intensity="2.738086e-01" type="0"/>
    <Peak1D F1="1.898362" intensity="3.114391e-01" type="0"/>
    <Peak1D F1="1.885338" intensity="8.841135e-01" type="0"/>
    <Peak1D F1="1.866997" intensity="2.938890e+00" type="0"/>
    <Peak1D F1="1.860421" intensity="4.466892e+00" type="0"/>
    <Peak1D F1="1.853946" intensity="5.053230e+00" type="0"/>
    <Peak1D F1="1.843368" intensity="3.966671e+00" type="0"/>
    <Peak1D F1="1.831138" intensity="1.701818e+00" type="0"/>
    <Peak1D F1="1.771315" intensity="4.251208e+00" type="0"/>
    <Peak1D F1="1.764557" intensity="3.691023e+00" type="0"/>
    <Peak1D F1="1.748420" intensity="2.424624e+00" type="0"/>
    <Peak1D F1="1.743122" intensity="2.307754e+00" type="0"/>
    <Peak1D F1="1.738060" intensity="2.480331e+00" type="0"/>
    <Peak1D F1="1.733696" intensity="2.381347e+00" type="0"/>
    <Peak1D F1="1.728282" intensity="1.874989e+00" type="0"/>
    <Peak1D F1="1.723662" intensity="2.131392e+00" type="0"/>
    <Peak1D F1="1.715330" intensity="1.458947e+00" type="0"/>
    <Peak1D F1="1.710030" intensity="1.821801e+00" type="0"/>
    <Peak1D F1="1.705767" intensity="1.788028e+00" type="0"/>
    <Peak1D F1="1.700521" intensity="1.451852e+00" type="0"/>
    <Peak1D F1="1.695837" intensity="1.406198e+00" type="0"/>
    <Peak1D F1="1.679821" intensity="6.203474e-01" type="0"/>
    <Peak1D F1="1.672517" intensity="5.833388e-01" type="0"/>
    <Peak1D F1="1.663598" intensity="6.330915e-01" type="0"/>
    <Peak1D F1="1.649816" intensity="7.439341e-01" type="0"/>
    <Peak1D F1="1.645564" intensity="7.999089e-01" type="0"/>
    <Peak1D F1="1.636052" intensity="1.131961e+00" type="0"/>
    <Peak1D F1="1.614652" intensity="2.084068e+00" type="0"/>
    <Peak1D F1="1.609175" intensity="1.917761e+00" type="0"/>
    <Peak1D F1="1.603524" intensity="2.111829e+00" type="0"/>
    <Peak1D F1="1.592032" intensity="1.678336e+00" type="0"/>
    <Peak1D F1="1.582336" intensity="8.175011e-01" type="0"/>
    <Peak1D F1="1.567312" intensity="3.116422e-01" type="0"/>
    <Peak1D F1="1.556170" intensity="3.434848e-01" type="0"/>
    <Peak1D F1="1.541768" intensity="5.953585e-01" type="0"/>
    <Peak1D F1="1.525372" intensity="1.273746e+00" type="0"/>
    <Peak1D F1="1.519986" intensity="1.726599e+00" type="0"/>
    <Peak1D F1="1.509360" intensity="2.294346e+00" type="0"/>
    <Peak1D F1="1.504061" intensity="2.327802e+00" type="0"/>
    <Peak1D F1="1.497898" intensity="1.927335e+00" type="0"/>
    <Peak1D F1="1.493202" intensity="1.887051e+00" type="0"/>
    <Peak1D F1="1.487576" intensity="1.527324e+00" type="0"/>
    <Peak1D F1="1.483077" intensity="1.250471e+00" type="0"/>
    <Peak1D F1="1.477806" intensity="1.870748e+00" type="0"/>
    <Peak1D F1="1.474993" intensity="1.671186e+00" type="0"/>
    <Peak1D F1="1.470393" intensity="1.787860e+00" type="0"/>
    <Peak1D F1="1.465420" intensity="1.882898e+00" type="0"/>
    <Peak1D F1="1.460671" intensity="2.185905e+00" type="0"/>
    <Peak1D F1="1.455899" intensity="1.738722e+00" type="0"/>
    <Peak1D F1="1.450725" intensity="1.542862e+00" type="0"/>
    <Peak1D F1="1.446013" intensity="1.403617e+00" type="0"/>
    <Peak1D F1="1.439031" intensity="1.062864e+00" type="0"/>
    <Peak1D F1="1.434108" intensity="6.949967e-01" type="0"/>
    <Peak1D F1="1.429188" intensity="6.257736e-01" type="0"/>
    <Peak1D F1="1.424469" intensity="5.466281e-01" type="0"/>
    <Peak1D F1="1.405246" intensity="2.010079e-01" type="0"/>
    <Peak1D F1="1.382984" intensity="1.483969e-01" type="0"/>
    <Peak1D F1="1.363398" intensity="1.160527e-01" type="0"/>
    <Peak1D F1="1.339296" intensity="7.189170e-01" type="0"/>
    <Peak1D F1="1.333826" intensity="8.178178e-01" type="0"/>
    <Peak1D F1="1.330129" intensity="9.156964e-01" type="0"/>
    <Peak1D F1="1.324447" intensity="1.521368e+00" type="0"/>
    <Peak1D F1="1.321577" intensity="1.229753e+00" type="0"/>
    <Peak1D F1="1.317816" intensity="1.660576e+00" type="0"/>
    <Peak1D F1="1.312690" intensity="1.697394e+00" type="0"/>
    <Peak1D F1="1.308545" intensity="1.782709e+00" type="0"/>
    <Peak1D F1="1.302832" intensity="1.755906e+00" type="0"/>
    <Peak1D F1="1.297746" intensity="1.587905e+00" type="0"/>
    <Peak1D F1="1.293587" intensity="1.430985e+00" type="0"/>
    <Peak1D F1="1.288378" intensity="1.034163e+00" type="0"/>
    <Peak1D F1="1.285683" intensity="1.070365e+00" type="0"/>
    <Peak1D F1="1.280085" intensity="6.710430e-01" type="0"/>
    <Peak1D F1="1.276132" intensity="6.242986e-01" type="0"/>
    <Peak1D F1="1.271081" intensity="5.113382e-01" type="0"/>
    <Peak1D F1="1.262472" intensity="1.949311e-01" type="0"/>
    <Peak1D F1="1.248634" intensity="1.495354e-01" type="0"/>
    <Peak1D F1="1.222896" intensity="1.908989e-01" type="0"/>
    <Peak1D F1="1.212066" intensity="2.350383e-01" type="0"/>
    <Peak1D F1="1.182860" intensity="7.319782e-01" type="0"/>
    <Peak1D F1="1.135754" intensity="1.310851e-01" type="0"/>
    <Peak1D F1="1.087917" intensity="9.417330e-02" type="0"/>
    <Peak1D F1="1.080863" intensity="7.671379e-02" type="0"/>
    <Peak1D F1="1.075602" intensity="7.887317e-02" type="0"/>
    <Peak1D F1="1.059258" intensity="6.158856e-02" type="0"/>
    <Peak1D F1="1.041613" intensity="6.528289e-02" type="0"/>
    <Peak1D F1="1.037583" intensity="6.591072e-02" type="0"/>
    <Peak1D F1="1.030391" intensity="6.645236e-02" type="0"/>
    <Peak1D F1="1.007746" intensity="6.192795e-02" type="0"/>
    <Peak1D F1="0.998666" intensity="6.213403e-02" type="0"/>
    <Peak1D F1="0.985497" intensity="6.072842e-02" type="0"/>
    <Peak1D F1="0.951206" intensity="5.205333e-02" type="0"/>
    <Peak1D F1="0.938158" intensity="5.062753e-02" type="0"/>
    <Peak1D F1="0.887639" intensity="3.995081e-02" type="0"/>
    <Peak1D F1="0.875456" intensity="4.062891e-02" type="0"/>
    <Peak1D F1="0.842697" intensity="4.583721e-02" type="0"/>
    <Peak1D F1="0.836075" intensity="4.664310e-02" type="0"/>
    <Peak1D F1="0.817144" intensity="1.269067e-01" type="0"/>
    <Peak1D F1="0.806095" intensity="1.961492e-01" type="0"/>
    <Peak1D F1="0.794289" intensity="1.531406e-01" type="0"/>
    <Peak1D F1="0.772793" intensity="2.307673e-01" type="0"/>
    <Peak1D F1="0.741819" intensity="9.465593e-02" type="0"/>
    <Peak1D F1="0.701014" intensity="3.338701e-02" type="0"/>
    <Peak1D F1="0.667602" intensity="2.806020e-02" type="0"/>
    <Peak1D F1="0.655028" intensity="2.760813e-02" type="0"/>
    <Peak1D F1="0.643867" intensity="2.493260e-02" type="0"/>
    <Peak1D F1="0.633584" intensity="2.431131e-02" type="0"/>
    <Peak1D F1="0.616013" intensity="2.048251e-02" type="0"/>
    <Peak1D F1="0.557212" intensity="1.753870e-02" type="0"/>
    <Peak1D F1="0.547456" intensity="1.675343e-02" type="0"/>
    <Peak1D F1="0.530662" intensity="1.585204e-02" type="0"/>
    <Peak1D F1="0.473919" intensity="1.409860e-02" type="0"/>
    <Peak1D F1="0.446270" intensity="1.450351e-02" type="0"/>
    <Peak1D F1="0.400020" intensity="1.322668e-02" type="0"/>
    <Peak1D F1="0.391699" intensity="1.257057e-02" type="0"/>
    <Peak1D F1="0.330082" intensity="1.124267e-02" type="0"/>
    <Peak1D F1="0.318397" intensity="1.066643e-02" type="0"/>
    <Peak1D F1="0.298726" intensity="1.031836e-02" type="0"/>
    <Peak1D F1="0.240911" intensity="9.703152e-03" type="0"/>
    <Peak1D F1="0.204937" intensity="8.684709e-03" type="0"/>
    <Peak1D F1="0.171186" intensity="8.823275e-03" type="0"/>
    <Peak1D F1="0.153351" intensity="8.162296e-03" type="0"/>
    <Peak1D F1="0.147302" intensity="8.244808e-03" type="0"/>
    <Peak1D F1="0.142217" intensity="8.378938e-03" type="0"/>
    <Peak1D F1="0.108160" intensity="7.598130e-03" type="0"/>
    <Peak1D F1="0.095286" intensity="7.596126e-03" type="0"/>
    <Peak1D F1="0.067602" intensity="7.009997e-03" type="0"/>
    <Peak1D F1="0.059789" intensity="6.623437e-03" type="0"/>
    <Peak1D F1="0.016302" intensity="1.062545e-02" type="0"/>
    <Peak1D F1="-0.000157" intensity="1.894465e-01" type="0"/>
    <Peak1D F1="-0.024697" intensity="8.748142e-03" type="0"/>
    <Peak1D F1="-0.074087" intensity="6.397815e-03" type="0"/>
    <Peak1D F1="-0.086376" intensity="5.634209e-03" type="0"/>
    <Peak1D F1="-0.099740" intensity="5.984794e-03" type="0"/>
    <Peak1D F1="-0.135004" intensity="5.682334e-03" type="0"/>
    <Peak1D F1="-0.148752" intensity="5.111083e-03" type="0"/>
    <Peak1D F1="-0.209490" intensity="4.929098e-03" type="0"/>
    <Peak1D F1="-0.222480" intensity="4.755885e-03" type="0"/>
    <Peak1D F1="-0.239116" intensity="4.371718e-03" type="0"/>
    <Peak1D F1="-0.253577" intensity="4.276056e-03" type="0"/>
    <Peak1D F1="-0.286002" intensity="4.284847e-03" type="0"/>
    <Peak1D F1="-0.309580" intensity="4.094987e-03" type="0"/>
    <Peak1D F1="-0.320745" intensity="3.916682e-03" type="0"/>
    <Peak1D F1="-0.333164" intensity="3.589150e-03" type="0"/>
    <Peak1D F1="-0.337736" intensity="3.540094e-03" type="0"/>
    <Peak1D F1="-0.346613" intensity="4.053088e-03" type="0"/>
    <Peak1D F1="-0.363564" intensity="3.898548e-03" type="0"/>
    <Peak1D F1="-0.394204" intensity="3.589894e-03" type="0"/>
    <Peak1D F1="-0.398972" intensity="3.471979e-03" type="0"/>
    <Peak1D F1="-0.403384" intensity="4.006152e-03" type="0"/>
    <Peak1D F1="-3.760158" intensity="4.201863e-03" type="0"/>
    <Peak1D F1="-3.844378" intensity="3.500333e-03" type="0"/>
    <Peak1D F1="-3.850948" intensity="3.770858e-03" type="0"/>
    <Peak1D F1="-3.866179" intensity="3.666534e-03" type="0"/>
    <Peak1D F1="-3.908429" intensity="3.796238e-03" type="0"/>
    <Peak1D F1="-3.927048" intensity="3.725391e-03" type="0"/>
    <Peak1D F1="-3.937733" intensity="3.566652e-03" type="0"/>
    <Peak1D F1="-4.007504" intensity="4.006259e-03" type="0"/>
    <Peak1D F1="-4.023956" intensity="3.877604e-03" type="0"/>
    <Peak1D F1="-4.088714" intensity="3.861643e-03" type="0"/>
  </PeakList1D>
</PeakList>
