<?xml version="1.0" encoding="UTF-8"?>
<PeakList>
  <PeakList1D>
    <PeakList1DHeader creator="nmrsu" date="2023-06-15T12:27:37.773-05:00" expNo="1203310" name="Jun15-2023" owner="" procNo="1" source="G:/data/chem-synthesis-a-team1/nmr">
      <PeakPickDetails>F1=16.187771ppm, F2=-3.837772ppm, MI=0.00cm, MAXI=10000.00cm, PC=1.000
      </PeakPickDetails>
    </PeakList1DHeader>
    <Peak1D F1="14.265375" intensity="1.598326e-004" type="0"/>
    <Peak1D F1="12.801485" intensity="1.494579e-004" type="0"/>
    <Peak1D F1="10.205677" intensity="1.454374e-004" type="0"/>
    <Peak1D F1="10.196732" intensity="1.534272e-004" type="0"/>
    <Peak1D F1="10.153674" intensity="1.556263e-004" type="0"/>
    <Peak1D F1="10.118655" intensity="1.670765e-004" type="0"/>
    <Peak1D F1="10.090341" intensity="1.634435e-004" type="0"/>
    <Peak1D F1="10.073901" intensity="4.467126e-004" type="0"/>
    <Peak1D F1="10.057499" intensity="2.170136e-004" type="0"/>
    <Peak1D F1="10.045197" intensity="2.504621e-004" type="0"/>
    <Peak1D F1="10.029778" intensity="2.883174e-004" type="0"/>
    <Peak1D F1="10.011805" intensity="3.080373e-004" type="0"/>
    <Peak1D F1="9.984328" intensity="4.516905e-004" type="0"/>
    <Peak1D F1="9.943121" intensity="1.426868e-002" type="0"/>
    <Peak1D F1="9.905397" intensity="7.955650e-004" type="0"/>
    <Peak1D F1="9.867909" intensity="1.239360e-003" type="0"/>
    <Peak1D F1="9.845480" intensity="1.875987e-003" type="0"/>
    <Peak1D F1="9.762788" intensity="2.866512e-002" type="0"/>
    <Peak1D F1="9.734781" intensity="2.583031e+000" type="0"/>
    <Peak1D F1="9.705462" intensity="1.762790e-002" type="0"/>
    <Peak1D F1="9.684864" intensity="1.957216e-003" type="0"/>
    <Peak1D F1="9.667864" intensity="1.097222e-003" type="0"/>
    <Peak1D F1="9.649092" intensity="6.699805e-004" type="0"/>
    <Peak1D F1="9.633261" intensity="6.881413e-004" type="0"/>
    <Peak1D F1="9.619798" intensity="5.147352e-004" type="0"/>
    <Peak1D F1="9.594210" intensity="4.262779e-004" type="0"/>
    <Peak1D F1="9.555185" intensity="3.964583e-004" type="0"/>
    <Peak1D F1="9.520621" intensity="1.391446e-002" type="0"/>
    <Peak1D F1="9.491478" intensity="2.047933e-004" type="0"/>
    <Peak1D F1="9.419704" intensity="1.576627e-004" type="0"/>
    <Peak1D F1="9.407936" intensity="1.785229e-004" type="0"/>
    <Peak1D F1="8.280224" intensity="1.939515e-004" type="0"/>
    <Peak1D F1="8.255676" intensity="2.466947e-004" type="0"/>
    <Peak1D F1="8.235831" intensity="2.865408e-004" type="0"/>
    <Peak1D F1="8.195756" intensity="2.728317e-004" type="0"/>
    <Peak1D F1="8.154333" intensity="4.803287e-004" type="0"/>
    <Peak1D F1="8.112725" intensity="4.241368e-004" type="0"/>
    <Peak1D F1="8.105736" intensity="7.146023e-004" type="0"/>
    <Peak1D F1="8.089088" intensity="7.743603e-004" type="0"/>
    <Peak1D F1="8.066194" intensity="4.883312e-004" type="0"/>
    <Peak1D F1="8.060149" intensity="4.872903e-004" type="0"/>
    <Peak1D F1="7.979949" intensity="1.186451e-003" type="0"/>
    <Peak1D F1="7.956776" intensity="1.478208e-003" type="0"/>
    <Peak1D F1="7.933293" intensity="8.172216e-003" type="0"/>
    <Peak1D F1="7.913689" intensity="8.461557e-003" type="0"/>
    <Peak1D F1="7.909354" intensity="7.177935e-003" type="0"/>
    <Peak1D F1="7.744432" intensity="3.209420e-001" type="0"/>
    <Peak1D F1="7.738151" intensity="1.925326e+000" type="0"/>
    <Peak1D F1="7.715838" intensity="1.966694e+000" type="0"/>
    <Peak1D F1="7.709291" intensity="2.775978e-001" type="0"/>
    <Peak1D F1="7.666646" intensity="2.837802e-003" type="0"/>
    <Peak1D F1="7.650207" intensity="1.638191e-003" type="0"/>
    <Peak1D F1="7.634893" intensity="1.128800e-003" type="0"/>
    <Peak1D F1="7.621089" intensity="8.945901e-004" type="0"/>
    <Peak1D F1="7.600820" intensity="6.483571e-004" type="0"/>
    <Peak1D F1="7.573864" intensity="6.351766e-004" type="0"/>
    <Peak1D F1="7.565536" intensity="5.584097e-004" type="0"/>
    <Peak1D F1="7.537628" intensity="7.518569e-003" type="0"/>
    <Peak1D F1="7.517823" intensity="7.384435e-003" type="0"/>
    <Peak1D F1="7.512854" intensity="5.805176e-003" type="0"/>
    <Peak1D F1="7.476934" intensity="2.985781e-004" type="0"/>
    <Peak1D F1="7.451817" intensity="2.777381e-004" type="0"/>
    <Peak1D F1="7.420684" intensity="2.283080e-004" type="0"/>
    <Peak1D F1="7.393465" intensity="2.172143e-004" type="0"/>
    <Peak1D F1="7.330827" intensity="3.742719e-004" type="0"/>
    <Peak1D F1="7.282742" intensity="9.569861e-002" type="0"/>
    <Peak1D F1="7.251009" intensity="3.479171e-004" type="0"/>
    <Peak1D F1="7.229848" intensity="3.218163e-004" type="0"/>
    <Peak1D F1="7.214639" intensity="2.775805e-004" type="0"/>
    <Peak1D F1="7.189910" intensity="2.885384e-004" type="0"/>
    <Peak1D F1="7.143573" intensity="3.269626e-004" type="0"/>
    <Peak1D F1="7.104536" intensity="3.977218e-004" type="0"/>
    <Peak1D F1="7.067216" intensity="4.167129e-004" type="0"/>
    <Peak1D F1="7.051534" intensity="4.641508e-004" type="0"/>
    <Peak1D F1="7.018232" intensity="9.929872e-004" type="0"/>
    <Peak1D F1="6.903262" intensity="7.402348e-003" type="0"/>
    <Peak1D F1="6.896312" intensity="8.199383e-003" type="0"/>
    <Peak1D F1="6.879773" intensity="7.659666e-003" type="0"/>
    <Peak1D F1="6.874886" intensity="7.469608e-003" type="0"/>
    <Peak1D F1="6.812185" intensity="3.588456e-003" type="0"/>
    <Peak1D F1="6.702315" intensity="1.974196e+000" type="0"/>
    <Peak1D F1="6.680045" intensity="1.855676e+000" type="0"/>
    <Peak1D F1="6.613858" intensity="1.453622e-003" type="0"/>
    <Peak1D F1="6.591910" intensity="7.932474e-004" type="0"/>
    <Peak1D F1="6.578110" intensity="5.663984e-004" type="0"/>
    <Peak1D F1="6.563185" intensity="4.411459e-004" type="0"/>
    <Peak1D F1="6.538734" intensity="4.545662e-004" type="0"/>
    <Peak1D F1="6.504283" intensity="6.978193e-003" type="0"/>
    <Peak1D F1="6.498916" intensity="6.719495e-003" type="0"/>
    <Peak1D F1="6.482858" intensity="7.213388e-003" type="0"/>
    <Peak1D F1="6.475669" intensity="6.084494e-003" type="0"/>
    <Peak1D F1="6.460901" intensity="1.580071e-004" type="0"/>
    <Peak1D F1="6.438528" intensity="1.416155e-004" type="0"/>
    <Peak1D F1="5.365667" intensity="1.571331e-004" type="0"/>
    <Peak1D F1="5.265137" intensity="7.333161e-004" type="0"/>
    <Peak1D F1="5.194572" intensity="2.805066e-004" type="0"/>
    <Peak1D F1="5.012344" intensity="1.536551e-004" type="0"/>
    <Peak1D F1="4.946812" intensity="1.468359e-004" type="0"/>
    <Peak1D F1="4.873407" intensity="1.606660e-004" type="0"/>
    <Peak1D F1="4.833101" intensity="1.701263e-004" type="0"/>
    <Peak1D F1="4.797760" intensity="1.493043e-004" type="0"/>
    <Peak1D F1="4.784056" intensity="1.793959e-004" type="0"/>
    <Peak1D F1="4.768234" intensity="2.800992e-004" type="0"/>
    <Peak1D F1="4.737482" intensity="1.765629e-004" type="0"/>
    <Peak1D F1="4.711236" intensity="1.486580e-004" type="0"/>
    <Peak1D F1="4.560272" intensity="1.569604e-004" type="0"/>
    <Peak1D F1="4.456884" intensity="2.794861e-004" type="0"/>
    <Peak1D F1="4.438530" intensity="2.435172e-004" type="0"/>
    <Peak1D F1="4.358046" intensity="2.394047e-004" type="0"/>
    <Peak1D F1="4.337498" intensity="2.213273e-004" type="0"/>
    <Peak1D F1="4.310449" intensity="2.368742e-004" type="0"/>
    <Peak1D F1="4.290553" intensity="2.339942e-004" type="0"/>
    <Peak1D F1="4.224918" intensity="2.258386e-004" type="0"/>
    <Peak1D F1="4.182708" intensity="2.522429e-004" type="0"/>
    <Peak1D F1="4.174598" intensity="3.104498e-004" type="0"/>
    <Peak1D F1="4.134333" intensity="2.133488e-003" type="0"/>
    <Peak1D F1="4.107286" intensity="3.225160e-004" type="0"/>
    <Peak1D F1="4.054618" intensity="3.548656e-004" type="0"/>
    <Peak1D F1="4.044138" intensity="3.400442e-004" type="0"/>
    <Peak1D F1="4.025720" intensity="3.877929e-004" type="0"/>
    <Peak1D F1="4.011357" intensity="3.251343e-004" type="0"/>
    <Peak1D F1="3.975143" intensity="3.546245e-004" type="0"/>
    <Peak1D F1="3.954361" intensity="3.425888e-004" type="0"/>
    <Peak1D F1="3.937892" intensity="3.686259e-004" type="0"/>
    <Peak1D F1="3.911974" intensity="3.852280e-004" type="0"/>
    <Peak1D F1="3.848953" intensity="4.769353e-004" type="0"/>
    <Peak1D F1="3.788177" intensity="4.556458e-004" type="0"/>
    <Peak1D F1="3.764932" intensity="5.978057e-004" type="0"/>
    <Peak1D F1="3.750208" intensity="6.856466e-004" type="0"/>
    <Peak1D F1="3.727498" intensity="7.214655e-004" type="0"/>
    <Peak1D F1="3.710013" intensity="7.548502e-004" type="0"/>
    <Peak1D F1="3.690354" intensity="8.634138e-004" type="0"/>
    <Peak1D F1="3.665658" intensity="1.554485e-003" type="0"/>
    <Peak1D F1="3.609930" intensity="1.272202e-003" type="0"/>
    <Peak1D F1="3.594303" intensity="1.345970e-003" type="0"/>
    <Peak1D F1="3.569384" intensity="1.285398e-003" type="0"/>
    <Peak1D F1="3.497942" intensity="1.621521e-003" type="0"/>
    <Peak1D F1="3.481307" intensity="7.223565e-003" type="0"/>
    <Peak1D F1="3.453882" intensity="1.854133e-003" type="0"/>
    <Peak1D F1="3.435318" intensity="2.293352e-003" type="0"/>
    <Peak1D F1="3.427396" intensity="2.000920e-003" type="0"/>
    <Peak1D F1="3.413127" intensity="2.074330e-003" type="0"/>
    <Peak1D F1="3.373123" intensity="2.729666e-003" type="0"/>
    <Peak1D F1="3.364948" intensity="2.906045e-003" type="0"/>
    <Peak1D F1="3.346178" intensity="3.232240e-003" type="0"/>
    <Peak1D F1="3.337910" intensity="3.145994e-003" type="0"/>
    <Peak1D F1="3.314883" intensity="3.914147e-003" type="0"/>
    <Peak1D F1="3.282903" intensity="5.401504e-003" type="0"/>
    <Peak1D F1="3.262455" intensity="6.779114e-003" type="0"/>
    <Peak1D F1="3.238712" intensity="1.046042e-001" type="0"/>
    <Peak1D F1="3.215318" intensity="9.348556e-003" type="0"/>
    <Peak1D F1="3.188428" intensity="1.269062e-002" type="0"/>
    <Peak1D F1="3.180605" intensity="1.565850e-002" type="0"/>
    <Peak1D F1="3.070165" intensity="1.500000e+001" type="0"/>
    <Peak1D F1="3.038846" intensity="2.242026e-002" type="0"/>
    <Peak1D F1="3.031925" intensity="1.812025e-002" type="0"/>
    <Peak1D F1="3.020355" intensity="9.101098e-003" type="0"/>
    <Peak1D F1="3.003855" intensity="3.727559e-003" type="0"/>
    <Peak1D F1="2.998752" intensity="2.023872e-003" type="0"/>
    <Peak1D F1="2.983193" intensity="1.618211e-003" type="0"/>
    <Peak1D F1="2.967565" intensity="1.718540e-003" type="0"/>
    <Peak1D F1="2.954578" intensity="9.596887e-004" type="0"/>
    <Peak1D F1="2.942278" intensity="2.647781e-004" type="0"/>
    <Peak1D F1="2.928357" intensity="5.784670e-004" type="0"/>
    <Peak1D F1="2.897402" intensity="9.576370e-002" type="0"/>
    <Peak1D F1="2.354428" intensity="1.541492e-004" type="0"/>
    <Peak1D F1="2.305718" intensity="2.385070e-004" type="0"/>
    <Peak1D F1="2.224036" intensity="5.554419e-004" type="0"/>
    <Peak1D F1="2.092770" intensity="3.820792e-003" type="0"/>
    <Peak1D F1="2.059488" intensity="4.686153e-003" type="0"/>
    <Peak1D F1="2.040263" intensity="4.531374e-003" type="0"/>
    <Peak1D F1="1.813270" intensity="2.057961e-004" type="0"/>
    <Peak1D F1="1.683466" intensity="2.426749e-004" type="0"/>
    <Peak1D F1="1.641617" intensity="1.525348e-004" type="0"/>
    <Peak1D F1="1.607659" intensity="5.564317e-004" type="0"/>
    <Peak1D F1="1.261436" intensity="5.174798e-003" type="0"/>
    <Peak1D F1="1.217295" intensity="1.072401e-003" type="0"/>
    <Peak1D F1="1.202028" intensity="1.025389e-003" type="0"/>
    <Peak1D F1="0.902453" intensity="4.584450e-004" type="0"/>
    <Peak1D F1="0.886374" intensity="1.130448e-003" type="0"/>
    <Peak1D F1="0.869996" intensity="5.113811e-004" type="0"/>
    <Peak1D F1="0.840690" intensity="1.413340e-004" type="0"/>
    <Peak1D F1="0.090519" intensity="5.274948e-004" type="0"/>
    <Peak1D F1="-1.364051" intensity="1.434268e-004" type="0"/>
    <Peak1D F1="-1.393861" intensity="1.506035e-004" type="0"/>
    <Peak1D F1="-1.529692" intensity="1.465223e-004" type="0"/>
    <Peak1D F1="-1.556850" intensity="1.504369e-004" type="0"/>
    <Peak1D F1="-1.791247" intensity="1.391287e-004" type="0"/>
  </PeakList1D>
</PeakList>
