<?xml version="1.0" encoding="UTF-8"?>
<PeakList>
  <PeakList1D>
    <PeakList1DHeader creator="nmrsu" date="2023-08-03T12:39:50.089-05:00" expNo="1295910" name="Aug03-2023" owner="" procNo="1" source="G:/data/chem-synthesis-summer-a-team1/nmr">
      <PeakPickDetails>F1=219.460297ppm, F2=-19.460289ppm, MI=0.00cm, MAXI=10000.00cm, PC=1.400
      </PeakPickDetails>
    </PeakList1DHeader>
    <Peak1D F1="172.218246" intensity="3.045434e+000" type="0"/>
    <Peak1D F1="127.795143" intensity="1.165915e+001" type="0"/>
    <Peak1D F1="77.364586" intensity="1.997299e+001" type="0"/>
    <Peak1D F1="77.046974" intensity="2.031559e+001" type="0"/>
    <Peak1D F1="76.729347" intensity="2.010354e+001" type="0"/>
    <Peak1D F1="61.489883" intensity="8.821655e+000" type="0"/>
    <Peak1D F1="58.865765" intensity="2.224055e+000" type="0"/>
    <Peak1D F1="40.835644" intensity="1.500000e+001" type="0"/>
    <Peak1D F1="26.069994" intensity="5.307153e-001" type="0"/>
    <Peak1D F1="14.005038" intensity="1.154948e+001" type="0"/>
  </PeakList1D>
</PeakList>
