<?xml version="1.0" encoding="UTF-8"?>
<PeakList>
  <PeakList1D>
    <PeakList1DHeader creator="Lijin_Xu" date="2017-09-25T22:03:25.197+08:00" expNo="2" name="zhq-411-c" owner="" procNo="1" source="D:">
      <PeakPickDetails>F1=235.494ppm, F2=-15.494ppm, MI=0.00cm, MAXI=10000.00cm, PC=1.400
      </PeakPickDetails>
    </PeakList1DHeader>
    <Peak1D F1="163.8538" intensity="2.89" type="0"/>
    <Peak1D F1="151.7110" intensity="2.82" type="0"/>
    <Peak1D F1="149.8770" intensity="7.29" type="0"/>
    <Peak1D F1="148.8755" intensity="4.02" type="0"/>
    <Peak1D F1="140.1391" intensity="7.24" type="0"/>
    <Peak1D F1="140.0393" intensity="3.97" type="0"/>
    <Peak1D F1="138.6345" intensity="6.88" type="0"/>
    <Peak1D F1="128.5236" intensity="15.00" type="0"/>
    <Peak1D F1="128.1916" intensity="14.93" type="0"/>
    <Peak1D F1="126.3721" intensity="7.53" type="0"/>
    <Peak1D F1="124.1587" intensity="9.55" type="0"/>
    <Peak1D F1="124.1428" intensity="9.68" type="0"/>
    <Peak1D F1="118.9348" intensity="7.68" type="0"/>
    <Peak1D F1="105.4842" intensity="7.70" type="0"/>
    <Peak1D F1="77.4411" intensity="16.34" type="0"/>
    <Peak1D F1="77.1227" intensity="16.58" type="0"/>
    <Peak1D F1="76.8050" intensity="16.29" type="0"/>
    <Peak1D F1="34.9986" intensity="7.91" type="0"/>
    <Peak1D F1="34.5547" intensity="7.86" type="0"/>
  </PeakList1D>
</PeakList>
