{"IFD.fairdata.version":"0.0.2-alpha+2002.04.02",
"IFD.extractor.version":"0.0.2-alpha+2002.04.02",
"IFD.extractor.code":"https://github.com/IUPAC/IUPAC-FAIRSpec/blob/main/src/main/java/com/integratedgraphics/ifd/Extractor.java",
"IFD.extractor.list.type":"manifest",
"IFD.extractor.scirpt":"_IFD_extract.json",
"IFD.extractor.source":"https://ndownloader.figshare.com/files/22233351",
"IFD.extractor.creation.date":"2 Apr 2022 12:30:49 GMT",
"IFD.extractor.count":84,
"IFD.extractor.list":
[
"NMR_FID_files_3a_1_.zip"
,"NMR_FID_files_3a_2_.zip"
,"NMR_FID_files_3b_1_.zip"
,"NMR_FID_files_3b_2_.zip"
,"NMR_FID_files_3c_1_.zip"
,"NMR_FID_files_3c_2_.zip"
,"NMR_FID_files_3d_1_.zip"
,"NMR_FID_files_3d_2_.zip"
,"NMR_FID_files_3e_1_.zip"
,"NMR_FID_files_3e_2_.zip"
,"NMR_FID_files_3f_1_.zip"
,"NMR_FID_files_3f_2_.zip"
,"NMR_FID_files_3g_1_.zip"
,"NMR_FID_files_3g_2_.zip"
,"NMR_FID_files_3h_1_.zip"
,"NMR_FID_files_3h_2_.zip"
,"NMR_FID_files_3i_1_.zip"
,"NMR_FID_files_3i_2_.zip"
,"NMR_FID_files_3j_1_.zip"
,"NMR_FID_files_3j_2_.zip"
,"NMR_FID_files_3k_1_.zip"
,"NMR_FID_files_3k_2_.zip"
,"NMR_FID_files_3k_cd-wzh-2019-84_1_.zip"
,"NMR_FID_files_3k_cd-wzh-2019-84_2_.zip"
,"NMR_FID_files_3l_1_.zip"
,"NMR_FID_files_3l_2_.zip"
,"NMR_FID_files_3m_1_.zip"
,"NMR_FID_files_3m_2_.zip"
,"NMR_FID_files_3m_cd-wzh-2019-32_1_.zip"
,"NMR_FID_files_3m_cd-wzh-2019-32_2_.zip"
,"NMR_FID_files_3n_1_.zip"
,"NMR_FID_files_3n_2_.zip"
,"NMR_FID_files_3o_1_.zip"
,"NMR_FID_files_3o_2_.zip"
,"NMR_FID_files_3p_1_.zip"
,"NMR_FID_files_3p_2_.zip"
,"NMR_FID_files_3q_1_.zip"
,"NMR_FID_files_3q_2_.zip"
,"NMR_FID_files_3r_1_.zip"
,"NMR_FID_files_3r_2_.zip"
,"NMR_FID_files_3s_1_.zip"
,"NMR_FID_files_3s_2_.zip"
,"NMR_FID_files_3t_1_.zip"
,"NMR_FID_files_3t_2_.zip"
,"NMR_FID_files_3u_10_.zip"
,"NMR_FID_files_3u_11_.zip"
,"NMR_FID_files_3v_1_.zip"
,"NMR_FID_files_3v_2_.zip"
,"NMR_FID_files_3y_10_.zip"
,"NMR_FID_files_3y_11_.zip"
,"NMR_FID_files_3z_1_.zip"
,"NMR_FID_files_3z_2_.zip"
,"NMR_FID_files_5a_1_.zip"
,"NMR_FID_files_5a_2_.zip"
,"NMR_FID_files_5b_10_.zip"
,"NMR_FID_files_5b_11_.zip"
,"NMR_FID_files_5c_10_.zip"
,"NMR_FID_files_5c_11_.zip"
,"NMR_FID_files_5d_1_.zip"
,"NMR_FID_files_5d_2_.zip"
,"NMR_FID_files_5e_1_.zip"
,"NMR_FID_files_5e_2_.zip"
,"NMR_FID_files_5f_10_.zip"
,"NMR_FID_files_5f_70_.zip"
,"NMR_FID_files_5g_10_.zip"
,"NMR_FID_files_5g_11_.zip"
,"NMR_FID_files_5h_10_.zip"
,"NMR_FID_files_5h_11_.zip"
,"NMR_FID_files_5i_10_.zip"
,"NMR_FID_files_5i_11_.zip"
,"NMR_FID_files_5j_10_.zip"
,"NMR_FID_files_5j_11_.zip"
,"NMR_FID_files_7a_1_.zip"
,"NMR_FID_files_7a_2_.zip"
,"NMR_FID_files_8_1_.zip"
,"NMR_FID_files_8_2_.zip"
,"NMR_FID_files_3u_11_pdata_1_thumb.png"
,"NMR_FID_files_3y_11_pdata_1_thumb.png"
,"NMR_FID_files_5b_11_pdata_1_thumb.png"
,"NMR_FID_files_5c_11_pdata_1_thumb.png"
,"NMR_FID_files_5g_11_pdata_1_thumb.png"
,"NMR_FID_files_5h_11_pdata_1_thumb.png"
,"NMR_FID_files_5i_11_pdata_1_thumb.png"
,"NMR_FID_files_5j_11_pdata_1_thumb.png"
]}
