<?xml version="1.0" encoding="UTF-8"?>
<PeakList>
  <PeakList1D>
    <PeakList1DHeader creator="nmr600" date="2019-08-30T11:24:54.783+02:00" expNo="30" name="6Aug3019" owner="" procNo="1" source="/opt/topspin3.0/data/nmr600/nmr">
      <PeakPickDetails>F1=16.351089ppm, F2=-4.199556ppm, MI=0.00cm, MAXI=10000.00cm, PC=1.000
      </PeakPickDetails>
    </PeakList1DHeader>
    <Peak1D F1="10.428818" intensity="2.352627e-03" type="0"/>
    <Peak1D F1="9.947316" intensity="8.463495e-04" type="0"/>
    <Peak1D F1="9.256375" intensity="2.881638e-03" type="0"/>
    <Peak1D F1="9.244145" intensity="1.645259e-02" type="0"/>
    <Peak1D F1="9.094207" intensity="8.780383e-04" type="0"/>
    <Peak1D F1="8.797673" intensity="4.950902e-03" type="0"/>
    <Peak1D F1="8.583351" intensity="3.882430e-03" type="0"/>
    <Peak1D F1="8.510417" intensity="8.584377e-04" type="0"/>
    <Peak1D F1="8.312301" intensity="8.969839e-04" type="0"/>
    <Peak1D F1="8.297587" intensity="1.080432e-03" type="0"/>
    <Peak1D F1="8.243468" intensity="6.754855e-04" type="0"/>
    <Peak1D F1="8.231448" intensity="1.192799e-03" type="0"/>
    <Peak1D F1="8.216144" intensity="1.064921e-03" type="0"/>
    <Peak1D F1="8.180944" intensity="7.565599e-03" type="0"/>
    <Peak1D F1="8.159080" intensity="1.307732e-03" type="0"/>
    <Peak1D F1="8.150915" intensity="1.329548e-03" type="0"/>
    <Peak1D F1="8.135515" intensity="1.659673e-03" type="0"/>
    <Peak1D F1="8.097682" intensity="6.988243e-02" type="0"/>
    <Peak1D F1="8.094376" intensity="3.083068e-02" type="0"/>
    <Peak1D F1="8.082894" intensity="7.306790e-02" type="0"/>
    <Peak1D F1="8.058404" intensity="4.238860e-03" type="0"/>
    <Peak1D F1="8.046440" intensity="4.366277e-03" type="0"/>
    <Peak1D F1="8.027369" intensity="2.464724e-03" type="0"/>
    <Peak1D F1="8.015616" intensity="1.256913e-02" type="0"/>
    <Peak1D F1="8.001155" intensity="1.292831e-02" type="0"/>
    <Peak1D F1="7.993899" intensity="4.381281e-03" type="0"/>
    <Peak1D F1="7.979791" intensity="3.208755e-03" type="0"/>
    <Peak1D F1="7.967220" intensity="1.440014e-02" type="0"/>
    <Peak1D F1="7.952407" intensity="1.427136e-02" type="0"/>
    <Peak1D F1="7.930051" intensity="2.366895e-03" type="0"/>
    <Peak1D F1="7.922228" intensity="3.613995e-03" type="0"/>
    <Peak1D F1="7.907325" intensity="6.672385e-03" type="0"/>
    <Peak1D F1="7.894341" intensity="5.733124e-03" type="0"/>
    <Peak1D F1="7.872649" intensity="2.856855e-03" type="0"/>
    <Peak1D F1="7.857352" intensity="6.316307e-03" type="0"/>
    <Peak1D F1="7.842596" intensity="6.068318e-03" type="0"/>
    <Peak1D F1="7.837661" intensity="3.405395e-03" type="0"/>
    <Peak1D F1="7.825475" intensity="8.850594e-03" type="0"/>
    <Peak1D F1="7.810815" intensity="1.082960e-02" type="0"/>
    <Peak1D F1="7.793943" intensity="3.444735e-03" type="0"/>
    <Peak1D F1="7.782245" intensity="2.799017e-03" type="0"/>
    <Peak1D F1="7.770271" intensity="4.033685e-03" type="0"/>
    <Peak1D F1="7.755497" intensity="2.890087e-03" type="0"/>
    <Peak1D F1="7.736567" intensity="2.314202e-03" type="0"/>
    <Peak1D F1="7.725689" intensity="2.216696e-03" type="0"/>
    <Peak1D F1="7.684617" intensity="4.541419e-03" type="0"/>
    <Peak1D F1="7.678332" intensity="3.523345e-03" type="0"/>
    <Peak1D F1="7.672844" intensity="5.362235e-03" type="0"/>
    <Peak1D F1="7.664166" intensity="3.272771e-03" type="0"/>
    <Peak1D F1="7.654296" intensity="3.634285e-03" type="0"/>
    <Peak1D F1="7.640065" intensity="3.689103e-03" type="0"/>
    <Peak1D F1="7.623478" intensity="3.017738e-03" type="0"/>
    <Peak1D F1="7.612436" intensity="4.058504e-03" type="0"/>
    <Peak1D F1="7.598665" intensity="4.728617e-03" type="0"/>
    <Peak1D F1="7.588955" intensity="4.430153e-03" type="0"/>
    <Peak1D F1="7.578561" intensity="5.544639e-03" type="0"/>
    <Peak1D F1="7.568511" intensity="5.744209e-03" type="0"/>
    <Peak1D F1="7.556644" intensity="8.152180e-03" type="0"/>
    <Peak1D F1="7.545887" intensity="7.289022e-03" type="0"/>
    <Peak1D F1="7.533543" intensity="6.591606e-03" type="0"/>
    <Peak1D F1="7.508927" intensity="1.444692e-02" type="0"/>
    <Peak1D F1="7.506128" intensity="1.452369e-02" type="0"/>
    <Peak1D F1="7.499152" intensity="1.630952e-02" type="0"/>
    <Peak1D F1="7.495517" intensity="1.806901e-02" type="0"/>
    <Peak1D F1="7.477664" intensity="1.241502e-02" type="0"/>
    <Peak1D F1="7.464380" intensity="1.296334e-02" type="0"/>
    <Peak1D F1="7.448547" intensity="2.580964e-02" type="0"/>
    <Peak1D F1="7.444879" intensity="1.961911e-02" type="0"/>
    <Peak1D F1="7.437201" intensity="2.155630e-02" type="0"/>
    <Peak1D F1="7.433772" intensity="3.176833e-02" type="0"/>
    <Peak1D F1="7.429574" intensity="2.633224e-02" type="0"/>
    <Peak1D F1="7.417037" intensity="3.001156e-02" type="0"/>
    <Peak1D F1="7.411197" intensity="2.668286e-02" type="0"/>
    <Peak1D F1="7.398663" intensity="5.334700e-02" type="0"/>
    <Peak1D F1="7.394393" intensity="5.426375e-02" type="0"/>
    <Peak1D F1="7.380173" intensity="1.750037e+00" type="0"/>
    <Peak1D F1="7.378108" intensity="2.080768e+00" type="0"/>
    <Peak1D F1="7.366881" intensity="2.467278e+00" type="0"/>
    <Peak1D F1="7.346100" intensity="6.747447e-02" type="0"/>
    <Peak1D F1="7.341013" intensity="4.965000e-02" type="0"/>
    <Peak1D F1="7.338109" intensity="5.008258e-02" type="0"/>
    <Peak1D F1="7.334998" intensity="4.741739e-02" type="0"/>
    <Peak1D F1="7.329070" intensity="5.782087e-02" type="0"/>
    <Peak1D F1="7.325848" intensity="7.532222e-02" type="0"/>
    <Peak1D F1="7.314930" intensity="1.967360e-01" type="0"/>
    <Peak1D F1="7.303830" intensity="6.916146e-02" type="0"/>
    <Peak1D F1="7.301303" intensity="6.694467e-02" type="0"/>
    <Peak1D F1="7.297974" intensity="7.301238e-02" type="0"/>
    <Peak1D F1="7.295257" intensity="6.753950e-02" type="0"/>
    <Peak1D F1="7.267817" intensity="4.370071e+00" type="0"/>
    <Peak1D F1="7.264555" intensity="1.679966e+00" type="0"/>
    <Peak1D F1="7.256407" intensity="4.069526e+00" type="0"/>
    <Peak1D F1="7.253182" intensity="4.762867e+00" type="0"/>
    <Peak1D F1="7.244014" intensity="2.530242e+00" type="0"/>
    <Peak1D F1="7.239038" intensity="1.774395e+00" type="0"/>
    <Peak1D F1="7.232477" intensity="4.887774e-01" type="0"/>
    <Peak1D F1="7.227742" intensity="1.066431e+00" type="0"/>
    <Peak1D F1="7.221194" intensity="2.193218e-01" type="0"/>
    <Peak1D F1="7.215522" intensity="2.891555e-01" type="0"/>
    <Peak1D F1="7.197396" intensity="4.169437e-02" type="0"/>
    <Peak1D F1="7.184383" intensity="9.643589e-01" type="0"/>
    <Peak1D F1="7.168390" intensity="2.781037e-02" type="0"/>
    <Peak1D F1="7.162641" intensity="2.557211e-02" type="0"/>
    <Peak1D F1="7.152422" intensity="2.648240e-02" type="0"/>
    <Peak1D F1="7.148129" intensity="2.635391e-02" type="0"/>
    <Peak1D F1="7.132969" intensity="3.333963e-02" type="0"/>
    <Peak1D F1="7.120771" intensity="3.688362e-02" type="0"/>
    <Peak1D F1="7.116446" intensity="2.744130e-02" type="0"/>
    <Peak1D F1="7.108852" intensity="2.101405e-02" type="0"/>
    <Peak1D F1="7.097524" intensity="2.461206e-02" type="0"/>
    <Peak1D F1="7.084856" intensity="1.944319e-02" type="0"/>
    <Peak1D F1="7.076178" intensity="1.631277e-02" type="0"/>
    <Peak1D F1="7.065197" intensity="2.110202e-02" type="0"/>
    <Peak1D F1="7.050760" intensity="1.631977e-02" type="0"/>
    <Peak1D F1="7.038115" intensity="1.322786e-02" type="0"/>
    <Peak1D F1="7.032601" intensity="1.310110e-02" type="0"/>
    <Peak1D F1="7.027875" intensity="1.331969e-02" type="0"/>
    <Peak1D F1="7.013707" intensity="7.919006e-03" type="0"/>
    <Peak1D F1="7.007484" intensity="1.209825e-02" type="0"/>
    <Peak1D F1="6.996523" intensity="7.204498e-03" type="0"/>
    <Peak1D F1="6.987679" intensity="6.799328e-03" type="0"/>
    <Peak1D F1="6.963170" intensity="1.303890e-02" type="0"/>
    <Peak1D F1="6.949438" intensity="1.622118e-02" type="0"/>
    <Peak1D F1="6.940148" intensity="1.270183e-02" type="0"/>
    <Peak1D F1="6.935654" intensity="1.443473e-02" type="0"/>
    <Peak1D F1="6.920953" intensity="1.489242e-02" type="0"/>
    <Peak1D F1="6.908809" intensity="1.181806e-02" type="0"/>
    <Peak1D F1="6.898897" intensity="1.124650e-02" type="0"/>
    <Peak1D F1="6.890831" intensity="1.456131e-02" type="0"/>
    <Peak1D F1="6.886853" intensity="2.044762e-02" type="0"/>
    <Peak1D F1="6.882348" intensity="8.185163e-02" type="0"/>
    <Peak1D F1="6.867638" intensity="8.829408e-02" type="0"/>
    <Peak1D F1="6.859451" intensity="1.873149e-02" type="0"/>
    <Peak1D F1="6.853288" intensity="3.425125e-02" type="0"/>
    <Peak1D F1="6.844235" intensity="2.606123e-02" type="0"/>
    <Peak1D F1="6.838210" intensity="2.976929e-02" type="0"/>
    <Peak1D F1="6.825757" intensity="5.024293e-02" type="0"/>
    <Peak1D F1="6.818232" intensity="2.475179e-02" type="0"/>
    <Peak1D F1="6.811343" intensity="3.491031e-02" type="0"/>
    <Peak1D F1="6.804280" intensity="2.101576e-02" type="0"/>
    <Peak1D F1="6.795782" intensity="1.535387e-02" type="0"/>
    <Peak1D F1="6.790950" intensity="1.507412e-02" type="0"/>
    <Peak1D F1="6.780597" intensity="2.046612e-02" type="0"/>
    <Peak1D F1="6.777804" intensity="2.254248e-02" type="0"/>
    <Peak1D F1="6.763232" intensity="1.953638e-02" type="0"/>
    <Peak1D F1="6.743795" intensity="2.985438e-02" type="0"/>
    <Peak1D F1="6.740167" intensity="2.917787e-02" type="0"/>
    <Peak1D F1="6.727707" intensity="7.803973e-02" type="0"/>
    <Peak1D F1="6.721230" intensity="1.034961e-01" type="0"/>
    <Peak1D F1="6.714939" intensity="5.250387e-01" type="0"/>
    <Peak1D F1="6.710402" intensity="3.645516e+00" type="0"/>
    <Peak1D F1="6.707198" intensity="1.212602e+00" type="0"/>
    <Peak1D F1="6.695642" intensity="3.385476e+00" type="0"/>
    <Peak1D F1="6.690911" intensity="3.852784e-01" type="0"/>
    <Peak1D F1="6.663252" intensity="1.117294e-02" type="0"/>
    <Peak1D F1="6.654708" intensity="1.040443e-02" type="0"/>
    <Peak1D F1="6.649533" intensity="1.153352e-02" type="0"/>
    <Peak1D F1="6.645812" intensity="1.390416e-02" type="0"/>
    <Peak1D F1="6.641979" intensity="1.076741e-02" type="0"/>
    <Peak1D F1="6.631290" intensity="8.847663e-03" type="0"/>
    <Peak1D F1="6.626515" intensity="9.869736e-03" type="0"/>
    <Peak1D F1="6.615507" intensity="1.032569e-02" type="0"/>
    <Peak1D F1="6.601014" intensity="2.092890e-02" type="0"/>
    <Peak1D F1="6.592782" intensity="1.998628e-02" type="0"/>
    <Peak1D F1="6.586174" intensity="1.724850e-02" type="0"/>
    <Peak1D F1="6.559344" intensity="4.770357e+00" type="0"/>
    <Peak1D F1="6.551432" intensity="7.763855e-02" type="0"/>
    <Peak1D F1="6.537615" intensity="2.036824e-02" type="0"/>
    <Peak1D F1="6.523970" intensity="2.271154e-02" type="0"/>
    <Peak1D F1="6.509341" intensity="1.594435e-02" type="0"/>
    <Peak1D F1="6.500182" intensity="4.003503e-03" type="0"/>
    <Peak1D F1="6.462769" intensity="1.261686e-03" type="0"/>
    <Peak1D F1="6.426480" intensity="1.747961e-03" type="0"/>
    <Peak1D F1="6.408048" intensity="2.264038e-02" type="0"/>
    <Peak1D F1="6.377058" intensity="8.134101e-04" type="0"/>
    <Peak1D F1="6.363877" intensity="7.569680e-03" type="0"/>
    <Peak1D F1="6.353620" intensity="7.046708e-03" type="0"/>
    <Peak1D F1="6.320511" intensity="2.389858e-03" type="0"/>
    <Peak1D F1="6.300108" intensity="7.140067e-04" type="0"/>
    <Peak1D F1="6.248604" intensity="9.117655e-04" type="0"/>
    <Peak1D F1="6.185272" intensity="9.752615e-04" type="0"/>
    <Peak1D F1="6.136858" intensity="4.936005e-03" type="0"/>
    <Peak1D F1="6.043082" intensity="9.482993e-04" type="0"/>
    <Peak1D F1="6.037880" intensity="7.614563e-04" type="0"/>
    <Peak1D F1="5.973868" intensity="7.539115e-04" type="0"/>
    <Peak1D F1="5.948311" intensity="7.847198e-04" type="0"/>
    <Peak1D F1="5.927034" intensity="8.769692e-04" type="0"/>
    <Peak1D F1="5.912319" intensity="2.014192e-03" type="0"/>
    <Peak1D F1="5.900822" intensity="4.246323e-03" type="0"/>
    <Peak1D F1="5.893945" intensity="1.995619e-02" type="0"/>
    <Peak1D F1="5.863597" intensity="1.304112e-03" type="0"/>
    <Peak1D F1="5.853601" intensity="1.904613e-03" type="0"/>
    <Peak1D F1="5.847677" intensity="2.121423e-03" type="0"/>
    <Peak1D F1="5.838500" intensity="5.127272e-03" type="0"/>
    <Peak1D F1="5.822250" intensity="9.116961e-03" type="0"/>
    <Peak1D F1="5.804495" intensity="1.482152e-02" type="0"/>
    <Peak1D F1="5.771170" intensity="3.705558e+00" type="0"/>
    <Peak1D F1="5.748402" intensity="6.535949e-03" type="0"/>
    <Peak1D F1="5.738609" intensity="5.520441e-03" type="0"/>
    <Peak1D F1="5.719597" intensity="1.507544e-03" type="0"/>
    <Peak1D F1="5.697087" intensity="4.454724e-02" type="0"/>
    <Peak1D F1="5.691424" intensity="4.293847e-02" type="0"/>
    <Peak1D F1="5.644772" intensity="1.837652e-02" type="0"/>
    <Peak1D F1="5.600109" intensity="1.382401e-03" type="0"/>
    <Peak1D F1="5.582419" intensity="5.283228e-03" type="0"/>
    <Peak1D F1="5.570069" intensity="1.113016e-03" type="0"/>
    <Peak1D F1="5.527629" intensity="7.746639e-03" type="0"/>
    <Peak1D F1="5.519985" intensity="4.861911e-03" type="0"/>
    <Peak1D F1="5.516019" intensity="4.176432e-03" type="0"/>
    <Peak1D F1="5.411956" intensity="4.953532e-03" type="0"/>
    <Peak1D F1="5.353040" intensity="3.567999e-03" type="0"/>
    <Peak1D F1="5.321863" intensity="1.449832e-03" type="0"/>
    <Peak1D F1="5.274966" intensity="1.477012e-03" type="0"/>
    <Peak1D F1="5.241500" intensity="1.786603e-03" type="0"/>
    <Peak1D F1="5.207951" intensity="6.093858e-01" type="0"/>
    <Peak1D F1="5.163207" intensity="4.127228e-03" type="0"/>
    <Peak1D F1="5.057263" intensity="3.008954e-03" type="0"/>
    <Peak1D F1="5.011598" intensity="1.491174e-03" type="0"/>
    <Peak1D F1="4.964860" intensity="3.289429e-03" type="0"/>
    <Peak1D F1="4.917344" intensity="1.539237e-03" type="0"/>
    <Peak1D F1="4.872661" intensity="6.037441e-04" type="0"/>
    <Peak1D F1="4.851520" intensity="1.130221e-02" type="0"/>
    <Peak1D F1="4.701730" intensity="7.956725e-04" type="0"/>
    <Peak1D F1="4.682596" intensity="1.118184e-03" type="0"/>
    <Peak1D F1="4.630382" intensity="9.223255e-04" type="0"/>
    <Peak1D F1="4.603813" intensity="1.021424e-03" type="0"/>
    <Peak1D F1="4.592038" intensity="7.996103e-04" type="0"/>
    <Peak1D F1="4.529909" intensity="1.125603e-03" type="0"/>
    <Peak1D F1="4.484940" intensity="6.371881e-04" type="0"/>
    <Peak1D F1="4.474673" intensity="6.028386e-04" type="0"/>
    <Peak1D F1="4.413113" intensity="6.815669e-04" type="0"/>
    <Peak1D F1="4.392171" intensity="7.164433e-04" type="0"/>
    <Peak1D F1="4.373835" intensity="9.819461e-04" type="0"/>
    <Peak1D F1="4.361901" intensity="9.549825e-04" type="0"/>
    <Peak1D F1="4.343040" intensity="9.265366e-04" type="0"/>
    <Peak1D F1="4.336644" intensity="9.594435e-04" type="0"/>
    <Peak1D F1="4.303891" intensity="1.390483e-03" type="0"/>
    <Peak1D F1="4.287290" intensity="1.017174e-03" type="0"/>
    <Peak1D F1="4.256499" intensity="1.379565e-03" type="0"/>
    <Peak1D F1="4.243620" intensity="1.413840e-03" type="0"/>
    <Peak1D F1="4.210465" intensity="1.694862e-03" type="0"/>
    <Peak1D F1="4.205703" intensity="1.741494e-03" type="0"/>
    <Peak1D F1="4.181658" intensity="1.817735e-03" type="0"/>
    <Peak1D F1="4.162205" intensity="2.102890e-03" type="0"/>
    <Peak1D F1="4.146576" intensity="3.201378e-03" type="0"/>
    <Peak1D F1="4.131697" intensity="2.828018e-03" type="0"/>
    <Peak1D F1="4.113039" intensity="9.338383e-03" type="0"/>
    <Peak1D F1="4.086500" intensity="8.877526e-03" type="0"/>
    <Peak1D F1="4.074219" intensity="3.944851e-03" type="0"/>
    <Peak1D F1="4.059724" intensity="4.940127e-03" type="0"/>
    <Peak1D F1="4.033622" intensity="1.013695e-02" type="0"/>
    <Peak1D F1="4.012373" intensity="4.427756e-03" type="0"/>
    <Peak1D F1="3.992385" intensity="4.661100e-03" type="0"/>
    <Peak1D F1="3.969070" intensity="5.878787e-03" type="0"/>
    <Peak1D F1="3.963557" intensity="5.424155e-03" type="0"/>
    <Peak1D F1="3.951621" intensity="5.749667e-03" type="0"/>
    <Peak1D F1="3.914013" intensity="7.764401e-03" type="0"/>
    <Peak1D F1="3.906396" intensity="1.739087e-02" type="0"/>
    <Peak1D F1="3.891098" intensity="8.713390e-03" type="0"/>
    <Peak1D F1="3.878993" intensity="1.056908e-02" type="0"/>
    <Peak1D F1="3.867315" intensity="1.008043e-02" type="0"/>
    <Peak1D F1="3.848321" intensity="1.278613e-02" type="0"/>
    <Peak1D F1="3.832555" intensity="3.791728e-02" type="0"/>
    <Peak1D F1="3.821696" intensity="2.909939e-02" type="0"/>
    <Peak1D F1="3.808774" intensity="3.053564e-02" type="0"/>
    <Peak1D F1="3.803381" intensity="2.964560e-02" type="0"/>
    <Peak1D F1="3.794696" intensity="5.588899e-02" type="0"/>
    <Peak1D F1="3.789177" intensity="1.307899e-01" type="0"/>
    <Peak1D F1="3.785547" intensity="3.148616e-01" type="0"/>
    <Peak1D F1="3.773188" intensity="1.023482e-01" type="0"/>
    <Peak1D F1="3.769722" intensity="1.057627e-01" type="0"/>
    <Peak1D F1="3.757169" intensity="6.135253e-02" type="0"/>
    <Peak1D F1="3.748128" intensity="9.367320e-02" type="0"/>
    <Peak1D F1="3.743693" intensity="4.848695e-02" type="0"/>
    <Peak1D F1="3.739098" intensity="6.153439e-02" type="0"/>
    <Peak1D F1="3.733507" intensity="1.207949e-01" type="0"/>
    <Peak1D F1="3.725207" intensity="8.733289e-02" type="0"/>
    <Peak1D F1="3.718478" intensity="6.316154e-02" type="0"/>
    <Peak1D F1="3.709495" intensity="8.850735e-02" type="0"/>
    <Peak1D F1="3.705437" intensity="9.981698e-02" type="0"/>
    <Peak1D F1="3.694335" intensity="1.169731e-01" type="0"/>
    <Peak1D F1="3.691260" intensity="1.215295e-01" type="0"/>
    <Peak1D F1="3.671975" intensity="1.500000e+01" type="0"/>
    <Peak1D F1="3.656928" intensity="1.065461e-01" type="0"/>
    <Peak1D F1="3.653181" intensity="9.926756e-02" type="0"/>
    <Peak1D F1="3.647877" intensity="9.323175e-02" type="0"/>
    <Peak1D F1="3.639349" intensity="8.376667e-02" type="0"/>
    <Peak1D F1="3.633280" intensity="9.741981e-02" type="0"/>
    <Peak1D F1="3.628828" intensity="7.701009e-02" type="0"/>
    <Peak1D F1="3.619265" intensity="1.170499e-01" type="0"/>
    <Peak1D F1="3.607260" intensity="1.248378e-01" type="0"/>
    <Peak1D F1="3.590985" intensity="1.148111e-01" type="0"/>
    <Peak1D F1="3.577051" intensity="1.648589e-01" type="0"/>
    <Peak1D F1="3.549820" intensity="2.352408e-01" type="0"/>
    <Peak1D F1="3.545374" intensity="1.887287e-01" type="0"/>
    <Peak1D F1="3.482794" intensity="3.934220e-01" type="0"/>
    <Peak1D F1="3.444464" intensity="2.628973e-01" type="0"/>
    <Peak1D F1="3.423290" intensity="1.758443e-01" type="0"/>
    <Peak1D F1="3.411279" intensity="1.589664e-01" type="0"/>
    <Peak1D F1="3.400198" intensity="1.373040e-01" type="0"/>
    <Peak1D F1="3.353932" intensity="6.856763e-02" type="0"/>
    <Peak1D F1="3.344668" intensity="7.817149e-02" type="0"/>
    <Peak1D F1="3.333617" intensity="7.830066e-02" type="0"/>
    <Peak1D F1="3.322317" intensity="6.082830e-02" type="0"/>
    <Peak1D F1="3.268634" intensity="4.484975e-02" type="0"/>
    <Peak1D F1="3.257491" intensity="4.605438e-02" type="0"/>
    <Peak1D F1="3.251208" intensity="4.585998e-02" type="0"/>
    <Peak1D F1="3.247083" intensity="4.509281e-02" type="0"/>
    <Peak1D F1="3.225525" intensity="4.754074e-02" type="0"/>
    <Peak1D F1="3.201199" intensity="5.168155e-02" type="0"/>
    <Peak1D F1="3.179339" intensity="6.052128e-02" type="0"/>
    <Peak1D F1="3.112712" intensity="6.990623e-02" type="0"/>
    <Peak1D F1="3.066111" intensity="6.384763e-02" type="0"/>
    <Peak1D F1="2.958999" intensity="1.980347e-02" type="0"/>
    <Peak1D F1="2.947865" intensity="2.061500e-02" type="0"/>
    <Peak1D F1="2.928162" intensity="1.585533e-02" type="0"/>
    <Peak1D F1="2.917160" intensity="1.305533e-02" type="0"/>
    <Peak1D F1="2.907540" intensity="1.119778e-02" type="0"/>
    <Peak1D F1="2.900967" intensity="1.136462e-02" type="0"/>
    <Peak1D F1="2.889514" intensity="1.213143e-02" type="0"/>
    <Peak1D F1="2.878160" intensity="9.554152e-03" type="0"/>
    <Peak1D F1="2.858273" intensity="6.984807e-03" type="0"/>
    <Peak1D F1="2.835426" intensity="6.459659e-03" type="0"/>
    <Peak1D F1="2.803630" intensity="6.052077e-03" type="0"/>
    <Peak1D F1="2.796864" intensity="6.297309e-03" type="0"/>
    <Peak1D F1="2.786802" intensity="6.197693e-03" type="0"/>
    <Peak1D F1="2.776413" intensity="7.373938e-03" type="0"/>
    <Peak1D F1="2.770230" intensity="7.251155e-03" type="0"/>
    <Peak1D F1="2.763881" intensity="7.764879e-03" type="0"/>
    <Peak1D F1="2.750196" intensity="7.417608e-03" type="0"/>
    <Peak1D F1="2.731466" intensity="6.165921e-03" type="0"/>
    <Peak1D F1="2.706310" intensity="6.687182e-03" type="0"/>
    <Peak1D F1="2.699904" intensity="6.994271e-03" type="0"/>
    <Peak1D F1="2.682968" intensity="7.971185e-03" type="0"/>
    <Peak1D F1="2.670441" intensity="7.164367e-03" type="0"/>
    <Peak1D F1="2.578183" intensity="7.516277e-03" type="0"/>
    <Peak1D F1="2.564494" intensity="7.909796e-03" type="0"/>
    <Peak1D F1="2.544608" intensity="8.300998e-03" type="0"/>
    <Peak1D F1="2.526897" intensity="7.957282e-03" type="0"/>
    <Peak1D F1="2.516973" intensity="8.519766e-03" type="0"/>
    <Peak1D F1="2.484751" intensity="7.797891e-03" type="0"/>
    <Peak1D F1="2.277464" intensity="1.422338e-02" type="0"/>
    <Peak1D F1="2.255815" intensity="1.741971e-02" type="0"/>
    <Peak1D F1="2.243098" intensity="1.970284e-02" type="0"/>
    <Peak1D F1="2.230137" intensity="1.768474e-02" type="0"/>
    <Peak1D F1="2.215914" intensity="1.428038e-02" type="0"/>
    <Peak1D F1="2.201602" intensity="1.896987e-02" type="0"/>
    <Peak1D F1="2.190404" intensity="1.638509e-02" type="0"/>
    <Peak1D F1="2.168714" intensity="1.251523e-02" type="0"/>
    <Peak1D F1="2.153170" intensity="1.243482e-02" type="0"/>
    <Peak1D F1="2.141065" intensity="1.249973e-02" type="0"/>
    <Peak1D F1="2.129305" intensity="1.340796e-02" type="0"/>
    <Peak1D F1="2.119450" intensity="1.492953e-02" type="0"/>
    <Peak1D F1="2.085968" intensity="1.056124e+00" type="0"/>
    <Peak1D F1="2.064526" intensity="9.929778e-03" type="0"/>
    <Peak1D F1="2.053066" intensity="1.051808e-02" type="0"/>
    <Peak1D F1="2.010597" intensity="1.261969e-02" type="0"/>
    <Peak1D F1="2.000196" intensity="1.518904e-02" type="0"/>
    <Peak1D F1="1.991791" intensity="1.946185e-02" type="0"/>
    <Peak1D F1="1.978809" intensity="2.330074e-02" type="0"/>
    <Peak1D F1="1.968359" intensity="1.914878e-02" type="0"/>
    <Peak1D F1="1.957355" intensity="1.998139e-02" type="0"/>
    <Peak1D F1="1.891734" intensity="6.623684e-01" type="0"/>
    <Peak1D F1="1.885373" intensity="9.456257e-01" type="0"/>
    <Peak1D F1="1.878925" intensity="1.110147e+00" type="0"/>
    <Peak1D F1="1.868931" intensity="8.851650e-01" type="0"/>
    <Peak1D F1="1.799800" intensity="7.249453e-01" type="0"/>
    <Peak1D F1="1.749835" intensity="6.752866e-02" type="0"/>
    <Peak1D F1="1.738414" intensity="4.177465e-02" type="0"/>
    <Peak1D F1="1.721634" intensity="2.682460e-02" type="0"/>
    <Peak1D F1="1.714904" intensity="2.480741e-02" type="0"/>
    <Peak1D F1="1.701240" intensity="2.610662e-02" type="0"/>
    <Peak1D F1="1.689448" intensity="3.038790e-02" type="0"/>
    <Peak1D F1="1.672426" intensity="3.782886e-02" type="0"/>
    <Peak1D F1="1.667986" intensity="3.788528e-02" type="0"/>
    <Peak1D F1="1.633376" intensity="1.499070e-02" type="0"/>
    <Peak1D F1="1.624007" intensity="1.648333e-02" type="0"/>
    <Peak1D F1="1.615388" intensity="1.445835e-02" type="0"/>
    <Peak1D F1="1.604061" intensity="1.487472e-02" type="0"/>
    <Peak1D F1="1.591419" intensity="1.374478e-02" type="0"/>
    <Peak1D F1="1.578981" intensity="1.076069e-02" type="0"/>
    <Peak1D F1="1.562116" intensity="1.152169e-02" type="0"/>
    <Peak1D F1="1.529702" intensity="3.891172e-03" type="0"/>
    <Peak1D F1="1.505739" intensity="3.613402e-03" type="0"/>
    <Peak1D F1="1.495633" intensity="3.204449e-03" type="0"/>
    <Peak1D F1="1.463158" intensity="3.721451e-03" type="0"/>
    <Peak1D F1="1.449183" intensity="1.803110e-03" type="0"/>
    <Peak1D F1="1.440668" intensity="3.506824e-03" type="0"/>
    <Peak1D F1="1.427870" intensity="1.133323e-03" type="0"/>
    <Peak1D F1="1.394726" intensity="2.284036e-03" type="0"/>
    <Peak1D F1="1.348145" intensity="1.634839e-03" type="0"/>
    <Peak1D F1="1.338165" intensity="1.501683e-03" type="0"/>
    <Peak1D F1="1.328632" intensity="1.321414e-03" type="0"/>
    <Peak1D F1="1.290501" intensity="3.859663e-03" type="0"/>
    <Peak1D F1="1.279568" intensity="4.777597e-03" type="0"/>
    <Peak1D F1="1.271450" intensity="8.992522e-03" type="0"/>
    <Peak1D F1="1.267541" intensity="7.532332e-03" type="0"/>
    <Peak1D F1="1.261702" intensity="7.048048e-03" type="0"/>
    <Peak1D F1="1.241387" intensity="1.232390e-02" type="0"/>
    <Peak1D F1="1.235576" intensity="1.329769e-02" type="0"/>
    <Peak1D F1="1.222941" intensity="1.140681e-02" type="0"/>
    <Peak1D F1="1.210030" intensity="1.413625e-02" type="0"/>
    <Peak1D F1="1.181279" intensity="7.638515e-02" type="0"/>
    <Peak1D F1="1.162364" intensity="8.474002e-03" type="0"/>
    <Peak1D F1="1.143714" intensity="5.712536e-03" type="0"/>
    <Peak1D F1="1.125360" intensity="4.626330e-03" type="0"/>
    <Peak1D F1="1.112929" intensity="3.174944e-03" type="0"/>
    <Peak1D F1="1.102587" intensity="2.504456e-03" type="0"/>
    <Peak1D F1="1.084933" intensity="2.924210e-03" type="0"/>
    <Peak1D F1="1.072702" intensity="2.280137e-03" type="0"/>
    <Peak1D F1="1.036887" intensity="1.946606e-03" type="0"/>
    <Peak1D F1="1.026674" intensity="1.176927e-03" type="0"/>
    <Peak1D F1="1.015989" intensity="9.621075e-04" type="0"/>
    <Peak1D F1="1.001373" intensity="9.405663e-04" type="0"/>
    <Peak1D F1="0.984594" intensity="1.459792e-03" type="0"/>
    <Peak1D F1="0.972849" intensity="1.494687e-03" type="0"/>
    <Peak1D F1="0.911433" intensity="4.598874e-03" type="0"/>
    <Peak1D F1="0.845073" intensity="1.526488e-03" type="0"/>
    <Peak1D F1="0.824743" intensity="5.524296e-03" type="0"/>
    <Peak1D F1="0.813531" intensity="1.496793e-02" type="0"/>
    <Peak1D F1="0.805593" intensity="1.791902e-02" type="0"/>
    <Peak1D F1="0.793690" intensity="1.087641e-02" type="0"/>
    <Peak1D F1="0.786352" intensity="9.383050e-03" type="0"/>
    <Peak1D F1="0.775239" intensity="1.201900e-02" type="0"/>
    <Peak1D F1="0.766702" intensity="9.780757e-03" type="0"/>
    <Peak1D F1="0.754243" intensity="6.248945e-03" type="0"/>
    <Peak1D F1="0.741323" intensity="3.788126e-03" type="0"/>
    <Peak1D F1="0.624013" intensity="7.023775e-04" type="0"/>
    <Peak1D F1="0.015586" intensity="1.759077e-03" type="0"/>
    <Peak1D F1="-0.000157" intensity="9.530056e-02" type="0"/>
  </PeakList1D>
</PeakList>
