<?xml version="1.0" encoding="UTF-8"?>
<PeakList>
  <PeakList1D>
    <PeakList1DHeader creator="nmr600" date="2019-07-25T18:40:38.382+02:00" expNo="101" name="6Jul2519" owner="" procNo="1" source="/opt/topspin3.0/data/nmr600/nmr">
      <PeakPickDetails>F1=219.446198ppm, F2=-19.452496ppm, MI=0.00cm, MAXI=10000.00cm, PC=1.400
      </PeakPickDetails>
    </PeakList1DHeader>
    <Peak1D F1="164.556412" intensity="-1.380021e+00" type="0"/>
    <Peak1D F1="164.537064" intensity="5.871598e-01" type="0"/>
    <Peak1D F1="137.525696" intensity="-2.015850e+00" type="0"/>
    <Peak1D F1="137.480759" intensity="5.644093e-02" type="0"/>
    <Peak1D F1="136.360321" intensity="-2.629315e+00" type="0"/>
    <Peak1D F1="133.230286" intensity="5.314307e-02" type="0"/>
    <Peak1D F1="132.665924" intensity="5.590462e-02" type="0"/>
    <Peak1D F1="132.390717" intensity="6.836913e+00" type="0"/>
    <Peak1D F1="132.183823" intensity="8.082722e-02" type="0"/>
    <Peak1D F1="132.015945" intensity="6.857574e+00" type="0"/>
    <Peak1D F1="131.914871" intensity="-5.312907e-02" type="0"/>
    <Peak1D F1="130.011566" intensity="-1.788799e+00" type="0"/>
    <Peak1D F1="129.807877" intensity="9.780798e-02" type="0"/>
    <Peak1D F1="129.610504" intensity="1.423201e+01" type="0"/>
    <Peak1D F1="129.544159" intensity="6.711881e+00" type="0"/>
    <Peak1D F1="129.139114" intensity="1.093229e-01" type="0"/>
    <Peak1D F1="128.907730" intensity="1.425254e-01" type="0"/>
    <Peak1D F1="128.814758" intensity="8.255130e-02" type="0"/>
    <Peak1D F1="128.714890" intensity="1.047774e-01" type="0"/>
    <Peak1D F1="128.324661" intensity="6.617486e+00" type="0"/>
    <Peak1D F1="127.572884" intensity="7.002908e+00" type="0"/>
    <Peak1D F1="127.352264" intensity="6.906927e-02" type="0"/>
    <Peak1D F1="126.173759" intensity="-7.489569e-02" type="0"/>
    <Peak1D F1="126.087173" intensity="1.500000e+01" type="0"/>
    <Peak1D F1="125.861824" intensity="1.153272e-01" type="0"/>
    <Peak1D F1="123.723495" intensity="-1.268890e-01" type="0"/>
    <Peak1D F1="121.605392" intensity="-4.092116e-01" type="0"/>
    <Peak1D F1="119.487091" intensity="-3.514269e-01" type="0"/>
    <Peak1D F1="117.368324" intensity="-1.243218e-01" type="0"/>
    <Peak1D F1="81.550529" intensity="4.999882e-02" type="0"/>
    <Peak1D F1="77.284996" intensity="2.346579e+00" type="0"/>
    <Peak1D F1="77.265289" intensity="-1.719740e+00" type="0"/>
    <Peak1D F1="77.072884" intensity="2.348339e+00" type="0"/>
    <Peak1D F1="77.052361" intensity="-2.086847e+00" type="0"/>
    <Peak1D F1="76.861214" intensity="2.093887e+00" type="0"/>
    <Peak1D F1="76.840225" intensity="-2.414383e+00" type="0"/>
    <Peak1D F1="75.804291" intensity="-1.258143e-01" type="0"/>
    <Peak1D F1="74.327965" intensity="-7.311513e-02" type="0"/>
    <Peak1D F1="67.989853" intensity="4.501509e-01" type="0"/>
    <Peak1D F1="67.979584" intensity="-2.498713e-01" type="0"/>
    <Peak1D F1="55.294235" intensity="8.664519e-02" type="0"/>
    <Peak1D F1="54.604919" intensity="1.057785e-01" type="0"/>
    <Peak1D F1="53.081577" intensity="8.321021e+00" type="0"/>
    <Peak1D F1="53.059948" intensity="-1.443706e+00" type="0"/>
    <Peak1D F1="52.213299" intensity="6.424707e+00" type="0"/>
    <Peak1D F1="52.187824" intensity="-1.331725e+00" type="0"/>
    <Peak1D F1="50.841042" intensity="-1.046933e-01" type="0"/>
    <Peak1D F1="49.217640" intensity="-5.600138e+00" type="0"/>
    <Peak1D F1="49.190701" intensity="8.495680e-01" type="0"/>
    <Peak1D F1="40.668633" intensity="7.722298e+00" type="0"/>
    <Peak1D F1="40.635201" intensity="-4.737888e-01" type="0"/>
    <Peak1D F1="31.898514" intensity="9.632370e+00" type="0"/>
    <Peak1D F1="31.819271" intensity="-7.945652e-02" type="0"/>
    <Peak1D F1="30.941364" intensity="-3.371568e-01" type="0"/>
    <Peak1D F1="29.701990" intensity="1.116382e-01" type="0"/>
    <Peak1D F1="25.619049" intensity="5.335492e-01" type="0"/>
    <Peak1D F1="22.699203" intensity="5.971277e-02" type="0"/>
    <Peak1D F1="14.748523" intensity="-4.141494e-01" type="0"/>
    <Peak1D F1="14.719730" intensity="8.868178e+00" type="0"/>
    <Peak1D F1="14.036819" intensity="5.657969e-02" type="0"/>
  </PeakList1D>
</PeakList>
