<?xml version="1.0" encoding="UTF-8"?>
<PeakList>
  <PeakList1D>
    <PeakList1DHeader creator="nmrsu" date="2023-08-03T16:24:30.660-05:00" expNo="1296210" name="Aug03-2023" owner="" procNo="1" source="G:/data/chem-synthesis-summer-a-team3/nmr">
      <PeakPickDetails>F1=16.187771ppm, F2=-3.837772ppm, MI=0.00cm, MAXI=10000.00cm, PC=1.000
      </PeakPickDetails>
    </PeakList1DHeader>
    <Peak1D F1="16.157343" intensity="1.394938e-003" type="0"/>
    <Peak1D F1="16.118217" intensity="1.400829e-003" type="0"/>
    <Peak1D F1="16.094507" intensity="1.410695e-003" type="0"/>
    <Peak1D F1="16.017113" intensity="1.311036e-003" type="0"/>
    <Peak1D F1="15.986754" intensity="1.274132e-003" type="0"/>
    <Peak1D F1="15.962732" intensity="1.361053e-003" type="0"/>
    <Peak1D F1="15.930931" intensity="1.296839e-003" type="0"/>
    <Peak1D F1="15.902572" intensity="1.308483e-003" type="0"/>
    <Peak1D F1="15.866858" intensity="1.328052e-003" type="0"/>
    <Peak1D F1="15.851154" intensity="1.407753e-003" type="0"/>
    <Peak1D F1="15.814625" intensity="1.026709e-003" type="0"/>
    <Peak1D F1="15.790155" intensity="1.243100e-003" type="0"/>
    <Peak1D F1="15.774958" intensity="1.182936e-003" type="0"/>
    <Peak1D F1="15.727773" intensity="1.364070e-003" type="0"/>
    <Peak1D F1="15.676406" intensity="1.239477e-003" type="0"/>
    <Peak1D F1="15.669992" intensity="1.242582e-003" type="0"/>
    <Peak1D F1="15.631072" intensity="1.081256e-003" type="0"/>
    <Peak1D F1="15.606265" intensity="1.081198e-003" type="0"/>
    <Peak1D F1="15.566046" intensity="9.528633e-004" type="0"/>
    <Peak1D F1="15.515421" intensity="1.004080e-003" type="0"/>
    <Peak1D F1="15.508813" intensity="9.243914e-004" type="0"/>
    <Peak1D F1="15.488364" intensity="9.938939e-004" type="0"/>
    <Peak1D F1="15.422861" intensity="8.969463e-004" type="0"/>
    <Peak1D F1="15.226309" intensity="8.528387e-004" type="0"/>
    <Peak1D F1="11.944375" intensity="8.724211e-004" type="0"/>
    <Peak1D F1="11.841825" intensity="8.550280e-004" type="0"/>
    <Peak1D F1="11.828832" intensity="9.396664e-004" type="0"/>
    <Peak1D F1="11.490025" intensity="9.622152e-004" type="0"/>
    <Peak1D F1="11.472376" intensity="8.932165e-004" type="0"/>
    <Peak1D F1="11.420451" intensity="9.525592e-004" type="0"/>
    <Peak1D F1="11.385620" intensity="8.748184e-004" type="0"/>
    <Peak1D F1="11.319242" intensity="8.472172e-004" type="0"/>
    <Peak1D F1="11.296765" intensity="8.350157e-004" type="0"/>
    <Peak1D F1="11.261480" intensity="8.325020e-004" type="0"/>
    <Peak1D F1="11.191007" intensity="8.415674e-004" type="0"/>
    <Peak1D F1="11.121832" intensity="8.838227e-004" type="0"/>
    <Peak1D F1="11.097403" intensity="8.447750e-004" type="0"/>
    <Peak1D F1="11.065875" intensity="9.682436e-004" type="0"/>
    <Peak1D F1="11.035766" intensity="9.557858e-004" type="0"/>
    <Peak1D F1="11.010753" intensity="8.870693e-004" type="0"/>
    <Peak1D F1="10.713914" intensity="9.574302e-004" type="0"/>
    <Peak1D F1="10.699223" intensity="8.701601e-004" type="0"/>
    <Peak1D F1="10.646284" intensity="8.609680e-004" type="0"/>
    <Peak1D F1="10.525760" intensity="2.468346e-003" type="0"/>
    <Peak1D F1="10.348186" intensity="8.480828e-004" type="0"/>
    <Peak1D F1="10.256844" intensity="1.023628e-003" type="0"/>
    <Peak1D F1="10.039102" intensity="1.052589e-002" type="0"/>
    <Peak1D F1="9.788514" intensity="3.106180e-003" type="0"/>
    <Peak1D F1="9.770053" intensity="1.650442e-003" type="0"/>
    <Peak1D F1="9.740406" intensity="2.169974e-003" type="0"/>
    <Peak1D F1="9.677473" intensity="3.309567e-003" type="0"/>
    <Peak1D F1="8.192391" intensity="1.028815e-003" type="0"/>
    <Peak1D F1="8.073829" intensity="9.460464e-004" type="0"/>
    <Peak1D F1="7.910337" intensity="6.022476e-003" type="0"/>
    <Peak1D F1="7.891377" intensity="6.126103e-003" type="0"/>
    <Peak1D F1="7.710860" intensity="1.217967e-003" type="0"/>
    <Peak1D F1="7.688676" intensity="9.152804e-004" type="0"/>
    <Peak1D F1="7.650859" intensity="3.187775e-003" type="0"/>
    <Peak1D F1="7.633197" intensity="1.514409e-003" type="0"/>
    <Peak1D F1="7.570060" intensity="4.778623e-003" type="0"/>
    <Peak1D F1="7.555245" intensity="1.780563e-002" type="0"/>
    <Peak1D F1="7.534020" intensity="2.061219e-002" type="0"/>
    <Peak1D F1="7.519054" intensity="2.782637e-003" type="0"/>
    <Peak1D F1="7.495162" intensity="1.060232e-003" type="0"/>
    <Peak1D F1="7.486644" intensity="1.464316e-003" type="0"/>
    <Peak1D F1="7.465702" intensity="2.099879e-003" type="0"/>
    <Peak1D F1="7.427058" intensity="1.852485e-002" type="0"/>
    <Peak1D F1="7.408444" intensity="2.886872e-002" type="0"/>
    <Peak1D F1="7.386631" intensity="2.108398e-003" type="0"/>
    <Peak1D F1="7.366437" intensity="7.259119e-002" type="0"/>
    <Peak1D F1="7.350525" intensity="1.537803e-002" type="0"/>
    <Peak1D F1="7.332053" intensity="2.792189e-002" type="0"/>
    <Peak1D F1="7.312266" intensity="2.038623e-002" type="0"/>
    <Peak1D F1="7.283765" intensity="4.853680e-001" type="0"/>
    <Peak1D F1="7.256520" intensity="1.744706e-002" type="0"/>
    <Peak1D F1="7.242092" intensity="1.189283e-002" type="0"/>
    <Peak1D F1="7.226705" intensity="6.891232e-003" type="0"/>
    <Peak1D F1="7.210055" intensity="4.602396e-003" type="0"/>
    <Peak1D F1="7.187815" intensity="4.033961e-003" type="0"/>
    <Peak1D F1="7.149208" intensity="9.661658e-003" type="0"/>
    <Peak1D F1="7.143255" intensity="9.796819e-003" type="0"/>
    <Peak1D F1="7.127110" intensity="9.643627e-003" type="0"/>
    <Peak1D F1="7.122001" intensity="1.007961e-002" type="0"/>
    <Peak1D F1="7.070631" intensity="9.987337e-004" type="0"/>
    <Peak1D F1="7.019636" intensity="1.870202e-003" type="0"/>
    <Peak1D F1="7.002330" intensity="1.060320e-003" type="0"/>
    <Peak1D F1="6.764382" intensity="6.073108e-003" type="0"/>
    <Peak1D F1="6.737624" intensity="6.258463e-003" type="0"/>
    <Peak1D F1="6.720440" intensity="6.890423e-003" type="0"/>
    <Peak1D F1="6.693348" intensity="6.854799e-003" type="0"/>
    <Peak1D F1="6.606832" intensity="3.540378e-003" type="0"/>
    <Peak1D F1="6.515033" intensity="9.534621e-004" type="0"/>
    <Peak1D F1="6.014299" intensity="1.348310e-002" type="0"/>
    <Peak1D F1="6.006986" intensity="1.081102e-002" type="0"/>
    <Peak1D F1="6.000450" intensity="1.649533e-002" type="0"/>
    <Peak1D F1="5.994813" intensity="9.577634e-003" type="0"/>
    <Peak1D F1="5.942648" intensity="1.814848e-002" type="0"/>
    <Peak1D F1="5.928928" intensity="3.140755e-003" type="0"/>
    <Peak1D F1="5.903020" intensity="2.598349e-002" type="0"/>
    <Peak1D F1="5.837886" intensity="1.849614e-002" type="0"/>
    <Peak1D F1="5.831144" intensity="1.724754e-002" type="0"/>
    <Peak1D F1="5.824892" intensity="2.561171e-002" type="0"/>
    <Peak1D F1="5.811408" intensity="1.189018e-002" type="0"/>
    <Peak1D F1="5.800252" intensity="4.177176e-003" type="0"/>
    <Peak1D F1="5.778372" intensity="1.721013e-002" type="0"/>
    <Peak1D F1="5.764516" intensity="1.969090e-003" type="0"/>
    <Peak1D F1="5.750700" intensity="5.271636e-003" type="0"/>
    <Peak1D F1="5.733782" intensity="2.618995e-002" type="0"/>
    <Peak1D F1="5.725864" intensity="7.847369e-003" type="0"/>
    <Peak1D F1="5.708000" intensity="2.160263e-002" type="0"/>
    <Peak1D F1="5.690715" intensity="2.790930e-002" type="0"/>
    <Peak1D F1="5.672928" intensity="2.795102e-002" type="0"/>
    <Peak1D F1="5.665950" intensity="3.381877e-002" type="0"/>
    <Peak1D F1="5.657302" intensity="3.536442e-002" type="0"/>
    <Peak1D F1="5.639679" intensity="1.179899e-001" type="0"/>
    <Peak1D F1="5.614663" intensity="5.652957e+000" type="0"/>
    <Peak1D F1="5.522751" intensity="1.217397e-002" type="0"/>
    <Peak1D F1="5.477505" intensity="5.729447e-003" type="0"/>
    <Peak1D F1="5.456233" intensity="6.462209e-003" type="0"/>
    <Peak1D F1="5.441935" intensity="6.240207e-003" type="0"/>
    <Peak1D F1="5.407864" intensity="1.684536e-002" type="0"/>
    <Peak1D F1="5.398780" intensity="1.497007e-002" type="0"/>
    <Peak1D F1="5.365414" intensity="6.323276e-003" type="0"/>
    <Peak1D F1="5.351819" intensity="7.138813e-003" type="0"/>
    <Peak1D F1="5.337031" intensity="5.795257e-003" type="0"/>
    <Peak1D F1="5.316783" intensity="4.086919e-003" type="0"/>
    <Peak1D F1="5.304039" intensity="3.109440e-003" type="0"/>
    <Peak1D F1="5.277195" intensity="2.898307e-003" type="0"/>
    <Peak1D F1="5.262785" intensity="1.793355e-002" type="0"/>
    <Peak1D F1="5.235428" intensity="1.652593e-002" type="0"/>
    <Peak1D F1="5.194313" intensity="4.175871e-003" type="0"/>
    <Peak1D F1="5.173723" intensity="2.194201e-003" type="0"/>
    <Peak1D F1="5.151334" intensity="8.393357e-003" type="0"/>
    <Peak1D F1="5.107861" intensity="3.718992e-002" type="0"/>
    <Peak1D F1="5.094062" intensity="2.649784e-002" type="0"/>
    <Peak1D F1="5.068629" intensity="6.833411e-002" type="0"/>
    <Peak1D F1="5.045604" intensity="2.722178e-002" type="0"/>
    <Peak1D F1="4.997625" intensity="8.329100e-004" type="0"/>
    <Peak1D F1="4.915097" intensity="6.398192e-002" type="0"/>
    <Peak1D F1="4.911013" intensity="6.531707e-002" type="0"/>
    <Peak1D F1="4.860337" intensity="1.753803e-003" type="0"/>
    <Peak1D F1="4.844087" intensity="8.991708e-004" type="0"/>
    <Peak1D F1="4.832195" intensity="1.358073e-003" type="0"/>
    <Peak1D F1="4.826443" intensity="1.630143e-003" type="0"/>
    <Peak1D F1="4.807165" intensity="6.181971e-002" type="0"/>
    <Peak1D F1="4.802122" intensity="6.373236e-002" type="0"/>
    <Peak1D F1="4.776298" intensity="8.467625e-004" type="0"/>
    <Peak1D F1="4.717680" intensity="1.158031e-003" type="0"/>
    <Peak1D F1="4.628440" intensity="8.339045e-004" type="0"/>
    <Peak1D F1="4.464568" intensity="2.840267e-003" type="0"/>
    <Peak1D F1="4.446239" intensity="4.534089e-003" type="0"/>
    <Peak1D F1="4.427848" intensity="5.762771e-003" type="0"/>
    <Peak1D F1="4.414691" intensity="1.593955e-002" type="0"/>
    <Peak1D F1="4.396917" intensity="4.207312e-002" type="0"/>
    <Peak1D F1="4.379102" intensity="4.420169e-002" type="0"/>
    <Peak1D F1="4.361025" intensity="2.129067e-002" type="0"/>
    <Peak1D F1="4.232605" intensity="2.387575e+000" type="0"/>
    <Peak1D F1="4.214859" intensity="7.057904e+000" type="0"/>
    <Peak1D F1="4.197078" intensity="7.258245e+000" type="0"/>
    <Peak1D F1="4.179199" intensity="2.658210e+000" type="0"/>
    <Peak1D F1="4.159909" intensity="1.637428e-001" type="0"/>
    <Peak1D F1="4.101101" intensity="1.741075e-002" type="0"/>
    <Peak1D F1="4.086926" intensity="1.355927e-002" type="0"/>
    <Peak1D F1="4.064093" intensity="1.042473e-002" type="0"/>
    <Peak1D F1="4.045277" intensity="2.072558e-002" type="0"/>
    <Peak1D F1="4.027281" intensity="4.486749e-002" type="0"/>
    <Peak1D F1="4.009531" intensity="4.429171e-002" type="0"/>
    <Peak1D F1="3.991697" intensity="1.921969e-002" type="0"/>
    <Peak1D F1="3.966798" intensity="5.814902e-003" type="0"/>
    <Peak1D F1="3.939736" intensity="5.379805e-003" type="0"/>
    <Peak1D F1="3.921818" intensity="4.080317e-003" type="0"/>
    <Peak1D F1="3.906166" intensity="4.251397e-003" type="0"/>
    <Peak1D F1="3.884369" intensity="4.764747e-003" type="0"/>
    <Peak1D F1="3.869587" intensity="4.837929e-003" type="0"/>
    <Peak1D F1="3.840592" intensity="9.192192e-003" type="0"/>
    <Peak1D F1="3.743563" intensity="1.972780e-002" type="0"/>
    <Peak1D F1="3.721784" intensity="2.778105e-002" type="0"/>
    <Peak1D F1="3.711752" intensity="2.613509e-002" type="0"/>
    <Peak1D F1="3.700941" intensity="3.762330e-002" type="0"/>
    <Peak1D F1="3.686946" intensity="5.903070e-002" type="0"/>
    <Peak1D F1="3.674167" intensity="7.602133e-002" type="0"/>
    <Peak1D F1="3.651879" intensity="2.185543e-002" type="0"/>
    <Peak1D F1="3.638813" intensity="3.025653e-002" type="0"/>
    <Peak1D F1="3.627115" intensity="2.989534e-002" type="0"/>
    <Peak1D F1="3.578366" intensity="9.186911e-003" type="0"/>
    <Peak1D F1="3.557918" intensity="6.285821e-003" type="0"/>
    <Peak1D F1="3.545388" intensity="7.050196e-003" type="0"/>
    <Peak1D F1="3.527872" intensity="6.485674e-003" type="0"/>
    <Peak1D F1="3.516441" intensity="6.456342e-003" type="0"/>
    <Peak1D F1="3.498857" intensity="6.540455e-003" type="0"/>
    <Peak1D F1="3.482122" intensity="7.151396e-003" type="0"/>
    <Peak1D F1="3.447783" intensity="9.323345e-003" type="0"/>
    <Peak1D F1="3.429456" intensity="1.511563e-002" type="0"/>
    <Peak1D F1="3.410155" intensity="1.014863e-002" type="0"/>
    <Peak1D F1="3.389341" intensity="5.368145e-003" type="0"/>
    <Peak1D F1="3.370290" intensity="1.222727e-002" type="0"/>
    <Peak1D F1="3.345760" intensity="7.827302e-003" type="0"/>
    <Peak1D F1="3.326326" intensity="7.809626e-003" type="0"/>
    <Peak1D F1="3.308226" intensity="7.149308e-003" type="0"/>
    <Peak1D F1="3.290321" intensity="6.739923e-003" type="0"/>
    <Peak1D F1="3.271654" intensity="7.880423e-003" type="0"/>
    <Peak1D F1="3.260204" intensity="8.321947e-003" type="0"/>
    <Peak1D F1="3.243487" intensity="1.046922e-002" type="0"/>
    <Peak1D F1="3.224646" intensity="1.156705e-002" type="0"/>
    <Peak1D F1="3.186313" intensity="5.702084e-002" type="0"/>
    <Peak1D F1="3.138634" intensity="2.050348e-002" type="0"/>
    <Peak1D F1="3.111858" intensity="3.008751e-002" type="0"/>
    <Peak1D F1="3.098605" intensity="3.391319e-002" type="0"/>
    <Peak1D F1="3.077474" intensity="7.084997e-002" type="0"/>
    <Peak1D F1="3.021016" intensity="1.429224e+001" type="0"/>
    <Peak1D F1="2.994431" intensity="8.040423e-002" type="0"/>
    <Peak1D F1="2.968508" intensity="6.488954e-002" type="0"/>
    <Peak1D F1="2.963877" intensity="6.157301e-002" type="0"/>
    <Peak1D F1="2.925718" intensity="3.568983e-002" type="0"/>
    <Peak1D F1="2.921286" intensity="3.565607e-002" type="0"/>
    <Peak1D F1="2.882100" intensity="9.456586e-003" type="0"/>
    <Peak1D F1="2.851032" intensity="5.463133e-002" type="0"/>
    <Peak1D F1="2.795706" intensity="7.554031e-002" type="0"/>
    <Peak1D F1="2.778131" intensity="7.194215e-002" type="0"/>
    <Peak1D F1="2.738792" intensity="1.558413e-002" type="0"/>
    <Peak1D F1="2.720999" intensity="1.790676e-002" type="0"/>
    <Peak1D F1="2.705606" intensity="1.726737e-002" type="0"/>
    <Peak1D F1="2.688979" intensity="1.538696e-002" type="0"/>
    <Peak1D F1="2.661310" intensity="6.461585e-002" type="0"/>
    <Peak1D F1="2.642686" intensity="6.624305e-002" type="0"/>
    <Peak1D F1="2.588943" intensity="5.306621e-002" type="0"/>
    <Peak1D F1="2.574065" intensity="9.184203e-002" type="0"/>
    <Peak1D F1="2.551286" intensity="7.106266e-002" type="0"/>
    <Peak1D F1="2.531964" intensity="4.114925e-002" type="0"/>
    <Peak1D F1="2.511389" intensity="2.973844e-002" type="0"/>
    <Peak1D F1="2.481966" intensity="5.592897e-002" type="0"/>
    <Peak1D F1="2.468121" intensity="7.034135e-002" type="0"/>
    <Peak1D F1="2.455372" intensity="4.546631e-002" type="0"/>
    <Peak1D F1="2.440750" intensity="3.060090e-002" type="0"/>
    <Peak1D F1="2.431772" intensity="2.755619e-002" type="0"/>
    <Peak1D F1="2.413909" intensity="2.325049e-002" type="0"/>
    <Peak1D F1="2.390680" intensity="2.187196e-002" type="0"/>
    <Peak1D F1="2.373721" intensity="2.399185e-002" type="0"/>
    <Peak1D F1="2.361515" intensity="2.278237e-002" type="0"/>
    <Peak1D F1="2.320461" intensity="3.184791e-002" type="0"/>
    <Peak1D F1="2.315475" intensity="3.180122e-002" type="0"/>
    <Peak1D F1="2.289328" intensity="3.675112e-002" type="0"/>
    <Peak1D F1="2.271216" intensity="3.913760e-002" type="0"/>
    <Peak1D F1="2.253401" intensity="4.027921e-002" type="0"/>
    <Peak1D F1="2.228439" intensity="4.724406e-002" type="0"/>
    <Peak1D F1="2.203099" intensity="5.656306e-002" type="0"/>
    <Peak1D F1="2.194335" intensity="5.723036e-002" type="0"/>
    <Peak1D F1="2.187336" intensity="5.434139e-002" type="0"/>
    <Peak1D F1="2.178334" intensity="5.442230e-002" type="0"/>
    <Peak1D F1="2.170693" intensity="5.444112e-002" type="0"/>
    <Peak1D F1="2.159037" intensity="5.580917e-002" type="0"/>
    <Peak1D F1="2.150181" intensity="4.965507e-002" type="0"/>
    <Peak1D F1="2.143691" intensity="5.331904e-002" type="0"/>
    <Peak1D F1="2.058362" intensity="8.279234e-002" type="0"/>
    <Peak1D F1="2.051261" intensity="7.889149e-002" type="0"/>
    <Peak1D F1="2.025672" intensity="8.549684e-002" type="0"/>
    <Peak1D F1="2.006587" intensity="9.249902e-002" type="0"/>
    <Peak1D F1="1.950543" intensity="2.098910e-001" type="0"/>
    <Peak1D F1="1.914655" intensity="2.908914e-001" type="0"/>
    <Peak1D F1="1.871556" intensity="3.057763e-001" type="0"/>
    <Peak1D F1="1.852105" intensity="3.110571e-001" type="0"/>
    <Peak1D F1="1.798215" intensity="1.579047e-001" type="0"/>
    <Peak1D F1="1.785570" intensity="1.529876e-001" type="0"/>
    <Peak1D F1="1.764155" intensity="3.068521e-001" type="0"/>
    <Peak1D F1="1.758749" intensity="2.787419e-001" type="0"/>
    <Peak1D F1="1.752892" intensity="3.259853e-001" type="0"/>
    <Peak1D F1="1.749483" intensity="3.239213e-001" type="0"/>
    <Peak1D F1="1.725525" intensity="1.931582e-001" type="0"/>
    <Peak1D F1="1.712254" intensity="1.729737e-001" type="0"/>
    <Peak1D F1="1.694253" intensity="1.587895e-001" type="0"/>
    <Peak1D F1="1.660024" intensity="1.454535e-001" type="0"/>
    <Peak1D F1="1.640957" intensity="1.399053e-001" type="0"/>
    <Peak1D F1="1.631612" intensity="1.473364e-001" type="0"/>
    <Peak1D F1="1.621452" intensity="1.578096e-001" type="0"/>
    <Peak1D F1="1.604388" intensity="1.481399e-001" type="0"/>
    <Peak1D F1="1.588316" intensity="1.280922e-001" type="0"/>
    <Peak1D F1="1.563041" intensity="1.139281e-001" type="0"/>
    <Peak1D F1="1.558212" intensity="1.142663e-001" type="0"/>
    <Peak1D F1="1.533238" intensity="1.298874e-001" type="0"/>
    <Peak1D F1="1.524059" intensity="1.357117e-001" type="0"/>
    <Peak1D F1="1.515738" intensity="1.463601e-001" type="0"/>
    <Peak1D F1="1.504399" intensity="1.586818e-001" type="0"/>
    <Peak1D F1="1.494646" intensity="1.642976e-001" type="0"/>
    <Peak1D F1="1.465034" intensity="1.955529e-001" type="0"/>
    <Peak1D F1="1.435143" intensity="2.944585e-001" type="0"/>
    <Peak1D F1="1.417216" intensity="2.248157e-001" type="0"/>
    <Peak1D F1="1.399589" intensity="1.812848e-001" type="0"/>
    <Peak1D F1="1.374821" intensity="1.576682e-001" type="0"/>
    <Peak1D F1="1.342868" intensity="5.022976e-001" type="0"/>
    <Peak1D F1="1.310525" intensity="5.555836e-001" type="0"/>
    <Peak1D F1="1.293358" intensity="1.181462e+000" type="0"/>
    <Peak1D F1="1.277857" intensity="8.415660e+000" type="0"/>
    <Peak1D F1="1.260184" intensity="1.500000e+001" type="0"/>
    <Peak1D F1="1.242356" intensity="7.519387e+000" type="0"/>
    <Peak1D F1="1.185134" intensity="1.073262e-001" type="0"/>
    <Peak1D F1="1.165945" intensity="1.091441e-001" type="0"/>
    <Peak1D F1="1.148089" intensity="1.082701e-001" type="0"/>
    <Peak1D F1="1.141341" intensity="9.046952e-002" type="0"/>
    <Peak1D F1="1.122338" intensity="2.745936e-001" type="0"/>
    <Peak1D F1="1.106871" intensity="2.694073e-001" type="0"/>
    <Peak1D F1="1.099524" intensity="1.707712e-001" type="0"/>
    <Peak1D F1="1.081790" intensity="1.207301e-001" type="0"/>
    <Peak1D F1="1.072216" intensity="8.368565e-002" type="0"/>
    <Peak1D F1="1.065996" intensity="8.511163e-002" type="0"/>
    <Peak1D F1="1.053837" intensity="8.239928e-002" type="0"/>
    <Peak1D F1="1.035763" intensity="7.580201e-002" type="0"/>
    <Peak1D F1="1.017633" intensity="5.917616e-002" type="0"/>
    <Peak1D F1="1.007125" intensity="5.083686e-002" type="0"/>
    <Peak1D F1="0.982556" intensity="2.694494e-001" type="0"/>
    <Peak1D F1="0.965975" intensity="2.640662e-001" type="0"/>
    <Peak1D F1="0.944599" intensity="1.233226e-001" type="0"/>
    <Peak1D F1="0.926476" intensity="1.885291e-001" type="0"/>
    <Peak1D F1="0.907519" intensity="5.073699e-001" type="0"/>
    <Peak1D F1="0.891141" intensity="9.755070e-001" type="0"/>
    <Peak1D F1="0.882861" intensity="6.220329e-001" type="0"/>
    <Peak1D F1="0.873557" intensity="6.742916e-001" type="0"/>
    <Peak1D F1="0.864165" intensity="7.975418e-001" type="0"/>
    <Peak1D F1="0.843523" intensity="4.972456e-001" type="0"/>
    <Peak1D F1="0.820099" intensity="1.376621e-001" type="0"/>
    <Peak1D F1="0.803259" intensity="5.243353e-002" type="0"/>
    <Peak1D F1="0.784249" intensity="2.869405e-002" type="0"/>
    <Peak1D F1="0.769154" intensity="9.935247e-003" type="0"/>
    <Peak1D F1="0.761745" intensity="1.169470e-002" type="0"/>
    <Peak1D F1="0.752845" intensity="9.589355e-003" type="0"/>
    <Peak1D F1="0.734012" intensity="6.912621e-003" type="0"/>
    <Peak1D F1="0.707950" intensity="2.959348e-003" type="0"/>
    <Peak1D F1="0.526390" intensity="1.730047e-003" type="0"/>
    <Peak1D F1="0.080110" intensity="3.125191e-003" type="0"/>
    <Peak1D F1="-0.416169" intensity="8.502112e-004" type="0"/>
    <Peak1D F1="-2.149934" intensity="9.592611e-004" type="0"/>
    <Peak1D F1="-2.174711" intensity="9.702885e-004" type="0"/>
    <Peak1D F1="-2.207038" intensity="1.350137e-003" type="0"/>
    <Peak1D F1="-2.224953" intensity="1.284929e-003" type="0"/>
    <Peak1D F1="-2.259333" intensity="1.666798e-003" type="0"/>
    <Peak1D F1="-2.275405" intensity="1.461260e-003" type="0"/>
    <Peak1D F1="-2.583574" intensity="1.054101e-003" type="0"/>
    <Peak1D F1="-2.630770" intensity="8.946527e-004" type="0"/>
    <Peak1D F1="-2.680702" intensity="1.324913e-003" type="0"/>
    <Peak1D F1="-2.685239" intensity="1.423674e-003" type="0"/>
    <Peak1D F1="-2.720837" intensity="1.866702e-003" type="0"/>
    <Peak1D F1="-2.729877" intensity="1.679941e-003" type="0"/>
    <Peak1D F1="-2.755611" intensity="1.488701e-003" type="0"/>
  </PeakList1D>
</PeakList>
