<?xml version="1.0" encoding="UTF-8"?>
<PeakList>
  <PeakList1D>
    <PeakList1DHeader creator="nmr600" date="2019-07-04T13:57:20.056+02:00" expNo="10" name="6Jul0419" owner="" procNo="1" source="/opt/topspin3.0/data/nmr600/nmr">
      <PeakPickDetails>F1=16.361271ppm, F2=-4.189375ppm, MI=0.00cm, MAXI=10000.00cm, PC=1.000
      </PeakPickDetails>
    </PeakList1DHeader>
    <Peak1D F1="14.902004" intensity="1.359573e-03" type="0"/>
    <Peak1D F1="14.566171" intensity="1.338422e-03" type="0"/>
    <Peak1D F1="11.339197" intensity="1.323534e-03" type="0"/>
    <Peak1D F1="10.046551" intensity="1.617319e-03" type="0"/>
    <Peak1D F1="10.040842" intensity="1.528495e-03" type="0"/>
    <Peak1D F1="10.008094" intensity="1.312130e-03" type="0"/>
    <Peak1D F1="9.969107" intensity="1.584840e-03" type="0"/>
    <Peak1D F1="9.960838" intensity="1.396918e-03" type="0"/>
    <Peak1D F1="9.950957" intensity="1.312194e-03" type="0"/>
    <Peak1D F1="9.885840" intensity="1.364299e-03" type="0"/>
    <Peak1D F1="9.877507" intensity="1.351847e-03" type="0"/>
    <Peak1D F1="9.737382" intensity="2.674661e-03" type="0"/>
    <Peak1D F1="9.178223" intensity="1.416915e-03" type="0"/>
    <Peak1D F1="9.140566" intensity="1.363261e-03" type="0"/>
    <Peak1D F1="9.090002" intensity="1.749038e-03" type="0"/>
    <Peak1D F1="9.043264" intensity="5.078834e-03" type="0"/>
    <Peak1D F1="8.920708" intensity="6.064714e-01" type="0"/>
    <Peak1D F1="8.624244" intensity="3.367210e-03" type="0"/>
    <Peak1D F1="8.487312" intensity="2.164952e-03" type="0"/>
    <Peak1D F1="8.401004" intensity="2.910899e-03" type="0"/>
    <Peak1D F1="8.305846" intensity="1.789994e-03" type="0"/>
    <Peak1D F1="8.210585" intensity="1.511301e-03" type="0"/>
    <Peak1D F1="8.183722" intensity="1.477935e-02" type="0"/>
    <Peak1D F1="8.150860" intensity="4.162504e-03" type="0"/>
    <Peak1D F1="8.139206" intensity="5.025955e-03" type="0"/>
    <Peak1D F1="8.116314" intensity="2.027080e-03" type="0"/>
    <Peak1D F1="8.106196" intensity="1.558799e-03" type="0"/>
    <Peak1D F1="8.066677" intensity="1.599676e-03" type="0"/>
    <Peak1D F1="8.044651" intensity="1.423625e-03" type="0"/>
    <Peak1D F1="8.023506" intensity="7.523742e-03" type="0"/>
    <Peak1D F1="8.012730" intensity="3.491258e-02" type="0"/>
    <Peak1D F1="7.983019" intensity="3.174131e-03" type="0"/>
    <Peak1D F1="7.975730" intensity="4.460459e-03" type="0"/>
    <Peak1D F1="7.961871" intensity="7.527028e-03" type="0"/>
    <Peak1D F1="7.948636" intensity="1.021641e-02" type="0"/>
    <Peak1D F1="7.935337" intensity="1.108237e-02" type="0"/>
    <Peak1D F1="7.915586" intensity="3.520796e-03" type="0"/>
    <Peak1D F1="7.888230" intensity="2.589429e-03" type="0"/>
    <Peak1D F1="7.863662" intensity="2.806044e-03" type="0"/>
    <Peak1D F1="7.850104" intensity="2.605621e-03" type="0"/>
    <Peak1D F1="7.827963" intensity="3.613957e-03" type="0"/>
    <Peak1D F1="7.812686" intensity="3.387021e-03" type="0"/>
    <Peak1D F1="7.799253" intensity="6.878160e-03" type="0"/>
    <Peak1D F1="7.785829" intensity="8.369511e-03" type="0"/>
    <Peak1D F1="7.743759" intensity="3.802921e-02" type="0"/>
    <Peak1D F1="7.728967" intensity="3.764073e-02" type="0"/>
    <Peak1D F1="7.711736" intensity="4.057818e-03" type="0"/>
    <Peak1D F1="7.652403" intensity="3.384061e-03" type="0"/>
    <Peak1D F1="7.627321" intensity="6.242555e-03" type="0"/>
    <Peak1D F1="7.612027" intensity="6.172083e-03" type="0"/>
    <Peak1D F1="7.586969" intensity="4.985357e-03" type="0"/>
    <Peak1D F1="7.578897" intensity="4.759245e-03" type="0"/>
    <Peak1D F1="7.555562" intensity="1.296689e-02" type="0"/>
    <Peak1D F1="7.552539" intensity="1.429113e-02" type="0"/>
    <Peak1D F1="7.545464" intensity="1.904673e-02" type="0"/>
    <Peak1D F1="7.539505" intensity="1.432005e-02" type="0"/>
    <Peak1D F1="7.534291" intensity="9.771995e-03" type="0"/>
    <Peak1D F1="7.521951" intensity="6.075337e-03" type="0"/>
    <Peak1D F1="7.509539" intensity="7.368059e-03" type="0"/>
    <Peak1D F1="7.501198" intensity="9.296054e-03" type="0"/>
    <Peak1D F1="7.477819" intensity="2.671471e-02" type="0"/>
    <Peak1D F1="7.465862" intensity="1.789290e-02" type="0"/>
    <Peak1D F1="7.459289" intensity="1.858389e-02" type="0"/>
    <Peak1D F1="7.446708" intensity="2.857699e-02" type="0"/>
    <Peak1D F1="7.431403" intensity="2.501547e-02" type="0"/>
    <Peak1D F1="7.417643" intensity="2.086067e-02" type="0"/>
    <Peak1D F1="7.404347" intensity="1.875592e-02" type="0"/>
    <Peak1D F1="7.393450" intensity="2.082928e-02" type="0"/>
    <Peak1D F1="7.388507" intensity="1.952269e-02" type="0"/>
    <Peak1D F1="7.370233" intensity="4.974793e-02" type="0"/>
    <Peak1D F1="7.367050" intensity="4.962683e-02" type="0"/>
    <Peak1D F1="7.355896" intensity="5.895979e-02" type="0"/>
    <Peak1D F1="7.329145" intensity="6.152499e-01" type="0"/>
    <Peak1D F1="7.327788" intensity="6.379013e-01" type="0"/>
    <Peak1D F1="7.316659" intensity="1.479786e+00" type="0"/>
    <Peak1D F1="7.315303" intensity="1.496418e+00" type="0"/>
    <Peak1D F1="7.304219" intensity="1.008007e+00" type="0"/>
    <Peak1D F1="7.302681" intensity="9.931557e-01" type="0"/>
    <Peak1D F1="7.280575" intensity="5.659264e-02" type="0"/>
    <Peak1D F1="7.266992" intensity="8.295792e-02" type="0"/>
    <Peak1D F1="7.244039" intensity="8.621949e-01" type="0"/>
    <Peak1D F1="7.231703" intensity="1.526692e+00" type="0"/>
    <Peak1D F1="7.219876" intensity="8.052841e-01" type="0"/>
    <Peak1D F1="7.195172" intensity="2.428205e+00" type="0"/>
    <Peak1D F1="7.190380" intensity="1.732839e+00" type="0"/>
    <Peak1D F1="7.177409" intensity="1.390075e+00" type="0"/>
    <Peak1D F1="7.168929" intensity="4.002600e-01" type="0"/>
    <Peak1D F1="7.161571" intensity="3.598055e-01" type="0"/>
    <Peak1D F1="7.148196" intensity="1.582196e-01" type="0"/>
    <Peak1D F1="7.135964" intensity="1.531957e-01" type="0"/>
    <Peak1D F1="7.128119" intensity="1.745273e-01" type="0"/>
    <Peak1D F1="7.121840" intensity="1.645391e-01" type="0"/>
    <Peak1D F1="7.105278" intensity="1.653457e+00" type="0"/>
    <Peak1D F1="7.092711" intensity="1.379373e+00" type="0"/>
    <Peak1D F1="7.067479" intensity="7.159442e-02" type="0"/>
    <Peak1D F1="7.049954" intensity="9.036762e-02" type="0"/>
    <Peak1D F1="7.038722" intensity="9.853250e-02" type="0"/>
    <Peak1D F1="7.017958" intensity="7.462816e-02" type="0"/>
    <Peak1D F1="7.012715" intensity="1.141282e-01" type="0"/>
    <Peak1D F1="6.998433" intensity="1.429847e-01" type="0"/>
    <Peak1D F1="6.986558" intensity="9.512749e-02" type="0"/>
    <Peak1D F1="6.968750" intensity="1.604049e-01" type="0"/>
    <Peak1D F1="6.954784" intensity="1.177121e-01" type="0"/>
    <Peak1D F1="6.944686" intensity="7.821703e-02" type="0"/>
    <Peak1D F1="6.930017" intensity="5.603096e-02" type="0"/>
    <Peak1D F1="6.905287" intensity="6.234202e-02" type="0"/>
    <Peak1D F1="6.901365" intensity="6.610870e-02" type="0"/>
    <Peak1D F1="6.890436" intensity="6.890278e-02" type="0"/>
    <Peak1D F1="6.886578" intensity="7.536698e-02" type="0"/>
    <Peak1D F1="6.882131" intensity="6.004464e-02" type="0"/>
    <Peak1D F1="6.875021" intensity="7.947438e-02" type="0"/>
    <Peak1D F1="6.847931" intensity="1.526802e-01" type="0"/>
    <Peak1D F1="6.833479" intensity="1.459438e-01" type="0"/>
    <Peak1D F1="6.808332" intensity="2.946779e+00" type="0"/>
    <Peak1D F1="6.793672" intensity="4.203987e+00" type="0"/>
    <Peak1D F1="6.768234" intensity="7.624252e-02" type="0"/>
    <Peak1D F1="6.751746" intensity="5.586335e-02" type="0"/>
    <Peak1D F1="6.726558" intensity="3.284058e+00" type="0"/>
    <Peak1D F1="6.712257" intensity="2.412824e+00" type="0"/>
    <Peak1D F1="6.671266" intensity="5.100100e-02" type="0"/>
    <Peak1D F1="6.656542" intensity="3.901963e-02" type="0"/>
    <Peak1D F1="6.641531" intensity="2.443297e-02" type="0"/>
    <Peak1D F1="6.636656" intensity="2.610502e-02" type="0"/>
    <Peak1D F1="6.633223" intensity="2.496752e-02" type="0"/>
    <Peak1D F1="6.618050" intensity="2.373158e-02" type="0"/>
    <Peak1D F1="6.606307" intensity="2.015408e-02" type="0"/>
    <Peak1D F1="6.601103" intensity="2.343105e-02" type="0"/>
    <Peak1D F1="6.594002" intensity="2.611351e-02" type="0"/>
    <Peak1D F1="6.580981" intensity="2.346990e-02" type="0"/>
    <Peak1D F1="6.574502" intensity="2.633372e-02" type="0"/>
    <Peak1D F1="6.559951" intensity="2.007755e-02" type="0"/>
    <Peak1D F1="6.546540" intensity="4.983659e-02" type="0"/>
    <Peak1D F1="6.543130" intensity="4.907109e-02" type="0"/>
    <Peak1D F1="6.524807" intensity="1.219316e-02" type="0"/>
    <Peak1D F1="6.512578" intensity="1.251250e-02" type="0"/>
    <Peak1D F1="6.490919" intensity="1.397388e-02" type="0"/>
    <Peak1D F1="6.486997" intensity="1.382408e-02" type="0"/>
    <Peak1D F1="6.463444" intensity="1.159944e-02" type="0"/>
    <Peak1D F1="6.459794" intensity="1.239797e-02" type="0"/>
    <Peak1D F1="6.445898" intensity="1.106979e-02" type="0"/>
    <Peak1D F1="6.433814" intensity="6.908610e-03" type="0"/>
    <Peak1D F1="6.423367" intensity="8.753767e-03" type="0"/>
    <Peak1D F1="6.419228" intensity="9.017747e-03" type="0"/>
    <Peak1D F1="6.401224" intensity="7.917438e-03" type="0"/>
    <Peak1D F1="6.385015" intensity="5.015478e-03" type="0"/>
    <Peak1D F1="6.349628" intensity="3.752074e-03" type="0"/>
    <Peak1D F1="6.338418" intensity="3.645012e-03" type="0"/>
    <Peak1D F1="6.315941" intensity="3.939917e-03" type="0"/>
    <Peak1D F1="6.283277" intensity="4.935533e-03" type="0"/>
    <Peak1D F1="6.279255" intensity="5.399353e-03" type="0"/>
    <Peak1D F1="6.270763" intensity="2.929638e-03" type="0"/>
    <Peak1D F1="6.250112" intensity="2.642488e-03" type="0"/>
    <Peak1D F1="6.212770" intensity="1.126597e-02" type="0"/>
    <Peak1D F1="6.209463" intensity="1.039129e-02" type="0"/>
    <Peak1D F1="6.191389" intensity="2.000933e-03" type="0"/>
    <Peak1D F1="6.170007" intensity="2.075515e-03" type="0"/>
    <Peak1D F1="6.147320" intensity="1.529095e-03" type="0"/>
    <Peak1D F1="6.129410" intensity="1.904683e-03" type="0"/>
    <Peak1D F1="6.109047" intensity="1.310538e-03" type="0"/>
    <Peak1D F1="6.096395" intensity="3.770133e-03" type="0"/>
    <Peak1D F1="6.081678" intensity="4.661937e-03" type="0"/>
    <Peak1D F1="6.071580" intensity="3.827351e-03" type="0"/>
    <Peak1D F1="6.040540" intensity="2.273104e-03" type="0"/>
    <Peak1D F1="5.947268" intensity="8.702168e-03" type="0"/>
    <Peak1D F1="5.921833" intensity="1.720237e-02" type="0"/>
    <Peak1D F1="5.842710" intensity="2.093887e-03" type="0"/>
    <Peak1D F1="5.832200" intensity="1.424897e-03" type="0"/>
    <Peak1D F1="5.778244" intensity="1.431546e-03" type="0"/>
    <Peak1D F1="5.713072" intensity="2.351890e-03" type="0"/>
    <Peak1D F1="5.694341" intensity="2.567750e-03" type="0"/>
    <Peak1D F1="5.680384" intensity="1.481255e-03" type="0"/>
    <Peak1D F1="5.649184" intensity="4.920809e-03" type="0"/>
    <Peak1D F1="5.578414" intensity="7.241247e-03" type="0"/>
    <Peak1D F1="5.404244" intensity="9.864332e-03" type="0"/>
    <Peak1D F1="5.357413" intensity="4.589221e-03" type="0"/>
    <Peak1D F1="5.297673" intensity="2.096989e+00" type="0"/>
    <Peak1D F1="5.226593" intensity="7.002780e-02" type="0"/>
    <Peak1D F1="5.208072" intensity="4.241470e-03" type="0"/>
    <Peak1D F1="5.188654" intensity="1.201117e-02" type="0"/>
    <Peak1D F1="5.169604" intensity="1.465142e-03" type="0"/>
    <Peak1D F1="5.154718" intensity="1.892730e-03" type="0"/>
    <Peak1D F1="5.136239" intensity="2.137731e-03" type="0"/>
    <Peak1D F1="5.117738" intensity="2.720884e-03" type="0"/>
    <Peak1D F1="5.083613" intensity="2.844606e-03" type="0"/>
    <Peak1D F1="5.055005" intensity="3.139870e-03" type="0"/>
    <Peak1D F1="5.034781" intensity="1.392489e-03" type="0"/>
    <Peak1D F1="4.920052" intensity="1.882014e-03" type="0"/>
    <Peak1D F1="4.902297" intensity="1.404324e-03" type="0"/>
    <Peak1D F1="4.769635" intensity="2.761299e-03" type="0"/>
    <Peak1D F1="4.756415" intensity="5.380580e-03" type="0"/>
    <Peak1D F1="4.744285" intensity="5.886274e-03" type="0"/>
    <Peak1D F1="4.731076" intensity="3.149707e-03" type="0"/>
    <Peak1D F1="4.704465" intensity="1.746835e-02" type="0"/>
    <Peak1D F1="4.690729" intensity="1.729971e-02" type="0"/>
    <Peak1D F1="4.669928" intensity="2.881067e-03" type="0"/>
    <Peak1D F1="4.657468" intensity="4.169231e-03" type="0"/>
    <Peak1D F1="4.644297" intensity="2.077470e-02" type="0"/>
    <Peak1D F1="4.631941" intensity="3.041252e-02" type="0"/>
    <Peak1D F1="4.619416" intensity="2.525857e-02" type="0"/>
    <Peak1D F1="4.605152" intensity="4.405091e-02" type="0"/>
    <Peak1D F1="4.576768" intensity="3.363837e-03" type="0"/>
    <Peak1D F1="4.531074" intensity="1.634248e-03" type="0"/>
    <Peak1D F1="4.509752" intensity="2.206459e-03" type="0"/>
    <Peak1D F1="4.503919" intensity="2.341626e-03" type="0"/>
    <Peak1D F1="4.473070" intensity="3.135199e-03" type="0"/>
    <Peak1D F1="4.461143" intensity="3.613249e-03" type="0"/>
    <Peak1D F1="4.441639" intensity="3.409523e-03" type="0"/>
    <Peak1D F1="4.422827" intensity="3.593632e-03" type="0"/>
    <Peak1D F1="4.412832" intensity="3.147816e-03" type="0"/>
    <Peak1D F1="4.398053" intensity="4.173399e-03" type="0"/>
    <Peak1D F1="4.387506" intensity="2.515695e-03" type="0"/>
    <Peak1D F1="4.377215" intensity="5.408333e-03" type="0"/>
    <Peak1D F1="4.331586" intensity="1.740299e-03" type="0"/>
    <Peak1D F1="4.307393" intensity="4.464444e-03" type="0"/>
    <Peak1D F1="4.294579" intensity="6.453862e-03" type="0"/>
    <Peak1D F1="4.281261" intensity="5.978682e-03" type="0"/>
    <Peak1D F1="4.269078" intensity="4.250986e-03" type="0"/>
    <Peak1D F1="4.250842" intensity="4.236099e-03" type="0"/>
    <Peak1D F1="4.242845" intensity="5.262182e-03" type="0"/>
    <Peak1D F1="4.231717" intensity="5.194899e-03" type="0"/>
    <Peak1D F1="4.223497" intensity="4.746990e-03" type="0"/>
    <Peak1D F1="4.210232" intensity="7.566876e-03" type="0"/>
    <Peak1D F1="4.192807" intensity="6.477550e-03" type="0"/>
    <Peak1D F1="4.180541" intensity="6.811645e-03" type="0"/>
    <Peak1D F1="4.166437" intensity="8.815601e-03" type="0"/>
    <Peak1D F1="4.149707" intensity="1.299046e-02" type="0"/>
    <Peak1D F1="4.136868" intensity="5.522052e-03" type="0"/>
    <Peak1D F1="4.112313" intensity="1.888920e-02" type="0"/>
    <Peak1D F1="4.099919" intensity="4.259195e-02" type="0"/>
    <Peak1D F1="4.087650" intensity="4.173890e-02" type="0"/>
    <Peak1D F1="4.075222" intensity="2.148508e-02" type="0"/>
    <Peak1D F1="4.059831" intensity="1.257494e-01" type="0"/>
    <Peak1D F1="4.043349" intensity="1.282599e-02" type="0"/>
    <Peak1D F1="4.018711" intensity="9.209334e-03" type="0"/>
    <Peak1D F1="4.001926" intensity="1.818595e-02" type="0"/>
    <Peak1D F1="3.980622" intensity="1.210170e-02" type="0"/>
    <Peak1D F1="3.970163" intensity="1.158556e-02" type="0"/>
    <Peak1D F1="3.945484" intensity="2.471547e-02" type="0"/>
    <Peak1D F1="3.940974" intensity="2.578965e-02" type="0"/>
    <Peak1D F1="3.931202" intensity="1.444663e-02" type="0"/>
    <Peak1D F1="3.920104" intensity="3.485622e-02" type="0"/>
    <Peak1D F1="3.916010" intensity="3.550819e-02" type="0"/>
    <Peak1D F1="3.901847" intensity="2.093085e-02" type="0"/>
    <Peak1D F1="3.880179" intensity="2.420809e-01" type="0"/>
    <Peak1D F1="3.867574" intensity="5.192370e-01" type="0"/>
    <Peak1D F1="3.862582" intensity="6.456396e-01" type="0"/>
    <Peak1D F1="3.852744" intensity="9.311317e-01" type="0"/>
    <Peak1D F1="3.840082" intensity="8.139792e-01" type="0"/>
    <Peak1D F1="3.826713" intensity="9.426113e-01" type="0"/>
    <Peak1D F1="3.816841" intensity="6.220800e-01" type="0"/>
    <Peak1D F1="3.809721" intensity="5.047332e-01" type="0"/>
    <Peak1D F1="3.800107" intensity="4.115252e-01" type="0"/>
    <Peak1D F1="3.791337" intensity="1.596320e-01" type="0"/>
    <Peak1D F1="3.777424" intensity="1.308674e-01" type="0"/>
    <Peak1D F1="3.772392" intensity="1.754816e-01" type="0"/>
    <Peak1D F1="3.764550" intensity="3.499221e-01" type="0"/>
    <Peak1D F1="3.754561" intensity="5.315278e-01" type="0"/>
    <Peak1D F1="3.743490" intensity="7.325556e-01" type="0"/>
    <Peak1D F1="3.733691" intensity="8.642738e-01" type="0"/>
    <Peak1D F1="3.718293" intensity="1.500000e+01" type="0"/>
    <Peak1D F1="3.686506" intensity="5.629821e-01" type="0"/>
    <Peak1D F1="3.682937" intensity="6.556906e-01" type="0"/>
    <Peak1D F1="3.675592" intensity="8.275003e-01" type="0"/>
    <Peak1D F1="3.665988" intensity="7.688808e-01" type="0"/>
    <Peak1D F1="3.655854" intensity="5.468209e-01" type="0"/>
    <Peak1D F1="3.644788" intensity="3.600496e-01" type="0"/>
    <Peak1D F1="3.630038" intensity="1.192903e-01" type="0"/>
    <Peak1D F1="3.625060" intensity="1.027227e-01" type="0"/>
    <Peak1D F1="3.618460" intensity="1.262493e-01" type="0"/>
    <Peak1D F1="3.614613" intensity="1.333025e-01" type="0"/>
    <Peak1D F1="3.607689" intensity="9.318167e-02" type="0"/>
    <Peak1D F1="3.595806" intensity="1.369714e-01" type="0"/>
    <Peak1D F1="3.562408" intensity="6.470282e-02" type="0"/>
    <Peak1D F1="3.553198" intensity="4.569056e-02" type="0"/>
    <Peak1D F1="3.543822" intensity="4.153184e-02" type="0"/>
    <Peak1D F1="3.534419" intensity="4.236886e-02" type="0"/>
    <Peak1D F1="3.512388" intensity="7.468223e-02" type="0"/>
    <Peak1D F1="3.499985" intensity="1.028840e-01" type="0"/>
    <Peak1D F1="3.493364" intensity="1.130292e-01" type="0"/>
    <Peak1D F1="3.476353" intensity="9.173728e-01" type="0"/>
    <Peak1D F1="3.467279" intensity="1.423835e+00" type="0"/>
    <Peak1D F1="3.459790" intensity="1.638857e+00" type="0"/>
    <Peak1D F1="3.451893" intensity="9.680227e-01" type="0"/>
    <Peak1D F1="3.436485" intensity="2.488255e-01" type="0"/>
    <Peak1D F1="3.425055" intensity="1.404185e-01" type="0"/>
    <Peak1D F1="3.411355" intensity="7.883735e-02" type="0"/>
    <Peak1D F1="3.400257" intensity="6.870882e-02" type="0"/>
    <Peak1D F1="3.388364" intensity="6.641049e-02" type="0"/>
    <Peak1D F1="3.366690" intensity="5.679414e-02" type="0"/>
    <Peak1D F1="3.358325" intensity="6.857535e-02" type="0"/>
    <Peak1D F1="3.347024" intensity="7.602621e-02" type="0"/>
    <Peak1D F1="3.335894" intensity="5.373706e-02" type="0"/>
    <Peak1D F1="3.319124" intensity="2.827637e-02" type="0"/>
    <Peak1D F1="3.305508" intensity="2.807233e-02" type="0"/>
    <Peak1D F1="3.293738" intensity="3.498905e-02" type="0"/>
    <Peak1D F1="3.282012" intensity="4.552156e-02" type="0"/>
    <Peak1D F1="3.269296" intensity="5.145925e-02" type="0"/>
    <Peak1D F1="3.256482" intensity="4.288101e-02" type="0"/>
    <Peak1D F1="3.242260" intensity="2.701166e-02" type="0"/>
    <Peak1D F1="3.195898" intensity="2.577181e-02" type="0"/>
    <Peak1D F1="3.178248" intensity="2.344282e-02" type="0"/>
    <Peak1D F1="3.152506" intensity="3.991822e-02" type="0"/>
    <Peak1D F1="3.138026" intensity="3.413801e-01" type="0"/>
    <Peak1D F1="3.127079" intensity="3.956396e-01" type="0"/>
    <Peak1D F1="3.121268" intensity="3.697262e-01" type="0"/>
    <Peak1D F1="3.109030" intensity="6.736006e-01" type="0"/>
    <Peak1D F1="3.096789" intensity="5.379911e-01" type="0"/>
    <Peak1D F1="3.092165" intensity="4.861683e-01" type="0"/>
    <Peak1D F1="3.080554" intensity="4.143822e-01" type="0"/>
    <Peak1D F1="3.060985" intensity="6.472704e-02" type="0"/>
    <Peak1D F1="3.049721" intensity="9.711434e-02" type="0"/>
    <Peak1D F1="3.038657" intensity="6.385011e-02" type="0"/>
    <Peak1D F1="3.027182" intensity="4.323463e-02" type="0"/>
    <Peak1D F1="3.011803" intensity="3.442765e-02" type="0"/>
    <Peak1D F1="2.999595" intensity="4.311452e-02" type="0"/>
    <Peak1D F1="2.981483" intensity="3.654981e-02" type="0"/>
    <Peak1D F1="2.964620" intensity="3.785305e-02" type="0"/>
    <Peak1D F1="2.952765" intensity="4.933892e-02" type="0"/>
    <Peak1D F1="2.928998" intensity="5.354914e-01" type="0"/>
    <Peak1D F1="2.923201" intensity="9.991531e-01" type="0"/>
    <Peak1D F1="2.917320" intensity="5.811277e-01" type="0"/>
    <Peak1D F1="2.899340" intensity="4.474636e-01" type="0"/>
    <Peak1D F1="2.893408" intensity="7.520644e-01" type="0"/>
    <Peak1D F1="2.887627" intensity="4.378035e-01" type="0"/>
    <Peak1D F1="2.872637" intensity="8.040216e-02" type="0"/>
    <Peak1D F1="2.825723" intensity="3.388175e-02" type="0"/>
    <Peak1D F1="2.814345" intensity="3.216109e-02" type="0"/>
    <Peak1D F1="2.781304" intensity="2.960844e-02" type="0"/>
    <Peak1D F1="2.756710" intensity="4.569053e-02" type="0"/>
    <Peak1D F1="2.721805" intensity="1.960244e-02" type="0"/>
    <Peak1D F1="2.694084" intensity="1.689360e-02" type="0"/>
    <Peak1D F1="2.681701" intensity="1.853531e-02" type="0"/>
    <Peak1D F1="2.669985" intensity="1.444499e-02" type="0"/>
    <Peak1D F1="2.645198" intensity="1.236562e-02" type="0"/>
    <Peak1D F1="2.631535" intensity="1.742001e-02" type="0"/>
    <Peak1D F1="2.619199" intensity="2.329135e-02" type="0"/>
    <Peak1D F1="2.607294" intensity="1.803051e-02" type="0"/>
    <Peak1D F1="2.562729" intensity="9.428022e-03" type="0"/>
    <Peak1D F1="2.547695" intensity="7.504074e-03" type="0"/>
    <Peak1D F1="2.538732" intensity="8.965043e-03" type="0"/>
    <Peak1D F1="2.494733" intensity="1.082593e-02" type="0"/>
    <Peak1D F1="2.459286" intensity="4.922082e-03" type="0"/>
    <Peak1D F1="2.444987" intensity="4.936115e-03" type="0"/>
    <Peak1D F1="2.432754" intensity="6.628507e-03" type="0"/>
    <Peak1D F1="2.394829" intensity="3.448353e-03" type="0"/>
    <Peak1D F1="2.361361" intensity="2.204551e-03" type="0"/>
    <Peak1D F1="2.345679" intensity="2.073406e-03" type="0"/>
    <Peak1D F1="2.330730" intensity="2.444460e-03" type="0"/>
    <Peak1D F1="2.295906" intensity="1.387552e-03" type="0"/>
    <Peak1D F1="2.285420" intensity="6.201373e-03" type="0"/>
    <Peak1D F1="2.275549" intensity="3.085178e-03" type="0"/>
    <Peak1D F1="2.264959" intensity="4.398909e-03" type="0"/>
    <Peak1D F1="2.252676" intensity="1.111150e-02" type="0"/>
    <Peak1D F1="2.240737" intensity="1.604076e-02" type="0"/>
    <Peak1D F1="2.228217" intensity="9.756545e-03" type="0"/>
    <Peak1D F1="2.217595" intensity="5.333518e-03" type="0"/>
    <Peak1D F1="2.200925" intensity="4.186541e-02" type="0"/>
    <Peak1D F1="2.194162" intensity="2.649447e-02" type="0"/>
    <Peak1D F1="2.175792" intensity="1.427451e-01" type="0"/>
    <Peak1D F1="2.164633" intensity="4.030423e-01" type="0"/>
    <Peak1D F1="2.154973" intensity="5.903053e-01" type="0"/>
    <Peak1D F1="2.142306" intensity="5.198834e-01" type="0"/>
    <Peak1D F1="2.138468" intensity="5.031887e-01" type="0"/>
    <Peak1D F1="2.128181" intensity="3.406073e-01" type="0"/>
    <Peak1D F1="2.119434" intensity="4.088588e-01" type="0"/>
    <Peak1D F1="2.108752" intensity="7.571036e-01" type="0"/>
    <Peak1D F1="2.096767" intensity="9.559691e+00" type="0"/>
    <Peak1D F1="2.083992" intensity="1.232093e+00" type="0"/>
    <Peak1D F1="2.072925" intensity="1.041893e+00" type="0"/>
    <Peak1D F1="2.059122" intensity="8.269576e-01" type="0"/>
    <Peak1D F1="2.042587" intensity="6.533939e-01" type="0"/>
    <Peak1D F1="2.032818" intensity="4.867894e-01" type="0"/>
    <Peak1D F1="2.021306" intensity="1.967838e-01" type="0"/>
    <Peak1D F1="1.989260" intensity="9.178742e-02" type="0"/>
    <Peak1D F1="1.973421" intensity="7.271718e-02" type="0"/>
    <Peak1D F1="1.961975" intensity="8.215509e-02" type="0"/>
    <Peak1D F1="1.950625" intensity="1.077013e-01" type="0"/>
    <Peak1D F1="1.939390" intensity="1.201783e-01" type="0"/>
    <Peak1D F1="1.927819" intensity="1.006397e-01" type="0"/>
    <Peak1D F1="1.917914" intensity="7.662570e-02" type="0"/>
    <Peak1D F1="1.894851" intensity="7.592442e-02" type="0"/>
    <Peak1D F1="1.884150" intensity="9.895303e-02" type="0"/>
    <Peak1D F1="1.873070" intensity="1.324594e-01" type="0"/>
    <Peak1D F1="1.864325" intensity="1.474785e-01" type="0"/>
    <Peak1D F1="1.860367" intensity="1.625473e-01" type="0"/>
    <Peak1D F1="1.855378" intensity="1.477404e-01" type="0"/>
    <Peak1D F1="1.847317" intensity="1.413324e-01" type="0"/>
    <Peak1D F1="1.835939" intensity="1.176058e-01" type="0"/>
    <Peak1D F1="1.831780" intensity="1.015130e-01" type="0"/>
    <Peak1D F1="1.816520" intensity="7.828571e-02" type="0"/>
    <Peak1D F1="1.802813" intensity="8.676309e-02" type="0"/>
    <Peak1D F1="1.791465" intensity="8.758436e-02" type="0"/>
    <Peak1D F1="1.780725" intensity="9.010614e-02" type="0"/>
    <Peak1D F1="1.767830" intensity="9.653220e-02" type="0"/>
    <Peak1D F1="1.756243" intensity="1.142821e-01" type="0"/>
    <Peak1D F1="1.750546" intensity="1.276995e-01" type="0"/>
    <Peak1D F1="1.745031" intensity="1.291435e-01" type="0"/>
    <Peak1D F1="1.737572" intensity="1.403515e-01" type="0"/>
    <Peak1D F1="1.720336" intensity="1.726385e-01" type="0"/>
    <Peak1D F1="1.714625" intensity="1.777432e-01" type="0"/>
    <Peak1D F1="1.709318" intensity="2.108412e-01" type="0"/>
    <Peak1D F1="1.698430" intensity="1.567987e-01" type="0"/>
    <Peak1D F1="1.625647" intensity="5.377977e-02" type="0"/>
    <Peak1D F1="1.614204" intensity="4.860372e-02" type="0"/>
    <Peak1D F1="1.580136" intensity="3.973145e-02" type="0"/>
    <Peak1D F1="1.557152" intensity="6.226716e-02" type="0"/>
    <Peak1D F1="1.526799" intensity="4.009633e-02" type="0"/>
    <Peak1D F1="1.515277" intensity="3.476961e-02" type="0"/>
    <Peak1D F1="1.493079" intensity="4.698125e-02" type="0"/>
    <Peak1D F1="1.422595" intensity="1.717647e-02" type="0"/>
    <Peak1D F1="1.410788" intensity="1.759138e-02" type="0"/>
    <Peak1D F1="1.389625" intensity="1.720380e-02" type="0"/>
    <Peak1D F1="1.375767" intensity="1.625596e-02" type="0"/>
    <Peak1D F1="1.355031" intensity="2.713026e-02" type="0"/>
    <Peak1D F1="1.342859" intensity="4.941559e-02" type="0"/>
    <Peak1D F1="1.330585" intensity="8.630370e-02" type="0"/>
    <Peak1D F1="1.323158" intensity="3.104102e-02" type="0"/>
    <Peak1D F1="1.318387" intensity="5.117415e-02" type="0"/>
    <Peak1D F1="1.299795" intensity="2.230302e-02" type="0"/>
    <Peak1D F1="1.290221" intensity="2.609137e-02" type="0"/>
    <Peak1D F1="1.277988" intensity="2.427187e-02" type="0"/>
    <Peak1D F1="1.261858" intensity="3.243279e-02" type="0"/>
    <Peak1D F1="1.223690" intensity="5.518890e-02" type="0"/>
    <Peak1D F1="1.212344" intensity="8.045463e-02" type="0"/>
    <Peak1D F1="1.182717" intensity="4.115213e-01" type="0"/>
    <Peak1D F1="1.135113" intensity="2.835342e-02" type="0"/>
    <Peak1D F1="1.084493" intensity="1.471592e-02" type="0"/>
    <Peak1D F1="1.057783" intensity="1.390808e-02" type="0"/>
    <Peak1D F1="1.045545" intensity="1.404427e-02" type="0"/>
    <Peak1D F1="1.037461" intensity="1.386851e-02" type="0"/>
    <Peak1D F1="1.011153" intensity="1.064946e-02" type="0"/>
    <Peak1D F1="0.949388" intensity="8.586584e-03" type="0"/>
    <Peak1D F1="0.938310" intensity="7.859414e-03" type="0"/>
    <Peak1D F1="0.920586" intensity="8.234399e-03" type="0"/>
    <Peak1D F1="0.910141" intensity="8.261981e-03" type="0"/>
    <Peak1D F1="0.901560" intensity="8.631047e-03" type="0"/>
    <Peak1D F1="0.889444" intensity="1.028102e-02" type="0"/>
    <Peak1D F1="0.882194" intensity="8.712027e-03" type="0"/>
    <Peak1D F1="0.869074" intensity="7.980992e-03" type="0"/>
    <Peak1D F1="0.861691" intensity="7.627382e-03" type="0"/>
    <Peak1D F1="0.844443" intensity="8.731093e-03" type="0"/>
    <Peak1D F1="0.818253" intensity="4.657293e-02" type="0"/>
    <Peak1D F1="0.807040" intensity="8.373670e-02" type="0"/>
    <Peak1D F1="0.795041" intensity="5.395740e-02" type="0"/>
    <Peak1D F1="0.786355" intensity="2.816545e-02" type="0"/>
    <Peak1D F1="0.775914" intensity="3.323063e-02" type="0"/>
    <Peak1D F1="0.769634" intensity="3.190021e-02" type="0"/>
    <Peak1D F1="0.703974" intensity="6.216675e-03" type="0"/>
    <Peak1D F1="0.685784" intensity="6.398607e-03" type="0"/>
    <Peak1D F1="0.675247" intensity="8.054645e-03" type="0"/>
    <Peak1D F1="0.662749" intensity="5.655642e-03" type="0"/>
    <Peak1D F1="0.641709" intensity="4.831811e-03" type="0"/>
    <Peak1D F1="0.584927" intensity="3.226923e-03" type="0"/>
    <Peak1D F1="0.561397" intensity="2.764577e-03" type="0"/>
    <Peak1D F1="0.542703" intensity="2.505236e-03" type="0"/>
    <Peak1D F1="0.536670" intensity="2.603905e-03" type="0"/>
    <Peak1D F1="0.515402" intensity="2.312726e-03" type="0"/>
    <Peak1D F1="0.470280" intensity="2.111332e-03" type="0"/>
    <Peak1D F1="0.456808" intensity="2.291359e-03" type="0"/>
    <Peak1D F1="0.446320" intensity="2.217069e-03" type="0"/>
    <Peak1D F1="0.415141" intensity="2.339872e-03" type="0"/>
    <Peak1D F1="0.369794" intensity="1.798137e-03" type="0"/>
    <Peak1D F1="0.357934" intensity="1.898317e-03" type="0"/>
    <Peak1D F1="0.319206" intensity="1.939839e-03" type="0"/>
    <Peak1D F1="0.293445" intensity="1.923091e-03" type="0"/>
    <Peak1D F1="0.251846" intensity="1.439923e-03" type="0"/>
    <Peak1D F1="0.213566" intensity="1.652077e-03" type="0"/>
    <Peak1D F1="0.170440" intensity="1.340063e-03" type="0"/>
    <Peak1D F1="0.166524" intensity="1.519641e-03" type="0"/>
    <Peak1D F1="0.100825" intensity="1.734234e-03" type="0"/>
    <Peak1D F1="0.096987" intensity="1.743861e-03" type="0"/>
    <Peak1D F1="0.064085" intensity="1.888171e-03" type="0"/>
    <Peak1D F1="0.017307" intensity="2.629466e-03" type="0"/>
    <Peak1D F1="-0.000158" intensity="1.734930e-01" type="0"/>
    <Peak1D F1="-0.062683" intensity="1.569419e-03" type="0"/>
    <Peak1D F1="-0.070715" intensity="1.430544e-03" type="0"/>
    <Peak1D F1="-0.080967" intensity="1.592511e-03" type="0"/>
    <Peak1D F1="-0.100316" intensity="1.582542e-03" type="0"/>
    <Peak1D F1="-0.142820" intensity="1.500719e-03" type="0"/>
    <Peak1D F1="-0.159985" intensity="1.375142e-03" type="0"/>
    <Peak1D F1="-0.198533" intensity="1.427007e-03" type="0"/>
    <Peak1D F1="-0.351514" intensity="1.349019e-03" type="0"/>
    <Peak1D F1="-0.359353" intensity="1.315914e-03" type="0"/>
    <Peak1D F1="-0.406331" intensity="1.546584e-03" type="0"/>
    <Peak1D F1="-0.510738" intensity="1.408533e-03" type="0"/>
    <Peak1D F1="-3.815138" intensity="1.365663e-03" type="0"/>
    <Peak1D F1="-3.844178" intensity="1.342556e-03" type="0"/>
    <Peak1D F1="-3.862711" intensity="1.527088e-03" type="0"/>
    <Peak1D F1="-3.953461" intensity="2.545500e-03" type="0"/>
    <Peak1D F1="-3.964216" intensity="3.342383e-03" type="0"/>
    <Peak1D F1="-4.025205" intensity="4.611564e-03" type="0"/>
  </PeakList1D>
</PeakList>
