<?xml version="1.0" encoding="UTF-8"?>
<PeakList modified="2020-01-31T09:32:16">
  <PeakList1D>
    <PeakList1DHeader creator="Dell" date="2020-01-31T09:29:01" expNo="1" name="SDT468" owner="" procNo="1" source="C:/Users/Dell/Desktop/NMR/Chlorochromanyl">
      <PeakPickDetails>F1=7.438210ppm, F2=7.067259ppm, MI=2.45cm, MAXI=16.34cm, PC=1.000
      </PeakPickDetails>
    </PeakList1DHeader>
    <Peak1D F1="7.30535" intensity="7.923322" type="0"/>
    <Peak1D F1="7.294119" intensity="8.274682" type="0"/>
    <Peak1D F1="7.266277" intensity="8.639934" type="0"/>
    <Peak1D F1="7.259859" intensity="8.212609" type="0"/>
    <Peak1D F1="7.25525" intensity="9.219796" type="0"/>
  </PeakList1D>
  <PeakList1D>
    <PeakList1DHeader creator="Dell" date="2020-01-31T09:29:01" expNo="1" name="SDT468" owner="" procNo="1" source="C:/Users/Dell/Desktop/NMR/Chlorochromanyl">
      <PeakPickDetails>F1=7.067259ppm, F2=3.514446ppm, MI=0.75cm, MAXI=11.93cm, PC=1.000
      </PeakPickDetails>
    </PeakList1DHeader>
    <Peak1D F1="6.849635" intensity="5.227415" type="0"/>
    <Peak1D F1="6.838525" intensity="9.872657" type="0"/>
    <Peak1D F1="6.827456" intensity="4.716106" type="0"/>
    <Peak1D F1="5.900756" intensity="4.776803" type="0"/>
    <Peak1D F1="5.895726" intensity="9.618879" type="0"/>
    <Peak1D F1="5.890743" intensity="5.082259" type="0"/>
    <Peak1D F1="4.489841" intensity="2.162535" type="0"/>
    <Peak1D F1="4.484464" intensity="4.488281" type="0"/>
    <Peak1D F1="4.474445" intensity="2.907093" type="0"/>
    <Peak1D F1="4.468711" intensity="5.382252" type="0"/>
    <Peak1D F1="4.463291" intensity="2.768067" type="0"/>
    <Peak1D F1="4.325782" intensity="2.695543" type="0"/>
    <Peak1D F1="4.32117" intensity="2.994962" type="0"/>
    <Peak1D F1="4.310327" intensity="5.020483" type="0"/>
    <Peak1D F1="4.305609" intensity="5.321115" type="0"/>
    <Peak1D F1="4.294839" intensity="2.361018" type="0"/>
    <Peak1D F1="4.290149" intensity="2.422296" type="0"/>
    <Peak1D F1="4.137397" intensity="0.9906588" type="0"/>
    <Peak1D F1="3.676012" intensity="1.032007" type="0"/>
  </PeakList1D>
  <PeakList1D>
    <PeakList1DHeader creator="Dell" date="2020-01-31T09:29:01" expNo="1" name="SDT468" owner="" procNo="1" source="C:/Users/Dell/Desktop/NMR/Chlorochromanyl">
      <PeakPickDetails>F1=2.519316ppm, F2=1.990260ppm, MI=0.84cm, MAXI=14.94cm, PC=1.000
      </PeakPickDetails>
    </PeakList1DHeader>
    <Peak1D F1="2.257673" intensity="1.123042" type="0"/>
    <Peak1D F1="2.242189" intensity="2.589602" type="0"/>
    <Peak1D F1="2.236831" intensity="4.244635" type="0"/>
    <Peak1D F1="2.226069" intensity="4.389105" type="0"/>
    <Peak1D F1="2.220608" intensity="10.35769" type="0"/>
    <Peak1D F1="2.215221" intensity="8.93667" type="0"/>
    <Peak1D F1="2.210106" intensity="2.870878" type="0"/>
    <Peak1D F1="2.199271" intensity="1.526478" type="0"/>
    <Peak1D F1="2.194099" intensity="1.270149" type="0"/>
  </PeakList1D>
  <PeakList1D>
    <PeakList1DHeader creator="Dell" date="2020-01-31T09:29:01" expNo="1" name="SDT468" owner="" procNo="1" source="C:/Users/Dell/Desktop/NMR/Chlorochromanyl">
      <PeakPickDetails>F1=1.310044ppm, F2=0.919550ppm, MI=2.32cm, MAXI=19.99cm, PC=1.000
      </PeakPickDetails>
    </PeakList1DHeader>
    <Peak1D F1="1.195889" intensity="15.0" type="0"/>
    <Peak1D F1="1.108154" intensity="4.929508" type="0"/>
  </PeakList1D>
  <PeakList1D>
    <PeakList1DHeader creator="Dell@Dell-PC" date="2020-01-31T09:32:17" expNo="1" name="SDT468" owner="Dell" procNo="1" source="C:/Users/Dell/Desktop/NMR/Chlorochromanyl">
      <PeakPickDetails>Manually picked peaks
</PeakPickDetails>
    </PeakList1DHeader>
    <Peak1D F1="4.478306408830841" intensity="2.5544438494410935" type="1"/>
  </PeakList1D>
</PeakList>
