<?xml version="1.0" encoding="UTF-8"?>
<PeakList>
  <PeakList1D>
    <PeakList1DHeader creator="nmr600" date="2019-09-07T10:57:07.062+02:00" expNo="100" name="6Sep0619" owner="" procNo="1" source="/opt/topspin3.0/data/nmr600/nmr">
      <PeakPickDetails>F1=16.350531ppm, F2=-4.200115ppm, MI=0.00cm, MAXI=10000.00cm, PC=1.000
      </PeakPickDetails>
    </PeakList1DHeader>
    <Peak1D F1="16.348509" intensity="3.261509e-02" type="0"/>
    <Peak1D F1="8.023552" intensity="2.235111e-02" type="0"/>
    <Peak1D F1="7.873635" intensity="5.846207e-02" type="0"/>
    <Peak1D F1="7.860960" intensity="6.636191e-02" type="0"/>
    <Peak1D F1="7.857915" intensity="6.181116e-02" type="0"/>
    <Peak1D F1="7.492313" intensity="7.353519e-02" type="0"/>
    <Peak1D F1="7.478930" intensity="9.818894e-02" type="0"/>
    <Peak1D F1="7.354885" intensity="1.097455e-01" type="0"/>
    <Peak1D F1="7.339729" intensity="1.340982e-01" type="0"/>
    <Peak1D F1="7.321517" intensity="1.745294e-01" type="0"/>
    <Peak1D F1="7.312685" intensity="2.068968e-01" type="0"/>
    <Peak1D F1="7.308630" intensity="2.630384e-01" type="0"/>
    <Peak1D F1="7.301955" intensity="4.177860e-01" type="0"/>
    <Peak1D F1="7.298585" intensity="3.082957e-01" type="0"/>
    <Peak1D F1="7.262251" intensity="2.916638e-01" type="0"/>
    <Peak1D F1="7.245379" intensity="4.334229e-01" type="0"/>
    <Peak1D F1="7.232315" intensity="1.035795e+00" type="0"/>
    <Peak1D F1="7.222473" intensity="7.920821e+00" type="0"/>
    <Peak1D F1="7.221418" intensity="8.087632e+00" type="0"/>
    <Peak1D F1="7.218741" intensity="3.947601e+00" type="0"/>
    <Peak1D F1="7.212871" intensity="1.174212e+01" type="0"/>
    <Peak1D F1="7.209758" intensity="2.078946e+01" type="0"/>
    <Peak1D F1="7.200673" intensity="9.156824e+00" type="0"/>
    <Peak1D F1="7.197877" intensity="1.295700e+01" type="0"/>
    <Peak1D F1="7.196544" intensity="1.378395e+01" type="0"/>
    <Peak1D F1="7.187975" intensity="4.447606e+00" type="0"/>
    <Peak1D F1="7.185158" intensity="5.664755e+00" type="0"/>
    <Peak1D F1="7.183273" intensity="8.938763e+00" type="0"/>
    <Peak1D F1="7.175565" intensity="6.783835e+00" type="0"/>
    <Peak1D F1="7.173179" intensity="7.146648e+00" type="0"/>
    <Peak1D F1="7.161314" intensity="8.248393e+00" type="0"/>
    <Peak1D F1="7.148726" intensity="7.695748e+00" type="0"/>
    <Peak1D F1="7.132147" intensity="7.823567e+00" type="0"/>
    <Peak1D F1="7.119371" intensity="5.719653e+00" type="0"/>
    <Peak1D F1="7.100951" intensity="8.265460e+00" type="0"/>
    <Peak1D F1="7.088542" intensity="6.328707e+00" type="0"/>
    <Peak1D F1="7.075206" intensity="2.472869e-01" type="0"/>
    <Peak1D F1="7.063068" intensity="1.778445e-01" type="0"/>
    <Peak1D F1="7.030702" intensity="1.500000e+01" type="0"/>
    <Peak1D F1="7.018540" intensity="1.136322e+01" type="0"/>
    <Peak1D F1="7.016990" intensity="1.273044e+01" type="0"/>
    <Peak1D F1="6.988174" intensity="3.292639e-01" type="0"/>
    <Peak1D F1="6.968215" intensity="7.591084e-02" type="0"/>
    <Peak1D F1="6.956017" intensity="6.280771e-02" type="0"/>
    <Peak1D F1="6.897253" intensity="7.577630e-02" type="0"/>
    <Peak1D F1="6.884724" intensity="6.947353e-02" type="0"/>
    <Peak1D F1="6.637669" intensity="2.808627e+00" type="0"/>
    <Peak1D F1="5.213959" intensity="1.748815e+00" type="0"/>
    <Peak1D F1="5.181322" intensity="6.088879e-02" type="0"/>
    <Peak1D F1="5.073561" intensity="1.129409e+01" type="0"/>
    <Peak1D F1="4.962937" intensity="6.290211e-02" type="0"/>
    <Peak1D F1="4.231893" intensity="2.432669e-02" type="0"/>
    <Peak1D F1="3.581331" intensity="1.642559e+00" type="0"/>
    <Peak1D F1="3.426464" intensity="4.506202e-01" type="0"/>
    <Peak1D F1="3.414976" intensity="7.726056e-01" type="0"/>
    <Peak1D F1="3.403433" intensity="4.568641e-01" type="0"/>
    <Peak1D F1="3.354734" intensity="4.844474e-01" type="0"/>
    <Peak1D F1="3.343452" intensity="9.565951e-01" type="0"/>
    <Peak1D F1="3.332042" intensity="5.358587e-01" type="0"/>
    <Peak1D F1="3.318619" intensity="1.314735e+00" type="0"/>
    <Peak1D F1="3.311417" intensity="1.957516e+00" type="0"/>
    <Peak1D F1="3.302605" intensity="2.815770e+00" type="0"/>
    <Peak1D F1="3.294523" intensity="3.358231e+00" type="0"/>
    <Peak1D F1="3.286751" intensity="3.771586e+00" type="0"/>
    <Peak1D F1="3.278441" intensity="3.228788e+00" type="0"/>
    <Peak1D F1="3.270957" intensity="2.477792e+00" type="0"/>
    <Peak1D F1="3.262606" intensity="1.676077e+00" type="0"/>
    <Peak1D F1="3.244996" intensity="7.732169e-02" type="0"/>
    <Peak1D F1="3.236247" intensity="6.365320e-02" type="0"/>
    <Peak1D F1="3.025873" intensity="1.395666e+00" type="0"/>
    <Peak1D F1="3.016468" intensity="3.472705e+00" type="0"/>
    <Peak1D F1="3.009007" intensity="3.816707e+00" type="0"/>
    <Peak1D F1="2.999634" intensity="2.406148e+00" type="0"/>
    <Peak1D F1="2.994405" intensity="2.033403e+00" type="0"/>
    <Peak1D F1="2.992098" intensity="2.823116e+00" type="0"/>
    <Peak1D F1="2.985029" intensity="3.225713e+00" type="0"/>
    <Peak1D F1="2.975487" intensity="1.780621e+00" type="0"/>
    <Peak1D F1="2.963909" intensity="1.075428e+00" type="0"/>
    <Peak1D F1="2.956985" intensity="8.409049e-01" type="0"/>
    <Peak1D F1="2.948043" intensity="5.444582e-01" type="0"/>
    <Peak1D F1="2.935778" intensity="4.257821e+00" type="0"/>
    <Peak1D F1="2.928815" intensity="3.840035e+00" type="0"/>
    <Peak1D F1="2.920806" intensity="7.742594e+00" type="0"/>
    <Peak1D F1="2.913162" intensity="9.151719e+00" type="0"/>
    <Peak1D F1="2.905140" intensity="3.906568e+00" type="0"/>
    <Peak1D F1="2.893631" intensity="1.060764e+00" type="0"/>
    <Peak1D F1="2.884361" intensity="1.053836e+00" type="0"/>
    <Peak1D F1="2.876982" intensity="5.288171e-01" type="0"/>
    <Peak1D F1="2.805693" intensity="7.277002e-02" type="0"/>
    <Peak1D F1="2.712683" intensity="9.779867e-02" type="0"/>
    <Peak1D F1="2.701894" intensity="2.249247e-01" type="0"/>
    <Peak1D F1="2.131166" intensity="2.864760e-02" type="0"/>
    <Peak1D F1="2.091605" intensity="1.201248e+00" type="0"/>
    <Peak1D F1="1.857293" intensity="1.032406e-01" type="0"/>
    <Peak1D F1="1.844953" intensity="3.391597e-01" type="0"/>
    <Peak1D F1="1.833713" intensity="5.836414e-01" type="0"/>
    <Peak1D F1="1.822724" intensity="5.044862e-01" type="0"/>
    <Peak1D F1="1.811971" intensity="1.942166e-01" type="0"/>
    <Peak1D F1="1.767291" intensity="1.412647e+00" type="0"/>
    <Peak1D F1="1.755561" intensity="9.765195e-01" type="0"/>
    <Peak1D F1="1.744419" intensity="4.811210e-01" type="0"/>
    <Peak1D F1="1.733046" intensity="1.750104e-01" type="0"/>
    <Peak1D F1="1.557648" intensity="1.195922e-01" type="0"/>
    <Peak1D F1="1.546774" intensity="2.815797e-01" type="0"/>
    <Peak1D F1="1.535873" intensity="1.177356e-01" type="0"/>
    <Peak1D F1="1.181345" intensity="5.864014e-01" type="0"/>
    <Peak1D F1="0.886264" intensity="4.515743e-02" type="0"/>
    <Peak1D F1="0.816769" intensity="7.289694e-02" type="0"/>
    <Peak1D F1="0.805528" intensity="1.399931e-01" type="0"/>
    <Peak1D F1="0.793525" intensity="8.833286e-02" type="0"/>
    <Peak1D F1="0.774950" intensity="7.195003e-02" type="0"/>
    <Peak1D F1="-0.000160" intensity="3.239213e-01" type="0"/>
  </PeakList1D>
</PeakList>
