<?xml version="1.0" encoding="UTF-8"?>
<PeakList>
  <PeakList1D>
    <PeakList1DHeader creator="chemist" date="2019-02-04T01:22:03.937+00:00" expNo="10" name="Z145173" owner="" procNo="1" source="f:\data\chemist\nmr\">
      <PeakPickDetails>F1=250.000ppm, F2=-10.000ppm, MI=1.00cm, MAXI=2000.00cm, PC=1.000
      </PeakPickDetails>
    </PeakList1DHeader>
    <Peak1D F1="158.1823" intensity="3.036191e+001" type="0"/>
    <Peak1D F1="143.4660" intensity="2.954966e+001" type="0"/>
    <Peak1D F1="130.8728" intensity="3.596255e+001" type="0"/>
    <Peak1D F1="130.2427" intensity="1.248988e+002" type="0"/>
    <Peak1D F1="128.7761" intensity="1.082072e+001" type="0"/>
    <Peak1D F1="128.3369" intensity="1.235062e+002" type="0"/>
    <Peak1D F1="127.3531" intensity="1.219498e+002" type="0"/>
    <Peak1D F1="127.2013" intensity="1.033947e+001" type="0"/>
    <Peak1D F1="127.0578" intensity="5.801155e+001" type="0"/>
    <Peak1D F1="126.3694" intensity="6.691866e+000" type="0"/>
    <Peak1D F1="113.8227" intensity="1.252489e+002" type="0"/>
    <Peak1D F1="77.3400" intensity="6.044776e+002" type="0"/>
    <Peak1D F1="77.2257" intensity="2.425590e+001" type="0"/>
    <Peak1D F1="77.0221" intensity="6.191951e+002" type="0"/>
    <Peak1D F1="76.7041" intensity="6.064666e+002" type="0"/>
    <Peak1D F1="73.6931" intensity="6.241100e+000" type="0"/>
    <Peak1D F1="71.2966" intensity="4.094959e+000" type="0"/>
    <Peak1D F1="67.0268" intensity="5.847252e+001" type="0"/>
    <Peak1D F1="55.2349" intensity="5.901355e+001" type="0"/>
    <Peak1D F1="44.2224" intensity="5.580122e+001" type="0"/>
    <Peak1D F1="38.4735" intensity="4.172376e+000" type="0"/>
    <Peak1D F1="34.6702" intensity="5.892361e+001" type="0"/>
    <Peak1D F1="29.7219" intensity="3.890108e+000" type="0"/>
  </PeakList1D>
</PeakList>
