<?xml version="1.0" encoding="UTF-8"?>
<PeakList>
  <PeakList1D>
    <PeakList1DHeader creator="nmrsu" date="2023-07-20T13:09:43.010-05:00" expNo="1257410" name="Jul20-2023" owner="" procNo="1" source="G:/data/chem-synthesis-summer-a-team1/nmr">
      <PeakPickDetails>F1=219.460297ppm, F2=-19.460289ppm, MI=0.00cm, MAXI=10000.00cm, PC=1.400
      </PeakPickDetails>
    </PeakList1DHeader>
    <Peak1D F1="159.500366" intensity="1.826662e+000" type="0"/>
    <Peak1D F1="139.519882" intensity="2.807950e-001" type="0"/>
    <Peak1D F1="138.218475" intensity="1.500000e+001" type="0"/>
    <Peak1D F1="129.548157" intensity="2.782577e-001" type="0"/>
    <Peak1D F1="122.531960" intensity="2.920604e-001" type="0"/>
    <Peak1D F1="116.667282" intensity="1.092274e-001" type="0"/>
    <Peak1D F1="116.408363" intensity="1.428850e+001" type="0"/>
    <Peak1D F1="111.063629" intensity="2.614657e-001" type="0"/>
    <Peak1D F1="82.731895" intensity="2.092879e+000" type="0"/>
    <Peak1D F1="77.414146" intensity="3.156234e+000" type="0"/>
    <Peak1D F1="77.096191" intensity="3.213418e+000" type="0"/>
    <Peak1D F1="76.778862" intensity="3.153010e+000" type="0"/>
    <Peak1D F1="56.461479" intensity="1.324062e-001" type="0"/>
    <Peak1D F1="56.305073" intensity="2.998212e-001" type="0"/>
    <Peak1D F1="55.340229" intensity="6.761745e+000" type="0"/>
    <Peak1D F1="34.721481" intensity="1.883301e-001" type="0"/>
    <Peak1D F1="34.551388" intensity="1.166265e-001" type="0"/>
    <Peak1D F1="31.625080" intensity="2.968779e-001" type="0"/>
    <Peak1D F1="25.339842" intensity="1.947158e-001" type="0"/>
    <Peak1D F1="22.696754" intensity="2.674026e-001" type="0"/>
    <Peak1D F1="14.179573" intensity="2.641684e-001" type="0"/>
  </PeakList1D>
</PeakList>
