<?xml version="1.0" encoding="UTF-8"?>
<PeakList>
  <PeakList1D>
    <PeakList1DHeader creator="JRomeo" date="2019-09-23T11:02:58" expNo="2" name="2JR69" owner="" procNo="1" source="C:\Bruker\TOPSPIN">
      <PeakPickDetails>F1=179.283ppm, F2=124.507ppm, MI=0.22cm, MAXI=6.83cm, PC=1.400
      </PeakPickDetails>
    </PeakList1DHeader>
    <Peak1D F1="170.1877" intensity="0.68" type="0"/>
    <Peak1D F1="163.8287" intensity="1.54" type="0"/>
    <Peak1D F1="137.8219" intensity="3.49" type="0"/>
    <Peak1D F1="131.5565" intensity="2.34" type="0"/>
  </PeakList1D>
  <PeakList1D>
    <PeakList1DHeader creator="JRomeo" date="2019-09-23T11:02:58" expNo="2" name="2JR69" owner="" procNo="1" source="C:\Bruker\TOPSPIN">
      <PeakPickDetails>F1=89.560ppm, F2=79.808ppm, MI=0.52cm, MAXI=2.58cm, PC=1.400
      </PeakPickDetails>
    </PeakList1DHeader>
    <Peak1D F1="82.3118" intensity="1.73" type="0"/>
  </PeakList1D>
  <PeakList1D>
    <PeakList1DHeader creator="JRomeo" date="2019-09-23T11:02:58" expNo="2" name="2JR69" owner="" procNo="1" source="C:\Bruker\TOPSPIN">
      <PeakPickDetails>F1=36.734ppm, F2=11.215ppm, MI=7.22cm, MAXI=16.54cm, PC=1.400
      </PeakPickDetails>
    </PeakList1DHeader>
    <Peak1D F1="27.9566" intensity="15.0" type="0"/>
  </PeakList1D>
</PeakList>
