<?xml version="1.0" encoding="UTF-8"?>
<PeakList>
  <PeakList1D>
    <PeakList1DHeader creator="JRomeo" date="2020-03-11T19:06:54" expNo="1" name="2JR107" owner="" procNo="1" source="C:\Bruker\TOPSPIN">
      <PeakPickDetails>F1=8.098ppm, F2=7.387ppm, MI=0.67cm, MAXI=9.07cm, PC=1.000
      </PeakPickDetails>
    </PeakList1DHeader>
    <Peak1D F1="7.8567" intensity="4.0" type="0"/>
    <Peak1D F1="7.84" intensity="7.87" type="0"/>
    <Peak1D F1="7.8325" intensity="4.4" type="0"/>
    <Peak1D F1="7.8248" intensity="5.79" type="0"/>
    <Peak1D F1="7.8188" intensity="6.29" type="0"/>
    <Peak1D F1="7.5248" intensity="3.04" type="0"/>
    <Peak1D F1="7.5222" intensity="2.94" type="0"/>
    <Peak1D F1="7.5081" intensity="3.13" type="0"/>
    <Peak1D F1="7.505" intensity="3.26" type="0"/>
    <Peak1D F1="7.4927" intensity="4.64" type="0"/>
    <Peak1D F1="7.4902" intensity="3.9" type="0"/>
    <Peak1D F1="7.4844" intensity="4.65" type="0"/>
    <Peak1D F1="7.4756" intensity="4.43" type="0"/>
    <Peak1D F1="7.4647" intensity="0.96" type="0"/>
  </PeakList1D>
  <PeakList1D>
    <PeakList1DHeader creator="JRomeo" date="2020-03-11T19:06:54" expNo="1" name="2JR107" owner="" procNo="1" source="C:\Bruker\TOPSPIN">
      <PeakPickDetails>F1=6.640ppm, F2=6.184ppm, MI=1.28cm, MAXI=4.29cm, PC=1.000
      </PeakPickDetails>
    </PeakList1DHeader>
    <Peak1D F1="6.3634" intensity="2.78" type="0"/>
    <Peak1D F1="6.361" intensity="2.77" type="0"/>
    <Peak1D F1="6.3511" intensity="2.88" type="0"/>
    <Peak1D F1="6.3488" intensity="2.76" type="0"/>
  </PeakList1D>
  <PeakList1D>
    <PeakList1DHeader creator="JRomeo" date="2020-03-11T19:06:54" expNo="1" name="2JR107" owner="" procNo="1" source="C:\Bruker\TOPSPIN">
      <PeakPickDetails>F1=5.032ppm, F2=3.552ppm, MI=0.56cm, MAXI=8.99cm, PC=1.000
      </PeakPickDetails>
    </PeakList1DHeader>
    <Peak1D F1="4.9693" intensity="0.88" type="0"/>
    <Peak1D F1="4.9457" intensity="8.35" type="0"/>
    <Peak1D F1="4.9406" intensity="8.29" type="0"/>
    <Peak1D F1="4.917" intensity="0.89" type="0"/>
    <Peak1D F1="4.7161" intensity="1.91" type="0"/>
    <Peak1D F1="4.7133" intensity="2.32" type="0"/>
    <Peak1D F1="4.7116" intensity="2.37" type="0"/>
    <Peak1D F1="4.7088" intensity="2.11" type="0"/>
    <Peak1D F1="4.7038" intensity="2.1" type="0"/>
    <Peak1D F1="4.701" intensity="2.34" type="0"/>
    <Peak1D F1="4.6993" intensity="2.3" type="0"/>
    <Peak1D F1="4.6965" intensity="1.87" type="0"/>
    <Peak1D F1="4.4143" intensity="1.2" type="0"/>
    <Peak1D F1="4.4094" intensity="1.31" type="0"/>
    <Peak1D F1="4.4044" intensity="1.37" type="0"/>
    <Peak1D F1="4.3997" intensity="1.42" type="0"/>
    <Peak1D F1="4.395" intensity="1.36" type="0"/>
    <Peak1D F1="4.39" intensity="1.33" type="0"/>
    <Peak1D F1="4.3852" intensity="1.23" type="0"/>
    <Peak1D F1="4.0981" intensity="0.76" type="0"/>
    <Peak1D F1="4.0849" intensity="2.18" type="0"/>
    <Peak1D F1="4.0716" intensity="2.2" type="0"/>
    <Peak1D F1="4.0583" intensity="0.78" type="0"/>
    <Peak1D F1="3.7024" intensity="3.14" type="0"/>
    <Peak1D F1="3.6925" intensity="3.05" type="0"/>
  </PeakList1D>
  <PeakList1D>
    <PeakList1DHeader creator="JRomeo" date="2020-03-11T19:06:54" expNo="1" name="2JR107" owner="" procNo="1" source="C:\Bruker\TOPSPIN">
      <PeakPickDetails>F1=2.572ppm, F2=2.116ppm, MI=1.00cm, MAXI=5.57cm, PC=1.000
      </PeakPickDetails>
    </PeakList1DHeader>
    <Peak1D F1="2.2245" intensity="4.12" type="0"/>
    <Peak1D F1="2.2049" intensity="4.06" type="0"/>
  </PeakList1D>
  <PeakList1D>
    <PeakList1DHeader creator="JRomeo" date="2020-03-11T19:06:54" expNo="1" name="2JR107" owner="" procNo="1" source="C:\Bruker\TOPSPIN">
      <PeakPickDetails>F1=1.421ppm, F2=1.219ppm, MI=10.58cm, MAXI=15.36cm, PC=1.000
      </PeakPickDetails>
    </PeakList1DHeader>
    <Peak1D F1="1.3419" intensity="15.0" type="0"/>
    <Peak1D F1="1.3285" intensity="14.93" type="0"/>
  </PeakList1D>
</PeakList>
