<?xml version="1.0" encoding="UTF-8"?>
<PeakList>
  <PeakList1D>
    <PeakList1DHeader creator="JRomeo" date="2020-01-06T10:56:37" expNo="1" name="1JR139" owner="" procNo="1" source="C:/Bruker/TOPSPIN">
      <PeakPickDetails>F1=8.104ppm, F2=6.640ppm, MI=1.31cm, MAXI=10.26cm, PC=1.000
      </PeakPickDetails>
    </PeakList1DHeader>
    <Peak1D F1="7.8192" intensity="7.02" type="0"/>
    <Peak1D F1="7.8112" intensity="6.51" type="0"/>
    <Peak1D F1="7.797" intensity="4.25" type="0"/>
    <Peak1D F1="7.5583" intensity="2.17" type="0"/>
    <Peak1D F1="7.542" intensity="1.98" type="0"/>
    <Peak1D F1="7.4514" intensity="3.53" type="0"/>
    <Peak1D F1="7.4442" intensity="3.63" type="0"/>
    <Peak1D F1="7.437" intensity="3.26" type="0"/>
    <Peak1D F1="6.9961" intensity="3.75" type="0"/>
    <Peak1D F1="6.9785" intensity="4.32" type="0"/>
    <Peak1D F1="6.8178" intensity="4.44" type="0"/>
    <Peak1D F1="6.8002" intensity="3.62" type="0"/>
  </PeakList1D>
  <PeakList1D>
    <PeakList1DHeader creator="JRomeo" date="2020-01-06T10:56:37" expNo="1" name="1JR139" owner="" procNo="1" source="C:/Bruker/TOPSPIN">
      <PeakPickDetails>F1=5.669ppm, F2=5.469ppm, MI=1.62cm, MAXI=3.55cm, PC=1.000
      </PeakPickDetails>
    </PeakList1DHeader>
    <Peak1D F1="5.5631" intensity="2.7" type="0"/>
  </PeakList1D>
  <PeakList1D>
    <PeakList1DHeader creator="JRomeo" date="2020-01-06T10:56:37" expNo="1" name="1JR139" owner="" procNo="1" source="C:/Bruker/TOPSPIN">
      <PeakPickDetails>F1=5.162ppm, F2=4.698ppm, MI=0.83cm, MAXI=3.47cm, PC=1.000
      </PeakPickDetails>
    </PeakList1DHeader>
    <Peak1D F1="5.0886" intensity="2.02" type="0"/>
    <Peak1D F1="5.0647" intensity="2.5" type="0"/>
    <Peak1D F1="5.0449" intensity="2.84" type="0"/>
    <Peak1D F1="4.8051" intensity="2.28" type="0"/>
    <Peak1D F1="4.7813" intensity="1.96" type="0"/>
  </PeakList1D>
  <PeakList1D>
    <PeakList1DHeader creator="JRomeo" date="2020-01-06T10:56:37" expNo="1" name="1JR139" owner="" procNo="1" source="C:/Bruker/TOPSPIN">
      <PeakPickDetails>F1=4.470ppm, F2=3.848ppm, MI=1.03cm, MAXI=5.08cm, PC=1.000
      </PeakPickDetails>
    </PeakList1DHeader>
    <Peak1D F1="4.2944" intensity="1.68" type="0"/>
    <Peak1D F1="4.282" intensity="1.66" type="0"/>
    <Peak1D F1="3.942" intensity="1.77" type="0"/>
    <Peak1D F1="3.9293" intensity="1.84" type="0"/>
    <Peak1D F1="3.8769" intensity="3.14" type="0"/>
  </PeakList1D>
  <PeakList1D>
    <PeakList1DHeader creator="JRomeo" date="2020-01-06T10:56:37" expNo="1" name="1JR139" owner="" procNo="1" source="C:/Bruker/TOPSPIN">
      <PeakPickDetails>F1=3.827ppm, F2=3.370ppm, MI=1.67cm, MAXI=16.19cm, PC=1.000
      </PeakPickDetails>
    </PeakList1DHeader>
    <Peak1D F1="3.7783" intensity="2.86" type="0"/>
    <Peak1D F1="3.75" intensity="15.0" type="0"/>
    <Peak1D F1="3.6627" intensity="3.27" type="0"/>
    <Peak1D F1="3.4343" intensity="13.77" type="0"/>
    <Peak1D F1="3.415" intensity="14.66" type="0"/>
  </PeakList1D>
  <PeakList1D>
    <PeakList1DHeader creator="JRomeo" date="2020-01-06T10:56:37" expNo="1" name="1JR139" owner="" procNo="1" source="C:/Bruker/TOPSPIN">
      <PeakPickDetails>F1=2.299ppm, F2=1.913ppm, MI=0.77cm, MAXI=3.73cm, PC=1.000
      </PeakPickDetails>
    </PeakList1DHeader>
    <Peak1D F1="2.1802" intensity="1.47" type="0"/>
    <Peak1D F1="2.1747" intensity="1.4" type="0"/>
    <Peak1D F1="2.156" intensity="1.4" type="0"/>
    <Peak1D F1="2.1497" intensity="1.5" type="0"/>
    <Peak1D F1="2.1356" intensity="2.29" type="0"/>
    <Peak1D F1="2.1299" intensity="2.35" type="0"/>
    <Peak1D F1="2.1102" intensity="2.15" type="0"/>
    <Peak1D F1="2.0854" intensity="1.08" type="0"/>
    <Peak1D F1="2.0302" intensity="0.97" type="0"/>
    <Peak1D F1="2.0201" intensity="1.55" type="0"/>
    <Peak1D F1="2.0132" intensity="1.55" type="0"/>
    <Peak1D F1="1.9959" intensity="1.07" type="0"/>
  </PeakList1D>
  <PeakList1D>
    <PeakList1DHeader creator="JRomeo" date="2020-01-06T10:56:37" expNo="1" name="1JR139" owner="" procNo="1" source="C:/Bruker/TOPSPIN">
      <PeakPickDetails>F1=1.328ppm, F2=1.028ppm, MI=4.69cm, MAXI=13.11cm, PC=1.000
      </PeakPickDetails>
    </PeakList1DHeader>
    <Peak1D F1="1.2081" intensity="8.54" type="0"/>
    <Peak1D F1="1.197" intensity="12.73" type="0"/>
    <Peak1D F1="1.186" intensity="7.98" type="0"/>
  </PeakList1D>
</PeakList>
