<?xml version="1.0" encoding="UTF-8"?>
<PeakList>
  <PeakList1D>
    <PeakList1DHeader creator="nmrsu" date="2023-07-27T10:52:30.006-05:00" expNo="1273510" name="Jul27-2023" owner="" procNo="1" source="G:/data/chem-synthesis-summer-a-team1/nmr">
      <PeakPickDetails>F1=16.187771ppm, F2=-3.837772ppm, MI=0.00cm, MAXI=10000.00cm, PC=1.000
      </PeakPickDetails>
    </PeakList1DHeader>
    <Peak1D F1="10.906443" intensity="2.545908e-003" type="0"/>
    <Peak1D F1="10.428302" intensity="2.226209e-003" type="0"/>
    <Peak1D F1="9.911538" intensity="4.142556e-003" type="0"/>
    <Peak1D F1="9.702977" intensity="2.345050e-003" type="0"/>
    <Peak1D F1="8.384556" intensity="2.581404e-003" type="0"/>
    <Peak1D F1="8.357404" intensity="2.854848e-003" type="0"/>
    <Peak1D F1="8.308642" intensity="3.243912e-003" type="0"/>
    <Peak1D F1="8.252689" intensity="4.578822e-003" type="0"/>
    <Peak1D F1="8.210923" intensity="5.349382e-003" type="0"/>
    <Peak1D F1="8.205669" intensity="5.831090e-003" type="0"/>
    <Peak1D F1="8.153072" intensity="7.960146e-003" type="0"/>
    <Peak1D F1="8.106967" intensity="2.307332e-002" type="0"/>
    <Peak1D F1="8.089373" intensity="2.527774e-002" type="0"/>
    <Peak1D F1="8.022301" intensity="2.784810e-002" type="0"/>
    <Peak1D F1="8.008944" intensity="2.111829e-002" type="0"/>
    <Peak1D F1="7.982133" intensity="3.948717e-002" type="0"/>
    <Peak1D F1="7.908281" intensity="3.723115e+000" type="0"/>
    <Peak1D F1="7.887280" intensity="4.369242e+000" type="0"/>
    <Peak1D F1="7.830508" intensity="2.125315e+000" type="0"/>
    <Peak1D F1="7.808300" intensity="2.046208e-001" type="0"/>
    <Peak1D F1="7.791557" intensity="2.404874e+000" type="0"/>
    <Peak1D F1="7.666171" intensity="4.395955e+000" type="0"/>
    <Peak1D F1="7.645088" intensity="3.955336e+000" type="0"/>
    <Peak1D F1="7.632672" intensity="3.937704e+000" type="0"/>
    <Peak1D F1="7.611051" intensity="4.023468e+000" type="0"/>
    <Peak1D F1="7.558794" intensity="3.312720e-002" type="0"/>
    <Peak1D F1="7.545991" intensity="3.425602e-002" type="0"/>
    <Peak1D F1="7.518302" intensity="2.022112e-002" type="0"/>
    <Peak1D F1="7.495436" intensity="1.991475e-002" type="0"/>
    <Peak1D F1="7.454041" intensity="3.789761e-002" type="0"/>
    <Peak1D F1="7.431438" intensity="5.632366e-002" type="0"/>
    <Peak1D F1="7.392811" intensity="2.737066e+000" type="0"/>
    <Peak1D F1="7.353829" intensity="2.292818e+000" type="0"/>
    <Peak1D F1="7.283962" intensity="1.023241e+000" type="0"/>
    <Peak1D F1="7.254131" intensity="1.191595e-002" type="0"/>
    <Peak1D F1="7.189610" intensity="3.872499e-002" type="0"/>
    <Peak1D F1="7.168349" intensity="5.356219e-002" type="0"/>
    <Peak1D F1="7.157356" intensity="2.959258e-002" type="0"/>
    <Peak1D F1="6.973055" intensity="3.963447e+000" type="0"/>
    <Peak1D F1="6.951486" intensity="3.700492e+000" type="0"/>
    <Peak1D F1="6.837240" intensity="3.812028e-002" type="0"/>
    <Peak1D F1="6.816355" intensity="3.538907e-002" type="0"/>
    <Peak1D F1="6.797809" intensity="9.840670e-003" type="0"/>
    <Peak1D F1="6.771832" intensity="1.762452e-002" type="0"/>
    <Peak1D F1="6.752698" intensity="1.684762e-002" type="0"/>
    <Peak1D F1="6.704989" intensity="2.885101e-003" type="0"/>
    <Peak1D F1="6.656940" intensity="2.401892e-003" type="0"/>
    <Peak1D F1="6.628241" intensity="2.334941e-003" type="0"/>
    <Peak1D F1="6.541227" intensity="4.306535e-003" type="0"/>
    <Peak1D F1="6.511258" intensity="3.317011e-003" type="0"/>
    <Peak1D F1="4.923198" intensity="2.303251e-003" type="0"/>
    <Peak1D F1="4.477218" intensity="2.779660e-003" type="0"/>
    <Peak1D F1="4.304846" intensity="2.438986e-003" type="0"/>
    <Peak1D F1="4.272030" intensity="2.682279e-003" type="0"/>
    <Peak1D F1="4.234670" intensity="2.448039e-003" type="0"/>
    <Peak1D F1="4.224000" intensity="2.662092e-003" type="0"/>
    <Peak1D F1="4.186320" intensity="2.627297e-003" type="0"/>
    <Peak1D F1="4.153206" intensity="3.155902e-003" type="0"/>
    <Peak1D F1="4.132466" intensity="3.592891e-003" type="0"/>
    <Peak1D F1="4.124989" intensity="4.137615e-003" type="0"/>
    <Peak1D F1="4.112166" intensity="4.995603e-003" type="0"/>
    <Peak1D F1="4.059538" intensity="8.162635e-002" type="0"/>
    <Peak1D F1="4.038603" intensity="1.075536e-002" type="0"/>
    <Peak1D F1="4.020989" intensity="1.142048e-002" type="0"/>
    <Peak1D F1="3.995672" intensity="2.208836e-002" type="0"/>
    <Peak1D F1="3.978230" intensity="3.027470e-002" type="0"/>
    <Peak1D F1="3.959508" intensity="3.528738e-002" type="0"/>
    <Peak1D F1="3.881627" intensity="1.500000e+001" type="0"/>
    <Peak1D F1="3.829632" intensity="4.929925e-002" type="0"/>
    <Peak1D F1="3.807233" intensity="4.905057e-002" type="0"/>
    <Peak1D F1="3.776362" intensity="1.435153e-001" type="0"/>
    <Peak1D F1="3.758711" intensity="3.623100e-002" type="0"/>
    <Peak1D F1="3.745500" intensity="3.771099e-002" type="0"/>
    <Peak1D F1="3.728389" intensity="3.281162e-002" type="0"/>
    <Peak1D F1="3.698658" intensity="8.780552e-002" type="0"/>
    <Peak1D F1="3.626563" intensity="7.978808e-003" type="0"/>
    <Peak1D F1="3.610938" intensity="7.117560e-003" type="0"/>
    <Peak1D F1="3.600033" intensity="7.884669e-003" type="0"/>
    <Peak1D F1="3.578515" intensity="8.299761e-003" type="0"/>
    <Peak1D F1="3.557680" intensity="8.146596e-003" type="0"/>
    <Peak1D F1="3.545759" intensity="8.688034e-003" type="0"/>
    <Peak1D F1="3.519827" intensity="7.884100e-003" type="0"/>
    <Peak1D F1="3.489233" intensity="6.765539e-003" type="0"/>
    <Peak1D F1="3.470317" intensity="1.848700e-002" type="0"/>
    <Peak1D F1="3.453697" intensity="1.780041e-002" type="0"/>
    <Peak1D F1="3.429399" intensity="2.600532e-002" type="0"/>
    <Peak1D F1="3.412020" intensity="2.417387e-002" type="0"/>
    <Peak1D F1="3.385006" intensity="5.426105e-003" type="0"/>
    <Peak1D F1="3.374040" intensity="5.365169e-003" type="0"/>
    <Peak1D F1="3.356949" intensity="5.175608e-003" type="0"/>
    <Peak1D F1="3.333810" intensity="3.282362e-003" type="0"/>
    <Peak1D F1="3.322817" intensity="3.781028e-003" type="0"/>
    <Peak1D F1="3.298614" intensity="2.331439e-002" type="0"/>
    <Peak1D F1="3.280364" intensity="2.285360e-002" type="0"/>
    <Peak1D F1="3.257481" intensity="1.658122e-002" type="0"/>
    <Peak1D F1="3.239308" intensity="1.428301e-002" type="0"/>
    <Peak1D F1="3.202682" intensity="3.025143e-003" type="0"/>
    <Peak1D F1="3.163665" intensity="2.740171e-003" type="0"/>
    <Peak1D F1="3.096935" intensity="2.681647e-003" type="0"/>
    <Peak1D F1="3.087911" intensity="2.419673e-003" type="0"/>
    <Peak1D F1="3.063558" intensity="2.662657e-003" type="0"/>
    <Peak1D F1="3.027406" intensity="2.676041e-003" type="0"/>
    <Peak1D F1="2.604435" intensity="1.204742e-001" type="0"/>
    <Peak1D F1="2.275333" intensity="1.080108e-002" type="0"/>
    <Peak1D F1="2.058555" intensity="2.756075e-003" type="0"/>
    <Peak1D F1="1.779837" intensity="2.439836e-003" type="0"/>
    <Peak1D F1="1.629181" intensity="2.187274e+000" type="0"/>
    <Peak1D F1="1.549502" intensity="6.539892e-003" type="0"/>
    <Peak1D F1="1.512797" intensity="5.183925e-003" type="0"/>
    <Peak1D F1="1.412026" intensity="3.897642e-003" type="0"/>
    <Peak1D F1="1.387841" intensity="3.574273e-003" type="0"/>
    <Peak1D F1="1.298282" intensity="2.623074e-002" type="0"/>
    <Peak1D F1="1.283018" intensity="8.595332e-002" type="0"/>
    <Peak1D F1="1.265345" intensity="9.591187e-002" type="0"/>
    <Peak1D F1="1.247751" intensity="4.616654e-002" type="0"/>
    <Peak1D F1="1.197792" intensity="3.749815e-003" type="0"/>
    <Peak1D F1="1.178507" intensity="3.432827e-003" type="0"/>
    <Peak1D F1="1.136005" intensity="4.934059e-003" type="0"/>
    <Peak1D F1="1.118908" intensity="6.069907e-003" type="0"/>
    <Peak1D F1="1.099817" intensity="4.556639e-003" type="0"/>
    <Peak1D F1="1.052637" intensity="2.444241e-003" type="0"/>
    <Peak1D F1="0.996939" intensity="3.388459e-003" type="0"/>
    <Peak1D F1="0.907226" intensity="1.015676e-002" type="0"/>
    <Peak1D F1="0.888329" intensity="6.487081e-003" type="0"/>
    <Peak1D F1="0.825706" intensity="2.237417e-003" type="0"/>
    <Peak1D F1="-2.756125" intensity="2.528483e-003" type="0"/>
    <Peak1D F1="-3.438190" intensity="2.559822e-003" type="0"/>
    <Peak1D F1="-3.522904" intensity="2.591096e-003" type="0"/>
    <Peak1D F1="-3.602905" intensity="2.584572e-003" type="0"/>
    <Peak1D F1="-3.630718" intensity="2.244655e-003" type="0"/>
  </PeakList1D>
</PeakList>
