<?xml version="1.0" encoding="UTF-8"?>
<PeakList>
  <PeakList1D>
    <PeakList1DHeader creator="Lijin_Xu" date="2017-12-19T15:39:38.905+08:00" expNo="2" name="zhq-498" owner="" procNo="1" source="D:">
      <PeakPickDetails>F1=235.494ppm, F2=-15.494ppm, MI=0.00cm, MAXI=10000.00cm, PC=1.400
      </PeakPickDetails>
    </PeakList1DHeader>
    <Peak1D F1="162.5558" intensity="5.36" type="0"/>
    <Peak1D F1="152.1431" intensity="4.94" type="0"/>
    <Peak1D F1="150.1829" intensity="15.00" type="0"/>
    <Peak1D F1="143.9615" intensity="14.38" type="0"/>
    <Peak1D F1="143.8550" intensity="6.73" type="0"/>
    <Peak1D F1="138.9991" intensity="13.39" type="0"/>
    <Peak1D F1="124.3526" intensity="14.38" type="0"/>
    <Peak1D F1="123.5090" intensity="14.66" type="0"/>
    <Peak1D F1="119.8540" intensity="14.84" type="0"/>
    <Peak1D F1="100.0084" intensity="5.58" type="0"/>
    <Peak1D F1="77.3830" intensity="85.81" type="0"/>
    <Peak1D F1="77.2684" intensity="11.28" type="0"/>
    <Peak1D F1="77.0656" intensity="88.25" type="0"/>
    <Peak1D F1="76.7476" intensity="86.05" type="0"/>
    <Peak1D F1="20.8237" intensity="14.31" type="0"/>
  </PeakList1D>
</PeakList>
