<?xml version="1.0" encoding="UTF-8"?>
<PeakList>
  <PeakList1D>
    <PeakList1DHeader creator="JRomeo" date="2020-03-10T19:53:39" expNo="3" name="2JR105" owner="" procNo="1" source="C:\Bruker\TOPSPIN">
      <PeakPickDetails>F1=145.506ppm, F2=132.006ppm, MI=0.40cm, MAXI=3.08cm, PC=1.400
      </PeakPickDetails>
    </PeakList1DHeader>
    <Peak1D F1="143.652" intensity="1.96" type="0"/>
    <Peak1D F1="136.3313" intensity="0.84" type="0"/>
    <Peak1D F1="133.2314" intensity="0.62" type="0"/>
    <Peak1D F1="132.9963" intensity="0.73" type="0"/>
  </PeakList1D>
  <PeakList1D>
    <PeakList1DHeader creator="JRomeo" date="2020-03-10T19:53:39" expNo="3" name="2JR105" owner="" procNo="1" source="C:\Bruker\TOPSPIN">
      <PeakPickDetails>F1=129.783ppm, F2=125.228ppm, MI=0.84cm, MAXI=3.38cm, PC=1.400
      </PeakPickDetails>
    </PeakList1DHeader>
    <Peak1D F1="127.9498" intensity="2.06" type="0"/>
    <Peak1D F1="127.8933" intensity="2.17" type="0"/>
    <Peak1D F1="127.6731" intensity="2.31" type="0"/>
    <Peak1D F1="126.7926" intensity="1.78" type="0"/>
    <Peak1D F1="126.4439" intensity="1.71" type="0"/>
    <Peak1D F1="125.9377" intensity="2.07" type="0"/>
    <Peak1D F1="125.7261" intensity="2.08" type="0"/>
  </PeakList1D>
  <PeakList1D>
    <PeakList1DHeader creator="JRomeo" date="2020-03-10T19:53:39" expNo="3" name="2JR105" owner="" procNo="1" source="C:\Bruker\TOPSPIN">
      <PeakPickDetails>F1=104.227ppm, F2=101.838ppm, MI=0.44cm, MAXI=2.64cm, PC=1.400
      </PeakPickDetails>
    </PeakList1DHeader>
    <Peak1D F1="102.9771" intensity="1.75" type="0"/>
  </PeakList1D>
  <PeakList1D>
    <PeakList1DHeader creator="JRomeo" date="2020-03-10T19:53:39" expNo="3" name="2JR105" owner="" procNo="1" source="C:\Bruker\TOPSPIN">
      <PeakPickDetails>F1=75.726ppm, F2=72.059ppm, MI=0.40cm, MAXI=3.05cm, PC=1.400
      </PeakPickDetails>
    </PeakList1DHeader>
    <Peak1D F1="75.1591" intensity="1.48" type="0"/>
    <Peak1D F1="74.1652" intensity="0.88" type="0"/>
    <Peak1D F1="72.8693" intensity="1.7" type="0"/>
  </PeakList1D>
  <PeakList1D>
    <PeakList1DHeader creator="JRomeo" date="2020-03-10T19:53:39" expNo="3" name="2JR105" owner="" procNo="1" source="C:\Bruker\TOPSPIN">
      <PeakPickDetails>F1=27.390ppm, F2=21.445ppm, MI=1.44cm, MAXI=8.17cm, PC=1.400
      </PeakPickDetails>
    </PeakList1DHeader>
    <Peak1D F1="25.9486" intensity="7.36" type="0"/>
  </PeakList1D>
  <PeakList1D>
    <PeakList1DHeader creator="JRomeo" date="2020-03-10T19:53:39" expNo="3" name="2JR105" owner="" procNo="1" source="C:\Bruker\TOPSPIN">
      <PeakPickDetails>F1=19.275ppm, F2=13.711ppm, MI=0.40cm, MAXI=2.33cm, PC=1.400
      </PeakPickDetails>
    </PeakList1DHeader>
    <Peak1D F1="18.2453" intensity="0.95" type="0"/>
    <Peak1D F1="16.7328" intensity="1.09" type="0"/>
  </PeakList1D>
  <PeakList1D>
    <PeakList1DHeader creator="JRomeo" date="2020-03-10T19:53:39" expNo="3" name="2JR105" owner="" procNo="1" source="C:\Bruker\TOPSPIN">
      <PeakPickDetails>F1=-3.389ppm, F2=-5.556ppm, MI=0.77cm, MAXI=2.85cm, PC=1.400
      </PeakPickDetails>
    </PeakList1DHeader>
    <Peak1D F1="-4.4899" intensity="1.86" type="0"/>
    <Peak1D F1="-4.6623" intensity="1.72" type="0"/>
  </PeakList1D>
</PeakList>
