<?xml version="1.0" encoding="UTF-8"?>
<PeakList>
  <PeakList1D>
    <PeakList1DHeader creator="nmr600" date="2019-11-21T09:48:33.397+01:00" expNo="11" name="6Nov2119" owner="" procNo="1" source="/opt/topspin3.0/data/nmr600/nmr">
      <PeakPickDetails>F1=219.446198ppm, F2=-19.452496ppm, MI=0.00cm, MAXI=10000.00cm, PC=1.400
      </PeakPickDetails>
    </PeakList1DHeader>
    <Peak1D F1="174.338516" intensity="-2.197439e+00" type="0"/>
    <Peak1D F1="140.191971" intensity="-2.180057e+00" type="0"/>
    <Peak1D F1="128.984528" intensity="4.299470e-02" type="0"/>
    <Peak1D F1="128.883942" intensity="6.604540e-02" type="0"/>
    <Peak1D F1="128.713303" intensity="1.500000e+01" type="0"/>
    <Peak1D F1="128.580063" intensity="6.096624e-02" type="0"/>
    <Peak1D F1="128.456970" intensity="6.650247e-02" type="0"/>
    <Peak1D F1="128.420929" intensity="8.550573e-02" type="0"/>
    <Peak1D F1="128.324142" intensity="1.403286e+01" type="0"/>
    <Peak1D F1="128.213257" intensity="3.927250e-02" type="0"/>
    <Peak1D F1="128.126266" intensity="4.612695e-02" type="0"/>
    <Peak1D F1="126.160645" intensity="6.025950e-02" type="0"/>
    <Peak1D F1="126.004318" intensity="6.927330e+00" type="0"/>
    <Peak1D F1="125.781265" intensity="3.697453e-02" type="0"/>
    <Peak1D F1="125.521721" intensity="4.609674e-02" type="0"/>
    <Peak1D F1="77.273529" intensity="-2.521360e+00" type="0"/>
    <Peak1D F1="77.061508" intensity="-2.755776e+00" type="0"/>
    <Peak1D F1="76.849678" intensity="-2.789782e+00" type="0"/>
    <Peak1D F1="58.034096" intensity="8.724615e+00" type="0"/>
    <Peak1D F1="57.901855" intensity="5.842565e-02" type="0"/>
    <Peak1D F1="57.854153" intensity="5.068204e-02" type="0"/>
    <Peak1D F1="49.992710" intensity="-1.038362e+01" type="0"/>
    <Peak1D F1="49.865425" intensity="-9.183407e-02" type="0"/>
    <Peak1D F1="41.451973" intensity="-5.945147e-02" type="0"/>
    <Peak1D F1="41.331379" intensity="-1.055542e+01" type="0"/>
    <Peak1D F1="41.198227" intensity="-9.934453e-02" type="0"/>
    <Peak1D F1="40.519562" intensity="-5.197414e-02" type="0"/>
    <Peak1D F1="40.401772" intensity="-1.070809e+01" type="0"/>
    <Peak1D F1="40.272449" intensity="-9.316365e-02" type="0"/>
    <Peak1D F1="38.505428" intensity="-3.557464e-02" type="0"/>
    <Peak1D F1="37.197678" intensity="-6.880380e-02" type="0"/>
    <Peak1D F1="37.056206" intensity="-9.707483e+00" type="0"/>
    <Peak1D F1="36.901169" intensity="-7.129770e-02" type="0"/>
    <Peak1D F1="34.527874" intensity="-8.340640e-02" type="0"/>
    <Peak1D F1="34.415367" intensity="-9.446758e+00" type="0"/>
    <Peak1D F1="34.281662" intensity="-7.800831e-02" type="0"/>
    <Peak1D F1="34.139893" intensity="-3.857008e-02" type="0"/>
    <Peak1D F1="31.922792" intensity="-6.599288e-02" type="0"/>
    <Peak1D F1="31.809587" intensity="-8.150196e+00" type="0"/>
    <Peak1D F1="31.689592" intensity="-8.176334e-02" type="0"/>
    <Peak1D F1="30.328527" intensity="1.407598e-01" type="0"/>
    <Peak1D F1="29.870600" intensity="-4.328595e-02" type="0"/>
    <Peak1D F1="29.737803" intensity="-8.626058e+00" type="0"/>
    <Peak1D F1="29.617407" intensity="-8.842297e-02" type="0"/>
    <Peak1D F1="29.365313" intensity="-6.051314e-02" type="0"/>
    <Peak1D F1="29.279119" intensity="-7.117643e-02" type="0"/>
    <Peak1D F1="29.174047" intensity="-8.411547e+00" type="0"/>
    <Peak1D F1="29.026455" intensity="-7.581616e-02" type="0"/>
    <Peak1D F1="26.446846" intensity="3.555784e-02" type="0"/>
    <Peak1D F1="26.157799" intensity="-7.279068e-02" type="0"/>
    <Peak1D F1="26.047558" intensity="-8.533266e+00" type="0"/>
    <Peak1D F1="25.919302" intensity="-8.240936e-02" type="0"/>
    <Peak1D F1="24.009846" intensity="6.346999e-02" type="0"/>
    <Peak1D F1="22.756033" intensity="-8.577006e-02" type="0"/>
    <Peak1D F1="22.644594" intensity="-8.859306e+00" type="0"/>
    <Peak1D F1="22.518930" intensity="-7.865694e-02" type="0"/>
    <Peak1D F1="20.824419" intensity="-4.089679e-02" type="0"/>
    <Peak1D F1="19.047832" intensity="-4.369278e-02" type="0"/>
    <Peak1D F1="15.027118" intensity="7.164092e-02" type="0"/>
    <Peak1D F1="14.910169" intensity="1.112708e+01" type="0"/>
    <Peak1D F1="14.776161" intensity="6.558730e-02" type="0"/>
    <Peak1D F1="14.205400" intensity="6.751312e-02" type="0"/>
    <Peak1D F1="14.094774" intensity="8.818251e+00" type="0"/>
    <Peak1D F1="13.969254" intensity="5.165772e-02" type="0"/>
    <Peak1D F1="13.245033" intensity="7.001147e-02" type="0"/>
    <Peak1D F1="13.132342" intensity="1.107521e+01" type="0"/>
    <Peak1D F1="12.998648" intensity="6.067980e-02" type="0"/>
    <Peak1D F1="8.996374" intensity="-3.923910e-02" type="0"/>
  </PeakList1D>
</PeakList>
