<?xml version="1.0" encoding="UTF-8"?>
<PeakList>
  <PeakList1D>
    <PeakList1DHeader creator="chemist" date="2019-01-23T04:19:34.315+00:00" expNo="10" name="Z144204" owner="" procNo="1" source="f:\data\chemist\nmr\">
      <PeakPickDetails>F1=250.000ppm, F2=-10.000ppm, MI=1.00cm, MAXI=2000.00cm, PC=1.000
      </PeakPickDetails>
    </PeakList1DHeader>
    <Peak1D F1="158.5193" intensity="2.665111e+001" type="0"/>
    <Peak1D F1="147.6767" intensity="2.625733e+001" type="0"/>
    <Peak1D F1="146.0813" intensity="4.586995e+000" type="0"/>
    <Peak1D F1="138.1604" intensity="4.904355e+000" type="0"/>
    <Peak1D F1="135.6085" intensity="4.474656e+000" type="0"/>
    <Peak1D F1="133.5665" intensity="4.812435e+000" type="0"/>
    <Peak1D F1="131.6348" intensity="4.484518e+000" type="0"/>
    <Peak1D F1="130.4806" intensity="1.312359e+002" type="0"/>
    <Peak1D F1="129.4494" intensity="3.051298e+001" type="0"/>
    <Peak1D F1="126.6162" intensity="6.292281e+001" type="0"/>
    <Peak1D F1="124.5488" intensity="6.472391e+001" type="0"/>
    <Peak1D F1="123.8107" intensity="6.366109e+001" type="0"/>
    <Peak1D F1="113.9986" intensity="1.275622e+002" type="0"/>
    <Peak1D F1="113.6532" intensity="5.820294e+000" type="0"/>
    <Peak1D F1="99.7959" intensity="5.413481e+000" type="0"/>
    <Peak1D F1="77.3408" intensity="7.942213e+002" type="0"/>
    <Peak1D F1="77.2259" intensity="3.074950e+001" type="0"/>
    <Peak1D F1="77.0228" intensity="8.097167e+002" type="0"/>
    <Peak1D F1="76.7048" intensity="7.957921e+002" type="0"/>
    <Peak1D F1="73.4630" intensity="4.578323e+000" type="0"/>
    <Peak1D F1="71.4039" intensity="5.985623e+001" type="0"/>
    <Peak1D F1="61.8973" intensity="4.632475e+000" type="0"/>
    <Peak1D F1="55.2605" intensity="6.269928e+001" type="0"/>
    <Peak1D F1="45.2185" intensity="6.364081e+001" type="0"/>
    <Peak1D F1="26.3019" intensity="4.491524e+000" type="0"/>
    <Peak1D F1="19.0563" intensity="4.392077e+000" type="0"/>
  </PeakList1D>
</PeakList>
