<?xml version="1.0" encoding="UTF-8"?>
<PeakList>
  <PeakList1D>
    <PeakList1DHeader creator="nmrsu" date="2023-07-27T12:29:21.166-05:00" expNo="1274610" name="Jul27-2023" owner="" procNo="1" source="G:/data/chem-synthesis-summer-a-team2/nmr">
      <PeakPickDetails>F1=16.187771ppm, F2=-3.837772ppm, MI=0.00cm, MAXI=10000.00cm, PC=1.000
      </PeakPickDetails>
    </PeakList1DHeader>
    <Peak1D F1="16.126923" intensity="8.585968e-004" type="0"/>
    <Peak1D F1="16.069780" intensity="8.802835e-004" type="0"/>
    <Peak1D F1="15.962314" intensity="9.109583e-004" type="0"/>
    <Peak1D F1="15.942523" intensity="8.004832e-004" type="0"/>
    <Peak1D F1="15.880149" intensity="9.422172e-004" type="0"/>
    <Peak1D F1="15.844889" intensity="1.115982e-003" type="0"/>
    <Peak1D F1="15.803506" intensity="7.873612e-004" type="0"/>
    <Peak1D F1="15.787614" intensity="8.374982e-004" type="0"/>
    <Peak1D F1="15.732915" intensity="7.867872e-004" type="0"/>
    <Peak1D F1="15.708244" intensity="6.955086e-004" type="0"/>
    <Peak1D F1="15.619842" intensity="7.148131e-004" type="0"/>
    <Peak1D F1="12.988908" intensity="6.948473e-004" type="0"/>
    <Peak1D F1="12.020961" intensity="6.948800e-004" type="0"/>
    <Peak1D F1="8.050189" intensity="1.791008e-003" type="0"/>
    <Peak1D F1="8.028131" intensity="1.845576e-003" type="0"/>
    <Peak1D F1="8.022260" intensity="1.492299e-003" type="0"/>
    <Peak1D F1="8.001907" intensity="1.548623e-003" type="0"/>
    <Peak1D F1="7.953855" intensity="9.684315e-004" type="0"/>
    <Peak1D F1="7.931959" intensity="1.201734e-003" type="0"/>
    <Peak1D F1="7.820304" intensity="8.696199e-004" type="0"/>
    <Peak1D F1="7.809669" intensity="1.007591e-003" type="0"/>
    <Peak1D F1="7.770410" intensity="1.880491e-003" type="0"/>
    <Peak1D F1="7.744998" intensity="5.157331e-003" type="0"/>
    <Peak1D F1="7.724825" intensity="5.189911e-003" type="0"/>
    <Peak1D F1="7.698419" intensity="2.572043e-002" type="0"/>
    <Peak1D F1="7.677971" intensity="2.708523e-002" type="0"/>
    <Peak1D F1="7.620620" intensity="9.551353e-004" type="0"/>
    <Peak1D F1="7.600182" intensity="2.617079e-003" type="0"/>
    <Peak1D F1="7.541879" intensity="4.476701e-003" type="0"/>
    <Peak1D F1="7.528227" intensity="2.294223e-003" type="0"/>
    <Peak1D F1="7.515231" intensity="2.223442e-003" type="0"/>
    <Peak1D F1="7.496003" intensity="1.726166e-003" type="0"/>
    <Peak1D F1="7.477942" intensity="4.168635e-003" type="0"/>
    <Peak1D F1="7.458482" intensity="8.940343e-003" type="0"/>
    <Peak1D F1="7.439888" intensity="6.647499e-003" type="0"/>
    <Peak1D F1="7.410455" intensity="6.195557e-003" type="0"/>
    <Peak1D F1="7.392703" intensity="8.810437e-003" type="0"/>
    <Peak1D F1="7.371871" intensity="2.691449e-002" type="0"/>
    <Peak1D F1="7.351671" intensity="1.289955e-002" type="0"/>
    <Peak1D F1="7.330886" intensity="1.415202e-002" type="0"/>
    <Peak1D F1="7.282546" intensity="7.666382e-001" type="0"/>
    <Peak1D F1="7.262275" intensity="1.310523e+000" type="0"/>
    <Peak1D F1="7.243666" intensity="1.048594e+000" type="0"/>
    <Peak1D F1="7.195934" intensity="1.296718e+000" type="0"/>
    <Peak1D F1="7.176542" intensity="2.878447e+000" type="0"/>
    <Peak1D F1="7.149764" intensity="1.225995e+000" type="0"/>
    <Peak1D F1="7.130960" intensity="9.101987e-001" type="0"/>
    <Peak1D F1="7.076832" intensity="2.269742e-002" type="0"/>
    <Peak1D F1="7.056925" intensity="2.230879e-002" type="0"/>
    <Peak1D F1="7.019997" intensity="1.266507e-002" type="0"/>
    <Peak1D F1="6.998980" intensity="1.609575e-002" type="0"/>
    <Peak1D F1="6.978407" intensity="2.408879e-002" type="0"/>
    <Peak1D F1="6.951305" intensity="1.525409e-002" type="0"/>
    <Peak1D F1="6.929873" intensity="1.424068e-002" type="0"/>
    <Peak1D F1="6.895387" intensity="7.319994e-003" type="0"/>
    <Peak1D F1="6.841094" intensity="6.342294e-003" type="0"/>
    <Peak1D F1="6.819845" intensity="5.951881e-003" type="0"/>
    <Peak1D F1="6.798534" intensity="4.934183e-003" type="0"/>
    <Peak1D F1="6.793414" intensity="5.094442e-003" type="0"/>
    <Peak1D F1="6.723996" intensity="3.294603e-003" type="0"/>
    <Peak1D F1="6.705273" intensity="3.462914e-003" type="0"/>
    <Peak1D F1="6.688324" intensity="3.241595e-003" type="0"/>
    <Peak1D F1="6.677198" intensity="3.129194e-003" type="0"/>
    <Peak1D F1="6.632668" intensity="2.976168e-003" type="0"/>
    <Peak1D F1="6.602621" intensity="2.921554e-003" type="0"/>
    <Peak1D F1="6.580078" intensity="3.168831e-003" type="0"/>
    <Peak1D F1="6.510750" intensity="2.494697e-003" type="0"/>
    <Peak1D F1="6.459454" intensity="1.387054e-003" type="0"/>
    <Peak1D F1="6.379337" intensity="1.391568e-003" type="0"/>
    <Peak1D F1="6.352067" intensity="1.991379e-003" type="0"/>
    <Peak1D F1="6.330224" intensity="1.771140e-003" type="0"/>
    <Peak1D F1="6.324850" intensity="1.201088e-003" type="0"/>
    <Peak1D F1="6.281700" intensity="8.050445e-004" type="0"/>
    <Peak1D F1="6.271232" intensity="7.905422e-004" type="0"/>
    <Peak1D F1="4.546047" intensity="4.756222e-003" type="0"/>
    <Peak1D F1="4.343468" intensity="1.615707e-003" type="0"/>
    <Peak1D F1="4.325630" intensity="6.534570e-003" type="0"/>
    <Peak1D F1="4.307772" intensity="2.003739e-002" type="0"/>
    <Peak1D F1="4.289840" intensity="2.082561e-002" type="0"/>
    <Peak1D F1="4.271881" intensity="8.468345e-003" type="0"/>
    <Peak1D F1="4.233480" intensity="6.046440e-003" type="0"/>
    <Peak1D F1="4.219169" intensity="8.964825e-003" type="0"/>
    <Peak1D F1="4.144347" intensity="1.254693e+000" type="0"/>
    <Peak1D F1="4.126495" intensity="3.666948e+000" type="0"/>
    <Peak1D F1="4.108651" intensity="3.696371e+000" type="0"/>
    <Peak1D F1="4.090816" intensity="1.270136e+000" type="0"/>
    <Peak1D F1="4.033004" intensity="1.376802e-002" type="0"/>
    <Peak1D F1="4.017852" intensity="1.924203e-002" type="0"/>
    <Peak1D F1="4.002598" intensity="1.933211e-002" type="0"/>
    <Peak1D F1="3.987408" intensity="1.201916e-002" type="0"/>
    <Peak1D F1="3.970969" intensity="6.028046e-003" type="0"/>
    <Peak1D F1="3.957999" intensity="1.136231e-002" type="0"/>
    <Peak1D F1="3.939822" intensity="2.366784e-002" type="0"/>
    <Peak1D F1="3.922010" intensity="2.257310e-002" type="0"/>
    <Peak1D F1="3.904127" intensity="9.742613e-003" type="0"/>
    <Peak1D F1="3.888178" intensity="3.000837e-003" type="0"/>
    <Peak1D F1="3.874675" intensity="3.808399e-003" type="0"/>
    <Peak1D F1="3.856729" intensity="1.255719e-002" type="0"/>
    <Peak1D F1="3.840526" intensity="5.153094e-003" type="0"/>
    <Peak1D F1="3.824552" intensity="1.103077e-002" type="0"/>
    <Peak1D F1="3.811090" intensity="1.878103e-002" type="0"/>
    <Peak1D F1="3.796811" intensity="1.091679e-002" type="0"/>
    <Peak1D F1="3.776453" intensity="1.206904e-002" type="0"/>
    <Peak1D F1="3.748811" intensity="1.021369e-002" type="0"/>
    <Peak1D F1="3.734953" intensity="1.010621e-002" type="0"/>
    <Peak1D F1="3.665769" intensity="2.873186e-002" type="0"/>
    <Peak1D F1="3.537471" intensity="5.373601e-001" type="0"/>
    <Peak1D F1="3.392804" intensity="7.805970e-002" type="0"/>
    <Peak1D F1="3.375798" intensity="8.071204e-002" type="0"/>
    <Peak1D F1="3.249234" intensity="5.414512e-001" type="0"/>
    <Peak1D F1="3.212840" intensity="2.429555e-001" type="0"/>
    <Peak1D F1="2.999141" intensity="5.369688e-003" type="0"/>
    <Peak1D F1="2.979660" intensity="6.671798e-003" type="0"/>
    <Peak1D F1="2.963525" intensity="6.868728e-003" type="0"/>
    <Peak1D F1="2.944530" intensity="4.531050e-003" type="0"/>
    <Peak1D F1="2.907348" intensity="3.392166e-003" type="0"/>
    <Peak1D F1="2.896048" intensity="2.937935e-003" type="0"/>
    <Peak1D F1="2.870826" intensity="2.934375e-003" type="0"/>
    <Peak1D F1="2.864067" intensity="2.972489e-003" type="0"/>
    <Peak1D F1="2.823773" intensity="2.774128e-003" type="0"/>
    <Peak1D F1="2.732999" intensity="4.145430e-003" type="0"/>
    <Peak1D F1="2.720754" intensity="4.453248e-003" type="0"/>
    <Peak1D F1="2.687119" intensity="5.200105e-003" type="0"/>
    <Peak1D F1="2.649771" intensity="5.812833e-003" type="0"/>
    <Peak1D F1="2.518856" intensity="5.986452e-002" type="0"/>
    <Peak1D F1="2.486564" intensity="1.751738e-002" type="0"/>
    <Peak1D F1="2.469588" intensity="2.154086e-002" type="0"/>
    <Peak1D F1="2.437360" intensity="3.248278e-002" type="0"/>
    <Peak1D F1="2.411115" intensity="1.445834e-001" type="0"/>
    <Peak1D F1="2.362433" intensity="8.736583e+000" type="0"/>
    <Peak1D F1="2.310606" intensity="3.431115e-002" type="0"/>
    <Peak1D F1="2.302015" intensity="2.906496e-002" type="0"/>
    <Peak1D F1="2.281912" intensity="2.752689e-002" type="0"/>
    <Peak1D F1="2.259119" intensity="2.557225e-002" type="0"/>
    <Peak1D F1="2.242867" intensity="2.317239e-002" type="0"/>
    <Peak1D F1="2.199220" intensity="1.268402e-001" type="0"/>
    <Peak1D F1="2.132698" intensity="5.305271e-002" type="0"/>
    <Peak1D F1="2.111578" intensity="4.848630e-002" type="0"/>
    <Peak1D F1="2.038855" intensity="1.500000e+001" type="0"/>
    <Peak1D F1="2.001705" intensity="5.333191e-002" type="0"/>
    <Peak1D F1="1.982970" intensity="3.749467e-002" type="0"/>
    <Peak1D F1="1.969609" intensity="3.180397e-002" type="0"/>
    <Peak1D F1="1.956707" intensity="2.907441e-002" type="0"/>
    <Peak1D F1="1.946139" intensity="2.946236e-002" type="0"/>
    <Peak1D F1="1.932405" intensity="6.494623e-002" type="0"/>
    <Peak1D F1="1.916917" intensity="8.615010e-002" type="0"/>
    <Peak1D F1="1.901504" intensity="1.040000e-001" type="0"/>
    <Peak1D F1="1.885689" intensity="9.887447e-002" type="0"/>
    <Peak1D F1="1.875672" intensity="1.654625e-001" type="0"/>
    <Peak1D F1="1.844002" intensity="3.401935e-002" type="0"/>
    <Peak1D F1="1.826409" intensity="2.484106e-002" type="0"/>
    <Peak1D F1="1.811190" intensity="2.164624e-002" type="0"/>
    <Peak1D F1="1.790033" intensity="2.232600e-002" type="0"/>
    <Peak1D F1="1.751906" intensity="4.700685e-002" type="0"/>
    <Peak1D F1="1.729047" intensity="9.446847e-002" type="0"/>
    <Peak1D F1="1.720550" intensity="1.225974e-001" type="0"/>
    <Peak1D F1="1.708821" intensity="1.308009e-001" type="0"/>
    <Peak1D F1="1.701483" intensity="1.190104e-001" type="0"/>
    <Peak1D F1="1.691119" intensity="1.145684e-001" type="0"/>
    <Peak1D F1="1.682799" intensity="8.586787e-002" type="0"/>
    <Peak1D F1="1.662604" intensity="7.560083e-002" type="0"/>
    <Peak1D F1="1.647041" intensity="7.625188e-002" type="0"/>
    <Peak1D F1="1.626521" intensity="9.715082e-002" type="0"/>
    <Peak1D F1="1.608935" intensity="1.188877e-001" type="0"/>
    <Peak1D F1="1.600758" intensity="1.255422e-001" type="0"/>
    <Peak1D F1="1.595730" intensity="1.238852e-001" type="0"/>
    <Peak1D F1="1.584996" intensity="1.394315e-001" type="0"/>
    <Peak1D F1="1.576207" intensity="1.592284e-001" type="0"/>
    <Peak1D F1="1.557532" intensity="2.093705e-001" type="0"/>
    <Peak1D F1="1.538386" intensity="2.097417e-001" type="0"/>
    <Peak1D F1="1.519892" intensity="1.182406e-001" type="0"/>
    <Peak1D F1="1.504307" intensity="7.319044e-002" type="0"/>
    <Peak1D F1="1.490855" intensity="1.236306e-001" type="0"/>
    <Peak1D F1="1.469984" intensity="1.169281e-001" type="0"/>
    <Peak1D F1="1.454331" intensity="1.210539e-001" type="0"/>
    <Peak1D F1="1.436737" intensity="1.204454e-001" type="0"/>
    <Peak1D F1="1.429254" intensity="1.161283e-001" type="0"/>
    <Peak1D F1="1.423851" intensity="1.344343e-001" type="0"/>
    <Peak1D F1="1.411840" intensity="1.133251e-001" type="0"/>
    <Peak1D F1="1.393303" intensity="1.016841e-001" type="0"/>
    <Peak1D F1="1.369899" intensity="1.021166e+000" type="0"/>
    <Peak1D F1="1.349535" intensity="1.341639e-001" type="0"/>
    <Peak1D F1="1.272401" intensity="4.655344e+000" type="0"/>
    <Peak1D F1="1.254594" intensity="8.720943e+000" type="0"/>
    <Peak1D F1="1.236726" intensity="4.843617e+000" type="0"/>
    <Peak1D F1="1.200494" intensity="7.157766e-001" type="0"/>
    <Peak1D F1="1.191949" intensity="8.255445e-001" type="0"/>
    <Peak1D F1="1.185175" intensity="5.925804e-001" type="0"/>
    <Peak1D F1="1.174314" intensity="4.847697e-001" type="0"/>
    <Peak1D F1="1.137450" intensity="7.237365e-001" type="0"/>
    <Peak1D F1="1.119847" intensity="1.344577e+000" type="0"/>
    <Peak1D F1="1.111954" intensity="9.923093e-001" type="0"/>
    <Peak1D F1="1.102740" intensity="1.022094e+000" type="0"/>
    <Peak1D F1="1.026083" intensity="1.196391e-001" type="0"/>
    <Peak1D F1="1.009470" intensity="8.838083e-002" type="0"/>
    <Peak1D F1="1.004131" intensity="7.782077e-002" type="0"/>
    <Peak1D F1="0.986104" intensity="6.234660e-002" type="0"/>
    <Peak1D F1="0.971760" intensity="2.092365e-001" type="0"/>
    <Peak1D F1="0.955121" intensity="1.995280e-001" type="0"/>
    <Peak1D F1="0.931460" intensity="1.424172e-001" type="0"/>
    <Peak1D F1="0.912636" intensity="2.623424e-001" type="0"/>
    <Peak1D F1="0.896485" intensity="3.927170e-001" type="0"/>
    <Peak1D F1="0.880930" intensity="6.058729e-001" type="0"/>
    <Peak1D F1="0.866656" intensity="6.508665e-001" type="0"/>
    <Peak1D F1="0.853798" intensity="3.085015e-001" type="0"/>
    <Peak1D F1="0.848063" intensity="3.880906e-001" type="0"/>
    <Peak1D F1="0.832342" intensity="1.524585e-001" type="0"/>
    <Peak1D F1="0.809152" intensity="5.817349e-002" type="0"/>
    <Peak1D F1="0.803558" intensity="4.565704e-002" type="0"/>
    <Peak1D F1="0.792057" intensity="2.926012e-002" type="0"/>
    <Peak1D F1="0.786613" intensity="2.482447e-002" type="0"/>
    <Peak1D F1="0.773675" intensity="2.568737e-002" type="0"/>
    <Peak1D F1="0.753234" intensity="1.505797e-002" type="0"/>
    <Peak1D F1="0.723347" intensity="1.065844e-002" type="0"/>
    <Peak1D F1="0.708284" intensity="8.803585e-003" type="0"/>
    <Peak1D F1="0.697521" intensity="5.877426e-003" type="0"/>
    <Peak1D F1="0.658478" intensity="4.283412e-003" type="0"/>
    <Peak1D F1="0.643161" intensity="4.185834e-003" type="0"/>
    <Peak1D F1="0.577502" intensity="2.773339e-003" type="0"/>
    <Peak1D F1="0.547984" intensity="4.473347e-003" type="0"/>
    <Peak1D F1="0.517383" intensity="5.158036e-003" type="0"/>
    <Peak1D F1="0.485773" intensity="3.552743e-003" type="0"/>
    <Peak1D F1="0.448386" intensity="2.074338e-003" type="0"/>
    <Peak1D F1="0.421507" intensity="1.520009e-003" type="0"/>
    <Peak1D F1="0.391867" intensity="1.054589e-003" type="0"/>
    <Peak1D F1="0.362994" intensity="9.382989e-004" type="0"/>
    <Peak1D F1="0.332497" intensity="7.063494e-004" type="0"/>
    <Peak1D F1="0.251690" intensity="7.026569e-004" type="0"/>
    <Peak1D F1="0.201474" intensity="7.853204e-004" type="0"/>
    <Peak1D F1="0.072863" intensity="3.730833e-003" type="0"/>
    <Peak1D F1="-2.821375" intensity="7.206266e-004" type="0"/>
  </PeakList1D>
</PeakList>
