<?xml version="1.0" encoding="UTF-8"?>
<PeakList>
  <PeakList1D>
    <PeakList1DHeader creator="nmr600" date="2019-08-30T09:25:47.789+02:00" expNo="20" name="6Aug3019" owner="" procNo="1" source="/opt/topspin3.0/data/nmr600/nmr">
      <PeakPickDetails>F1=16.330601ppm, F2=-4.220045ppm, MI=0.00cm, MAXI=10000.00cm, PC=1.000
      </PeakPickDetails>
    </PeakList1DHeader>
    <Peak1D F1="13.245733" intensity="2.235671e-03" type="0"/>
    <Peak1D F1="9.278683" intensity="3.184596e-02" type="0"/>
    <Peak1D F1="8.828956" intensity="1.266215e-02" type="0"/>
    <Peak1D F1="8.821076" intensity="1.156985e-02" type="0"/>
    <Peak1D F1="8.795547" intensity="7.847233e-03" type="0"/>
    <Peak1D F1="8.779592" intensity="2.732314e-03" type="0"/>
    <Peak1D F1="8.758699" intensity="1.148252e-02" type="0"/>
    <Peak1D F1="8.733304" intensity="2.007274e-02" type="0"/>
    <Peak1D F1="8.698047" intensity="5.732102e-02" type="0"/>
    <Peak1D F1="8.680882" intensity="2.272600e-02" type="0"/>
    <Peak1D F1="8.620966" intensity="2.792416e-02" type="0"/>
    <Peak1D F1="8.602689" intensity="2.722571e-02" type="0"/>
    <Peak1D F1="8.591059" intensity="9.553232e-03" type="0"/>
    <Peak1D F1="8.576643" intensity="2.154314e-02" type="0"/>
    <Peak1D F1="8.554872" intensity="5.877954e-03" type="0"/>
    <Peak1D F1="8.534275" intensity="7.840790e-03" type="0"/>
    <Peak1D F1="8.520888" intensity="7.535012e-03" type="0"/>
    <Peak1D F1="8.493141" intensity="8.121683e-03" type="0"/>
    <Peak1D F1="8.451130" intensity="6.759485e-03" type="0"/>
    <Peak1D F1="8.436432" intensity="3.695227e-03" type="0"/>
    <Peak1D F1="8.404527" intensity="3.778469e-03" type="0"/>
    <Peak1D F1="8.390765" intensity="4.661051e-03" type="0"/>
    <Peak1D F1="8.352308" intensity="1.247725e-02" type="0"/>
    <Peak1D F1="8.337727" intensity="5.073305e-03" type="0"/>
    <Peak1D F1="8.305990" intensity="4.901967e-03" type="0"/>
    <Peak1D F1="8.255894" intensity="7.595192e-03" type="0"/>
    <Peak1D F1="8.216378" intensity="6.764278e-03" type="0"/>
    <Peak1D F1="8.198691" intensity="7.094368e-03" type="0"/>
    <Peak1D F1="8.186382" intensity="8.927936e-03" type="0"/>
    <Peak1D F1="8.170189" intensity="1.121393e-02" type="0"/>
    <Peak1D F1="8.153116" intensity="2.612424e-02" type="0"/>
    <Peak1D F1="8.136356" intensity="3.125106e-02" type="0"/>
    <Peak1D F1="8.119994" intensity="2.766621e-02" type="0"/>
    <Peak1D F1="8.103021" intensity="4.655545e-02" type="0"/>
    <Peak1D F1="8.088756" intensity="5.051827e-02" type="0"/>
    <Peak1D F1="8.070145" intensity="2.015378e-02" type="0"/>
    <Peak1D F1="8.058284" intensity="1.912122e-02" type="0"/>
    <Peak1D F1="8.037552" intensity="2.333168e-02" type="0"/>
    <Peak1D F1="8.014096" intensity="4.504551e-02" type="0"/>
    <Peak1D F1="7.999269" intensity="1.289537e-01" type="0"/>
    <Peak1D F1="7.984459" intensity="3.823966e-02" type="0"/>
    <Peak1D F1="7.975452" intensity="5.518302e-02" type="0"/>
    <Peak1D F1="7.956524" intensity="1.039290e-01" type="0"/>
    <Peak1D F1="7.931600" intensity="2.326973e-01" type="0"/>
    <Peak1D F1="7.921111" intensity="1.074742e-01" type="0"/>
    <Peak1D F1="7.909665" intensity="5.976805e-02" type="0"/>
    <Peak1D F1="7.896089" intensity="8.009277e-02" type="0"/>
    <Peak1D F1="7.884157" intensity="7.763091e-02" type="0"/>
    <Peak1D F1="7.872036" intensity="5.761777e-02" type="0"/>
    <Peak1D F1="7.857207" intensity="6.516379e-02" type="0"/>
    <Peak1D F1="7.843412" intensity="6.443032e-02" type="0"/>
    <Peak1D F1="7.823340" intensity="1.343941e-01" type="0"/>
    <Peak1D F1="7.789854" intensity="8.953702e+00" type="0"/>
    <Peak1D F1="7.769796" intensity="3.886979e-01" type="0"/>
    <Peak1D F1="7.754435" intensity="3.160625e-01" type="0"/>
    <Peak1D F1="7.743808" intensity="2.509338e-01" type="0"/>
    <Peak1D F1="7.724001" intensity="1.550229e-01" type="0"/>
    <Peak1D F1="7.691305" intensity="5.217534e+00" type="0"/>
    <Peak1D F1="7.677752" intensity="5.501333e+00" type="0"/>
    <Peak1D F1="7.655193" intensity="1.398875e-01" type="0"/>
    <Peak1D F1="7.626998" intensity="5.055907e+00" type="0"/>
    <Peak1D F1="7.613635" intensity="5.404162e+00" type="0"/>
    <Peak1D F1="7.591087" intensity="1.636446e-01" type="0"/>
    <Peak1D F1="7.568847" intensity="5.641816e+00" type="0"/>
    <Peak1D F1="7.554351" intensity="7.022730e+00" type="0"/>
    <Peak1D F1="7.540801" intensity="2.540471e-01" type="0"/>
    <Peak1D F1="7.538014" intensity="2.463721e-01" type="0"/>
    <Peak1D F1="7.526220" intensity="2.114870e-01" type="0"/>
    <Peak1D F1="7.523798" intensity="2.221401e-01" type="0"/>
    <Peak1D F1="7.512787" intensity="7.997974e-02" type="0"/>
    <Peak1D F1="7.499540" intensity="1.002150e-01" type="0"/>
    <Peak1D F1="7.485935" intensity="1.443745e-01" type="0"/>
    <Peak1D F1="7.478828" intensity="1.552747e-01" type="0"/>
    <Peak1D F1="7.466434" intensity="1.963183e-01" type="0"/>
    <Peak1D F1="7.446924" intensity="5.413540e+00" type="0"/>
    <Peak1D F1="7.444646" intensity="5.365422e+00" type="0"/>
    <Peak1D F1="7.432421" intensity="4.451615e+00" type="0"/>
    <Peak1D F1="7.430143" intensity="4.386635e+00" type="0"/>
    <Peak1D F1="7.406703" intensity="8.615104e+00" type="0"/>
    <Peak1D F1="7.394588" intensity="1.007841e+01" type="0"/>
    <Peak1D F1="7.382645" intensity="4.931783e-01" type="0"/>
    <Peak1D F1="7.371838" intensity="3.060462e-01" type="0"/>
    <Peak1D F1="7.363180" intensity="2.345020e-01" type="0"/>
    <Peak1D F1="7.348422" intensity="2.261116e-01" type="0"/>
    <Peak1D F1="7.339528" intensity="4.138960e-01" type="0"/>
    <Peak1D F1="7.324764" intensity="2.589605e+00" type="0"/>
    <Peak1D F1="7.312933" intensity="5.220655e+00" type="0"/>
    <Peak1D F1="7.300833" intensity="3.602250e+00" type="0"/>
    <Peak1D F1="7.274466" intensity="3.885683e+00" type="0"/>
    <Peak1D F1="7.262529" intensity="5.427693e+00" type="0"/>
    <Peak1D F1="7.251353" intensity="6.024351e+00" type="0"/>
    <Peak1D F1="7.240097" intensity="1.022706e+01" type="0"/>
    <Peak1D F1="7.227547" intensity="7.708240e+00" type="0"/>
    <Peak1D F1="7.216136" intensity="4.962800e+00" type="0"/>
    <Peak1D F1="7.208156" intensity="1.870872e+00" type="0"/>
    <Peak1D F1="7.204423" intensity="4.493285e+00" type="0"/>
    <Peak1D F1="7.199357" intensity="1.174550e+00" type="0"/>
    <Peak1D F1="7.192327" intensity="1.338904e+00" type="0"/>
    <Peak1D F1="7.163825" intensity="2.364912e+00" type="0"/>
    <Peak1D F1="7.149955" intensity="1.000041e-01" type="0"/>
    <Peak1D F1="7.141869" intensity="8.258101e-02" type="0"/>
    <Peak1D F1="7.138234" intensity="8.199225e-02" type="0"/>
    <Peak1D F1="7.128953" intensity="8.574441e-02" type="0"/>
    <Peak1D F1="7.115748" intensity="1.010891e-01" type="0"/>
    <Peak1D F1="7.102412" intensity="1.374231e-01" type="0"/>
    <Peak1D F1="7.088881" intensity="1.324598e-01" type="0"/>
    <Peak1D F1="7.071177" intensity="8.849080e-02" type="0"/>
    <Peak1D F1="7.038262" intensity="3.548781e-02" type="0"/>
    <Peak1D F1="7.026907" intensity="4.593814e-02" type="0"/>
    <Peak1D F1="7.013989" intensity="5.533522e-02" type="0"/>
    <Peak1D F1="6.994417" intensity="1.086590e-01" type="0"/>
    <Peak1D F1="6.986784" intensity="6.417135e-02" type="0"/>
    <Peak1D F1="6.963854" intensity="1.112195e-01" type="0"/>
    <Peak1D F1="6.951609" intensity="8.764306e-02" type="0"/>
    <Peak1D F1="6.935398" intensity="6.811429e-02" type="0"/>
    <Peak1D F1="6.912741" intensity="5.321368e-02" type="0"/>
    <Peak1D F1="6.901206" intensity="8.143842e-02" type="0"/>
    <Peak1D F1="6.893370" intensity="7.842600e-02" type="0"/>
    <Peak1D F1="6.885061" intensity="6.714514e-02" type="0"/>
    <Peak1D F1="6.878432" intensity="5.868848e-02" type="0"/>
    <Peak1D F1="6.847270" intensity="1.500000e+01" type="0"/>
    <Peak1D F1="6.814517" intensity="2.075987e-02" type="0"/>
    <Peak1D F1="6.804526" intensity="3.659418e-02" type="0"/>
    <Peak1D F1="6.793269" intensity="1.658899e-02" type="0"/>
    <Peak1D F1="6.780184" intensity="1.794196e-02" type="0"/>
    <Peak1D F1="6.768938" intensity="3.537304e-02" type="0"/>
    <Peak1D F1="6.763804" intensity="3.965067e-02" type="0"/>
    <Peak1D F1="6.739790" intensity="4.792759e-02" type="0"/>
    <Peak1D F1="6.729854" intensity="4.015789e-02" type="0"/>
    <Peak1D F1="6.696029" intensity="6.977577e-02" type="0"/>
    <Peak1D F1="6.582266" intensity="1.762538e-02" type="0"/>
    <Peak1D F1="6.571644" intensity="2.071839e-02" type="0"/>
    <Peak1D F1="6.533004" intensity="4.264904e-03" type="0"/>
    <Peak1D F1="6.522394" intensity="4.096081e-03" type="0"/>
    <Peak1D F1="6.502999" intensity="2.535611e-02" type="0"/>
    <Peak1D F1="6.330472" intensity="1.648472e-02" type="0"/>
    <Peak1D F1="6.258380" intensity="4.802895e-03" type="0"/>
    <Peak1D F1="6.246970" intensity="3.741819e-03" type="0"/>
    <Peak1D F1="5.961187" intensity="5.870791e-02" type="0"/>
    <Peak1D F1="5.937878" intensity="3.176018e-03" type="0"/>
    <Peak1D F1="5.862871" intensity="4.947546e-02" type="0"/>
    <Peak1D F1="5.838226" intensity="1.278709e+01" type="0"/>
    <Peak1D F1="5.808910" intensity="7.517144e-03" type="0"/>
    <Peak1D F1="5.751115" intensity="1.052140e-02" type="0"/>
    <Peak1D F1="5.733597" intensity="4.363186e-02" type="0"/>
    <Peak1D F1="5.727925" intensity="4.208035e-02" type="0"/>
    <Peak1D F1="5.711649" intensity="5.737617e-02" type="0"/>
    <Peak1D F1="5.687894" intensity="2.336990e-02" type="0"/>
    <Peak1D F1="5.564342" intensity="1.848802e-02" type="0"/>
    <Peak1D F1="5.553637" intensity="8.629212e-02" type="0"/>
    <Peak1D F1="5.538980" intensity="4.090988e-03" type="0"/>
    <Peak1D F1="5.460287" intensity="1.232432e-02" type="0"/>
    <Peak1D F1="5.389234" intensity="9.243512e-03" type="0"/>
    <Peak1D F1="5.355241" intensity="8.587285e-02" type="0"/>
    <Peak1D F1="5.350264" intensity="3.404328e-02" type="0"/>
    <Peak1D F1="5.328539" intensity="1.200477e-02" type="0"/>
    <Peak1D F1="5.183509" intensity="3.510289e+00" type="0"/>
    <Peak1D F1="5.101925" intensity="1.320556e-02" type="0"/>
    <Peak1D F1="5.033266" intensity="2.249634e-02" type="0"/>
    <Peak1D F1="5.005937" intensity="2.649818e-01" type="0"/>
    <Peak1D F1="4.625861" intensity="6.361025e-03" type="0"/>
    <Peak1D F1="4.579536" intensity="1.431774e-01" type="0"/>
    <Peak1D F1="4.230263" intensity="2.911984e-02" type="0"/>
    <Peak1D F1="4.147540" intensity="1.019821e-01" type="0"/>
    <Peak1D F1="4.112360" intensity="1.018088e-02" type="0"/>
    <Peak1D F1="4.076949" intensity="2.555955e-02" type="0"/>
    <Peak1D F1="4.063079" intensity="2.735924e-03" type="0"/>
    <Peak1D F1="4.039311" intensity="1.619393e-02" type="0"/>
    <Peak1D F1="4.015319" intensity="3.736336e-03" type="0"/>
    <Peak1D F1="4.009339" intensity="3.087379e-03" type="0"/>
    <Peak1D F1="3.950365" intensity="1.197025e-02" type="0"/>
    <Peak1D F1="3.930058" intensity="2.691347e-02" type="0"/>
    <Peak1D F1="3.915138" intensity="2.394714e-02" type="0"/>
    <Peak1D F1="3.899231" intensity="3.001916e-01" type="0"/>
    <Peak1D F1="3.880461" intensity="1.112786e-01" type="0"/>
    <Peak1D F1="3.867257" intensity="1.694831e-02" type="0"/>
    <Peak1D F1="3.844251" intensity="4.793389e-02" type="0"/>
    <Peak1D F1="3.830794" intensity="5.472267e-02" type="0"/>
    <Peak1D F1="3.793541" intensity="3.814432e-02" type="0"/>
    <Peak1D F1="3.726538" intensity="9.307901e-02" type="0"/>
    <Peak1D F1="3.587453" intensity="1.007833e+00" type="0"/>
    <Peak1D F1="3.557702" intensity="1.193566e+00" type="0"/>
    <Peak1D F1="3.492626" intensity="1.667950e+00" type="0"/>
    <Peak1D F1="3.441320" intensity="7.503633e-01" type="0"/>
    <Peak1D F1="3.406452" intensity="6.330952e-01" type="0"/>
    <Peak1D F1="3.400879" intensity="8.036409e-01" type="0"/>
    <Peak1D F1="3.395490" intensity="5.780287e-01" type="0"/>
    <Peak1D F1="3.384090" intensity="4.189001e-01" type="0"/>
    <Peak1D F1="3.368140" intensity="4.085937e-01" type="0"/>
    <Peak1D F1="3.338883" intensity="1.609067e-01" type="0"/>
    <Peak1D F1="3.322979" intensity="1.361903e-01" type="0"/>
    <Peak1D F1="3.310944" intensity="1.875414e-01" type="0"/>
    <Peak1D F1="3.299626" intensity="2.391654e-01" type="0"/>
    <Peak1D F1="3.288282" intensity="1.736934e-01" type="0"/>
    <Peak1D F1="3.269794" intensity="1.054719e-01" type="0"/>
    <Peak1D F1="3.246980" intensity="1.202001e-01" type="0"/>
    <Peak1D F1="3.222572" intensity="1.420739e-01" type="0"/>
    <Peak1D F1="3.106797" intensity="5.137559e-01" type="0"/>
    <Peak1D F1="3.006454" intensity="1.452935e-01" type="0"/>
    <Peak1D F1="2.995893" intensity="1.026008e-01" type="0"/>
    <Peak1D F1="2.983658" intensity="1.081875e-01" type="0"/>
    <Peak1D F1="2.957984" intensity="8.157092e-02" type="0"/>
    <Peak1D F1="2.944571" intensity="7.173393e-02" type="0"/>
    <Peak1D F1="2.933585" intensity="7.640787e-02" type="0"/>
    <Peak1D F1="2.904450" intensity="3.778189e-02" type="0"/>
    <Peak1D F1="2.890930" intensity="3.309893e-02" type="0"/>
    <Peak1D F1="2.818011" intensity="2.829672e-02" type="0"/>
    <Peak1D F1="2.784203" intensity="3.427358e-02" type="0"/>
    <Peak1D F1="2.771008" intensity="3.504525e-02" type="0"/>
    <Peak1D F1="2.689160" intensity="4.077134e-02" type="0"/>
    <Peak1D F1="2.680143" intensity="4.199456e-02" type="0"/>
    <Peak1D F1="2.661764" intensity="5.429960e-02" type="0"/>
    <Peak1D F1="2.649343" intensity="7.818322e-02" type="0"/>
    <Peak1D F1="2.634701" intensity="7.256892e-02" type="0"/>
    <Peak1D F1="2.621956" intensity="4.446860e-02" type="0"/>
    <Peak1D F1="2.568164" intensity="4.157412e-02" type="0"/>
    <Peak1D F1="2.553085" intensity="4.322836e-02" type="0"/>
    <Peak1D F1="2.540465" intensity="3.576097e-02" type="0"/>
    <Peak1D F1="2.511407" intensity="3.106046e-02" type="0"/>
    <Peak1D F1="2.390375" intensity="1.923391e-02" type="0"/>
    <Peak1D F1="2.378148" intensity="1.930368e-02" type="0"/>
    <Peak1D F1="2.360129" intensity="1.672084e-02" type="0"/>
    <Peak1D F1="2.342227" intensity="1.618664e-02" type="0"/>
    <Peak1D F1="2.301965" intensity="1.787478e-02" type="0"/>
    <Peak1D F1="2.279790" intensity="1.495589e-02" type="0"/>
    <Peak1D F1="2.266167" intensity="2.172901e-02" type="0"/>
    <Peak1D F1="2.253224" intensity="2.894908e-02" type="0"/>
    <Peak1D F1="2.241168" intensity="4.146728e-02" type="0"/>
    <Peak1D F1="2.228145" intensity="2.970991e-02" type="0"/>
    <Peak1D F1="2.206311" intensity="1.513042e-02" type="0"/>
    <Peak1D F1="2.193678" intensity="1.733260e-02" type="0"/>
    <Peak1D F1="2.168196" intensity="1.950822e-02" type="0"/>
    <Peak1D F1="2.140980" intensity="9.432639e-03" type="0"/>
    <Peak1D F1="2.123203" intensity="8.980115e-03" type="0"/>
    <Peak1D F1="2.111825" intensity="9.668944e-03" type="0"/>
    <Peak1D F1="2.098557" intensity="1.101426e-02" type="0"/>
    <Peak1D F1="2.064360" intensity="2.255547e+00" type="0"/>
    <Peak1D F1="2.030740" intensity="1.290723e-02" type="0"/>
    <Peak1D F1="1.997079" intensity="3.833713e-02" type="0"/>
    <Peak1D F1="1.987199" intensity="3.401101e-02" type="0"/>
    <Peak1D F1="1.977809" intensity="3.715186e-02" type="0"/>
    <Peak1D F1="1.965992" intensity="3.414797e-02" type="0"/>
    <Peak1D F1="1.956537" intensity="4.406822e-02" type="0"/>
    <Peak1D F1="1.876962" intensity="3.926584e+00" type="0"/>
    <Peak1D F1="1.868526" intensity="3.400123e+00" type="0"/>
    <Peak1D F1="1.799362" intensity="2.474524e+00" type="0"/>
    <Peak1D F1="1.733345" intensity="3.111838e-01" type="0"/>
    <Peak1D F1="1.721595" intensity="2.650408e-01" type="0"/>
    <Peak1D F1="1.710592" intensity="1.979702e-01" type="0"/>
    <Peak1D F1="1.681831" intensity="1.368229e-01" type="0"/>
    <Peak1D F1="1.669637" intensity="1.526492e-01" type="0"/>
    <Peak1D F1="1.658806" intensity="1.661863e-01" type="0"/>
    <Peak1D F1="1.620881" intensity="8.890851e-02" type="0"/>
    <Peak1D F1="1.608872" intensity="9.666832e-02" type="0"/>
    <Peak1D F1="1.597232" intensity="1.098855e-01" type="0"/>
    <Peak1D F1="1.590923" intensity="1.084688e-01" type="0"/>
    <Peak1D F1="1.582466" intensity="1.073406e-01" type="0"/>
    <Peak1D F1="1.570012" intensity="9.140561e-02" type="0"/>
    <Peak1D F1="1.559037" intensity="7.561465e-02" type="0"/>
    <Peak1D F1="1.544851" intensity="7.405392e-02" type="0"/>
    <Peak1D F1="1.538278" intensity="8.195866e-02" type="0"/>
    <Peak1D F1="1.528024" intensity="6.556683e-02" type="0"/>
    <Peak1D F1="1.502137" intensity="5.642060e-02" type="0"/>
    <Peak1D F1="1.490366" intensity="6.191702e-02" type="0"/>
    <Peak1D F1="1.480038" intensity="4.929339e-02" type="0"/>
    <Peak1D F1="1.441514" intensity="2.672773e-02" type="0"/>
    <Peak1D F1="1.415368" intensity="2.662347e-02" type="0"/>
    <Peak1D F1="1.386679" intensity="2.657787e-02" type="0"/>
    <Peak1D F1="1.349525" intensity="1.869905e-02" type="0"/>
    <Peak1D F1="1.342036" intensity="2.412763e-02" type="0"/>
    <Peak1D F1="1.325849" intensity="1.607845e-02" type="0"/>
    <Peak1D F1="1.297068" intensity="3.424795e-02" type="0"/>
    <Peak1D F1="1.289182" intensity="3.823735e-02" type="0"/>
    <Peak1D F1="1.277038" intensity="3.843347e-02" type="0"/>
    <Peak1D F1="1.264925" intensity="4.723062e-02" type="0"/>
    <Peak1D F1="1.258634" intensity="6.733014e-02" type="0"/>
    <Peak1D F1="1.202640" intensity="1.615934e-01" type="0"/>
    <Peak1D F1="1.175609" intensity="1.187919e+00" type="0"/>
    <Peak1D F1="1.110023" intensity="4.672180e-02" type="0"/>
    <Peak1D F1="1.081862" intensity="3.181810e-02" type="0"/>
    <Peak1D F1="1.033833" intensity="2.261597e-02" type="0"/>
    <Peak1D F1="1.008328" intensity="2.669948e-02" type="0"/>
    <Peak1D F1="0.991472" intensity="2.737144e-02" type="0"/>
    <Peak1D F1="0.971485" intensity="2.717657e-02" type="0"/>
    <Peak1D F1="0.959500" intensity="2.474003e-02" type="0"/>
    <Peak1D F1="0.950723" intensity="2.558832e-02" type="0"/>
    <Peak1D F1="0.935376" intensity="1.940051e-02" type="0"/>
    <Peak1D F1="0.902057" intensity="1.486738e-02" type="0"/>
    <Peak1D F1="0.882195" intensity="1.127672e-02" type="0"/>
    <Peak1D F1="0.854334" intensity="1.637661e-02" type="0"/>
    <Peak1D F1="0.810269" intensity="1.115687e-01" type="0"/>
    <Peak1D F1="0.799595" intensity="1.742026e-01" type="0"/>
    <Peak1D F1="0.787727" intensity="1.285215e-01" type="0"/>
    <Peak1D F1="0.766102" intensity="1.764021e-01" type="0"/>
    <Peak1D F1="0.711079" intensity="2.162806e-02" type="0"/>
    <Peak1D F1="0.629347" intensity="4.699509e-03" type="0"/>
    <Peak1D F1="0.609613" intensity="9.678767e-03" type="0"/>
    <Peak1D F1="0.593024" intensity="7.032886e-03" type="0"/>
    <Peak1D F1="0.013867" intensity="2.537640e-03" type="0"/>
    <Peak1D F1="-0.000154" intensity="1.132592e-01" type="0"/>
    <Peak1D F1="-1.922503" intensity="2.078931e-03" type="0"/>
    <Peak1D F1="-2.012658" intensity="2.207876e-03" type="0"/>
    <Peak1D F1="-2.040988" intensity="2.013463e-03" type="0"/>
    <Peak1D F1="-2.145169" intensity="2.072188e-03" type="0"/>
    <Peak1D F1="-2.487989" intensity="2.226511e-03" type="0"/>
    <Peak1D F1="-2.500545" intensity="1.987325e-03" type="0"/>
    <Peak1D F1="-2.542362" intensity="1.992739e-03" type="0"/>
  </PeakList1D>
</PeakList>
