{"IFD.fairdata.version":"0.0.2-alpha+2002.04.02",
"IFD.extractor.version":"0.0.2-alpha+2002.04.02",
"IFD.extractor.code":"https://github.com/IUPAC/IUPAC-FAIRSpec/blob/main/src/main/java/com/integratedgraphics/ifd/Extractor.java",
"IFD.extractor.list.type":"manifest",
"IFD.extractor.scirpt":"_IFD_extract.json",
"IFD.extractor.source":"https://ndownloader.figshare.com/files/21947274",
"IFD.extractor.creation.date":"2 Apr 2022 12:30:39 GMT",
"IFD.extractor.count":83,
"IFD.extractor.list":
[
"primary_NMR_data_3aa_3aa-C_.zip"
,"primary_NMR_data_3aa_3aa-H_.zip"
,"primary_NMR_data_3ab_3ab-C_.zip"
,"primary_NMR_data_3ab_3ab-H_.zip"
,"primary_NMR_data_3ac_3ac-C_.zip"
,"primary_NMR_data_3ac_3ac-H_.zip"
,"primary_NMR_data_3ad_3ad-C_.zip"
,"primary_NMR_data_3ad_3ad-H_.zip"
,"primary_NMR_data_3ae_3ae-C_.zip"
,"primary_NMR_data_3ae_3ae-H_.zip"
,"primary_NMR_data_3af_3af-C_.zip"
,"primary_NMR_data_3af_3af-H_.zip"
,"primary_NMR_data_3ag_3ag-C_.zip"
,"primary_NMR_data_3ag_3ag-H_.zip"
,"primary_NMR_data_3ah_3ah-C_.zip"
,"primary_NMR_data_3ah_3ah-H_.zip"
,"primary_NMR_data_3ai_3ai-C_.zip"
,"primary_NMR_data_3ai_3ai-H_.zip"
,"primary_NMR_data_3aj_3aj-C_.zip"
,"primary_NMR_data_3aj_3aj-H_.zip"
,"primary_NMR_data_3ak_3ak-C_.zip"
,"primary_NMR_data_3ak_3ak-H_.zip"
,"primary_NMR_data_3al_3al-C_.zip"
,"primary_NMR_data_3al_3al-H_.zip"
,"primary_NMR_data_3am_3am-C_.zip"
,"primary_NMR_data_3am_3am-H_.zip"
,"primary_NMR_data_3an_3an-C_.zip"
,"primary_NMR_data_3an_3an-H_.zip"
,"primary_NMR_data_3ao_3ao-C_.zip"
,"primary_NMR_data_3ao_3ao-H_.zip"
,"primary_NMR_data_3ap_3ap-C_.zip"
,"primary_NMR_data_3ap_3ap-H_.zip"
,"primary_NMR_data_3aq_3aq-C_.zip"
,"primary_NMR_data_3aq_3aq-H_.zip"
,"primary_NMR_data_3ar_3ar-C_.zip"
,"primary_NMR_data_3ar_3ar-H_.zip"
,"primary_NMR_data_3at_3at-C_.zip"
,"primary_NMR_data_3at_3at-H_.zip"
,"primary_NMR_data_3au_3au-C_.zip"
,"primary_NMR_data_3au_3au-H_.zip"
,"primary_NMR_data_3av_3av-C_.zip"
,"primary_NMR_data_3av_3av-H_.zip"
,"primary_NMR_data_3aw_3aw-C_.zip"
,"primary_NMR_data_3aw_3aw-H_.zip"
,"primary_NMR_data_3ax_3ax-C_.zip"
,"primary_NMR_data_3ax_3ax-H_.zip"
,"primary_NMR_data_3ay_3ay-C_.zip"
,"primary_NMR_data_3ay_3ay-H_.zip"
,"primary_NMR_data_3az_3az-C_.zip"
,"primary_NMR_data_3az_3az-H_.zip"
,"primary_NMR_data_3ba_3ba-C_.zip"
,"primary_NMR_data_3ba_3ba-H_.zip"
,"primary_NMR_data_3bq_3bq-C_.zip"
,"primary_NMR_data_3bq_3bq-H_.zip"
,"primary_NMR_data_3bx_3bx-C_.zip"
,"primary_NMR_data_3bx_3bx-H_.zip"
,"primary_NMR_data_3ca_3ca-C_.zip"
,"primary_NMR_data_3ca_3ca-H_.zip"
,"primary_NMR_data_3cq_3cq-C_.zip"
,"primary_NMR_data_3cq_3cq-H_.zip"
,"primary_NMR_data_3da_3da-C_.zip"
,"primary_NMR_data_3da_3da-H_.zip"
,"primary_NMR_data_3dq_3dq-C_.zip"
,"primary_NMR_data_3dq_3dq-H_.zip"
,"primary_NMR_data_3dx_3dx-C_.zip"
,"primary_NMR_data_3dx_3dx-H_.zip"
,"primary_NMR_data_3ex_3ex-C_.zip"
,"primary_NMR_data_3ex_3ex-H_.zip"
,"primary_NMR_data_3fq_3fq-C_.zip"
,"primary_NMR_data_3fq_3fq-H_.zip"
,"primary_NMR_data_3gq_3gq-C_.zip"
,"primary_NMR_data_3gq_3gq-H_.zip"
,"primary_NMR_data_3ha_3ha-C_.zip"
,"primary_NMR_data_3ha_3ha-H_.zip"
,"primary_NMR_data_3ia_3ia-C_.zip"
,"primary_NMR_data_3ia_3ia-H_.zip"
,"primary_NMR_data_3ja_3ja-C_.zip"
,"primary_NMR_data_3ja_3ja-H_.zip"
,"primary_NMR_data_4aa_4aa-H_.zip"
,"primary_NMR_data_5ia_5ia-H_.zip"
,"primary_NMR_data_3ay_3ay-C_pdata_1_thumb.png"
,"primary_NMR_data_3az_3az-C_pdata_1_thumb.png"
,"primary_NMR_data_3gq_3gq-C_pdata_1_thumb.png"
]}
