{"IFD-extract-version":"0.2.0-alpha","keys":[
 {"example":"compound directories containing  bruker files identified as '1-C' or '1-H'"},
 {"journal":"acs.orglett"},{"hash":"0c00624"},
 {"figshareid":"21947274"},
 
 {"IFDid=IFD.property.fairdata.collection.id":"{journal}.{hash}"},
 {"IFD.property.fairdata.collection.source.publication.uri":"https://doi.org/10.1021/{IFDid}"},
 {"IFD.property.fairdata.collection.data.license.uri":"https://creativecommons.org/licenses/by-nc/4.0"},
 {"IFD.property.fairdata.collection.data.license.name":"cc-by-nc-4.0"},
 
 {"data0":"{IFD.property.fairdata.collection.source.data.uri::https://pubs.acs.org/doi/suppl/10.1021/{IFDid}/suppl_file/ol{hash}_si_002.zip}"},
 {"data":"{IFD.property.fairdata.collection.source.data.uri::https://ndownloader.figshare.com/files/{figshareid}}"},

 {"path":"{data}|primary NMR data/{id=IFD.property.sample.label::*}/"},
 {"IFD.property.fairdata.collection.object":"{path}{IFD.representation.data.spec.nmr.vendor.dataset::{IFD.property.data.spec.nmr.expt.label::<id>-*}/}"}
]}