{"IFD.version":"0.1.0-beta+2025.07.24",
"FAIRSpec.extractor.version":"0.1.0-beta+2025.07.24",
"FAIRSpec.extractor.code":"https://github.com/IUPAC/IUPAC-FAIRSpec/blob/main/src/main/java/com/integratedgraphics/extractor/IFDExtractor.java",
"FAIRSpec.extractor.creation_date":"17 Aug 2025 02:44:00 GMT",
"FAIRSpec.extractor.script":"IFD-extract.json",
"FAIRSpec.extractor.sources":
["file:///c:/temp/iupac/acs/zip/22125318.zip",
"file:/C:/Users/hanso/git/IUPAC-FAIRSpec/./extract/acs.orglett.0c00788/structures/"
],
"FAIRSpec.extractor.list_type":"manifest",
"FAIRSpec.extractor.list_fileCount":178,
"FAIRSpec.extractor.list_byteCount":76069088,
"FAIRSpec.extractor.list":
[
"22125318/12a-Carbon.jdf",
"22125318/12a-Proton.jdf",
"22125318/3a-Carbon.jdf",
"22125318/3a-Proton.jdf",
"22125318/3b-Carbon.jdf",
"22125318/3b-Proton.jdf",
"22125318/3c-Carbon.jdf",
"22125318/3c-Proton.jdf",
"22125318/3c-reduced-Carbon.jdf",
"22125318/3c-reduced-Proton.jdf",
"22125318/3d-Carbon.jdf",
"22125318/3d-Proton.jdf",
"22125318/3d-reduced-Carbon.jdf",
"22125318/3d-reduced-Proton.jdf",
"22125318/3e-Carbon.jdf",
"22125318/3e-Proton.jdf",
"22125318/3f-Carbon.jdf",
"22125318/3f-Proton.jdf",
"22125318/3g-Carbon.jdf",
"22125318/3g-Proton.jdf",
"22125318/3g-reduced-Carbon.jdf",
"22125318/3g-reduced-Proton.jdf",
"22125318/3h-Carbon.jdf",
"22125318/3h-Proton.jdf",
"22125318/3i-reduced-Carbon.jdf",
"22125318/3i-reduced-Proton.jdf",
"22125318/3j-Carbon.jdf",
"22125318/3j-Proton.jdf",
"22125318/3j-reduced-Carbon.jdf",
"22125318/3j-reduced-Proton.jdf",
"22125318/3k-Carbon.jdf",
"22125318/3k-Proton.jdf",
"22125318/3l-Carbon.jdf",
"22125318/3l-Proton.jdf",
"22125318/3m-Carbon.jdf",
"22125318/3m-NOE.jdf",
"22125318/3m-Proton.jdf",
"22125318/3n-Carbon.jdf",
"22125318/3n-NOE.jdf",
"22125318/3n-Proton.jdf",
"22125318/3o-Carbon.jdf",
"22125318/3o-Proton.jdf",
"22125318/3p-Carbon.jdf",
"22125318/3p-Proton.jdf",
"22125318/3p-reduced-Carbon.jdf",
"22125318/3p-reduced-Proton.jdf",
"22125318/3q-Carbon.jdf",
"22125318/3q-Proton.jdf",
"22125318/3r-Carbon.jdf",
"22125318/3r-Proton.jdf",
"22125318/3r-reduced-Carbon.jdf",
"22125318/3r-reduced-Proton.jdf",
"22125318/3s-Carbon.jdf",
"22125318/3s-Proton.jdf",
"22125318/3t-reduced-Carbon.jdf",
"22125318/3t-reduced-Proton.jdf",
"22125318/3u-reduced-Carbon.jdf",
"22125318/3u-reduced-Proton.jdf",
"22125318/3v-reduced-Carbon.jdf",
"22125318/3v-reduced-Proton.jdf",
"22125318/3w-reduced-Carbon.jdf",
"22125318/3w-reduced-Proton.jdf",
"22125318/3x-Carbon.jdf",
"22125318/3x-Proton.jdf",
"22125318/3y-Carbon.jdf",
"22125318/3y-Proton.jdf",
"22125318/3z-Carbon.jdf",
"22125318/3z-Proton.jdf",
"22125318/4a-Carbon.jdf",
"22125318/4a-Proton.jdf",
"22125318/5a-Carbon.jdf",
"22125318/5a-Proton.jdf",
"22125318/6a-Carbon.jdf",
"22125318/6a-Proton.jdf",
"22125318/7a-Carbon.jdf",
"22125318/7a-Proton.jdf",
"22125318/8a-Carbon-CDCl3.jdf",
"22125318/8a-Carbon-DMSO.jdf",
"22125318/8a-Proton-CDCl3.jdf",
"22125318/8a-Proton-DMSO.jdf",
"22125318/9a+10a-Carbon.jdf",
"22125318/9a+10a-Proton.jdf"
,"structures/12a.cdxml",
"structures/12a.cdxml.mol",
"structures/12a.cdxml.png",
"structures/3a.cdxml",
"structures/3a.cdxml.mol",
"structures/3a.cdxml.png",
"structures/3b.cdxml",
"structures/3b.cdxml.mol",
"structures/3b.cdxml.png",
"structures/3c-reduced.cdxml",
"structures/3c-reduced.cdxml.mol",
"structures/3c-reduced.cdxml.png",
"structures/3d-reduced.cdxml",
"structures/3d-reduced.cdxml.mol",
"structures/3d-reduced.cdxml.png",
"structures/3e.cdxml",
"structures/3e.cdxml.mol",
"structures/3e.cdxml.png",
"structures/3f.cdxml",
"structures/3f.cdxml.mol",
"structures/3f.cdxml.png",
"structures/3g-reduced.cdxml",
"structures/3g-reduced.cdxml.mol",
"structures/3g-reduced.cdxml.png",
"structures/3h.cdxml",
"structures/3h.cdxml.mol",
"structures/3h.cdxml.png",
"structures/3i-reduced.cdxml",
"structures/3i-reduced.cdxml.mol",
"structures/3i-reduced.cdxml.png",
"structures/3j-reduced.cdxml",
"structures/3j-reduced.cdxml.mol",
"structures/3j-reduced.cdxml.png",
"structures/3k.cdxml",
"structures/3k.cdxml.mol",
"structures/3k.cdxml.png",
"structures/3l.cdxml",
"structures/3l.cdxml.mol",
"structures/3l.cdxml.png",
"structures/3m.cdxml",
"structures/3m.cdxml.mol",
"structures/3m.cdxml.png",
"structures/3n.cdxml",
"structures/3n.cdxml.mol",
"structures/3n.cdxml.png",
"structures/3o.cdxml",
"structures/3o.cdxml.mol",
"structures/3o.cdxml.png",
"structures/3p-reduced.cdxml",
"structures/3p-reduced.cdxml.mol",
"structures/3p-reduced.cdxml.png",
"structures/3q.cdxml",
"structures/3q.cdxml.mol",
"structures/3q.cdxml.png",
"structures/3r-reduced.cdxml",
"structures/3r-reduced.cdxml.mol",
"structures/3r-reduced.cdxml.png",
"structures/3s.cdxml",
"structures/3s.cdxml.mol",
"structures/3s.cdxml.png",
"structures/3t-reduced.cdxml",
"structures/3t-reduced.cdxml.mol",
"structures/3t-reduced.cdxml.png",
"structures/3u-reduced.cdxml",
"structures/3u-reduced.cdxml.mol",
"structures/3u-reduced.cdxml.png",
"structures/3v-reduced.cdxml",
"structures/3v-reduced.cdxml.mol",
"structures/3v-reduced.cdxml.png",
"structures/3w-reduced.cdxml",
"structures/3w-reduced.cdxml.mol",
"structures/3w-reduced.cdxml.png",
"structures/3x.cdxml",
"structures/3x.cdxml.mol",
"structures/3x.cdxml.png",
"structures/3y.cdxml",
"structures/3y.cdxml.mol",
"structures/3y.cdxml.png",
"structures/3z.cdxml",
"structures/3z.cdxml.mol",
"structures/3z.cdxml.png",
"structures/6a.cdxml",
"structures/6a.cdxml.mol",
"structures/6a.cdxml.png",
"structures/7a.cdxml",
"structures/7a.cdxml.mol",
"structures/7a.cdxml.png",
"structures/8a.cdxml",
"structures/8a.cdxml.mol",
"structures/8a.cdxml.png",
"structures/9a+10a_10a.cdxml",
"structures/9a+10a_10a.cdxml.mol",
"structures/9a+10a_10a.cdxml.png",
"structures/9a+10a_9a.cdxml",
"structures/9a+10a_9a.cdxml.mol",
"structures/9a+10a_9a.cdxml.png"
]
}
