<?xml version="1.0" encoding="UTF-8"?>
<PeakList>
  <PeakList1D>
    <PeakList1DHeader creator="nmrsu" date="2023-07-20T13:01:54.604-05:00" expNo="1257310" name="Jul20-2023" owner="" procNo="1" source="G:/data/chem-synthesis-summer-a-team1/nmr">
      <PeakPickDetails>F1=16.187771ppm, F2=-3.837772ppm, MI=0.00cm, MAXI=10000.00cm, PC=1.000
      </PeakPickDetails>
    </PeakList1DHeader>
    <Peak1D F1="15.321466" intensity="3.119555e-004" type="0"/>
    <Peak1D F1="15.087470" intensity="3.062412e-004" type="0"/>
    <Peak1D F1="11.762047" intensity="3.309101e-004" type="0"/>
    <Peak1D F1="10.909306" intensity="3.413694e-004" type="0"/>
    <Peak1D F1="10.504178" intensity="3.089227e-004" type="0"/>
    <Peak1D F1="8.592781" intensity="2.955695e-004" type="0"/>
    <Peak1D F1="8.286617" intensity="5.028402e-004" type="0"/>
    <Peak1D F1="8.217607" intensity="3.813452e-004" type="0"/>
    <Peak1D F1="8.187971" intensity="4.230197e-004" type="0"/>
    <Peak1D F1="8.172023" intensity="4.208352e-004" type="0"/>
    <Peak1D F1="8.158947" intensity="5.802873e-004" type="0"/>
    <Peak1D F1="8.124951" intensity="1.002711e-003" type="0"/>
    <Peak1D F1="8.073276" intensity="5.288155e-002" type="0"/>
    <Peak1D F1="8.016065" intensity="2.027468e-003" type="0"/>
    <Peak1D F1="7.998502" intensity="2.461911e-003" type="0"/>
    <Peak1D F1="7.962642" intensity="2.483428e-003" type="0"/>
    <Peak1D F1="7.928496" intensity="2.290086e-003" type="0"/>
    <Peak1D F1="7.871547" intensity="3.042435e-003" type="0"/>
    <Peak1D F1="7.853582" intensity="3.758420e-003" type="0"/>
    <Peak1D F1="7.813984" intensity="8.860501e-002" type="0"/>
    <Peak1D F1="7.794775" intensity="1.053354e-001" type="0"/>
    <Peak1D F1="7.777051" intensity="2.171116e-002" type="0"/>
    <Peak1D F1="7.592604" intensity="3.891596e+000" type="0"/>
    <Peak1D F1="7.571002" intensity="3.907449e+000" type="0"/>
    <Peak1D F1="7.516897" intensity="5.343460e-003" type="0"/>
    <Peak1D F1="7.496789" intensity="4.012126e-003" type="0"/>
    <Peak1D F1="7.475408" intensity="2.975906e-003" type="0"/>
    <Peak1D F1="7.465633" intensity="2.695368e-003" type="0"/>
    <Peak1D F1="7.454316" intensity="3.712359e-003" type="0"/>
    <Peak1D F1="7.424407" intensity="2.110354e-003" type="0"/>
    <Peak1D F1="7.402929" intensity="3.175980e-003" type="0"/>
    <Peak1D F1="7.384495" intensity="1.833092e-002" type="0"/>
    <Peak1D F1="7.356657" intensity="5.111275e-002" type="0"/>
    <Peak1D F1="7.336162" intensity="8.469484e-002" type="0"/>
    <Peak1D F1="7.317228" intensity="4.850574e-002" type="0"/>
    <Peak1D F1="7.283265" intensity="1.349863e-001" type="0"/>
    <Peak1D F1="7.245911" intensity="1.342495e-003" type="0"/>
    <Peak1D F1="7.215478" intensity="1.203349e-003" type="0"/>
    <Peak1D F1="7.177654" intensity="1.808756e-003" type="0"/>
    <Peak1D F1="7.153951" intensity="2.088197e-003" type="0"/>
    <Peak1D F1="7.131082" intensity="2.301672e-003" type="0"/>
    <Peak1D F1="7.107442" intensity="2.667022e-003" type="0"/>
    <Peak1D F1="7.097692" intensity="2.662311e-003" type="0"/>
    <Peak1D F1="7.068818" intensity="2.758173e-003" type="0"/>
    <Peak1D F1="7.039299" intensity="2.679544e-003" type="0"/>
    <Peak1D F1="7.018988" intensity="3.268807e-003" type="0"/>
    <Peak1D F1="6.922116" intensity="1.819862e-002" type="0"/>
    <Peak1D F1="6.914536" intensity="1.967525e-002" type="0"/>
    <Peak1D F1="6.893493" intensity="2.026142e-002" type="0"/>
    <Peak1D F1="6.863939" intensity="1.026641e-001" type="0"/>
    <Peak1D F1="6.843405" intensity="9.567028e-002" type="0"/>
    <Peak1D F1="6.802643" intensity="1.424546e-002" type="0"/>
    <Peak1D F1="6.759980" intensity="8.400308e-002" type="0"/>
    <Peak1D F1="6.740530" intensity="1.686479e-001" type="0"/>
    <Peak1D F1="6.718604" intensity="4.139511e+000" type="0"/>
    <Peak1D F1="6.696985" intensity="3.767149e+000" type="0"/>
    <Peak1D F1="6.639505" intensity="5.331304e-003" type="0"/>
    <Peak1D F1="6.603997" intensity="4.478688e-002" type="0"/>
    <Peak1D F1="6.582508" intensity="4.222751e-002" type="0"/>
    <Peak1D F1="6.551563" intensity="2.024199e-003" type="0"/>
    <Peak1D F1="6.534236" intensity="2.152296e-003" type="0"/>
    <Peak1D F1="6.518467" intensity="1.586141e-002" type="0"/>
    <Peak1D F1="6.498041" intensity="1.572645e-002" type="0"/>
    <Peak1D F1="6.490050" intensity="1.226571e-002" type="0"/>
    <Peak1D F1="6.462512" intensity="4.402692e-004" type="0"/>
    <Peak1D F1="6.441861" intensity="3.971321e-004" type="0"/>
    <Peak1D F1="6.402792" intensity="4.618098e-004" type="0"/>
    <Peak1D F1="6.382322" intensity="3.906146e-004" type="0"/>
    <Peak1D F1="6.363599" intensity="3.134693e-004" type="0"/>
    <Peak1D F1="6.245521" intensity="2.989213e-004" type="0"/>
    <Peak1D F1="5.750046" intensity="5.219762e-004" type="0"/>
    <Peak1D F1="5.721259" intensity="5.027673e-004" type="0"/>
    <Peak1D F1="4.727587" intensity="5.328864e-004" type="0"/>
    <Peak1D F1="4.612656" intensity="7.940882e-004" type="0"/>
    <Peak1D F1="4.593509" intensity="1.036907e-003" type="0"/>
    <Peak1D F1="4.569077" intensity="4.071093e-004" type="0"/>
    <Peak1D F1="4.477681" intensity="5.519748e-004" type="0"/>
    <Peak1D F1="4.437865" intensity="3.692115e-004" type="0"/>
    <Peak1D F1="4.389467" intensity="9.850384e-004" type="0"/>
    <Peak1D F1="4.371772" intensity="1.131902e-003" type="0"/>
    <Peak1D F1="4.334603" intensity="8.389904e-004" type="0"/>
    <Peak1D F1="4.235383" intensity="2.364063e-003" type="0"/>
    <Peak1D F1="4.201235" intensity="3.695648e-003" type="0"/>
    <Peak1D F1="4.188955" intensity="4.247044e-003" type="0"/>
    <Peak1D F1="4.179147" intensity="3.761987e-003" type="0"/>
    <Peak1D F1="4.148129" intensity="3.460582e-003" type="0"/>
    <Peak1D F1="4.131994" intensity="3.347996e-003" type="0"/>
    <Peak1D F1="4.119771" intensity="3.994446e-003" type="0"/>
    <Peak1D F1="4.079351" intensity="7.977717e-003" type="0"/>
    <Peak1D F1="4.046431" intensity="6.871909e-003" type="0"/>
    <Peak1D F1="4.025863" intensity="6.197486e-003" type="0"/>
    <Peak1D F1="3.974503" intensity="9.396471e-002" type="0"/>
    <Peak1D F1="3.957643" intensity="1.264576e-002" type="0"/>
    <Peak1D F1="3.936719" intensity="1.696954e-002" type="0"/>
    <Peak1D F1="3.901013" intensity="7.339487e-001" type="0"/>
    <Peak1D F1="3.867211" intensity="2.913813e-001" type="0"/>
    <Peak1D F1="3.837538" intensity="7.612427e-002" type="0"/>
    <Peak1D F1="3.796850" intensity="1.500000e+001" type="0"/>
    <Peak1D F1="3.747506" intensity="1.690181e-002" type="0"/>
    <Peak1D F1="3.738940" intensity="1.392292e-002" type="0"/>
    <Peak1D F1="3.727584" intensity="9.131831e-003" type="0"/>
    <Peak1D F1="3.718151" intensity="1.046417e-002" type="0"/>
    <Peak1D F1="3.703221" intensity="1.001112e-002" type="0"/>
    <Peak1D F1="3.683897" intensity="4.976873e-003" type="0"/>
    <Peak1D F1="3.676785" intensity="4.159530e-003" type="0"/>
    <Peak1D F1="3.671087" intensity="3.867932e-003" type="0"/>
    <Peak1D F1="3.661865" intensity="3.888082e-003" type="0"/>
    <Peak1D F1="3.651972" intensity="4.337872e-003" type="0"/>
    <Peak1D F1="3.614543" intensity="8.621520e-002" type="0"/>
    <Peak1D F1="3.596177" intensity="2.195498e-003" type="0"/>
    <Peak1D F1="3.579291" intensity="2.583038e-003" type="0"/>
    <Peak1D F1="3.542156" intensity="2.412712e-003" type="0"/>
    <Peak1D F1="3.511263" intensity="2.699130e-003" type="0"/>
    <Peak1D F1="3.502799" intensity="2.752589e-003" type="0"/>
    <Peak1D F1="3.478933" intensity="1.021105e-002" type="0"/>
    <Peak1D F1="3.465341" intensity="2.405941e-003" type="0"/>
    <Peak1D F1="3.454741" intensity="2.360933e-003" type="0"/>
    <Peak1D F1="3.443426" intensity="2.073926e-003" type="0"/>
    <Peak1D F1="3.403113" intensity="1.064324e-002" type="0"/>
    <Peak1D F1="3.387605" intensity="2.011273e-003" type="0"/>
    <Peak1D F1="3.380295" intensity="2.733372e-003" type="0"/>
    <Peak1D F1="3.365603" intensity="3.280075e-003" type="0"/>
    <Peak1D F1="3.359056" intensity="2.663201e-003" type="0"/>
    <Peak1D F1="3.342560" intensity="6.103219e-003" type="0"/>
    <Peak1D F1="3.329913" intensity="1.581230e-003" type="0"/>
    <Peak1D F1="3.311053" intensity="7.916073e-003" type="0"/>
    <Peak1D F1="3.292618" intensity="1.609686e-003" type="0"/>
    <Peak1D F1="3.277514" intensity="1.225952e-003" type="0"/>
    <Peak1D F1="3.260409" intensity="1.326557e-002" type="0"/>
    <Peak1D F1="3.221029" intensity="5.136956e-004" type="0"/>
    <Peak1D F1="3.207471" intensity="4.448454e-004" type="0"/>
    <Peak1D F1="3.192859" intensity="5.465107e-004" type="0"/>
    <Peak1D F1="3.177572" intensity="3.808063e-004" type="0"/>
    <Peak1D F1="3.145100" intensity="9.409145e-003" type="0"/>
    <Peak1D F1="3.119730" intensity="4.583654e-003" type="0"/>
    <Peak1D F1="3.083277" intensity="1.800465e-003" type="0"/>
    <Peak1D F1="3.065095" intensity="1.349188e-003" type="0"/>
    <Peak1D F1="2.965161" intensity="9.659259e-004" type="0"/>
    <Peak1D F1="2.906528" intensity="8.178782e-004" type="0"/>
    <Peak1D F1="2.834519" intensity="3.067246e-004" type="0"/>
    <Peak1D F1="2.725194" intensity="3.777368e-004" type="0"/>
    <Peak1D F1="2.452099" intensity="4.003704e-004" type="0"/>
    <Peak1D F1="2.432693" intensity="7.759882e-004" type="0"/>
    <Peak1D F1="2.389198" intensity="8.950513e-004" type="0"/>
    <Peak1D F1="2.370529" intensity="4.502400e-004" type="0"/>
    <Peak1D F1="2.350904" intensity="1.231843e-003" type="0"/>
    <Peak1D F1="2.318818" intensity="6.706729e-004" type="0"/>
    <Peak1D F1="2.298439" intensity="7.701807e-004" type="0"/>
    <Peak1D F1="2.286547" intensity="9.353097e-004" type="0"/>
    <Peak1D F1="2.263504" intensity="7.112006e-004" type="0"/>
    <Peak1D F1="2.225448" intensity="5.674622e-004" type="0"/>
    <Peak1D F1="2.197067" intensity="5.836889e-003" type="0"/>
    <Peak1D F1="2.160362" intensity="8.706282e-004" type="0"/>
    <Peak1D F1="2.149981" intensity="5.790234e-004" type="0"/>
    <Peak1D F1="2.121261" intensity="7.447595e-004" type="0"/>
    <Peak1D F1="2.088551" intensity="8.588149e-004" type="0"/>
    <Peak1D F1="2.076066" intensity="1.188800e-003" type="0"/>
    <Peak1D F1="2.058694" intensity="1.170493e-003" type="0"/>
    <Peak1D F1="2.043990" intensity="1.156688e-003" type="0"/>
    <Peak1D F1="1.989799" intensity="1.340468e-003" type="0"/>
    <Peak1D F1="1.975456" intensity="1.778552e-003" type="0"/>
    <Peak1D F1="1.959545" intensity="5.067432e-003" type="0"/>
    <Peak1D F1="1.940710" intensity="1.266514e-002" type="0"/>
    <Peak1D F1="1.922526" intensity="2.135680e-002" type="0"/>
    <Peak1D F1="1.904455" intensity="2.332784e-002" type="0"/>
    <Peak1D F1="1.886306" intensity="1.641203e-002" type="0"/>
    <Peak1D F1="1.868345" intensity="7.872760e-003" type="0"/>
    <Peak1D F1="1.850271" intensity="3.526276e-003" type="0"/>
    <Peak1D F1="1.802743" intensity="1.472370e-002" type="0"/>
    <Peak1D F1="1.785665" intensity="2.499790e-002" type="0"/>
    <Peak1D F1="1.773879" intensity="3.229079e-002" type="0"/>
    <Peak1D F1="1.756815" intensity="3.370908e-002" type="0"/>
    <Peak1D F1="1.745164" intensity="2.962541e-002" type="0"/>
    <Peak1D F1="1.728010" intensity="2.201499e-002" type="0"/>
    <Peak1D F1="1.691252" intensity="2.418053e-002" type="0"/>
    <Peak1D F1="1.673619" intensity="3.125716e-002" type="0"/>
    <Peak1D F1="1.663743" intensity="4.140386e-002" type="0"/>
    <Peak1D F1="1.654673" intensity="4.945064e-002" type="0"/>
    <Peak1D F1="1.637085" intensity="3.986288e-002" type="0"/>
    <Peak1D F1="1.610478" intensity="1.934706e-001" type="0"/>
    <Peak1D F1="1.567594" intensity="3.350724e-002" type="0"/>
    <Peak1D F1="1.556499" intensity="3.662458e-002" type="0"/>
    <Peak1D F1="1.549271" intensity="3.915874e-002" type="0"/>
    <Peak1D F1="1.537727" intensity="3.443059e-002" type="0"/>
    <Peak1D F1="1.529720" intensity="2.449643e-002" type="0"/>
    <Peak1D F1="1.501676" intensity="1.053900e-002" type="0"/>
    <Peak1D F1="1.468406" intensity="6.022554e-002" type="0"/>
    <Peak1D F1="1.406986" intensity="1.219247e-002" type="0"/>
    <Peak1D F1="1.383325" intensity="3.712713e-002" type="0"/>
    <Peak1D F1="1.359275" intensity="5.581406e-002" type="0"/>
    <Peak1D F1="1.344236" intensity="1.002300e-001" type="0"/>
    <Peak1D F1="1.325403" intensity="1.587567e-001" type="0"/>
    <Peak1D F1="1.305057" intensity="3.613031e-001" type="0"/>
    <Peak1D F1="1.252281" intensity="2.011408e-002" type="0"/>
    <Peak1D F1="1.236837" intensity="1.505983e-002" type="0"/>
    <Peak1D F1="1.216139" intensity="1.547348e-002" type="0"/>
    <Peak1D F1="1.199263" intensity="1.841468e-002" type="0"/>
    <Peak1D F1="1.181334" intensity="1.837626e-002" type="0"/>
    <Peak1D F1="1.165092" intensity="1.866291e-002" type="0"/>
    <Peak1D F1="1.147993" intensity="1.694059e-002" type="0"/>
    <Peak1D F1="1.136855" intensity="2.229466e-002" type="0"/>
    <Peak1D F1="1.118251" intensity="3.432318e-002" type="0"/>
    <Peak1D F1="1.099125" intensity="3.629303e-002" type="0"/>
    <Peak1D F1="1.087938" intensity="3.526963e-002" type="0"/>
    <Peak1D F1="1.069365" intensity="2.917287e-002" type="0"/>
    <Peak1D F1="1.050614" intensity="1.513992e-002" type="0"/>
    <Peak1D F1="1.016665" intensity="1.726310e-001" type="0"/>
    <Peak1D F1="1.000153" intensity="1.656804e-001" type="0"/>
    <Peak1D F1="0.981051" intensity="1.131114e-002" type="0"/>
    <Peak1D F1="0.942312" intensity="1.853511e-001" type="0"/>
    <Peak1D F1="0.926285" intensity="3.896572e-001" type="0"/>
    <Peak1D F1="0.917602" intensity="1.637553e-001" type="0"/>
    <Peak1D F1="0.908630" intensity="2.452127e-001" type="0"/>
    <Peak1D F1="0.899317" intensity="1.586598e-001" type="0"/>
    <Peak1D F1="0.878366" intensity="8.469784e-002" type="0"/>
    <Peak1D F1="0.859523" intensity="2.174475e-002" type="0"/>
    <Peak1D F1="0.834665" intensity="9.884820e-003" type="0"/>
    <Peak1D F1="0.816756" intensity="6.084086e-003" type="0"/>
    <Peak1D F1="0.794700" intensity="3.477845e-003" type="0"/>
    <Peak1D F1="0.786135" intensity="3.696294e-003" type="0"/>
    <Peak1D F1="0.768601" intensity="3.522029e-003" type="0"/>
    <Peak1D F1="0.761501" intensity="2.746777e-003" type="0"/>
    <Peak1D F1="0.753882" intensity="2.425552e-003" type="0"/>
    <Peak1D F1="0.702236" intensity="6.136455e-004" type="0"/>
    <Peak1D F1="0.685554" intensity="6.564345e-004" type="0"/>
    <Peak1D F1="0.656116" intensity="4.347705e-004" type="0"/>
    <Peak1D F1="0.617298" intensity="4.947139e-004" type="0"/>
    <Peak1D F1="0.586629" intensity="1.024748e-003" type="0"/>
    <Peak1D F1="0.557079" intensity="1.002201e-003" type="0"/>
    <Peak1D F1="0.526924" intensity="6.417398e-004" type="0"/>
    <Peak1D F1="0.123519" intensity="5.054089e-004" type="0"/>
    <Peak1D F1="-1.205987" intensity="3.067762e-004" type="0"/>
  </PeakList1D>
</PeakList>
