<?xml version="1.0" encoding="UTF-8"?>
<PeakList>
  <PeakList1D>
    <PeakList1DHeader creator="nmrsu" date="2023-07-20T14:00:11.326-05:00" expNo="1258210" name="Jul20-2023" owner="" procNo="1" source="G:/data/chem-synthesis-summer-a-team2/nmr">
      <PeakPickDetails>F1=219.460297ppm, F2=-19.460289ppm, MI=0.00cm, MAXI=10000.00cm, PC=1.400
      </PeakPickDetails>
    </PeakList1DHeader>
    <Peak1D F1="174.412979" intensity="2.789676e+000" type="0"/>
    <Peak1D F1="127.355461" intensity="4.837298e+000" type="0"/>
    <Peak1D F1="77.345467" intensity="1.758088e+001" type="0"/>
    <Peak1D F1="77.028252" intensity="1.737754e+001" type="0"/>
    <Peak1D F1="76.709953" intensity="1.660882e+001" type="0"/>
    <Peak1D F1="40.405701" intensity="1.500000e+001" type="0"/>
    <Peak1D F1="30.478626" intensity="1.451552e+001" type="0"/>
    <Peak1D F1="19.293678" intensity="9.703018e+000" type="0"/>
  </PeakList1D>
</PeakList>
