<?xml version="1.0" encoding="UTF-8"?>
<PeakList>
  <PeakList1D>
    <PeakList1DHeader creator="chemist" date="2019-03-09T23:30:42.750+00:00" expNo="10" name="Y1308" owner="" procNo="1" source="d:\">
      <PeakPickDetails>F1=245.691ppm, F2=-23.691ppm, MI=0.00cm, MAXI=10000.00cm, PC=1.400
      </PeakPickDetails>
    </PeakList1DHeader>
    <Peak1D F1="144.9095" intensity="0.27" type="0"/>
    <Peak1D F1="143.5264" intensity="0.26" type="0"/>
    <Peak1D F1="137.2110" intensity="0.28" type="0"/>
    <Peak1D F1="133.9193" intensity="0.25" type="0"/>
    <Peak1D F1="133.4122" intensity="0.32" type="0"/>
    <Peak1D F1="133.2905" intensity="0.23" type="0"/>
    <Peak1D F1="132.3473" intensity="0.45" type="0"/>
    <Peak1D F1="131.7236" intensity="1.07" type="0"/>
    <Peak1D F1="129.9202" intensity="0.52" type="0"/>
    <Peak1D F1="129.5495" intensity="1.04" type="0"/>
    <Peak1D F1="129.4241" intensity="0.47" type="0"/>
    <Peak1D F1="129.0891" intensity="1.02" type="0"/>
    <Peak1D F1="128.9838" intensity="1.04" type="0"/>
    <Peak1D F1="127.6014" intensity="0.43" type="0"/>
    <Peak1D F1="78.7317" intensity="0.44" type="0"/>
    <Peak1D F1="78.2220" intensity="13.34" type="0"/>
    <Peak1D F1="78.0105" intensity="13.50" type="0"/>
    <Peak1D F1="77.7987" intensity="13.35" type="0"/>
    <Peak1D F1="45.6495" intensity="0.47" type="0"/>
    <Peak1D F1="22.0340" intensity="0.47" type="0"/>
  </PeakList1D>
</PeakList>
