<?xml version="1.0" encoding="UTF-8"?>
<PeakList>
  <PeakList1D>
    <PeakList1DHeader creator="pjw" date="2020-02-22T15:05:38.360-05:00" expNo="2" name="hz-3au" owner="" procNo="1" source="D:\pjw-UNI500">
      <PeakPickDetails>F1=218.326508ppm, F2=-18.334021ppm, MI=0.00cm, MAXI=10000.00cm, PC=1.400
      </PeakPickDetails>
    </PeakList1DHeader>
    <Peak1D F1="163.857834" intensity="1.229965e+000" type="0"/>
    <Peak1D F1="151.718063" intensity="1.541199e+000" type="0"/>
    <Peak1D F1="149.875793" intensity="4.776966e+000" type="0"/>
    <Peak1D F1="148.911636" intensity="1.775092e+000" type="0"/>
    <Peak1D F1="140.075699" intensity="4.673496e+000" type="0"/>
    <Peak1D F1="138.560959" intensity="4.432228e+000" type="0"/>
    <Peak1D F1="136.327682" intensity="4.032054e+000" type="0"/>
    <Peak1D F1="124.073128" intensity="7.072545e+000" type="0"/>
    <Peak1D F1="118.836433" intensity="4.427186e+000" type="0"/>
    <Peak1D F1="115.888390" intensity="5.194008e+000" type="0"/>
    <Peak1D F1="105.140175" intensity="4.332579e+000" type="0"/>
    <Peak1D F1="77.312302" intensity="1.490509e+001" type="0"/>
    <Peak1D F1="77.057930" intensity="1.498057e+001" type="0"/>
    <Peak1D F1="76.803291" intensity="1.500000e+001" type="0"/>
    <Peak1D F1="32.355114" intensity="5.397150e+000" type="0"/>
    <Peak1D F1="31.698942" intensity="5.557825e+000" type="0"/>
  </PeakList1D>
</PeakList>
