<?xml version="1.0" encoding="UTF-8"?>
<PeakList modified="2020-01-29T19:56:58">
  <PeakList1D>
    <PeakList1DHeader creator="Dell" date="2020-01-29T19:55:12" expNo="4" name="SDT461" owner="" procNo="1" source="C:/Users/Dell/Desktop/NMR/Chlorochromanyl">
      <PeakPickDetails>F1=134.139252ppm, F2=111.854836ppm, MI=6.01cm, MAXI=19.04cm, PC=1.400
      </PeakPickDetails>
    </PeakList1DHeader>
    <Peak1D F1="130.37973" intensity="12.25718" type="0"/>
    <Peak1D F1="128.239243" intensity="12.36746" type="0"/>
    <Peak1D F1="120.897865" intensity="13.00357" type="0"/>
  </PeakList1D>
  <PeakList1D>
    <PeakList1DHeader creator="Dell" date="2020-01-29T19:55:12" expNo="4" name="SDT461" owner="" procNo="1" source="C:/Users/Dell/Desktop/NMR/Chlorochromanyl">
      <PeakPickDetails>F1=64.163818ppm, F2=63.050903ppm, MI=6.73cm, MAXI=23.21cm, PC=1.400
      </PeakPickDetails>
    </PeakList1DHeader>
    <Peak1D F1="63.308022" intensity="13.474" type="0"/>
  </PeakList1D>
  <PeakList1D>
    <PeakList1DHeader creator="Dell@Dell-PC" date="2020-01-29T19:57:00" expNo="4" name="SDT461" owner="Dell" procNo="1" source="C:/Users/Dell/Desktop/NMR/Chlorochromanyl">
      <PeakPickDetails>Manually picked peaks
</PeakPickDetails>
    </PeakList1DHeader>
    <Peak1D F1="62.92746182139641" intensity="-1.706418025956709" type="1"/>
    <Peak1D F1="30.63040059406737" intensity="-15.197032748794653" type="1"/>
  </PeakList1D>
</PeakList>
