<?xml version="1.0" encoding="UTF-8"?>
<PeakList>
  <PeakList1D>
    <PeakList1DHeader creator="JRomeo" date="2020-01-07T15:35:40" expNo="2" name="2JR64_2" owner="" procNo="1" source="C:\Bruker\TOPSPIN">
      <PeakPickDetails>F1=169.895ppm, F2=98.360ppm, MI=0.37cm, MAXI=4.86cm, PC=1.400
      </PeakPickDetails>
    </PeakList1DHeader>
    <Peak1D F1="157.5388" intensity="2.08" type="0"/>
    <Peak1D F1="155.4731" intensity="0.62" type="0"/>
    <Peak1D F1="154.653" intensity="1.44" type="0"/>
    <Peak1D F1="142.3553" intensity="0.94" type="0"/>
    <Peak1D F1="141.1165" intensity="0.82" type="0"/>
    <Peak1D F1="128.4163" intensity="2.68" type="0"/>
    <Peak1D F1="112.6335" intensity="1.3" type="0"/>
    <Peak1D F1="107.601" intensity="3.72" type="0"/>
  </PeakList1D>
  <PeakList1D>
    <PeakList1DHeader creator="JRomeo" date="2020-01-07T15:35:40" expNo="2" name="2JR64_2" owner="" procNo="1" source="C:\Bruker\TOPSPIN">
      <PeakPickDetails>F1=69.945ppm, F2=51.465ppm, MI=2.16cm, MAXI=8.84cm, PC=1.400
      </PeakPickDetails>
    </PeakList1DHeader>
    <Peak1D F1="62.3359" intensity="3.03" type="0"/>
    <Peak1D F1="61.1503" intensity="3.14" type="0"/>
    <Peak1D F1="56.2407" intensity="4.41" type="0"/>
  </PeakList1D>
</PeakList>
