<?xml version="1.0" encoding="UTF-8"?>
<PeakList modified="2020-02-01T19:05:49">
  <PeakList1D>
    <PeakList1DHeader creator="Dell" date="2020-02-01T19:05:49" expNo="1" name="SDT340" owner="" procNo="1" source="C:/Users/Dell/Desktop/NMR/Z-synthesis">
      <PeakPickDetails>F1=7.278070ppm, F2=7.215642ppm, MI=1.28cm, MAXI=8.98cm, PC=1.000
      </PeakPickDetails>
    </PeakList1DHeader>
    <Peak1D F1="7.259999" intensity="4.550302" type="0"/>
  </PeakList1D>
  <PeakList1D>
    <PeakList1DHeader creator="Dell" date="2020-02-01T19:05:49" expNo="1" name="SDT340" owner="" procNo="1" source="C:/Users/Dell/Desktop/NMR/Z-synthesis">
      <PeakPickDetails>F1=7.074052ppm, F2=7.034898ppm, MI=0.37cm, MAXI=2.20cm, PC=1.000
      </PeakPickDetails>
    </PeakList1DHeader>
    <Peak1D F1="7.0651" intensity="1.042124" type="0"/>
    <Peak1D F1="7.062717" intensity="1.09249" type="0"/>
    <Peak1D F1="7.054102" intensity="1.152254" type="0"/>
    <Peak1D F1="7.051709" intensity="1.185039" type="0"/>
  </PeakList1D>
  <PeakList1D>
    <PeakList1DHeader creator="Dell" date="2020-02-01T19:05:49" expNo="1" name="SDT340" owner="" procNo="1" source="C:/Users/Dell/Desktop/NMR/Z-synthesis">
      <PeakPickDetails>F1=6.859493ppm, F2=6.781572ppm, MI=0.31cm, MAXI=3.82cm, PC=1.000
      </PeakPickDetails>
    </PeakList1DHeader>
    <Peak1D F1="6.841622" intensity="0.9295701" type="0"/>
    <Peak1D F1="6.83028" intensity="2.331795" type="0"/>
    <Peak1D F1="6.819138" intensity="1.939761" type="0"/>
    <Peak1D F1="6.810289" intensity="1.544841" type="0"/>
    <Peak1D F1="6.807898" intensity="1.713091" type="0"/>
    <Peak1D F1="6.798781" intensity="0.7406036" type="0"/>
    <Peak1D F1="6.796371" intensity="0.6202456" type="0"/>
  </PeakList1D>
  <PeakList1D>
    <PeakList1DHeader creator="Dell" date="2020-02-01T19:05:49" expNo="1" name="SDT340" owner="" procNo="1" source="C:/Users/Dell/Desktop/NMR/Z-synthesis">
      <PeakPickDetails>F1=5.541081ppm, F2=5.225548ppm, MI=0.26cm, MAXI=1.70cm, PC=1.000
      </PeakPickDetails>
    </PeakList1DHeader>
    <Peak1D F1="5.410993" intensity="0.606957" type="0"/>
    <Peak1D F1="5.400728" intensity="1.211947" type="0"/>
    <Peak1D F1="5.390467" intensity="0.6133916" type="0"/>
  </PeakList1D>
  <PeakList1D>
    <PeakList1DHeader creator="Dell" date="2020-02-01T19:05:49" expNo="1" name="SDT340" owner="" procNo="1" source="C:/Users/Dell/Desktop/NMR/Z-synthesis">
      <PeakPickDetails>F1=4.563696ppm, F2=4.286642ppm, MI=0.41cm, MAXI=2.93cm, PC=1.000
      </PeakPickDetails>
    </PeakList1DHeader>
    <Peak1D F1="4.430092" intensity="2.154095" type="0"/>
    <Peak1D F1="4.42206" intensity="2.210538" type="0"/>
    <Peak1D F1="4.413982" intensity="2.199622" type="0"/>
  </PeakList1D>
  <PeakList1D>
    <PeakList1DHeader creator="Dell" date="2020-02-01T19:05:49" expNo="1" name="SDT340" owner="" procNo="1" source="C:/Users/Dell/Desktop/NMR/Z-synthesis">
      <PeakPickDetails>F1=3.940325ppm, F2=3.832581ppm, MI=5.95cm, MAXI=17.86cm, PC=1.000
      </PeakPickDetails>
    </PeakList1DHeader>
    <Peak1D F1="3.876647" intensity="15.0" type="0"/>
  </PeakList1D>
  <PeakList1D>
    <PeakList1DHeader creator="Dell" date="2020-02-01T19:05:49" expNo="1" name="SDT340" owner="" procNo="1" source="C:/Users/Dell/Desktop/NMR/Z-synthesis">
      <PeakPickDetails>F1=3.832581ppm, F2=3.670966ppm, MI=0.56cm, MAXI=3.68cm, PC=1.000
      </PeakPickDetails>
    </PeakList1DHeader>
    <Peak1D F1="3.804016" intensity="1.611304" type="0"/>
    <Peak1D F1="3.794714" intensity="3.284241" type="0"/>
    <Peak1D F1="3.785418" intensity="1.645612" type="0"/>
  </PeakList1D>
  <PeakList1D>
    <PeakList1DHeader creator="Dell" date="2020-02-01T19:05:49" expNo="1" name="SDT340" owner="" procNo="1" source="C:/Users/Dell/Desktop/NMR/Z-synthesis">
      <PeakPickDetails>F1=2.950212ppm, F2=2.293119ppm, MI=0.18cm, MAXI=2.34cm, PC=1.000
      </PeakPickDetails>
    </PeakList1DHeader>
    <Peak1D F1="2.747586" intensity="0.6431759" type="0"/>
    <Peak1D F1="2.738091" intensity="1.690429" type="0"/>
    <Peak1D F1="2.728242" intensity="1.663242" type="0"/>
    <Peak1D F1="2.718736" intensity="0.6054775" type="0"/>
    <Peak1D F1="2.594917" intensity="1.022493" type="0"/>
    <Peak1D F1="2.593688" intensity="1.065417" type="0"/>
    <Peak1D F1="2.586841" intensity="1.528398" type="0"/>
    <Peak1D F1="2.585798" intensity="1.516091" type="0"/>
    <Peak1D F1="2.578937" intensity="1.043434" type="0"/>
    <Peak1D F1="2.577711" intensity="0.986073" type="0"/>
  </PeakList1D>
  <PeakList1D>
    <PeakList1DHeader creator="Dell" date="2020-02-01T19:05:49" expNo="1" name="SDT340" owner="" procNo="1" source="C:/Users/Dell/Desktop/NMR/Z-synthesis">
      <PeakPickDetails>F1=1.473735ppm, F2=1.367200ppm, MI=0.13cm, MAXI=0.39cm, PC=1.000
      </PeakPickDetails>
    </PeakList1DHeader>
    <Peak1D F1="1.430093" intensity="0.1773326" type="0"/>
  </PeakList1D>
</PeakList>
