<?xml version="1.0" encoding="UTF-8"?>
<PeakList>
  <PeakList1D>
    <PeakList1DHeader creator="nmrsu" date="2023-07-27T12:18:37.352-05:00" expNo="1274410" name="Jul27-2023" owner="" procNo="1" source="G:/data/chem-synthesis-summer-a-team1/nmr">
      <PeakPickDetails>F1=16.187771ppm, F2=-3.837772ppm, MI=0.00cm, MAXI=10000.00cm, PC=1.000
      </PeakPickDetails>
    </PeakList1DHeader>
    <Peak1D F1="14.476547" intensity="1.175493e-003" type="0"/>
    <Peak1D F1="14.316437" intensity="1.049649e-003" type="0"/>
    <Peak1D F1="12.797999" intensity="1.130105e-003" type="0"/>
    <Peak1D F1="12.651054" intensity="1.147831e-003" type="0"/>
    <Peak1D F1="11.027111" intensity="2.939926e-003" type="0"/>
    <Peak1D F1="9.919183" intensity="2.715260e-003" type="0"/>
    <Peak1D F1="9.785145" intensity="1.159111e-003" type="0"/>
    <Peak1D F1="8.485741" intensity="1.089658e-003" type="0"/>
    <Peak1D F1="8.415295" intensity="1.278594e-003" type="0"/>
    <Peak1D F1="8.380731" intensity="1.736809e-003" type="0"/>
    <Peak1D F1="8.325100" intensity="1.547223e-003" type="0"/>
    <Peak1D F1="8.303942" intensity="1.571737e-003" type="0"/>
    <Peak1D F1="8.255282" intensity="2.083058e-003" type="0"/>
    <Peak1D F1="8.166220" intensity="2.475849e-003" type="0"/>
    <Peak1D F1="8.123742" intensity="2.673050e-003" type="0"/>
    <Peak1D F1="8.108468" intensity="2.995157e-003" type="0"/>
    <Peak1D F1="8.035602" intensity="5.318157e-003" type="0"/>
    <Peak1D F1="8.013704" intensity="5.830763e-003" type="0"/>
    <Peak1D F1="8.002875" intensity="3.994158e-003" type="0"/>
    <Peak1D F1="7.991720" intensity="4.026321e-003" type="0"/>
    <Peak1D F1="7.966360" intensity="5.928315e-003" type="0"/>
    <Peak1D F1="7.944262" intensity="5.962000e-003" type="0"/>
    <Peak1D F1="7.918369" intensity="4.315869e-003" type="0"/>
    <Peak1D F1="7.868198" intensity="5.776067e-003" type="0"/>
    <Peak1D F1="7.853753" intensity="5.676781e-003" type="0"/>
    <Peak1D F1="7.824790" intensity="7.177790e-003" type="0"/>
    <Peak1D F1="7.784243" intensity="7.832124e-003" type="0"/>
    <Peak1D F1="7.767551" intensity="7.938917e-003" type="0"/>
    <Peak1D F1="7.749260" intensity="6.605122e-003" type="0"/>
    <Peak1D F1="7.715012" intensity="6.381238e-003" type="0"/>
    <Peak1D F1="7.693677" intensity="6.043925e-003" type="0"/>
    <Peak1D F1="7.662280" intensity="4.899132e-003" type="0"/>
    <Peak1D F1="7.634580" intensity="6.366574e-003" type="0"/>
    <Peak1D F1="7.612806" intensity="7.100871e-003" type="0"/>
    <Peak1D F1="7.589280" intensity="6.605874e-003" type="0"/>
    <Peak1D F1="7.572934" intensity="8.182179e-003" type="0"/>
    <Peak1D F1="7.555827" intensity="8.067559e-003" type="0"/>
    <Peak1D F1="7.542775" intensity="9.219172e-003" type="0"/>
    <Peak1D F1="7.532502" intensity="7.849853e-003" type="0"/>
    <Peak1D F1="7.512525" intensity="7.752904e-003" type="0"/>
    <Peak1D F1="7.491877" intensity="8.208172e-003" type="0"/>
    <Peak1D F1="7.472543" intensity="9.848627e-003" type="0"/>
    <Peak1D F1="7.453620" intensity="1.091078e-002" type="0"/>
    <Peak1D F1="7.435116" intensity="8.898852e-003" type="0"/>
    <Peak1D F1="7.426226" intensity="9.142119e-003" type="0"/>
    <Peak1D F1="7.413316" intensity="9.636297e-003" type="0"/>
    <Peak1D F1="7.387269" intensity="1.454831e-002" type="0"/>
    <Peak1D F1="7.364645" intensity="1.115111e-002" type="0"/>
    <Peak1D F1="7.347110" intensity="1.442640e-002" type="0"/>
    <Peak1D F1="7.323916" intensity="1.883687e-002" type="0"/>
    <Peak1D F1="7.296069" intensity="2.056099e-001" type="0"/>
    <Peak1D F1="7.283330" intensity="6.806032e-001" type="0"/>
    <Peak1D F1="7.277673" intensity="5.388440e-001" type="0"/>
    <Peak1D F1="7.258971" intensity="4.143764e-001" type="0"/>
    <Peak1D F1="7.211127" intensity="4.889945e-001" type="0"/>
    <Peak1D F1="7.191185" intensity="1.052322e+000" type="0"/>
    <Peak1D F1="7.164401" intensity="4.556413e-001" type="0"/>
    <Peak1D F1="7.145677" intensity="3.358141e-001" type="0"/>
    <Peak1D F1="7.102000" intensity="8.646298e-003" type="0"/>
    <Peak1D F1="7.092666" intensity="7.750718e-003" type="0"/>
    <Peak1D F1="7.072958" intensity="8.167989e-003" type="0"/>
    <Peak1D F1="7.054055" intensity="5.990282e-003" type="0"/>
    <Peak1D F1="7.039180" intensity="6.145857e-003" type="0"/>
    <Peak1D F1="7.019163" intensity="9.410175e-003" type="0"/>
    <Peak1D F1="6.995213" intensity="1.040453e-002" type="0"/>
    <Peak1D F1="6.968029" intensity="8.819267e-003" type="0"/>
    <Peak1D F1="6.945157" intensity="7.250213e-003" type="0"/>
    <Peak1D F1="6.911370" intensity="4.204111e-003" type="0"/>
    <Peak1D F1="6.903698" intensity="3.117861e-003" type="0"/>
    <Peak1D F1="6.887343" intensity="2.871316e-003" type="0"/>
    <Peak1D F1="6.856042" intensity="4.085639e-003" type="0"/>
    <Peak1D F1="6.834458" intensity="4.317541e-003" type="0"/>
    <Peak1D F1="6.807072" intensity="2.921952e-003" type="0"/>
    <Peak1D F1="6.787007" intensity="1.819511e-003" type="0"/>
    <Peak1D F1="6.781278" intensity="1.648864e-003" type="0"/>
    <Peak1D F1="6.743395" intensity="2.081858e-003" type="0"/>
    <Peak1D F1="6.722675" intensity="2.024044e-003" type="0"/>
    <Peak1D F1="6.704834" intensity="2.220080e-003" type="0"/>
    <Peak1D F1="6.683632" intensity="1.738022e-003" type="0"/>
    <Peak1D F1="6.661500" intensity="1.887500e-003" type="0"/>
    <Peak1D F1="6.632249" intensity="1.378036e-003" type="0"/>
    <Peak1D F1="6.629809" intensity="1.738151e-003" type="0"/>
    <Peak1D F1="6.616289" intensity="2.160404e-003" type="0"/>
    <Peak1D F1="6.595589" intensity="2.632726e-003" type="0"/>
    <Peak1D F1="6.577839" intensity="1.301641e-003" type="0"/>
    <Peak1D F1="6.560380" intensity="1.499237e-003" type="0"/>
    <Peak1D F1="6.520483" intensity="2.093839e-003" type="0"/>
    <Peak1D F1="6.477607" intensity="1.016559e-003" type="0"/>
    <Peak1D F1="6.385079" intensity="1.350162e-003" type="0"/>
    <Peak1D F1="6.378557" intensity="1.311760e-003" type="0"/>
    <Peak1D F1="6.366139" intensity="1.838693e-003" type="0"/>
    <Peak1D F1="6.344773" intensity="1.571955e-003" type="0"/>
    <Peak1D F1="6.260333" intensity="1.038296e-003" type="0"/>
    <Peak1D F1="5.620594" intensity="1.062530e-003" type="0"/>
    <Peak1D F1="5.424379" intensity="2.067344e-003" type="0"/>
    <Peak1D F1="5.409796" intensity="2.620448e-003" type="0"/>
    <Peak1D F1="5.357389" intensity="1.754027e-003" type="0"/>
    <Peak1D F1="5.233597" intensity="1.897320e-003" type="0"/>
    <Peak1D F1="5.218350" intensity="2.535067e-003" type="0"/>
    <Peak1D F1="5.137936" intensity="1.318415e-002" type="0"/>
    <Peak1D F1="4.598237" intensity="6.652405e-003" type="0"/>
    <Peak1D F1="4.564263" intensity="1.456976e-003" type="0"/>
    <Peak1D F1="4.473473" intensity="1.525284e-003" type="0"/>
    <Peak1D F1="4.400962" intensity="3.213938e-003" type="0"/>
    <Peak1D F1="4.377023" intensity="2.677161e-003" type="0"/>
    <Peak1D F1="4.341077" intensity="9.858307e-003" type="0"/>
    <Peak1D F1="4.323741" intensity="2.278171e-002" type="0"/>
    <Peak1D F1="4.305766" intensity="2.311382e-002" type="0"/>
    <Peak1D F1="4.288000" intensity="1.182593e-002" type="0"/>
    <Peak1D F1="4.160314" intensity="1.240601e+000" type="0"/>
    <Peak1D F1="4.142463" intensity="3.607165e+000" type="0"/>
    <Peak1D F1="4.124612" intensity="3.628762e+000" type="0"/>
    <Peak1D F1="4.106782" intensity="1.240170e+000" type="0"/>
    <Peak1D F1="4.082632" intensity="2.289033e-002" type="0"/>
    <Peak1D F1="4.066626" intensity="2.532330e-002" type="0"/>
    <Peak1D F1="4.051519" intensity="2.420167e-002" type="0"/>
    <Peak1D F1="4.036027" intensity="1.520829e-002" type="0"/>
    <Peak1D F1="4.021472" intensity="8.712561e-003" type="0"/>
    <Peak1D F1="4.007259" intensity="8.385366e-003" type="0"/>
    <Peak1D F1="3.993649" intensity="7.461326e-003" type="0"/>
    <Peak1D F1="3.974181" intensity="1.021244e-002" type="0"/>
    <Peak1D F1="3.956044" intensity="2.215998e-002" type="0"/>
    <Peak1D F1="3.938126" intensity="2.173971e-002" type="0"/>
    <Peak1D F1="3.920297" intensity="9.121981e-003" type="0"/>
    <Peak1D F1="3.894394" intensity="5.271222e-003" type="0"/>
    <Peak1D F1="3.875110" intensity="1.639786e-002" type="0"/>
    <Peak1D F1="3.852935" intensity="1.214473e-002" type="0"/>
    <Peak1D F1="3.842483" intensity="1.107703e-002" type="0"/>
    <Peak1D F1="3.829223" intensity="1.183632e-002" type="0"/>
    <Peak1D F1="3.813443" intensity="4.804321e-003" type="0"/>
    <Peak1D F1="3.794092" intensity="1.312671e-002" type="0"/>
    <Peak1D F1="3.766855" intensity="1.013489e-002" type="0"/>
    <Peak1D F1="3.752867" intensity="9.800401e-003" type="0"/>
    <Peak1D F1="3.741052" intensity="1.038330e-002" type="0"/>
    <Peak1D F1="3.731719" intensity="1.184797e-002" type="0"/>
    <Peak1D F1="3.718958" intensity="1.035889e-002" type="0"/>
    <Peak1D F1="3.704238" intensity="1.523179e-002" type="0"/>
    <Peak1D F1="3.682275" intensity="3.180142e-002" type="0"/>
    <Peak1D F1="3.641621" intensity="2.826439e-002" type="0"/>
    <Peak1D F1="3.630571" intensity="2.861688e-002" type="0"/>
    <Peak1D F1="3.552083" intensity="2.042362e-001" type="0"/>
    <Peak1D F1="3.427411" intensity="3.121552e-002" type="0"/>
    <Peak1D F1="3.411573" intensity="3.013337e-002" type="0"/>
    <Peak1D F1="3.270080" intensity="2.028159e-001" type="0"/>
    <Peak1D F1="3.178853" intensity="1.445203e-002" type="0"/>
    <Peak1D F1="3.105099" intensity="4.414352e-003" type="0"/>
    <Peak1D F1="3.086017" intensity="3.876564e-003" type="0"/>
    <Peak1D F1="3.023228" intensity="3.715212e-003" type="0"/>
    <Peak1D F1="3.013500" intensity="2.233848e-003" type="0"/>
    <Peak1D F1="3.000627" intensity="1.661581e-003" type="0"/>
    <Peak1D F1="2.948884" intensity="1.028265e-003" type="0"/>
    <Peak1D F1="2.916106" intensity="1.106724e-003" type="0"/>
    <Peak1D F1="2.816388" intensity="1.149499e-003" type="0"/>
    <Peak1D F1="2.781933" intensity="1.458534e-003" type="0"/>
    <Peak1D F1="2.760110" intensity="1.974036e-003" type="0"/>
    <Peak1D F1="2.734786" intensity="1.897428e-003" type="0"/>
    <Peak1D F1="2.706697" intensity="1.417732e-003" type="0"/>
    <Peak1D F1="2.657817" intensity="1.596781e-003" type="0"/>
    <Peak1D F1="2.630874" intensity="1.704634e-003" type="0"/>
    <Peak1D F1="2.571261" intensity="2.575597e-003" type="0"/>
    <Peak1D F1="2.534126" intensity="2.183286e-002" type="0"/>
    <Peak1D F1="2.504591" intensity="7.736119e-003" type="0"/>
    <Peak1D F1="2.489269" intensity="7.471393e-003" type="0"/>
    <Peak1D F1="2.450284" intensity="1.508099e-002" type="0"/>
    <Peak1D F1="2.438034" intensity="2.102167e-002" type="0"/>
    <Peak1D F1="2.377782" intensity="3.349021e+000" type="0"/>
    <Peak1D F1="2.341686" intensity="1.563199e-002" type="0"/>
    <Peak1D F1="2.324699" intensity="1.690413e-002" type="0"/>
    <Peak1D F1="2.303069" intensity="1.116297e-002" type="0"/>
    <Peak1D F1="2.292534" intensity="1.158464e-002" type="0"/>
    <Peak1D F1="2.275313" intensity="1.272012e-002" type="0"/>
    <Peak1D F1="2.255403" intensity="1.160148e-002" type="0"/>
    <Peak1D F1="2.237070" intensity="1.333554e-002" type="0"/>
    <Peak1D F1="2.215561" intensity="1.065519e-001" type="0"/>
    <Peak1D F1="2.159795" intensity="3.465681e-002" type="0"/>
    <Peak1D F1="2.147701" intensity="3.389858e-002" type="0"/>
    <Peak1D F1="2.055551" intensity="1.500000e+001" type="0"/>
    <Peak1D F1="2.004385" intensity="3.829765e-002" type="0"/>
    <Peak1D F1="1.989580" intensity="3.348212e-002" type="0"/>
    <Peak1D F1="1.972481" intensity="2.990658e-002" type="0"/>
    <Peak1D F1="1.964643" intensity="3.142081e-002" type="0"/>
    <Peak1D F1="1.948232" intensity="7.090911e-002" type="0"/>
    <Peak1D F1="1.932829" intensity="9.433531e-002" type="0"/>
    <Peak1D F1="1.917734" intensity="1.146110e-001" type="0"/>
    <Peak1D F1="1.901834" intensity="1.132778e-001" type="0"/>
    <Peak1D F1="1.892355" intensity="2.007386e-001" type="0"/>
    <Peak1D F1="1.876320" intensity="8.578396e-002" type="0"/>
    <Peak1D F1="1.857885" intensity="7.213731e-002" type="0"/>
    <Peak1D F1="1.838323" intensity="6.537186e-002" type="0"/>
    <Peak1D F1="1.774891" intensity="1.207825e-001" type="0"/>
    <Peak1D F1="1.754706" intensity="1.683400e-001" type="0"/>
    <Peak1D F1="1.746005" intensity="2.067772e-001" type="0"/>
    <Peak1D F1="1.733450" intensity="2.024217e-001" type="0"/>
    <Peak1D F1="1.727228" intensity="1.887030e-001" type="0"/>
    <Peak1D F1="1.716137" intensity="1.825222e-001" type="0"/>
    <Peak1D F1="1.707566" intensity="1.306150e-001" type="0"/>
    <Peak1D F1="1.689937" intensity="2.017968e-001" type="0"/>
    <Peak1D F1="1.663596" intensity="1.088608e-001" type="0"/>
    <Peak1D F1="1.657028" intensity="1.143827e-001" type="0"/>
    <Peak1D F1="1.645426" intensity="1.296361e-001" type="0"/>
    <Peak1D F1="1.632954" intensity="1.740670e-001" type="0"/>
    <Peak1D F1="1.626397" intensity="1.750180e-001" type="0"/>
    <Peak1D F1="1.616151" intensity="1.930362e-001" type="0"/>
    <Peak1D F1="1.605196" intensity="1.823176e-001" type="0"/>
    <Peak1D F1="1.594609" intensity="1.260438e-001" type="0"/>
    <Peak1D F1="1.583736" intensity="2.075542e-001" type="0"/>
    <Peak1D F1="1.564635" intensity="2.267718e-001" type="0"/>
    <Peak1D F1="1.545936" intensity="1.368031e-001" type="0"/>
    <Peak1D F1="1.520107" intensity="1.560738e-001" type="0"/>
    <Peak1D F1="1.505751" intensity="1.431836e-001" type="0"/>
    <Peak1D F1="1.488998" intensity="1.301658e-001" type="0"/>
    <Peak1D F1="1.472151" intensity="1.183903e-001" type="0"/>
    <Peak1D F1="1.452201" intensity="8.417904e-002" type="0"/>
    <Peak1D F1="1.439071" intensity="1.454440e-001" type="0"/>
    <Peak1D F1="1.427108" intensity="1.126902e-001" type="0"/>
    <Peak1D F1="1.401204" intensity="1.054885e+000" type="0"/>
    <Peak1D F1="1.382057" intensity="9.998143e-002" type="0"/>
    <Peak1D F1="1.346409" intensity="1.967669e-001" type="0"/>
    <Peak1D F1="1.330503" intensity="2.724065e-001" type="0"/>
    <Peak1D F1="1.315136" intensity="4.065779e-001" type="0"/>
    <Peak1D F1="1.288226" intensity="4.610379e+000" type="0"/>
    <Peak1D F1="1.270388" intensity="8.562095e+000" type="0"/>
    <Peak1D F1="1.252555" intensity="4.303135e+000" type="0"/>
    <Peak1D F1="1.234923" intensity="5.243876e-001" type="0"/>
    <Peak1D F1="1.220850" intensity="6.679065e-001" type="0"/>
    <Peak1D F1="1.188944" intensity="2.311672e-001" type="0"/>
    <Peak1D F1="1.171213" intensity="3.103408e-001" type="0"/>
    <Peak1D F1="1.147380" intensity="6.538826e-001" type="0"/>
    <Peak1D F1="1.127686" intensity="4.130493e-001" type="0"/>
    <Peak1D F1="1.120119" intensity="4.165930e-001" type="0"/>
    <Peak1D F1="1.110284" intensity="4.154989e-001" type="0"/>
    <Peak1D F1="1.050589" intensity="1.186679e-001" type="0"/>
    <Peak1D F1="1.035608" intensity="1.064295e-001" type="0"/>
    <Peak1D F1="1.018832" intensity="7.071991e-002" type="0"/>
    <Peak1D F1="1.000936" intensity="7.419375e-002" type="0"/>
    <Peak1D F1="0.986129" intensity="3.958637e-001" type="0"/>
    <Peak1D F1="0.969645" intensity="3.586994e-001" type="0"/>
    <Peak1D F1="0.957824" intensity="1.218974e-001" type="0"/>
    <Peak1D F1="0.939769" intensity="2.181084e-001" type="0"/>
    <Peak1D F1="0.921692" intensity="2.672467e-001" type="0"/>
    <Peak1D F1="0.910819" intensity="6.913020e-001" type="0"/>
    <Peak1D F1="0.895214" intensity="1.207195e+000" type="0"/>
    <Peak1D F1="0.877720" intensity="6.845583e-001" type="0"/>
    <Peak1D F1="0.871066" intensity="5.235357e-001" type="0"/>
    <Peak1D F1="0.862628" intensity="3.021721e-001" type="0"/>
    <Peak1D F1="0.846685" intensity="2.112352e-001" type="0"/>
    <Peak1D F1="0.828667" intensity="5.746311e-002" type="0"/>
    <Peak1D F1="0.823761" intensity="5.628463e-002" type="0"/>
    <Peak1D F1="0.817458" intensity="4.834939e-002" type="0"/>
    <Peak1D F1="0.806472" intensity="3.209854e-002" type="0"/>
    <Peak1D F1="0.800529" intensity="2.949197e-002" type="0"/>
    <Peak1D F1="0.787985" intensity="2.601313e-002" type="0"/>
    <Peak1D F1="0.766203" intensity="1.839735e-002" type="0"/>
    <Peak1D F1="0.738140" intensity="1.562460e-002" type="0"/>
    <Peak1D F1="0.722628" intensity="1.097544e-002" type="0"/>
    <Peak1D F1="0.712797" intensity="1.036455e-002" type="0"/>
    <Peak1D F1="0.693331" intensity="8.821491e-003" type="0"/>
    <Peak1D F1="0.675699" intensity="6.550749e-003" type="0"/>
    <Peak1D F1="0.654958" intensity="6.117224e-003" type="0"/>
    <Peak1D F1="0.640165" intensity="5.469464e-003" type="0"/>
    <Peak1D F1="0.592509" intensity="4.933441e-003" type="0"/>
    <Peak1D F1="0.560933" intensity="6.271518e-003" type="0"/>
    <Peak1D F1="0.528913" intensity="6.079791e-003" type="0"/>
    <Peak1D F1="0.502835" intensity="4.847514e-003" type="0"/>
    <Peak1D F1="0.465679" intensity="3.651155e-003" type="0"/>
    <Peak1D F1="0.379180" intensity="2.870706e-003" type="0"/>
    <Peak1D F1="0.358953" intensity="2.559631e-003" type="0"/>
    <Peak1D F1="0.351966" intensity="2.503968e-003" type="0"/>
    <Peak1D F1="0.339044" intensity="2.432465e-003" type="0"/>
    <Peak1D F1="0.322695" intensity="2.575116e-003" type="0"/>
    <Peak1D F1="0.299395" intensity="2.301465e-003" type="0"/>
    <Peak1D F1="0.280415" intensity="2.287570e-003" type="0"/>
    <Peak1D F1="0.244452" intensity="2.568255e-003" type="0"/>
    <Peak1D F1="0.228582" intensity="2.026171e-003" type="0"/>
    <Peak1D F1="0.202630" intensity="2.542690e-003" type="0"/>
    <Peak1D F1="0.171461" intensity="2.158636e-003" type="0"/>
    <Peak1D F1="0.162217" intensity="1.862186e-003" type="0"/>
    <Peak1D F1="0.115796" intensity="2.267584e-003" type="0"/>
    <Peak1D F1="0.083179" intensity="5.216619e-003" type="0"/>
    <Peak1D F1="0.031369" intensity="1.828282e-003" type="0"/>
    <Peak1D F1="-0.001663" intensity="1.523069e-003" type="0"/>
    <Peak1D F1="-0.017364" intensity="1.742114e-003" type="0"/>
    <Peak1D F1="-0.038586" intensity="1.643831e-003" type="0"/>
    <Peak1D F1="-0.057071" intensity="1.692319e-003" type="0"/>
    <Peak1D F1="-0.106843" intensity="1.420468e-003" type="0"/>
    <Peak1D F1="-0.155836" intensity="1.527020e-003" type="0"/>
    <Peak1D F1="-0.170170" intensity="1.516000e-003" type="0"/>
    <Peak1D F1="-0.248605" intensity="1.397019e-003" type="0"/>
    <Peak1D F1="-0.295339" intensity="1.182624e-003" type="0"/>
    <Peak1D F1="-0.322982" intensity="1.113370e-003" type="0"/>
    <Peak1D F1="-0.415281" intensity="1.259755e-003" type="0"/>
    <Peak1D F1="-0.452530" intensity="1.089517e-003" type="0"/>
    <Peak1D F1="-0.477322" intensity="1.443152e-003" type="0"/>
    <Peak1D F1="-0.498628" intensity="1.272347e-003" type="0"/>
    <Peak1D F1="-0.726326" intensity="1.038740e-003" type="0"/>
    <Peak1D F1="-3.599598" intensity="1.074138e-003" type="0"/>
    <Peak1D F1="-3.625331" intensity="1.459163e-003" type="0"/>
    <Peak1D F1="-3.679076" intensity="2.001588e-003" type="0"/>
    <Peak1D F1="-3.703742" intensity="2.071295e-003" type="0"/>
  </PeakList1D>
</PeakList>
