<?xml version="1.0" encoding="UTF-8"?>
<PeakList>
  <PeakList1D>
    <PeakList1DHeader creator="nmr600" date="2019-11-21T10:12:53.859+01:00" expNo="20" name="6Nov2119" owner="" procNo="1" source="/opt/topspin3.0/data/nmr600/nmr">
      <PeakPickDetails>F1=16.450729ppm, F2=-4.099918ppm, MI=0.00cm, MAXI=10000.00cm, PC=1.000
      </PeakPickDetails>
    </PeakList1DHeader>
    <Peak1D F1="16.346447" intensity="5.828658e-04" type="0"/>
    <Peak1D F1="16.257656" intensity="5.280809e-04" type="0"/>
    <Peak1D F1="16.235704" intensity="5.269694e-04" type="0"/>
    <Peak1D F1="16.172724" intensity="6.136358e-04" type="0"/>
    <Peak1D F1="16.156723" intensity="6.339883e-04" type="0"/>
    <Peak1D F1="16.134314" intensity="6.112312e-04" type="0"/>
    <Peak1D F1="16.128525" intensity="5.426760e-04" type="0"/>
    <Peak1D F1="16.079224" intensity="7.175906e-04" type="0"/>
    <Peak1D F1="16.070824" intensity="6.389185e-04" type="0"/>
    <Peak1D F1="16.057617" intensity="5.708813e-04" type="0"/>
    <Peak1D F1="16.028173" intensity="5.282709e-04" type="0"/>
    <Peak1D F1="16.009340" intensity="5.920372e-04" type="0"/>
    <Peak1D F1="15.976396" intensity="5.585946e-04" type="0"/>
    <Peak1D F1="15.954480" intensity="5.954306e-04" type="0"/>
    <Peak1D F1="15.946136" intensity="5.675033e-04" type="0"/>
    <Peak1D F1="15.929726" intensity="5.775593e-04" type="0"/>
    <Peak1D F1="15.916219" intensity="5.517621e-04" type="0"/>
    <Peak1D F1="15.828799" intensity="5.128154e-04" type="0"/>
    <Peak1D F1="15.783610" intensity="5.633997e-04" type="0"/>
    <Peak1D F1="15.745883" intensity="5.192820e-04" type="0"/>
    <Peak1D F1="15.706087" intensity="5.222036e-04" type="0"/>
    <Peak1D F1="12.021406" intensity="5.861876e-04" type="0"/>
    <Peak1D F1="11.976233" intensity="5.304809e-04" type="0"/>
    <Peak1D F1="11.457484" intensity="6.542944e-04" type="0"/>
    <Peak1D F1="11.263962" intensity="5.128319e-04" type="0"/>
    <Peak1D F1="11.247646" intensity="5.819831e-04" type="0"/>
    <Peak1D F1="10.859485" intensity="5.202271e-04" type="0"/>
    <Peak1D F1="10.400458" intensity="5.054600e-04" type="0"/>
    <Peak1D F1="9.986728" intensity="5.041213e-04" type="0"/>
    <Peak1D F1="9.781331" intensity="5.224777e-04" type="0"/>
    <Peak1D F1="8.186821" intensity="1.383459e-03" type="0"/>
    <Peak1D F1="8.129195" intensity="1.197147e-03" type="0"/>
    <Peak1D F1="8.116952" intensity="8.890220e-04" type="0"/>
    <Peak1D F1="8.042683" intensity="5.072842e-04" type="0"/>
    <Peak1D F1="8.027823" intensity="3.798095e-03" type="0"/>
    <Peak1D F1="7.903653" intensity="6.618776e-04" type="0"/>
    <Peak1D F1="7.891292" intensity="6.745975e-04" type="0"/>
    <Peak1D F1="7.561953" intensity="8.059502e-04" type="0"/>
    <Peak1D F1="7.550570" intensity="1.288032e-03" type="0"/>
    <Peak1D F1="7.484169" intensity="1.488226e-03" type="0"/>
    <Peak1D F1="7.468878" intensity="1.517678e-03" type="0"/>
    <Peak1D F1="7.455096" intensity="9.080368e-03" type="0"/>
    <Peak1D F1="7.451262" intensity="7.628112e-03" type="0"/>
    <Peak1D F1="7.439488" intensity="1.752723e-02" type="0"/>
    <Peak1D F1="7.427308" intensity="1.308983e-02" type="0"/>
    <Peak1D F1="7.421382" intensity="1.803524e-02" type="0"/>
    <Peak1D F1="7.409304" intensity="1.114763e-02" type="0"/>
    <Peak1D F1="7.385332" intensity="1.505829e-02" type="0"/>
    <Peak1D F1="7.373025" intensity="2.208113e-02" type="0"/>
    <Peak1D F1="7.364604" intensity="1.057222e-02" type="0"/>
    <Peak1D F1="7.352073" intensity="2.125588e-02" type="0"/>
    <Peak1D F1="7.323220" intensity="1.364917e+00" type="0"/>
    <Peak1D F1="7.310524" intensity="3.609255e+00" type="0"/>
    <Peak1D F1="7.304806" intensity="1.956699e+00" type="0"/>
    <Peak1D F1="7.298038" intensity="3.086744e+00" type="0"/>
    <Peak1D F1="7.292167" intensity="3.931926e+00" type="0"/>
    <Peak1D F1="7.283354" intensity="1.615408e+00" type="0"/>
    <Peak1D F1="7.279610" intensity="2.617761e+00" type="0"/>
    <Peak1D F1="7.256060" intensity="3.709228e+00" type="0"/>
    <Peak1D F1="7.243982" intensity="2.502181e+00" type="0"/>
    <Peak1D F1="7.231050" intensity="1.195700e+00" type="0"/>
    <Peak1D F1="7.218531" intensity="2.103639e+00" type="0"/>
    <Peak1D F1="7.203481" intensity="2.003119e+00" type="0"/>
    <Peak1D F1="7.191043" intensity="3.933980e+00" type="0"/>
    <Peak1D F1="7.178862" intensity="2.818611e+00" type="0"/>
    <Peak1D F1="7.124608" intensity="3.401721e-02" type="0"/>
    <Peak1D F1="7.112620" intensity="2.763389e-02" type="0"/>
    <Peak1D F1="7.107732" intensity="2.390724e-02" type="0"/>
    <Peak1D F1="7.097313" intensity="1.703838e-02" type="0"/>
    <Peak1D F1="7.084494" intensity="2.083357e-02" type="0"/>
    <Peak1D F1="7.069489" intensity="1.956595e-02" type="0"/>
    <Peak1D F1="7.058921" intensity="2.559325e-02" type="0"/>
    <Peak1D F1="7.047461" intensity="2.006585e-02" type="0"/>
    <Peak1D F1="7.025975" intensity="7.512205e-03" type="0"/>
    <Peak1D F1="7.010333" intensity="4.276951e-02" type="0"/>
    <Peak1D F1="6.974709" intensity="4.928051e-03" type="0"/>
    <Peak1D F1="6.960006" intensity="4.342527e-03" type="0"/>
    <Peak1D F1="6.901150" intensity="4.302100e-03" type="0"/>
    <Peak1D F1="6.886768" intensity="3.941265e-03" type="0"/>
    <Peak1D F1="6.858536" intensity="2.903007e-03" type="0"/>
    <Peak1D F1="6.848079" intensity="2.916594e-03" type="0"/>
    <Peak1D F1="6.836356" intensity="2.854671e-03" type="0"/>
    <Peak1D F1="6.794597" intensity="2.093387e-03" type="0"/>
    <Peak1D F1="6.777948" intensity="2.004298e-03" type="0"/>
    <Peak1D F1="6.766057" intensity="2.362368e-03" type="0"/>
    <Peak1D F1="6.758155" intensity="2.031834e-03" type="0"/>
    <Peak1D F1="6.742313" intensity="2.132028e-03" type="0"/>
    <Peak1D F1="6.727890" intensity="1.739908e-03" type="0"/>
    <Peak1D F1="6.666098" intensity="1.403067e-03" type="0"/>
    <Peak1D F1="6.655348" intensity="1.438816e-03" type="0"/>
    <Peak1D F1="6.617735" intensity="1.399170e-03" type="0"/>
    <Peak1D F1="6.609867" intensity="1.566895e-03" type="0"/>
    <Peak1D F1="6.602383" intensity="1.878908e-03" type="0"/>
    <Peak1D F1="6.592114" intensity="1.770444e-03" type="0"/>
    <Peak1D F1="6.578726" intensity="1.664927e-03" type="0"/>
    <Peak1D F1="6.549212" intensity="9.831799e-04" type="0"/>
    <Peak1D F1="6.503534" intensity="9.017508e-04" type="0"/>
    <Peak1D F1="6.458454" intensity="9.362093e-04" type="0"/>
    <Peak1D F1="6.432096" intensity="8.572154e-04" type="0"/>
    <Peak1D F1="6.414514" intensity="6.697842e-04" type="0"/>
    <Peak1D F1="6.406359" intensity="7.619839e-04" type="0"/>
    <Peak1D F1="6.392854" intensity="6.810803e-04" type="0"/>
    <Peak1D F1="6.374081" intensity="7.742970e-04" type="0"/>
    <Peak1D F1="6.354424" intensity="6.315876e-04" type="0"/>
    <Peak1D F1="6.335672" intensity="6.798924e-04" type="0"/>
    <Peak1D F1="6.320623" intensity="5.494186e-04" type="0"/>
    <Peak1D F1="6.265930" intensity="6.615308e-04" type="0"/>
    <Peak1D F1="6.242331" intensity="6.271089e-04" type="0"/>
    <Peak1D F1="5.376922" intensity="1.470447e-03" type="0"/>
    <Peak1D F1="5.368695" intensity="2.235202e-03" type="0"/>
    <Peak1D F1="5.365161" intensity="2.208616e-03" type="0"/>
    <Peak1D F1="5.352427" intensity="8.670960e-04" type="0"/>
    <Peak1D F1="5.313210" intensity="4.883033e-02" type="0"/>
    <Peak1D F1="5.158729" intensity="5.255110e-04" type="0"/>
    <Peak1D F1="5.049120" intensity="2.139784e-02" type="0"/>
    <Peak1D F1="4.860314" intensity="5.952806e-04" type="0"/>
    <Peak1D F1="4.703475" intensity="1.167230e-03" type="0"/>
    <Peak1D F1="4.344082" intensity="8.417712e-04" type="0"/>
    <Peak1D F1="3.846861" intensity="5.031748e-03" type="0"/>
    <Peak1D F1="3.692490" intensity="2.222240e-03" type="0"/>
    <Peak1D F1="3.681621" intensity="1.574926e-03" type="0"/>
    <Peak1D F1="3.542052" intensity="4.804926e-03" type="0"/>
    <Peak1D F1="3.532768" intensity="5.503550e-03" type="0"/>
    <Peak1D F1="3.529344" intensity="6.482624e-03" type="0"/>
    <Peak1D F1="3.524061" intensity="4.859140e-03" type="0"/>
    <Peak1D F1="3.520300" intensity="6.604912e-03" type="0"/>
    <Peak1D F1="3.512717" intensity="1.088927e-02" type="0"/>
    <Peak1D F1="3.501108" intensity="1.157591e-02" type="0"/>
    <Peak1D F1="3.489398" intensity="4.283834e-03" type="0"/>
    <Peak1D F1="3.475963" intensity="7.191606e-04" type="0"/>
    <Peak1D F1="3.464224" intensity="3.236169e-03" type="0"/>
    <Peak1D F1="3.450168" intensity="1.304692e-02" type="0"/>
    <Peak1D F1="3.431141" intensity="1.090353e+00" type="0"/>
    <Peak1D F1="3.422165" intensity="1.252392e+00" type="0"/>
    <Peak1D F1="3.418419" intensity="1.347577e+00" type="0"/>
    <Peak1D F1="3.409426" intensity="1.144589e+00" type="0"/>
    <Peak1D F1="3.344769" intensity="3.004403e-03" type="0"/>
    <Peak1D F1="3.330443" intensity="1.878788e-03" type="0"/>
    <Peak1D F1="3.316177" intensity="4.836175e-03" type="0"/>
    <Peak1D F1="3.307035" intensity="5.623851e-03" type="0"/>
    <Peak1D F1="3.303538" intensity="6.095828e-03" type="0"/>
    <Peak1D F1="3.294163" intensity="4.558421e-03" type="0"/>
    <Peak1D F1="3.121997" intensity="2.789323e-03" type="0"/>
    <Peak1D F1="3.073896" intensity="7.597390e-02" type="0"/>
    <Peak1D F1="3.059178" intensity="8.302536e-03" type="0"/>
    <Peak1D F1="3.052978" intensity="4.780548e-03" type="0"/>
    <Peak1D F1="3.038613" intensity="1.762430e-03" type="0"/>
    <Peak1D F1="3.027382" intensity="8.959899e-03" type="0"/>
    <Peak1D F1="3.017724" intensity="4.415155e-03" type="0"/>
    <Peak1D F1="3.007663" intensity="1.519612e-02" type="0"/>
    <Peak1D F1="3.001216" intensity="2.679746e-02" type="0"/>
    <Peak1D F1="2.994939" intensity="4.547237e-02" type="0"/>
    <Peak1D F1="2.993815" intensity="4.641072e-02" type="0"/>
    <Peak1D F1="2.988727" intensity="4.949937e-02" type="0"/>
    <Peak1D F1="2.960979" intensity="1.500000e+01" type="0"/>
    <Peak1D F1="2.926236" intensity="5.295930e-02" type="0"/>
    <Peak1D F1="2.909646" intensity="2.921432e-02" type="0"/>
    <Peak1D F1="2.888609" intensity="4.223414e-01" type="0"/>
    <Peak1D F1="2.879042" intensity="3.728500e-01" type="0"/>
    <Peak1D F1="2.873769" intensity="8.726516e-01" type="0"/>
    <Peak1D F1="2.864528" intensity="1.130771e+00" type="0"/>
    <Peak1D F1="2.858326" intensity="2.450184e+00" type="0"/>
    <Peak1D F1="2.845756" intensity="1.233347e+00" type="0"/>
    <Peak1D F1="2.837414" intensity="1.019946e+00" type="0"/>
    <Peak1D F1="2.832125" intensity="4.817890e-01" type="0"/>
    <Peak1D F1="2.822878" intensity="6.051219e-01" type="0"/>
    <Peak1D F1="2.810159" intensity="7.135759e-01" type="0"/>
    <Peak1D F1="2.793463" intensity="1.154900e+00" type="0"/>
    <Peak1D F1="2.788656" intensity="1.252554e+00" type="0"/>
    <Peak1D F1="2.777059" intensity="1.496798e+01" type="0"/>
    <Peak1D F1="2.758242" intensity="2.428283e+00" type="0"/>
    <Peak1D F1="2.744627" intensity="9.498251e-01" type="0"/>
    <Peak1D F1="2.734987" intensity="4.943714e-01" type="0"/>
    <Peak1D F1="2.721957" intensity="3.064387e-01" type="0"/>
    <Peak1D F1="2.710828" intensity="1.376815e-01" type="0"/>
    <Peak1D F1="2.698154" intensity="9.206714e-02" type="0"/>
    <Peak1D F1="2.688324" intensity="3.152468e-02" type="0"/>
    <Peak1D F1="2.683729" intensity="2.823792e-02" type="0"/>
    <Peak1D F1="2.676062" intensity="2.789228e-02" type="0"/>
    <Peak1D F1="2.660457" intensity="1.031148e-01" type="0"/>
    <Peak1D F1="2.647152" intensity="4.992351e-02" type="0"/>
    <Peak1D F1="2.620848" intensity="6.985810e-01" type="0"/>
    <Peak1D F1="2.612127" intensity="9.987854e-01" type="0"/>
    <Peak1D F1="2.604509" intensity="7.166157e-01" type="0"/>
    <Peak1D F1="2.596332" intensity="1.221174e+00" type="0"/>
    <Peak1D F1="2.589749" intensity="7.255068e-01" type="0"/>
    <Peak1D F1="2.574445" intensity="2.824230e-01" type="0"/>
    <Peak1D F1="2.512310" intensity="9.376137e-03" type="0"/>
    <Peak1D F1="2.505349" intensity="9.194654e-03" type="0"/>
    <Peak1D F1="2.497732" intensity="1.049155e-02" type="0"/>
    <Peak1D F1="2.493735" intensity="1.082396e-02" type="0"/>
    <Peak1D F1="2.480205" intensity="1.096598e-02" type="0"/>
    <Peak1D F1="2.471644" intensity="8.367397e-03" type="0"/>
    <Peak1D F1="2.465786" intensity="8.315912e-03" type="0"/>
    <Peak1D F1="2.447789" intensity="6.680553e-03" type="0"/>
    <Peak1D F1="2.441875" intensity="6.116567e-03" type="0"/>
    <Peak1D F1="2.435339" intensity="5.777372e-03" type="0"/>
    <Peak1D F1="2.429540" intensity="5.717478e-03" type="0"/>
    <Peak1D F1="2.420879" intensity="6.839268e-03" type="0"/>
    <Peak1D F1="2.405490" intensity="5.169038e-03" type="0"/>
    <Peak1D F1="2.382761" intensity="5.319472e-03" type="0"/>
    <Peak1D F1="2.351062" intensity="6.338868e-02" type="0"/>
    <Peak1D F1="2.338752" intensity="1.033044e-01" type="0"/>
    <Peak1D F1="2.326092" intensity="7.366667e-02" type="0"/>
    <Peak1D F1="2.303036" intensity="6.612444e-02" type="0"/>
    <Peak1D F1="2.283698" intensity="6.030335e-03" type="0"/>
    <Peak1D F1="2.278993" intensity="6.001729e-03" type="0"/>
    <Peak1D F1="2.250505" intensity="5.229227e-03" type="0"/>
    <Peak1D F1="2.238697" intensity="5.931510e-03" type="0"/>
    <Peak1D F1="2.217926" intensity="6.366340e-03" type="0"/>
    <Peak1D F1="2.204320" intensity="9.130027e-03" type="0"/>
    <Peak1D F1="2.193342" intensity="2.301307e-02" type="0"/>
    <Peak1D F1="2.178954" intensity="9.304750e-03" type="0"/>
    <Peak1D F1="2.164891" intensity="7.743507e-03" type="0"/>
    <Peak1D F1="2.156736" intensity="8.938537e-03" type="0"/>
    <Peak1D F1="2.036075" intensity="8.188032e-02" type="0"/>
    <Peak1D F1="2.023096" intensity="1.632190e-01" type="0"/>
    <Peak1D F1="2.010405" intensity="2.999130e-01" type="0"/>
    <Peak1D F1="1.991883" intensity="5.899157e-01" type="0"/>
    <Peak1D F1="1.903309" intensity="2.509222e-02" type="0"/>
    <Peak1D F1="1.881142" intensity="1.949541e-02" type="0"/>
    <Peak1D F1="1.863500" intensity="9.141913e-02" type="0"/>
    <Peak1D F1="1.854663" intensity="1.380310e-01" type="0"/>
    <Peak1D F1="1.850447" intensity="1.721949e-01" type="0"/>
    <Peak1D F1="1.840807" intensity="7.110101e-01" type="0"/>
    <Peak1D F1="1.832681" intensity="8.839307e-01" type="0"/>
    <Peak1D F1="1.827507" intensity="1.339443e+00" type="0"/>
    <Peak1D F1="1.819645" intensity="1.676224e+00" type="0"/>
    <Peak1D F1="1.814421" intensity="9.228552e-01" type="0"/>
    <Peak1D F1="1.810392" intensity="1.289957e+00" type="0"/>
    <Peak1D F1="1.797401" intensity="7.045532e-01" type="0"/>
    <Peak1D F1="1.787598" intensity="1.868998e-01" type="0"/>
    <Peak1D F1="1.784706" intensity="1.736753e-01" type="0"/>
    <Peak1D F1="1.774358" intensity="1.025117e-01" type="0"/>
    <Peak1D F1="1.741496" intensity="1.591521e-02" type="0"/>
    <Peak1D F1="1.731897" intensity="1.839386e-02" type="0"/>
    <Peak1D F1="1.724254" intensity="1.695998e-02" type="0"/>
    <Peak1D F1="1.719084" intensity="1.920526e-02" type="0"/>
    <Peak1D F1="1.710853" intensity="2.387297e-02" type="0"/>
    <Peak1D F1="1.701084" intensity="1.744698e-02" type="0"/>
    <Peak1D F1="1.688921" intensity="1.399446e-02" type="0"/>
    <Peak1D F1="1.678087" intensity="1.211604e-02" type="0"/>
    <Peak1D F1="1.665439" intensity="1.123994e-02" type="0"/>
    <Peak1D F1="1.658471" intensity="1.140723e-02" type="0"/>
    <Peak1D F1="1.645641" intensity="1.162482e-02" type="0"/>
    <Peak1D F1="1.633299" intensity="1.323968e-02" type="0"/>
    <Peak1D F1="1.624324" intensity="1.265032e-02" type="0"/>
    <Peak1D F1="1.612258" intensity="1.456511e-02" type="0"/>
    <Peak1D F1="1.599474" intensity="1.460962e-02" type="0"/>
    <Peak1D F1="1.588122" intensity="1.357646e-02" type="0"/>
    <Peak1D F1="1.566573" intensity="1.123954e-02" type="0"/>
    <Peak1D F1="1.557647" intensity="9.982959e-03" type="0"/>
    <Peak1D F1="1.544732" intensity="1.053665e-02" type="0"/>
    <Peak1D F1="1.541269" intensity="1.057602e-02" type="0"/>
    <Peak1D F1="1.534002" intensity="1.124938e-02" type="0"/>
    <Peak1D F1="1.529555" intensity="1.067336e-02" type="0"/>
    <Peak1D F1="1.521357" intensity="1.234372e-02" type="0"/>
    <Peak1D F1="1.507955" intensity="9.767377e-03" type="0"/>
    <Peak1D F1="1.502442" intensity="1.031347e-02" type="0"/>
    <Peak1D F1="1.497260" intensity="9.567268e-03" type="0"/>
    <Peak1D F1="1.479593" intensity="1.107935e-02" type="0"/>
    <Peak1D F1="1.463182" intensity="4.387982e-01" type="0"/>
    <Peak1D F1="1.443686" intensity="1.622830e-02" type="0"/>
    <Peak1D F1="1.434809" intensity="1.281489e-02" type="0"/>
    <Peak1D F1="1.417920" intensity="1.717108e-02" type="0"/>
    <Peak1D F1="1.409431" intensity="1.962522e-02" type="0"/>
    <Peak1D F1="1.396995" intensity="1.663985e-02" type="0"/>
    <Peak1D F1="1.388541" intensity="1.816201e-02" type="0"/>
    <Peak1D F1="1.375803" intensity="2.928835e-02" type="0"/>
    <Peak1D F1="1.367699" intensity="3.192614e-02" type="0"/>
    <Peak1D F1="1.362129" intensity="2.894265e-02" type="0"/>
    <Peak1D F1="1.340584" intensity="3.435588e-02" type="0"/>
    <Peak1D F1="1.329250" intensity="4.422570e-02" type="0"/>
    <Peak1D F1="1.316133" intensity="6.188850e-02" type="0"/>
    <Peak1D F1="1.288213" intensity="3.725724e-01" type="0"/>
    <Peak1D F1="1.270058" intensity="6.156733e-02" type="0"/>
    <Peak1D F1="1.256106" intensity="4.412336e-02" type="0"/>
    <Peak1D F1="1.249236" intensity="7.913780e-02" type="0"/>
    <Peak1D F1="1.238127" intensity="5.534900e-02" type="0"/>
    <Peak1D F1="1.226575" intensity="3.435839e-02" type="0"/>
    <Peak1D F1="1.197303" intensity="1.976109e-02" type="0"/>
    <Peak1D F1="1.191405" intensity="1.958217e-02" type="0"/>
    <Peak1D F1="1.186244" intensity="2.724816e-02" type="0"/>
    <Peak1D F1="1.156558" intensity="1.122554e-02" type="0"/>
    <Peak1D F1="1.143245" intensity="1.422368e-02" type="0"/>
    <Peak1D F1="1.107332" intensity="1.192164e-02" type="0"/>
    <Peak1D F1="1.084960" intensity="1.092213e-02" type="0"/>
    <Peak1D F1="1.078561" intensity="1.367256e-02" type="0"/>
    <Peak1D F1="1.071773" intensity="9.992850e-03" type="0"/>
    <Peak1D F1="1.066538" intensity="1.076727e-02" type="0"/>
    <Peak1D F1="1.055620" intensity="1.202214e-02" type="0"/>
    <Peak1D F1="1.044259" intensity="9.663570e-03" type="0"/>
    <Peak1D F1="1.029851" intensity="7.051354e-03" type="0"/>
    <Peak1D F1="1.016929" intensity="7.037572e-03" type="0"/>
    <Peak1D F1="1.009251" intensity="8.998654e-03" type="0"/>
    <Peak1D F1="1.004850" intensity="9.043831e-03" type="0"/>
    <Peak1D F1="0.998500" intensity="9.636981e-03" type="0"/>
    <Peak1D F1="0.992792" intensity="8.917471e-03" type="0"/>
    <Peak1D F1="0.984364" intensity="9.443896e-03" type="0"/>
    <Peak1D F1="0.971688" intensity="1.038662e-02" type="0"/>
    <Peak1D F1="0.964535" intensity="1.370461e-02" type="0"/>
    <Peak1D F1="0.959598" intensity="1.289588e-02" type="0"/>
    <Peak1D F1="0.952308" intensity="2.110439e-02" type="0"/>
    <Peak1D F1="0.939659" intensity="2.165906e-02" type="0"/>
    <Peak1D F1="0.924710" intensity="4.726042e-02" type="0"/>
    <Peak1D F1="0.913071" intensity="7.772733e-02" type="0"/>
    <Peak1D F1="0.900869" intensity="5.695243e-02" type="0"/>
    <Peak1D F1="0.888929" intensity="4.127336e-02" type="0"/>
    <Peak1D F1="0.874297" intensity="5.314638e-02" type="0"/>
    <Peak1D F1="0.770056" intensity="1.237776e-02" type="0"/>
    <Peak1D F1="0.747559" intensity="3.511415e-03" type="0"/>
    <Peak1D F1="0.735517" intensity="2.373944e-03" type="0"/>
    <Peak1D F1="0.709263" intensity="1.988631e-03" type="0"/>
    <Peak1D F1="0.685021" intensity="1.196317e-03" type="0"/>
    <Peak1D F1="0.674083" intensity="1.196667e-03" type="0"/>
    <Peak1D F1="0.654394" intensity="1.071301e-03" type="0"/>
    <Peak1D F1="0.638717" intensity="9.342654e-04" type="0"/>
    <Peak1D F1="0.631449" intensity="7.990851e-04" type="0"/>
    <Peak1D F1="0.620795" intensity="7.825600e-04" type="0"/>
    <Peak1D F1="0.604724" intensity="7.795098e-04" type="0"/>
    <Peak1D F1="0.565931" intensity="7.588302e-04" type="0"/>
    <Peak1D F1="0.537377" intensity="6.001844e-04" type="0"/>
    <Peak1D F1="0.522072" intensity="5.436037e-04" type="0"/>
    <Peak1D F1="0.105648" intensity="1.995450e-02" type="0"/>
    <Peak1D F1="0.081263" intensity="5.487549e-04" type="0"/>
    <Peak1D F1="-2.625560" intensity="5.545735e-04" type="0"/>
  </PeakList1D>
</PeakList>
