<?xml version="1.0" encoding="UTF-8"?>
<PeakList>
  <PeakList1D>
    <PeakList1DHeader creator="nmr600" date="2019-09-30T08:17:39.432+02:00" expNo="11" name="6Sep3019" owner="" procNo="1" source="/opt/topspin3.0/data/nmr600/nmr">
      <PeakPickDetails>F1=219.446198ppm, F2=-19.452496ppm, MI=0.00cm, MAXI=10000.00cm, PC=1.400
      </PeakPickDetails>
    </PeakList1DHeader>
    <Peak1D F1="152.761703" intensity="-1.788514e+00" type="0"/>
    <Peak1D F1="145.517822" intensity="-1.038392e+00" type="0"/>
    <Peak1D F1="140.665787" intensity="-2.219896e+00" type="0"/>
    <Peak1D F1="134.419662" intensity="-2.083132e+00" type="0"/>
    <Peak1D F1="133.493439" intensity="-1.467756e+00" type="0"/>
    <Peak1D F1="130.923477" intensity="3.490365e-01" type="0"/>
    <Peak1D F1="129.396637" intensity="6.198825e+00" type="0"/>
    <Peak1D F1="129.246048" intensity="7.361229e-02" type="0"/>
    <Peak1D F1="129.154526" intensity="1.351746e-01" type="0"/>
    <Peak1D F1="128.973236" intensity="4.188162e-01" type="0"/>
    <Peak1D F1="128.881302" intensity="1.300635e+01" type="0"/>
    <Peak1D F1="128.589371" intensity="3.840030e-01" type="0"/>
    <Peak1D F1="128.423782" intensity="1.240333e-01" type="0"/>
    <Peak1D F1="128.147141" intensity="1.497273e-01" type="0"/>
    <Peak1D F1="128.059433" intensity="1.048643e-01" type="0"/>
    <Peak1D F1="127.996353" intensity="1.068258e-01" type="0"/>
    <Peak1D F1="127.638565" intensity="1.332617e+01" type="0"/>
    <Peak1D F1="126.692482" intensity="1.919611e-01" type="0"/>
    <Peak1D F1="124.212143" intensity="1.079274e-01" type="0"/>
    <Peak1D F1="124.043640" intensity="7.033557e-02" type="0"/>
    <Peak1D F1="123.830215" intensity="1.389195e+01" type="0"/>
    <Peak1D F1="123.741623" intensity="1.493915e-01" type="0"/>
    <Peak1D F1="123.699081" intensity="1.238233e-01" type="0"/>
    <Peak1D F1="122.746605" intensity="7.386015e-02" type="0"/>
    <Peak1D F1="122.567528" intensity="1.500000e+01" type="0"/>
    <Peak1D F1="122.478241" intensity="1.454658e-01" type="0"/>
    <Peak1D F1="120.650848" intensity="5.899772e+00" type="0"/>
    <Peak1D F1="77.261559" intensity="-3.857080e+00" type="0"/>
    <Peak1D F1="77.049545" intensity="-4.219713e+00" type="0"/>
    <Peak1D F1="76.837776" intensity="-4.276905e+00" type="0"/>
    <Peak1D F1="71.475761" intensity="7.387033e+00" type="0"/>
    <Peak1D F1="71.303459" intensity="8.526618e-02" type="0"/>
    <Peak1D F1="66.217064" intensity="-2.035081e-01" type="0"/>
    <Peak1D F1="65.905647" intensity="-1.516208e-01" type="0"/>
    <Peak1D F1="64.344673" intensity="-6.785793e-02" type="0"/>
    <Peak1D F1="64.302940" intensity="-6.969275e-02" type="0"/>
    <Peak1D F1="54.000767" intensity="-7.677936e-02" type="0"/>
    <Peak1D F1="53.445755" intensity="-1.038148e-01" type="0"/>
    <Peak1D F1="50.749283" intensity="-1.514181e-01" type="0"/>
    <Peak1D F1="49.441826" intensity="-7.053796e-02" type="0"/>
    <Peak1D F1="46.960598" intensity="-1.436608e+00" type="0"/>
    <Peak1D F1="46.886414" intensity="-6.183303e-01" type="0"/>
    <Peak1D F1="46.617970" intensity="-8.252622e-02" type="0"/>
    <Peak1D F1="46.350567" intensity="-1.410485e+00" type="0"/>
    <Peak1D F1="45.935673" intensity="-4.006460e-01" type="0"/>
    <Peak1D F1="45.337971" intensity="-7.581115e-02" type="0"/>
    <Peak1D F1="42.311371" intensity="-3.494836e-01" type="0"/>
    <Peak1D F1="36.587799" intensity="-8.400415e-02" type="0"/>
    <Peak1D F1="36.486530" intensity="-8.257283e-02" type="0"/>
    <Peak1D F1="34.348473" intensity="8.626704e-02" type="0"/>
    <Peak1D F1="33.454319" intensity="-7.380867e-02" type="0"/>
    <Peak1D F1="33.103130" intensity="-1.013523e-01" type="0"/>
    <Peak1D F1="32.503990" intensity="7.091484e-02" type="0"/>
    <Peak1D F1="30.330563" intensity="1.259218e-01" type="0"/>
    <Peak1D F1="30.201809" intensity="7.185607e-02" type="0"/>
    <Peak1D F1="30.080902" intensity="7.818263e-02" type="0"/>
    <Peak1D F1="29.709806" intensity="-1.551138e-01" type="0"/>
    <Peak1D F1="29.455959" intensity="-9.250607e-02" type="0"/>
    <Peak1D F1="29.398645" intensity="7.452070e-02" type="0"/>
    <Peak1D F1="29.264326" intensity="-9.962027e-02" type="0"/>
    <Peak1D F1="28.603428" intensity="-8.860467e-02" type="0"/>
    <Peak1D F1="27.348049" intensity="7.411461e-02" type="0"/>
    <Peak1D F1="26.779865" intensity="-8.938103e-02" type="0"/>
    <Peak1D F1="26.397408" intensity="-7.018092e-02" type="0"/>
    <Peak1D F1="26.327847" intensity="-7.117712e-02" type="0"/>
    <Peak1D F1="26.164322" intensity="-3.313309e-01" type="0"/>
    <Peak1D F1="26.140926" intensity="-1.042928e-01" type="0"/>
    <Peak1D F1="26.067350" intensity="-6.793512e-02" type="0"/>
    <Peak1D F1="25.739458" intensity="-1.169446e+00" type="0"/>
    <Peak1D F1="24.363056" intensity="-1.399466e+00" type="0"/>
    <Peak1D F1="23.794531" intensity="-1.028319e-01" type="0"/>
    <Peak1D F1="23.436195" intensity="6.573664e-02" type="0"/>
    <Peak1D F1="22.974068" intensity="-9.630054e-02" type="0"/>
    <Peak1D F1="19.616728" intensity="9.830061e-02" type="0"/>
    <Peak1D F1="19.570023" intensity="1.593774e-01" type="0"/>
    <Peak1D F1="17.967241" intensity="7.154562e-02" type="0"/>
    <Peak1D F1="15.936066" intensity="6.995301e-02" type="0"/>
    <Peak1D F1="14.146549" intensity="8.402030e-02" type="0"/>
    <Peak1D F1="14.055843" intensity="7.592788e-02" type="0"/>
    <Peak1D F1="12.182940" intensity="7.130348e-02" type="0"/>
    <Peak1D F1="11.397377" intensity="9.311976e-02" type="0"/>
    <Peak1D F1="10.994328" intensity="6.904165e-02" type="0"/>
  </PeakList1D>
</PeakList>
