<?xml version="1.0" encoding="UTF-8"?>
<PeakList>
  <PeakList1D>
    <PeakList1DHeader creator="JRomeo" date="2019-12-09T12:36:18" expNo="5" name="2JR96" owner="" procNo="1" source="C:\Bruker\TOPSPIN">
      <PeakPickDetails>F1=155.647ppm, F2=150.973ppm, MI=0.09cm, MAXI=0.28cm, PC=1.400
      </PeakPickDetails>
    </PeakList1DHeader>
    <Peak1D F1="154.9267" intensity="0.2" type="0"/>
    <Peak1D F1="151.4657" intensity="0.26" type="0"/>
  </PeakList1D>
  <PeakList1D>
    <PeakList1DHeader creator="JRomeo" date="2019-12-09T12:36:18" expNo="5" name="2JR96" owner="" procNo="1" source="C:\Bruker\TOPSPIN">
      <PeakPickDetails>F1=120.073ppm, F2=93.254ppm, MI=0.14cm, MAXI=1.31cm, PC=1.400
      </PeakPickDetails>
    </PeakList1DHeader>
    <Peak1D F1="117.6439" intensity="0.94" type="0"/>
    <Peak1D F1="114.5682" intensity="1.01" type="0"/>
    <Peak1D F1="99.4545" intensity="0.47" type="0"/>
    <Peak1D F1="99.321" intensity="0.5" type="0"/>
    <Peak1D F1="98.2274" intensity="0.47" type="0"/>
    <Peak1D F1="97.2376" intensity="0.37" type="0"/>
  </PeakList1D>
  <PeakList1D>
    <PeakList1DHeader creator="JRomeo" date="2019-12-09T12:36:18" expNo="5" name="2JR96" owner="" procNo="1" source="C:\Bruker\TOPSPIN">
      <PeakPickDetails>F1=81.071ppm, F2=52.106ppm, MI=0.12cm, MAXI=1.17cm, PC=1.400
      </PeakPickDetails>
    </PeakList1DHeader>
    <Peak1D F1="76.5281" intensity="0.37" type="0"/>
    <Peak1D F1="75.2003" intensity="0.35" type="0"/>
    <Peak1D F1="74.9765" intensity="0.37" type="0"/>
    <Peak1D F1="74.7739" intensity="0.41" type="0"/>
    <Peak1D F1="74.2115" intensity="0.31" type="0"/>
    <Peak1D F1="73.3712" intensity="0.32" type="0"/>
    <Peak1D F1="68.0517" intensity="0.41" type="0"/>
    <Peak1D F1="67.8138" intensity="0.35" type="0"/>
    <Peak1D F1="67.5698" intensity="0.39" type="0"/>
    <Peak1D F1="67.52" intensity="0.42" type="0"/>
    <Peak1D F1="66.9602" intensity="0.38" type="0"/>
    <Peak1D F1="65.8693" intensity="0.44" type="0"/>
    <Peak1D F1="55.7227" intensity="0.55" type="0"/>
    <Peak1D F1="55.7022" intensity="0.58" type="0"/>
    <Peak1D F1="54.8053" intensity="0.56" type="0"/>
    <Peak1D F1="54.5227" intensity="0.48" type="0"/>
  </PeakList1D>
  <PeakList1D>
    <PeakList1DHeader creator="JRomeo" date="2019-12-09T12:36:18" expNo="5" name="2JR96" owner="" procNo="1" source="C:\Bruker\TOPSPIN">
      <PeakPickDetails>F1=37.623ppm, F2=15.019ppm, MI=0.16cm, MAXI=2.57cm, PC=1.400
      </PeakPickDetails>
    </PeakList1DHeader>
    <Peak1D F1="34.3421" intensity="0.32" type="0"/>
    <Peak1D F1="31.3967" intensity="0.35" type="0"/>
    <Peak1D F1="31.3495" intensity="0.36" type="0"/>
    <Peak1D F1="29.7898" intensity="0.4" type="0"/>
    <Peak1D F1="26.1946" intensity="1.84" type="0"/>
    <Peak1D F1="18.5354" intensity="0.32" type="0"/>
    <Peak1D F1="17.8957" intensity="0.49" type="0"/>
    <Peak1D F1="17.8203" intensity="0.45" type="0"/>
    <Peak1D F1="17.2346" intensity="0.5" type="0"/>
    <Peak1D F1="17.0965" intensity="0.46" type="0"/>
  </PeakList1D>
  <PeakList1D>
    <PeakList1DHeader creator="JRomeo" date="2019-12-09T12:36:18" expNo="5" name="2JR96" owner="" procNo="1" source="C:\Bruker\TOPSPIN">
      <PeakPickDetails>F1=-0.766ppm, F2=-9.808ppm, MI=0.19cm, MAXI=0.86cm, PC=1.400
      </PeakPickDetails>
    </PeakList1DHeader>
    <Peak1D F1="-4.2991" intensity="0.54" type="0"/>
    <Peak1D F1="-4.9079" intensity="0.56" type="0"/>
  </PeakList1D>
</PeakList>
