<?xml version="1.0" encoding="UTF-8"?>
<PeakList>
  <PeakList1D>
    <PeakList1DHeader creator="JRomeo" date="2019-07-12T12:53:36" expNo="1" name="2JR40" owner="" procNo="1" source="C:\Bruker\TOPSPIN">
      <PeakPickDetails>F1=7.135ppm, F2=6.610ppm, MI=0.87cm, MAXI=3.96cm, PC=1.000
      </PeakPickDetails>
    </PeakList1DHeader>
    <Peak1D F1="7.0051" intensity="2.8" type="0"/>
    <Peak1D F1="7.0005" intensity="0.92" type="0"/>
    <Peak1D F1="6.9916" intensity="1.01" type="0"/>
    <Peak1D F1="6.9869" intensity="3.54" type="0"/>
    <Peak1D F1="6.8347" intensity="3.45" type="0"/>
    <Peak1D F1="6.83" intensity="1.03" type="0"/>
    <Peak1D F1="6.8211" intensity="0.89" type="0"/>
    <Peak1D F1="6.8165" intensity="2.76" type="0"/>
  </PeakList1D>
  <PeakList1D>
    <PeakList1DHeader creator="JRomeo" date="2019-07-12T12:53:36" expNo="1" name="2JR40" owner="" procNo="1" source="C:\Bruker\TOPSPIN">
      <PeakPickDetails>F1=5.909ppm, F2=5.273ppm, MI=0.62cm, MAXI=1.10cm, PC=1.000
      </PeakPickDetails>
    </PeakList1DHeader>
    <Peak1D F1="5.5477" intensity="0.96" type="0"/>
    <Peak1D F1="5.5417" intensity="0.99" type="0"/>
  </PeakList1D>
  <PeakList1D>
    <PeakList1DHeader creator="JRomeo" date="2019-07-12T12:53:36" expNo="1" name="2JR40" owner="" procNo="1" source="C:\Bruker\TOPSPIN">
      <PeakPickDetails>F1=4.057ppm, F2=3.963ppm, MI=0.16cm, MAXI=1.11cm, PC=1.000
      </PeakPickDetails>
    </PeakList1DHeader>
    <Peak1D F1="4.0179" intensity="0.24" type="0"/>
    <Peak1D F1="4.0046" intensity="0.75" type="0"/>
    <Peak1D F1="3.9914" intensity="0.77" type="0"/>
    <Peak1D F1="3.9782" intensity="0.25" type="0"/>
  </PeakList1D>
  <PeakList1D>
    <PeakList1DHeader creator="JRomeo" date="2019-07-12T12:53:36" expNo="1" name="2JR40" owner="" procNo="1" source="C:\Bruker\TOPSPIN">
      <PeakPickDetails>F1=3.877ppm, F2=3.805ppm, MI=0.28cm, MAXI=2.55cm, PC=1.000
      </PeakPickDetails>
    </PeakList1DHeader>
    <Peak1D F1="3.8503" intensity="1.82" type="0"/>
    <Peak1D F1="3.8408" intensity="0.67" type="0"/>
    <Peak1D F1="3.8347" intensity="0.3" type="0"/>
    <Peak1D F1="3.8279" intensity="0.55" type="0"/>
    <Peak1D F1="3.8219" intensity="0.42" type="0"/>
    <Peak1D F1="3.8177" intensity="0.52" type="0"/>
    <Peak1D F1="3.8118" intensity="0.37" type="0"/>
  </PeakList1D>
  <PeakList1D>
    <PeakList1DHeader creator="JRomeo" date="2019-07-12T12:53:36" expNo="1" name="2JR40" owner="" procNo="1" source="C:\Bruker\TOPSPIN">
      <PeakPickDetails>F1=3.782ppm, F2=3.733ppm, MI=11.37cm, MAXI=14.40cm, PC=1.000
      </PeakPickDetails>
    </PeakList1DHeader>
    <Peak1D F1="3.7722" intensity="14.38" type="0"/>
  </PeakList1D>
  <PeakList1D>
    <PeakList1DHeader creator="JRomeo" date="2019-07-12T12:53:36" expNo="1" name="2JR40" owner="" procNo="1" source="C:\Bruker\TOPSPIN">
      <PeakPickDetails>F1=3.500ppm, F2=3.381ppm, MI=13.41cm, MAXI=15.69cm, PC=1.000
      </PeakPickDetails>
    </PeakList1DHeader>
    <Peak1D F1="3.4544" intensity="15.0" type="0"/>
  </PeakList1D>
  <PeakList1D>
    <PeakList1DHeader creator="JRomeo" date="2019-07-12T12:53:36" expNo="1" name="2JR40" owner="" procNo="1" source="C:\Bruker\TOPSPIN">
      <PeakPickDetails>F1=2.289ppm, F2=1.920ppm, MI=0.19cm, MAXI=1.63cm, PC=1.000
      </PeakPickDetails>
    </PeakList1DHeader>
    <Peak1D F1="2.1715" intensity="1.05" type="0"/>
    <Peak1D F1="2.1193" intensity="0.38" type="0"/>
    <Peak1D F1="2.117" intensity="0.29" type="0"/>
    <Peak1D F1="2.1111" intensity="0.3" type="0"/>
    <Peak1D F1="2.1089" intensity="0.4" type="0"/>
    <Peak1D F1="2.1069" intensity="0.29" type="0"/>
    <Peak1D F1="2.0955" intensity="0.44" type="0"/>
    <Peak1D F1="2.0929" intensity="0.67" type="0"/>
    <Peak1D F1="2.0899" intensity="0.37" type="0"/>
    <Peak1D F1="2.0857" intensity="0.43" type="0"/>
    <Peak1D F1="2.0835" intensity="0.62" type="0"/>
    <Peak1D F1="2.0806" intensity="0.4" type="0"/>
    <Peak1D F1="2.024" intensity="0.61" type="0"/>
    <Peak1D F1="2.0166" intensity="0.62" type="0"/>
    <Peak1D F1="2.0009" intensity="0.61" type="0"/>
    <Peak1D F1="1.9977" intensity="0.47" type="0"/>
    <Peak1D F1="1.9936" intensity="0.66" type="0"/>
    <Peak1D F1="1.9903" intensity="0.38" type="0"/>
    <Peak1D F1="1.9752" intensity="0.36" type="0"/>
    <Peak1D F1="1.9679" intensity="0.33" type="0"/>
  </PeakList1D>
  <PeakList1D>
    <PeakList1DHeader creator="JRomeo" date="2019-07-12T12:53:36" expNo="1" name="2JR40" owner="" procNo="1" source="C:\Bruker\TOPSPIN">
      <PeakPickDetails>F1=1.336ppm, F2=1.119ppm, MI=3.92cm, MAXI=6.10cm, PC=1.000
      </PeakPickDetails>
    </PeakList1DHeader>
    <Peak1D F1="1.2824" intensity="5.76" type="0"/>
    <Peak1D F1="1.2692" intensity="5.74" type="0"/>
  </PeakList1D>
</PeakList>
