<?xml version="1.0" encoding="UTF-8"?>
<PeakList>
  <PeakList1D>
    <PeakList1DHeader creator="nmrsu" date="2023-07-20T13:22:02.140-05:00" expNo="1257810" name="Jul20-2023" owner="" procNo="1" source="G:/data/chem-synthesis-summer-a-team3/nmr">
      <PeakPickDetails>F1=219.460297ppm, F2=-19.460289ppm, MI=0.00cm, MAXI=10000.00cm, PC=1.400
      </PeakPickDetails>
    </PeakList1DHeader>
    <Peak1D F1="123.911049" intensity="6.566153e+000" type="0"/>
    <Peak1D F1="77.346718" intensity="6.586580e+001" type="0"/>
    <Peak1D F1="77.029785" intensity="6.694839e+001" type="0"/>
    <Peak1D F1="76.710625" intensity="6.498981e+001" type="0"/>
    <Peak1D F1="72.654213" intensity="5.155328e+000" type="0"/>
    <Peak1D F1="70.370689" intensity="1.249226e+001" type="0"/>
    <Peak1D F1="40.398823" intensity="1.500000e+001" type="0"/>
    <Peak1D F1="40.087948" intensity="6.432688e+000" type="0"/>
    <Peak1D F1="31.652536" intensity="5.695950e+000" type="0"/>
    <Peak1D F1="30.474497" intensity="9.939235e+000" type="0"/>
    <Peak1D F1="19.285006" intensity="6.412045e+000" type="0"/>
    <Peak1D F1="18.865601" intensity="1.269197e+001" type="0"/>
  </PeakList1D>
</PeakList>
