<?xml version="1.0" encoding="UTF-8"?>
<PeakList>
  <PeakList1D>
    <PeakList1DHeader creator="chemist" date="2019-03-31T17:21:27.609+01:00" expNo="10" name="Y2274" owner="" procNo="1" source="d:\">
      <PeakPickDetails>F1=18.510ppm, F2=-6.510ppm, MI=0.00cm, MAXI=10000.00cm, PC=1.000
      </PeakPickDetails>
    </PeakList1DHeader>
    <Peak1D F1="9.9534" intensity="0.00" type="0"/>
    <Peak1D F1="9.9480" intensity="0.00" type="0"/>
    <Peak1D F1="9.8626" intensity="0.01" type="0"/>
    <Peak1D F1="9.4179" intensity="0.00" type="0"/>
    <Peak1D F1="8.5444" intensity="0.00" type="0"/>
    <Peak1D F1="8.5349" intensity="0.00" type="0"/>
    <Peak1D F1="8.4129" intensity="0.00" type="0"/>
    <Peak1D F1="8.0071" intensity="0.00" type="0"/>
    <Peak1D F1="7.9920" intensity="0.00" type="0"/>
    <Peak1D F1="7.9725" intensity="0.04" type="0"/>
    <Peak1D F1="7.9610" intensity="0.01" type="0"/>
    <Peak1D F1="7.9576" intensity="0.05" type="0"/>
    <Peak1D F1="7.9053" intensity="0.00" type="0"/>
    <Peak1D F1="7.8994" intensity="0.00" type="0"/>
    <Peak1D F1="7.8873" intensity="0.00" type="0"/>
    <Peak1D F1="7.8729" intensity="0.01" type="0"/>
    <Peak1D F1="7.8584" intensity="0.01" type="0"/>
    <Peak1D F1="7.8543" intensity="0.01" type="0"/>
    <Peak1D F1="7.8395" intensity="0.01" type="0"/>
    <Peak1D F1="7.8162" intensity="0.00" type="0"/>
    <Peak1D F1="7.8112" intensity="0.00" type="0"/>
    <Peak1D F1="7.7971" intensity="0.00" type="0"/>
    <Peak1D F1="7.7617" intensity="0.00" type="0"/>
    <Peak1D F1="7.7570" intensity="0.00" type="0"/>
    <Peak1D F1="7.7478" intensity="0.04" type="0"/>
    <Peak1D F1="7.7368" intensity="0.02" type="0"/>
    <Peak1D F1="7.7335" intensity="0.05" type="0"/>
    <Peak1D F1="7.7201" intensity="0.00" type="0"/>
    <Peak1D F1="7.7100" intensity="0.00" type="0"/>
    <Peak1D F1="7.6961" intensity="0.00" type="0"/>
    <Peak1D F1="7.6160" intensity="0.01" type="0"/>
    <Peak1D F1="7.6108" intensity="0.02" type="0"/>
    <Peak1D F1="7.6001" intensity="0.02" type="0"/>
    <Peak1D F1="7.5981" intensity="0.02" type="0"/>
    <Peak1D F1="7.5869" intensity="0.01" type="0"/>
    <Peak1D F1="7.5754" intensity="0.05" type="0"/>
    <Peak1D F1="7.5609" intensity="0.04" type="0"/>
    <Peak1D F1="7.5516" intensity="0.01" type="0"/>
    <Peak1D F1="7.5444" intensity="0.01" type="0"/>
    <Peak1D F1="7.5368" intensity="0.01" type="0"/>
    <Peak1D F1="7.5255" intensity="0.01" type="0"/>
    <Peak1D F1="7.5203" intensity="0.01" type="0"/>
    <Peak1D F1="7.5123" intensity="0.01" type="0"/>
    <Peak1D F1="7.5059" intensity="0.01" type="0"/>
    <Peak1D F1="7.4984" intensity="0.03" type="0"/>
    <Peak1D F1="7.4951" intensity="0.03" type="0"/>
    <Peak1D F1="7.4818" intensity="0.49" type="0"/>
    <Peak1D F1="7.4777" intensity="3.83" type="0"/>
    <Peak1D F1="7.4667" intensity="1.32" type="0"/>
    <Peak1D F1="7.4637" intensity="4.32" type="0"/>
    <Peak1D F1="7.4598" intensity="0.63" type="0"/>
    <Peak1D F1="7.4524" intensity="0.16" type="0"/>
    <Peak1D F1="7.4384" intensity="0.17" type="0"/>
    <Peak1D F1="7.4270" intensity="0.01" type="0"/>
    <Peak1D F1="7.4175" intensity="0.00" type="0"/>
    <Peak1D F1="7.4132" intensity="0.00" type="0"/>
    <Peak1D F1="7.4090" intensity="0.01" type="0"/>
    <Peak1D F1="7.4014" intensity="0.00" type="0"/>
    <Peak1D F1="7.3949" intensity="0.00" type="0"/>
    <Peak1D F1="7.3821" intensity="0.00" type="0"/>
    <Peak1D F1="7.3668" intensity="0.02" type="0"/>
    <Peak1D F1="7.3613" intensity="0.02" type="0"/>
    <Peak1D F1="7.3569" intensity="0.07" type="0"/>
    <Peak1D F1="7.3477" intensity="0.01" type="0"/>
    <Peak1D F1="7.3388" intensity="0.03" type="0"/>
    <Peak1D F1="7.3267" intensity="0.04" type="0"/>
    <Peak1D F1="7.3218" intensity="0.03" type="0"/>
    <Peak1D F1="7.3139" intensity="0.03" type="0"/>
    <Peak1D F1="7.3088" intensity="0.02" type="0"/>
    <Peak1D F1="7.3037" intensity="0.01" type="0"/>
    <Peak1D F1="7.2970" intensity="0.01" type="0"/>
    <Peak1D F1="7.2920" intensity="0.02" type="0"/>
    <Peak1D F1="7.2780" intensity="0.23" type="0"/>
    <Peak1D F1="7.2681" intensity="0.01" type="0"/>
    <Peak1D F1="7.2637" intensity="0.01" type="0"/>
    <Peak1D F1="7.2511" intensity="0.02" type="0"/>
    <Peak1D F1="7.2445" intensity="0.01" type="0"/>
    <Peak1D F1="7.2373" intensity="0.01" type="0"/>
    <Peak1D F1="7.2303" intensity="0.03" type="0"/>
    <Peak1D F1="7.2273" intensity="0.03" type="0"/>
    <Peak1D F1="7.2131" intensity="0.61" type="0"/>
    <Peak1D F1="7.2093" intensity="4.14" type="0"/>
    <Peak1D F1="7.1953" intensity="3.73" type="0"/>
    <Peak1D F1="7.1810" intensity="0.04" type="0"/>
    <Peak1D F1="7.1739" intensity="0.05" type="0"/>
    <Peak1D F1="7.1668" intensity="0.02" type="0"/>
    <Peak1D F1="7.1621" intensity="0.01" type="0"/>
    <Peak1D F1="7.1585" intensity="0.01" type="0"/>
    <Peak1D F1="7.1500" intensity="0.01" type="0"/>
    <Peak1D F1="7.1414" intensity="0.01" type="0"/>
    <Peak1D F1="7.1329" intensity="0.03" type="0"/>
    <Peak1D F1="7.1188" intensity="0.05" type="0"/>
    <Peak1D F1="7.1054" intensity="0.03" type="0"/>
    <Peak1D F1="7.1018" intensity="0.04" type="0"/>
    <Peak1D F1="7.0888" intensity="0.42" type="0"/>
    <Peak1D F1="7.0839" intensity="3.50" type="0"/>
    <Peak1D F1="7.0697" intensity="4.03" type="0"/>
    <Peak1D F1="7.0651" intensity="0.52" type="0"/>
    <Peak1D F1="7.0444" intensity="0.02" type="0"/>
    <Peak1D F1="7.0401" intensity="0.01" type="0"/>
    <Peak1D F1="7.0310" intensity="0.01" type="0"/>
    <Peak1D F1="7.0234" intensity="0.01" type="0"/>
    <Peak1D F1="7.0167" intensity="0.01" type="0"/>
    <Peak1D F1="7.0110" intensity="0.00" type="0"/>
    <Peak1D F1="6.9995" intensity="0.00" type="0"/>
    <Peak1D F1="6.9923" intensity="0.01" type="0"/>
    <Peak1D F1="6.9877" intensity="0.02" type="0"/>
    <Peak1D F1="6.9737" intensity="0.01" type="0"/>
    <Peak1D F1="6.9649" intensity="0.00" type="0"/>
    <Peak1D F1="6.9488" intensity="0.06" type="0"/>
    <Peak1D F1="6.9377" intensity="0.03" type="0"/>
    <Peak1D F1="6.9339" intensity="0.06" type="0"/>
    <Peak1D F1="6.9288" intensity="0.02" type="0"/>
    <Peak1D F1="6.9183" intensity="0.02" type="0"/>
    <Peak1D F1="6.9138" intensity="0.03" type="0"/>
    <Peak1D F1="6.9101" intensity="0.02" type="0"/>
    <Peak1D F1="6.8997" intensity="0.04" type="0"/>
    <Peak1D F1="6.8905" intensity="0.02" type="0"/>
    <Peak1D F1="6.8768" intensity="0.03" type="0"/>
    <Peak1D F1="6.8644" intensity="0.52" type="0"/>
    <Peak1D F1="6.8595" intensity="4.17" type="0"/>
    <Peak1D F1="6.8563" intensity="1.54" type="0"/>
    <Peak1D F1="6.8485" intensity="1.26" type="0"/>
    <Peak1D F1="6.8452" intensity="3.78" type="0"/>
    <Peak1D F1="6.8403" intensity="0.44" type="0"/>
    <Peak1D F1="6.8342" intensity="0.06" type="0"/>
    <Peak1D F1="6.8275" intensity="0.15" type="0"/>
    <Peak1D F1="6.8132" intensity="0.15" type="0"/>
    <Peak1D F1="6.8000" intensity="0.02" type="0"/>
    <Peak1D F1="6.7858" intensity="0.01" type="0"/>
    <Peak1D F1="6.7636" intensity="0.00" type="0"/>
    <Peak1D F1="6.7523" intensity="0.00" type="0"/>
    <Peak1D F1="6.7407" intensity="0.01" type="0"/>
    <Peak1D F1="6.7269" intensity="0.02" type="0"/>
    <Peak1D F1="6.7237" intensity="0.02" type="0"/>
    <Peak1D F1="6.7134" intensity="0.02" type="0"/>
    <Peak1D F1="6.7085" intensity="0.02" type="0"/>
    <Peak1D F1="6.6994" intensity="0.01" type="0"/>
    <Peak1D F1="6.6910" intensity="0.00" type="0"/>
    <Peak1D F1="6.6692" intensity="0.02" type="0"/>
    <Peak1D F1="6.6549" intensity="0.02" type="0"/>
    <Peak1D F1="6.6503" intensity="0.02" type="0"/>
    <Peak1D F1="6.6363" intensity="0.01" type="0"/>
    <Peak1D F1="6.5828" intensity="0.00" type="0"/>
    <Peak1D F1="6.5758" intensity="0.00" type="0"/>
    <Peak1D F1="6.5620" intensity="0.00" type="0"/>
    <Peak1D F1="6.4645" intensity="0.01" type="0"/>
    <Peak1D F1="6.4505" intensity="0.01" type="0"/>
    <Peak1D F1="5.9565" intensity="0.00" type="0"/>
    <Peak1D F1="5.8997" intensity="0.00" type="0"/>
    <Peak1D F1="5.8295" intensity="0.02" type="0"/>
    <Peak1D F1="5.8204" intensity="0.02" type="0"/>
    <Peak1D F1="5.3057" intensity="0.03" type="0"/>
    <Peak1D F1="5.2021" intensity="0.03" type="0"/>
    <Peak1D F1="5.1931" intensity="0.04" type="0"/>
    <Peak1D F1="5.1891" intensity="0.04" type="0"/>
    <Peak1D F1="5.1799" intensity="0.03" type="0"/>
    <Peak1D F1="5.1682" intensity="0.00" type="0"/>
    <Peak1D F1="5.1661" intensity="0.00" type="0"/>
    <Peak1D F1="5.1614" intensity="0.00" type="0"/>
    <Peak1D F1="4.9294" intensity="0.01" type="0"/>
    <Peak1D F1="4.9200" intensity="0.01" type="0"/>
    <Peak1D F1="4.9151" intensity="0.01" type="0"/>
    <Peak1D F1="4.9063" intensity="0.01" type="0"/>
    <Peak1D F1="4.8989" intensity="0.00" type="0"/>
    <Peak1D F1="4.8922" intensity="0.00" type="0"/>
    <Peak1D F1="4.8844" intensity="0.00" type="0"/>
    <Peak1D F1="4.8772" intensity="0.00" type="0"/>
    <Peak1D F1="4.8708" intensity="0.00" type="0"/>
    <Peak1D F1="4.8588" intensity="0.01" type="0"/>
    <Peak1D F1="4.8511" intensity="0.01" type="0"/>
    <Peak1D F1="4.8447" intensity="0.01" type="0"/>
    <Peak1D F1="4.8370" intensity="0.01" type="0"/>
    <Peak1D F1="4.8292" intensity="0.01" type="0"/>
    <Peak1D F1="4.8101" intensity="0.97" type="0"/>
    <Peak1D F1="4.8015" intensity="1.05" type="0"/>
    <Peak1D F1="4.7966" intensity="1.11" type="0"/>
    <Peak1D F1="4.7879" intensity="0.98" type="0"/>
    <Peak1D F1="4.7736" intensity="0.01" type="0"/>
    <Peak1D F1="4.7652" intensity="0.01" type="0"/>
    <Peak1D F1="4.7498" intensity="0.00" type="0"/>
    <Peak1D F1="4.6876" intensity="0.01" type="0"/>
    <Peak1D F1="4.6785" intensity="0.01" type="0"/>
    <Peak1D F1="4.6727" intensity="0.01" type="0"/>
    <Peak1D F1="4.6651" intensity="0.01" type="0"/>
    <Peak1D F1="4.6114" intensity="0.04" type="0"/>
    <Peak1D F1="4.5936" intensity="0.05" type="0"/>
    <Peak1D F1="4.5220" intensity="0.01" type="0"/>
    <Peak1D F1="4.5119" intensity="0.01" type="0"/>
    <Peak1D F1="4.4230" intensity="0.00" type="0"/>
    <Peak1D F1="4.4026" intensity="0.01" type="0"/>
    <Peak1D F1="4.2488" intensity="0.00" type="0"/>
    <Peak1D F1="4.2406" intensity="0.00" type="0"/>
    <Peak1D F1="4.1986" intensity="0.00" type="0"/>
    <Peak1D F1="4.1918" intensity="0.02" type="0"/>
    <Peak1D F1="4.1785" intensity="0.00" type="0"/>
    <Peak1D F1="4.1523" intensity="0.01" type="0"/>
    <Peak1D F1="4.1404" intensity="0.04" type="0"/>
    <Peak1D F1="4.1285" intensity="0.04" type="0"/>
    <Peak1D F1="4.1166" intensity="0.01" type="0"/>
    <Peak1D F1="4.0289" intensity="0.00" type="0"/>
    <Peak1D F1="4.0203" intensity="0.00" type="0"/>
    <Peak1D F1="4.0162" intensity="0.00" type="0"/>
    <Peak1D F1="4.0015" intensity="0.00" type="0"/>
    <Peak1D F1="3.9956" intensity="0.00" type="0"/>
    <Peak1D F1="3.9834" intensity="0.00" type="0"/>
    <Peak1D F1="3.9689" intensity="0.00" type="0"/>
    <Peak1D F1="3.9529" intensity="0.00" type="0"/>
    <Peak1D F1="3.9485" intensity="0.00" type="0"/>
    <Peak1D F1="3.9402" intensity="0.00" type="0"/>
    <Peak1D F1="3.9315" intensity="0.01" type="0"/>
    <Peak1D F1="3.9197" intensity="0.11" type="0"/>
    <Peak1D F1="3.9066" intensity="0.03" type="0"/>
    <Peak1D F1="3.8995" intensity="0.00" type="0"/>
    <Peak1D F1="3.8904" intensity="0.01" type="0"/>
    <Peak1D F1="3.8854" intensity="0.01" type="0"/>
    <Peak1D F1="3.8774" intensity="0.19" type="0"/>
    <Peak1D F1="3.8709" intensity="0.02" type="0"/>
    <Peak1D F1="3.8617" intensity="0.01" type="0"/>
    <Peak1D F1="3.8511" intensity="0.02" type="0"/>
    <Peak1D F1="3.8447" intensity="0.03" type="0"/>
    <Peak1D F1="3.8368" intensity="0.01" type="0"/>
    <Peak1D F1="3.8333" intensity="0.02" type="0"/>
    <Peak1D F1="3.8304" intensity="0.02" type="0"/>
    <Peak1D F1="3.8237" intensity="0.16" type="0"/>
    <Peak1D F1="3.8026" intensity="15.00" type="0"/>
    <Peak1D F1="3.7902" intensity="0.69" type="0"/>
    <Peak1D F1="3.7846" intensity="0.20" type="0"/>
    <Peak1D F1="3.7813" intensity="0.10" type="0"/>
    <Peak1D F1="3.7669" intensity="0.03" type="0"/>
    <Peak1D F1="3.7559" intensity="0.02" type="0"/>
    <Peak1D F1="3.7498" intensity="0.01" type="0"/>
    <Peak1D F1="3.7413" intensity="0.05" type="0"/>
    <Peak1D F1="3.7319" intensity="0.00" type="0"/>
    <Peak1D F1="3.7260" intensity="0.01" type="0"/>
    <Peak1D F1="3.7220" intensity="0.00" type="0"/>
    <Peak1D F1="3.7078" intensity="0.00" type="0"/>
    <Peak1D F1="3.7024" intensity="0.00" type="0"/>
    <Peak1D F1="3.6982" intensity="0.00" type="0"/>
    <Peak1D F1="3.6957" intensity="0.00" type="0"/>
    <Peak1D F1="3.6803" intensity="0.10" type="0"/>
    <Peak1D F1="3.6684" intensity="0.00" type="0"/>
    <Peak1D F1="3.6599" intensity="0.00" type="0"/>
    <Peak1D F1="3.6457" intensity="0.00" type="0"/>
    <Peak1D F1="3.6413" intensity="0.00" type="0"/>
    <Peak1D F1="3.6304" intensity="0.01" type="0"/>
    <Peak1D F1="3.6239" intensity="0.00" type="0"/>
    <Peak1D F1="3.6162" intensity="0.00" type="0"/>
    <Peak1D F1="3.6086" intensity="0.00" type="0"/>
    <Peak1D F1="3.5951" intensity="0.00" type="0"/>
    <Peak1D F1="3.5798" intensity="0.00" type="0"/>
    <Peak1D F1="3.5403" intensity="0.00" type="0"/>
    <Peak1D F1="3.5366" intensity="0.00" type="0"/>
    <Peak1D F1="3.4546" intensity="0.00" type="0"/>
    <Peak1D F1="3.4488" intensity="0.05" type="0"/>
    <Peak1D F1="3.4398" intensity="0.00" type="0"/>
    <Peak1D F1="3.4342" intensity="0.00" type="0"/>
    <Peak1D F1="3.4249" intensity="0.00" type="0"/>
    <Peak1D F1="3.4107" intensity="0.00" type="0"/>
    <Peak1D F1="3.3989" intensity="0.00" type="0"/>
    <Peak1D F1="3.3656" intensity="0.01" type="0"/>
    <Peak1D F1="3.3549" intensity="0.00" type="0"/>
    <Peak1D F1="3.3436" intensity="0.01" type="0"/>
    <Peak1D F1="3.3382" intensity="0.00" type="0"/>
    <Peak1D F1="3.3070" intensity="0.00" type="0"/>
    <Peak1D F1="3.2836" intensity="0.02" type="0"/>
    <Peak1D F1="3.2108" intensity="0.02" type="0"/>
    <Peak1D F1="3.2042" intensity="0.05" type="0"/>
    <Peak1D F1="3.1865" intensity="0.00" type="0"/>
    <Peak1D F1="3.0721" intensity="0.00" type="0"/>
    <Peak1D F1="3.0639" intensity="0.00" type="0"/>
    <Peak1D F1="3.0552" intensity="0.00" type="0"/>
    <Peak1D F1="3.0491" intensity="0.01" type="0"/>
    <Peak1D F1="3.0406" intensity="0.01" type="0"/>
    <Peak1D F1="3.0240" intensity="0.01" type="0"/>
    <Peak1D F1="3.0162" intensity="0.01" type="0"/>
    <Peak1D F1="3.0103" intensity="0.01" type="0"/>
    <Peak1D F1="3.0016" intensity="0.01" type="0"/>
    <Peak1D F1="2.9928" intensity="0.01" type="0"/>
    <Peak1D F1="2.9857" intensity="0.02" type="0"/>
    <Peak1D F1="2.9781" intensity="0.03" type="0"/>
    <Peak1D F1="2.9673" intensity="0.64" type="0"/>
    <Peak1D F1="2.9587" intensity="0.68" type="0"/>
    <Peak1D F1="2.9444" intensity="1.67" type="0"/>
    <Peak1D F1="2.9358" intensity="1.62" type="0"/>
    <Peak1D F1="2.9188" intensity="1.72" type="0"/>
    <Peak1D F1="2.9052" intensity="1.66" type="0"/>
    <Peak1D F1="2.8959" intensity="0.67" type="0"/>
    <Peak1D F1="2.8823" intensity="0.70" type="0"/>
    <Peak1D F1="2.8670" intensity="0.01" type="0"/>
    <Peak1D F1="2.8600" intensity="0.02" type="0"/>
    <Peak1D F1="2.8503" intensity="0.01" type="0"/>
    <Peak1D F1="2.8425" intensity="0.00" type="0"/>
    <Peak1D F1="2.8360" intensity="0.01" type="0"/>
    <Peak1D F1="2.8275" intensity="0.01" type="0"/>
    <Peak1D F1="2.8103" intensity="0.01" type="0"/>
    <Peak1D F1="2.7967" intensity="0.01" type="0"/>
    <Peak1D F1="2.7872" intensity="0.01" type="0"/>
    <Peak1D F1="2.7776" intensity="0.01" type="0"/>
    <Peak1D F1="2.7727" intensity="0.01" type="0"/>
    <Peak1D F1="2.7631" intensity="0.01" type="0"/>
    <Peak1D F1="2.7553" intensity="0.01" type="0"/>
    <Peak1D F1="2.7492" intensity="0.00" type="0"/>
    <Peak1D F1="2.7445" intensity="0.01" type="0"/>
    <Peak1D F1="2.7305" intensity="0.01" type="0"/>
    <Peak1D F1="2.7211" intensity="0.00" type="0"/>
    <Peak1D F1="2.7135" intensity="0.00" type="0"/>
    <Peak1D F1="2.7082" intensity="0.00" type="0"/>
    <Peak1D F1="2.6985" intensity="0.00" type="0"/>
    <Peak1D F1="2.6827" intensity="0.00" type="0"/>
    <Peak1D F1="2.6765" intensity="0.00" type="0"/>
    <Peak1D F1="2.6668" intensity="0.00" type="0"/>
    <Peak1D F1="2.6520" intensity="0.00" type="0"/>
    <Peak1D F1="2.6506" intensity="0.00" type="0"/>
    <Peak1D F1="2.6447" intensity="0.00" type="0"/>
    <Peak1D F1="2.6285" intensity="0.00" type="0"/>
    <Peak1D F1="2.6116" intensity="0.00" type="0"/>
    <Peak1D F1="2.5778" intensity="0.00" type="0"/>
    <Peak1D F1="2.5640" intensity="0.00" type="0"/>
    <Peak1D F1="2.5595" intensity="0.00" type="0"/>
    <Peak1D F1="2.5521" intensity="0.00" type="0"/>
    <Peak1D F1="2.5478" intensity="0.00" type="0"/>
    <Peak1D F1="2.5381" intensity="0.00" type="0"/>
    <Peak1D F1="2.4989" intensity="0.00" type="0"/>
    <Peak1D F1="2.4832" intensity="0.00" type="0"/>
    <Peak1D F1="2.4510" intensity="0.00" type="0"/>
    <Peak1D F1="2.4436" intensity="0.00" type="0"/>
    <Peak1D F1="2.4396" intensity="0.00" type="0"/>
    <Peak1D F1="2.4325" intensity="0.00" type="0"/>
    <Peak1D F1="2.4267" intensity="0.00" type="0"/>
    <Peak1D F1="2.3958" intensity="0.00" type="0"/>
    <Peak1D F1="2.3779" intensity="0.00" type="0"/>
    <Peak1D F1="2.3646" intensity="0.00" type="0"/>
    <Peak1D F1="2.3563" intensity="0.01" type="0"/>
    <Peak1D F1="2.3461" intensity="0.00" type="0"/>
    <Peak1D F1="2.3337" intensity="0.01" type="0"/>
    <Peak1D F1="2.3215" intensity="0.01" type="0"/>
    <Peak1D F1="2.3089" intensity="0.01" type="0"/>
    <Peak1D F1="2.2927" intensity="0.01" type="0"/>
    <Peak1D F1="2.2797" intensity="0.02" type="0"/>
    <Peak1D F1="2.2548" intensity="0.07" type="0"/>
    <Peak1D F1="2.2162" intensity="0.59" type="0"/>
    <Peak1D F1="2.1769" intensity="0.35" type="0"/>
    <Peak1D F1="2.1205" intensity="0.01" type="0"/>
    <Peak1D F1="2.1104" intensity="0.01" type="0"/>
    <Peak1D F1="2.0982" intensity="0.01" type="0"/>
    <Peak1D F1="2.0857" intensity="0.01" type="0"/>
    <Peak1D F1="2.0771" intensity="0.01" type="0"/>
    <Peak1D F1="2.0572" intensity="0.17" type="0"/>
    <Peak1D F1="2.0456" intensity="0.00" type="0"/>
    <Peak1D F1="2.0419" intensity="0.01" type="0"/>
    <Peak1D F1="2.0349" intensity="0.01" type="0"/>
    <Peak1D F1="2.0232" intensity="0.01" type="0"/>
    <Peak1D F1="2.0161" intensity="0.00" type="0"/>
    <Peak1D F1="2.0118" intensity="0.01" type="0"/>
    <Peak1D F1="2.0005" intensity="0.01" type="0"/>
    <Peak1D F1="1.9883" intensity="0.00" type="0"/>
    <Peak1D F1="1.9782" intensity="0.00" type="0"/>
    <Peak1D F1="1.9648" intensity="0.00" type="0"/>
    <Peak1D F1="1.9467" intensity="0.00" type="0"/>
    <Peak1D F1="1.9319" intensity="0.00" type="0"/>
    <Peak1D F1="1.9157" intensity="0.00" type="0"/>
    <Peak1D F1="1.8994" intensity="0.00" type="0"/>
    <Peak1D F1="1.8952" intensity="0.00" type="0"/>
    <Peak1D F1="1.8833" intensity="0.00" type="0"/>
    <Peak1D F1="1.8775" intensity="0.00" type="0"/>
    <Peak1D F1="1.8706" intensity="0.00" type="0"/>
    <Peak1D F1="1.8503" intensity="0.00" type="0"/>
    <Peak1D F1="1.8393" intensity="0.00" type="0"/>
    <Peak1D F1="1.8218" intensity="0.00" type="0"/>
    <Peak1D F1="1.8101" intensity="0.00" type="0"/>
    <Peak1D F1="1.7960" intensity="0.00" type="0"/>
    <Peak1D F1="1.7849" intensity="0.00" type="0"/>
    <Peak1D F1="1.7415" intensity="0.01" type="0"/>
    <Peak1D F1="1.7314" intensity="0.01" type="0"/>
    <Peak1D F1="1.7177" intensity="0.01" type="0"/>
    <Peak1D F1="1.6806" intensity="0.00" type="0"/>
    <Peak1D F1="1.6733" intensity="0.00" type="0"/>
    <Peak1D F1="1.6693" intensity="0.00" type="0"/>
    <Peak1D F1="1.6583" intensity="0.00" type="0"/>
    <Peak1D F1="1.6510" intensity="0.00" type="0"/>
    <Peak1D F1="1.6445" intensity="0.00" type="0"/>
    <Peak1D F1="1.6270" intensity="0.35" type="0"/>
    <Peak1D F1="1.6118" intensity="0.00" type="0"/>
    <Peak1D F1="1.6029" intensity="0.01" type="0"/>
    <Peak1D F1="1.5973" intensity="0.00" type="0"/>
    <Peak1D F1="1.5915" intensity="0.01" type="0"/>
    <Peak1D F1="1.5808" intensity="0.01" type="0"/>
    <Peak1D F1="1.5761" intensity="0.01" type="0"/>
    <Peak1D F1="1.5695" intensity="0.01" type="0"/>
    <Peak1D F1="1.5682" intensity="0.01" type="0"/>
    <Peak1D F1="1.5670" intensity="0.01" type="0"/>
    <Peak1D F1="1.5660" intensity="0.01" type="0"/>
    <Peak1D F1="1.5593" intensity="0.01" type="0"/>
    <Peak1D F1="1.5524" intensity="0.01" type="0"/>
    <Peak1D F1="1.5467" intensity="0.01" type="0"/>
    <Peak1D F1="1.5418" intensity="0.01" type="0"/>
    <Peak1D F1="1.5323" intensity="0.01" type="0"/>
    <Peak1D F1="1.5189" intensity="0.00" type="0"/>
    <Peak1D F1="1.4959" intensity="0.00" type="0"/>
    <Peak1D F1="1.4873" intensity="0.00" type="0"/>
    <Peak1D F1="1.4725" intensity="0.00" type="0"/>
    <Peak1D F1="1.4676" intensity="0.00" type="0"/>
    <Peak1D F1="1.4617" intensity="0.01" type="0"/>
    <Peak1D F1="1.4567" intensity="0.00" type="0"/>
    <Peak1D F1="1.4481" intensity="0.00" type="0"/>
    <Peak1D F1="1.4395" intensity="0.00" type="0"/>
    <Peak1D F1="1.4291" intensity="0.00" type="0"/>
    <Peak1D F1="1.4233" intensity="0.00" type="0"/>
    <Peak1D F1="1.4109" intensity="0.04" type="0"/>
    <Peak1D F1="1.4000" intensity="0.01" type="0"/>
    <Peak1D F1="1.3966" intensity="0.01" type="0"/>
    <Peak1D F1="1.3930" intensity="0.01" type="0"/>
    <Peak1D F1="1.3876" intensity="0.01" type="0"/>
    <Peak1D F1="1.3849" intensity="0.01" type="0"/>
    <Peak1D F1="1.3753" intensity="0.02" type="0"/>
    <Peak1D F1="1.3658" intensity="0.02" type="0"/>
    <Peak1D F1="1.3623" intensity="0.02" type="0"/>
    <Peak1D F1="1.3586" intensity="0.01" type="0"/>
    <Peak1D F1="1.3527" intensity="0.07" type="0"/>
    <Peak1D F1="1.3458" intensity="0.02" type="0"/>
    <Peak1D F1="1.3412" intensity="0.04" type="0"/>
    <Peak1D F1="1.3330" intensity="0.03" type="0"/>
    <Peak1D F1="1.3288" intensity="0.02" type="0"/>
    <Peak1D F1="1.3202" intensity="0.02" type="0"/>
    <Peak1D F1="1.3011" intensity="0.41" type="0"/>
    <Peak1D F1="1.2942" intensity="0.07" type="0"/>
    <Peak1D F1="1.2881" intensity="0.04" type="0"/>
    <Peak1D F1="1.2860" intensity="0.04" type="0"/>
    <Peak1D F1="1.2823" intensity="0.12" type="0"/>
    <Peak1D F1="1.2704" intensity="0.13" type="0"/>
    <Peak1D F1="1.2590" intensity="0.59" type="0"/>
    <Peak1D F1="1.2454" intensity="0.01" type="0"/>
    <Peak1D F1="1.2426" intensity="0.01" type="0"/>
    <Peak1D F1="1.2327" intensity="0.45" type="0"/>
    <Peak1D F1="1.2233" intensity="0.02" type="0"/>
    <Peak1D F1="1.2196" intensity="0.01" type="0"/>
    <Peak1D F1="1.2128" intensity="0.02" type="0"/>
    <Peak1D F1="1.2052" intensity="0.02" type="0"/>
    <Peak1D F1="1.1938" intensity="0.02" type="0"/>
    <Peak1D F1="1.1889" intensity="0.02" type="0"/>
    <Peak1D F1="1.1852" intensity="0.01" type="0"/>
    <Peak1D F1="1.1807" intensity="0.08" type="0"/>
    <Peak1D F1="1.1673" intensity="0.02" type="0"/>
    <Peak1D F1="1.1645" intensity="0.02" type="0"/>
    <Peak1D F1="1.1576" intensity="0.03" type="0"/>
    <Peak1D F1="1.1546" intensity="0.02" type="0"/>
    <Peak1D F1="1.1422" intensity="0.01" type="0"/>
    <Peak1D F1="1.1220" intensity="0.80" type="0"/>
    <Peak1D F1="1.1062" intensity="0.80" type="0"/>
    <Peak1D F1="1.0844" intensity="0.01" type="0"/>
    <Peak1D F1="1.0740" intensity="0.01" type="0"/>
    <Peak1D F1="1.0612" intensity="0.01" type="0"/>
    <Peak1D F1="1.0475" intensity="0.00" type="0"/>
    <Peak1D F1="1.0259" intensity="0.00" type="0"/>
    <Peak1D F1="1.0149" intensity="0.01" type="0"/>
    <Peak1D F1="1.0083" intensity="0.00" type="0"/>
    <Peak1D F1="0.9992" intensity="0.01" type="0"/>
    <Peak1D F1="0.9878" intensity="0.00" type="0"/>
    <Peak1D F1="0.9778" intensity="0.01" type="0"/>
    <Peak1D F1="0.9684" intensity="0.02" type="0"/>
    <Peak1D F1="0.9563" intensity="0.03" type="0"/>
    <Peak1D F1="0.9442" intensity="0.02" type="0"/>
    <Peak1D F1="0.9354" intensity="0.04" type="0"/>
    <Peak1D F1="0.9305" intensity="0.05" type="0"/>
    <Peak1D F1="0.9239" intensity="0.05" type="0"/>
    <Peak1D F1="0.9182" intensity="0.10" type="0"/>
    <Peak1D F1="0.9113" intensity="0.26" type="0"/>
    <Peak1D F1="0.9054" intensity="0.07" type="0"/>
    <Peak1D F1="0.9002" intensity="0.21" type="0"/>
    <Peak1D F1="0.8991" intensity="0.22" type="0"/>
    <Peak1D F1="0.8905" intensity="0.09" type="0"/>
    <Peak1D F1="0.8862" intensity="0.07" type="0"/>
    <Peak1D F1="0.8841" intensity="0.08" type="0"/>
    <Peak1D F1="0.8795" intensity="0.08" type="0"/>
    <Peak1D F1="0.8731" intensity="0.07" type="0"/>
    <Peak1D F1="0.8668" intensity="0.01" type="0"/>
    <Peak1D F1="0.8622" intensity="0.01" type="0"/>
    <Peak1D F1="0.8496" intensity="0.00" type="0"/>
    <Peak1D F1="0.8063" intensity="0.00" type="0"/>
    <Peak1D F1="0.7950" intensity="0.00" type="0"/>
    <Peak1D F1="0.7897" intensity="0.00" type="0"/>
    <Peak1D F1="0.7625" intensity="0.00" type="0"/>
    <Peak1D F1="0.1435" intensity="0.00" type="0"/>
    <Peak1D F1="-2.9175" intensity="0.00" type="0"/>
  </PeakList1D>
</PeakList>
