<?xml version="1.0" encoding="UTF-8"?>
<PeakList>
  <PeakList1D>
    <PeakList1DHeader creator="nmrsu" date="2023-08-01T10:22:26.051-05:00" expNo="1285010" name="Aug01-2023" owner="" procNo="1" source="G:/data/chem-synthesis-summer-a-team3/nmr">
      <PeakPickDetails>F1=16.187771ppm, F2=-3.837772ppm, MI=0.00cm, MAXI=10000.00cm, PC=1.000
      </PeakPickDetails>
    </PeakList1DHeader>
    <Peak1D F1="14.334100" intensity="1.016285e-002" type="0"/>
    <Peak1D F1="13.693040" intensity="1.056615e-002" type="0"/>
    <Peak1D F1="13.548143" intensity="1.164448e-002" type="0"/>
    <Peak1D F1="10.991432" intensity="1.053188e-002" type="0"/>
    <Peak1D F1="10.946536" intensity="1.008885e-002" type="0"/>
    <Peak1D F1="10.012546" intensity="1.771575e-002" type="0"/>
    <Peak1D F1="8.606061" intensity="1.025154e-002" type="0"/>
    <Peak1D F1="8.485362" intensity="1.217937e-002" type="0"/>
    <Peak1D F1="8.335275" intensity="1.035921e-002" type="0"/>
    <Peak1D F1="8.289503" intensity="1.032627e-002" type="0"/>
    <Peak1D F1="8.264318" intensity="1.357142e-002" type="0"/>
    <Peak1D F1="8.247508" intensity="1.303419e-002" type="0"/>
    <Peak1D F1="8.159566" intensity="3.389971e-002" type="0"/>
    <Peak1D F1="8.141468" intensity="3.996841e-002" type="0"/>
    <Peak1D F1="8.130552" intensity="2.155290e-002" type="0"/>
    <Peak1D F1="8.096437" intensity="2.687812e-002" type="0"/>
    <Peak1D F1="7.965332" intensity="4.554294e+000" type="0"/>
    <Peak1D F1="7.945355" intensity="4.718988e+000" type="0"/>
    <Peak1D F1="7.895814" intensity="9.153422e-002" type="0"/>
    <Peak1D F1="7.876863" intensity="9.222076e-002" type="0"/>
    <Peak1D F1="7.864552" intensity="6.623415e-002" type="0"/>
    <Peak1D F1="7.844877" intensity="1.165902e-001" type="0"/>
    <Peak1D F1="7.792728" intensity="2.212370e+000" type="0"/>
    <Peak1D F1="7.753520" intensity="3.033599e+000" type="0"/>
    <Peak1D F1="7.716610" intensity="4.985068e-002" type="0"/>
    <Peak1D F1="7.609162" intensity="4.306856e+000" type="0"/>
    <Peak1D F1="7.588364" intensity="5.135540e+000" type="0"/>
    <Peak1D F1="7.548954" intensity="3.409703e+000" type="0"/>
    <Peak1D F1="7.509739" intensity="2.490657e+000" type="0"/>
    <Peak1D F1="7.426311" intensity="5.228533e+000" type="0"/>
    <Peak1D F1="7.405525" intensity="4.159350e+000" type="0"/>
    <Peak1D F1="7.370965" intensity="2.301049e-001" type="0"/>
    <Peak1D F1="7.342721" intensity="4.517880e+000" type="0"/>
    <Peak1D F1="7.322950" intensity="4.180075e+000" type="0"/>
    <Peak1D F1="7.283743" intensity="4.199748e+000" type="0"/>
    <Peak1D F1="7.262929" intensity="1.210356e-001" type="0"/>
    <Peak1D F1="7.242487" intensity="1.473830e-001" type="0"/>
    <Peak1D F1="7.220023" intensity="7.460878e-002" type="0"/>
    <Peak1D F1="7.200185" intensity="3.333205e-002" type="0"/>
    <Peak1D F1="7.142438" intensity="3.217485e-002" type="0"/>
    <Peak1D F1="7.125774" intensity="2.753029e-002" type="0"/>
    <Peak1D F1="7.074058" intensity="1.074649e-002" type="0"/>
    <Peak1D F1="7.021098" intensity="2.852415e-002" type="0"/>
    <Peak1D F1="6.946517" intensity="2.820052e-002" type="0"/>
    <Peak1D F1="6.914871" intensity="3.224466e-002" type="0"/>
    <Peak1D F1="6.686329" intensity="3.592438e-002" type="0"/>
    <Peak1D F1="6.654330" intensity="2.887424e-002" type="0"/>
    <Peak1D F1="4.485462" intensity="1.012096e-002" type="0"/>
    <Peak1D F1="3.793931" intensity="1.503424e-002" type="0"/>
    <Peak1D F1="3.784675" intensity="1.726632e-002" type="0"/>
    <Peak1D F1="3.759482" intensity="3.057199e-002" type="0"/>
    <Peak1D F1="3.745667" intensity="4.054208e-002" type="0"/>
    <Peak1D F1="3.732439" intensity="2.889449e-002" type="0"/>
    <Peak1D F1="3.691098" intensity="3.750112e-002" type="0"/>
    <Peak1D F1="3.622308" intensity="1.211864e-002" type="0"/>
    <Peak1D F1="3.589528" intensity="1.660573e-002" type="0"/>
    <Peak1D F1="3.571217" intensity="1.644727e-002" type="0"/>
    <Peak1D F1="3.547417" intensity="1.907407e-002" type="0"/>
    <Peak1D F1="3.531607" intensity="2.060112e-002" type="0"/>
    <Peak1D F1="3.489273" intensity="1.725387e-002" type="0"/>
    <Peak1D F1="3.441187" intensity="1.589891e-002" type="0"/>
    <Peak1D F1="3.430925" intensity="1.684043e-002" type="0"/>
    <Peak1D F1="3.411629" intensity="1.574002e-002" type="0"/>
    <Peak1D F1="3.391481" intensity="1.240347e-002" type="0"/>
    <Peak1D F1="2.623164" intensity="8.215099e-002" type="0"/>
    <Peak1D F1="2.603112" intensity="5.154198e-002" type="0"/>
    <Peak1D F1="2.466071" intensity="1.500000e+001" type="0"/>
    <Peak1D F1="2.421025" intensity="3.369155e-001" type="0"/>
    <Peak1D F1="2.306190" intensity="1.040586e-001" type="0"/>
    <Peak1D F1="2.280549" intensity="2.247173e-002" type="0"/>
    <Peak1D F1="2.262148" intensity="1.774419e-002" type="0"/>
    <Peak1D F1="2.191775" intensity="1.639130e-002" type="0"/>
    <Peak1D F1="2.154618" intensity="1.250975e-002" type="0"/>
    <Peak1D F1="2.113812" intensity="1.054934e-002" type="0"/>
    <Peak1D F1="2.059094" intensity="5.753785e-002" type="0"/>
    <Peak1D F1="2.026942" intensity="1.342686e-002" type="0"/>
    <Peak1D F1="1.824616" intensity="1.269565e-002" type="0"/>
    <Peak1D F1="1.783294" intensity="1.089053e-002" type="0"/>
    <Peak1D F1="1.770803" intensity="1.254940e-002" type="0"/>
    <Peak1D F1="1.750890" intensity="1.586697e-002" type="0"/>
    <Peak1D F1="1.740013" intensity="2.121641e-002" type="0"/>
    <Peak1D F1="1.729576" intensity="1.431511e-002" type="0"/>
    <Peak1D F1="1.692125" intensity="1.603349e-002" type="0"/>
    <Peak1D F1="1.655821" intensity="3.237414e-002" type="0"/>
    <Peak1D F1="1.582200" intensity="7.712645e+000" type="0"/>
    <Peak1D F1="1.528397" intensity="7.408115e-002" type="0"/>
    <Peak1D F1="1.448817" intensity="2.456612e-002" type="0"/>
    <Peak1D F1="1.420908" intensity="2.318939e-002" type="0"/>
    <Peak1D F1="1.411259" intensity="2.423354e-002" type="0"/>
    <Peak1D F1="1.392008" intensity="2.585465e-002" type="0"/>
    <Peak1D F1="1.379557" intensity="2.760378e-002" type="0"/>
    <Peak1D F1="1.277660" intensity="7.344562e-001" type="0"/>
    <Peak1D F1="1.250158" intensity="1.371718e-001" type="0"/>
    <Peak1D F1="1.161207" intensity="3.362026e-002" type="0"/>
    <Peak1D F1="1.143206" intensity="4.210715e-002" type="0"/>
    <Peak1D F1="1.124827" intensity="3.089652e-002" type="0"/>
    <Peak1D F1="1.074267" intensity="1.864709e-002" type="0"/>
    <Peak1D F1="1.023579" intensity="1.394774e-002" type="0"/>
    <Peak1D F1="0.981661" intensity="1.987997e-002" type="0"/>
    <Peak1D F1="0.960944" intensity="1.962651e-002" type="0"/>
    <Peak1D F1="0.906831" intensity="9.385972e-002" type="0"/>
    <Peak1D F1="0.859261" intensity="3.521077e-002" type="0"/>
    <Peak1D F1="0.840060" intensity="2.180188e-002" type="0"/>
    <Peak1D F1="0.834364" intensity="2.091068e-002" type="0"/>
    <Peak1D F1="0.755543" intensity="1.525577e-002" type="0"/>
    <Peak1D F1="0.738788" intensity="1.365070e-002" type="0"/>
    <Peak1D F1="-1.191269" intensity="1.303811e-002" type="0"/>
    <Peak1D F1="-2.344520" intensity="1.033145e-002" type="0"/>
  </PeakList1D>
</PeakList>
