<?xml version="1.0" encoding="UTF-8"?>
<PeakList>
  <PeakList1D>
    <PeakList1DHeader creator="chemist" date="2019-01-20T18:27:03.112+00:00" expNo="10" name="Z144111" owner="" procNo="1" source="f:\data\chemist\nmr\">
      <PeakPickDetails>F1=15.000ppm, F2=-0.100ppm, MI=0.50cm, MAXI=80.00cm, PC=1.000
      </PeakPickDetails>
    </PeakList1DHeader>
    <Peak1D F1="7.3895" intensity="6.223232e-001" type="0"/>
    <Peak1D F1="7.3754" intensity="8.217232e-001" type="0"/>
    <Peak1D F1="7.3508" intensity="2.103733e+001" type="0"/>
    <Peak1D F1="7.3457" intensity="9.545002e+000" type="0"/>
    <Peak1D F1="7.3336" intensity="3.120036e+001" type="0"/>
    <Peak1D F1="7.3293" intensity="6.289809e+001" type="0"/>
    <Peak1D F1="7.3127" intensity="5.876039e+001" type="0"/>
    <Peak1D F1="7.3070" intensity="1.090693e+001" type="0"/>
    <Peak1D F1="7.2900" intensity="2.187201e+001" type="0"/>
    <Peak1D F1="7.2843" intensity="2.869826e+001" type="0"/>
    <Peak1D F1="7.2778" intensity="4.226182e+000" type="0"/>
    <Peak1D F1="7.2717" intensity="1.189875e+001" type="0"/>
    <Peak1D F1="7.2644" intensity="2.597408e+000" type="0"/>
    <Peak1D F1="7.2532" intensity="3.311669e+000" type="0"/>
    <Peak1D F1="7.2350" intensity="6.027394e-001" type="0"/>
    <Peak1D F1="7.2077" intensity="1.859618e+001" type="0"/>
    <Peak1D F1="7.2040" intensity="2.290000e+001" type="0"/>
    <Peak1D F1="7.1869" intensity="1.728379e+001" type="0"/>
    <Peak1D F1="7.1499" intensity="5.995173e-001" type="0"/>
    <Peak1D F1="5.3233" intensity="5.277168e+000" type="0"/>
    <Peak1D F1="4.9291" intensity="4.235005e+000" type="0"/>
    <Peak1D F1="4.9216" intensity="4.692540e+000" type="0"/>
    <Peak1D F1="4.9165" intensity="4.841564e+000" type="0"/>
    <Peak1D F1="4.9088" intensity="8.388884e+000" type="0"/>
    <Peak1D F1="4.9011" intensity="4.945265e+000" type="0"/>
    <Peak1D F1="4.8959" intensity="4.678313e+000" type="0"/>
    <Peak1D F1="4.8885" intensity="4.273784e+000" type="0"/>
    <Peak1D F1="3.0650" intensity="3.635061e+000" type="0"/>
    <Peak1D F1="3.0523" intensity="4.209947e+000" type="0"/>
    <Peak1D F1="3.0310" intensity="1.318620e+001" type="0"/>
    <Peak1D F1="3.0182" intensity="1.264352e+001" type="0"/>
    <Peak1D F1="3.0069" intensity="1.416225e+001" type="0"/>
    <Peak1D F1="2.9862" intensity="1.324603e+001" type="0"/>
    <Peak1D F1="2.9728" intensity="3.997905e+000" type="0"/>
    <Peak1D F1="2.9522" intensity="4.323403e+000" type="0"/>
    <Peak1D F1="1.9799" intensity="2.000000e+001" type="0"/>
    <Peak1D F1="1.9724" intensity="1.951876e+001" type="0"/>
    <Peak1D F1="1.5680" intensity="1.660240e+001" type="0"/>
    <Peak1D F1="1.2505" intensity="9.487310e-001" type="0"/>
    <Peak1D F1="1.2412" intensity="1.652968e+000" type="0"/>
    <Peak1D F1="1.1914" intensity="7.749269e-001" type="0"/>
    <Peak1D F1="0.0989" intensity="6.600083e-001" type="0"/>
  </PeakList1D>
</PeakList>
