<?xml version="1.0" encoding="UTF-8"?>
<PeakList>
  <PeakList1D>
    <PeakList1DHeader creator="chemist" date="2019-02-28T16:19:14.946+00:00" expNo="10" name="Z147429" owner="" procNo="1" source="f:\data\chemist\nmr\">
      <PeakPickDetails>F1=15.000ppm, F2=-0.100ppm, MI=0.50cm, MAXI=80.00cm, PC=1.000
      </PeakPickDetails>
    </PeakList1DHeader>
    <Peak1D F1="7.4754" intensity="4.348131e+000" type="0"/>
    <Peak1D F1="7.4718" intensity="5.958531e+000" type="0"/>
    <Peak1D F1="7.4670" intensity="1.931297e+000" type="0"/>
    <Peak1D F1="7.4539" intensity="6.718756e+000" type="0"/>
    <Peak1D F1="7.4521" intensity="6.823637e+000" type="0"/>
    <Peak1D F1="7.4460" intensity="1.013206e+000" type="0"/>
    <Peak1D F1="7.3510" intensity="3.791428e+000" type="0"/>
    <Peak1D F1="7.3465" intensity="1.522382e+000" type="0"/>
    <Peak1D F1="7.3329" intensity="7.467986e+000" type="0"/>
    <Peak1D F1="7.3296" intensity="3.921337e+000" type="0"/>
    <Peak1D F1="7.3170" intensity="2.103721e+000" type="0"/>
    <Peak1D F1="7.3133" intensity="4.227727e+000" type="0"/>
    <Peak1D F1="7.2851" intensity="2.444542e+000" type="0"/>
    <Peak1D F1="7.2719" intensity="1.717486e+000" type="0"/>
    <Peak1D F1="7.2689" intensity="2.958249e+000" type="0"/>
    <Peak1D F1="7.2659" intensity="1.832896e+000" type="0"/>
    <Peak1D F1="7.2558" intensity="1.228316e+000" type="0"/>
    <Peak1D F1="7.2504" intensity="3.591682e+000" type="0"/>
    <Peak1D F1="7.2452" intensity="9.296314e-001" type="0"/>
    <Peak1D F1="7.2355" intensity="7.350581e-001" type="0"/>
    <Peak1D F1="7.2325" intensity="1.184452e+000" type="0"/>
    <Peak1D F1="6.8465" intensity="3.142883e+000" type="0"/>
    <Peak1D F1="6.8248" intensity="4.621976e+000" type="0"/>
    <Peak1D F1="6.8179" intensity="6.321142e-001" type="0"/>
    <Peak1D F1="6.7442" intensity="7.381733e-001" type="0"/>
    <Peak1D F1="6.7373" intensity="5.042509e+000" type="0"/>
    <Peak1D F1="6.7320" intensity="1.585381e+000" type="0"/>
    <Peak1D F1="6.7206" intensity="1.309478e+000" type="0"/>
    <Peak1D F1="6.7155" intensity="3.387565e+000" type="0"/>
    <Peak1D F1="3.7687" intensity="2.000000e+001" type="0"/>
    <Peak1D F1="3.6219" intensity="8.942474e+000" type="0"/>
    <Peak1D F1="2.3481" intensity="6.580081e+000" type="0"/>
    <Peak1D F1="1.5740" intensity="2.765831e+000" type="0"/>
    <Peak1D F1="0.1080" intensity="1.224223e+000" type="0"/>
  </PeakList1D>
</PeakList>
