<?xml version="1.0" encoding="UTF-8"?>
<PeakList>
  <PeakList1D>
    <PeakList1DHeader creator="chemist" date="2019-03-01T04:25:41.406+00:00" expNo="10" name="Y807" owner="" procNo="1" source="d:\">
      <PeakPickDetails>F1=245.691ppm, F2=-23.691ppm, MI=0.00cm, MAXI=10000.00cm, PC=1.400
      </PeakPickDetails>
    </PeakList1DHeader>
    <Peak1D F1="160.7888" intensity="0.13" type="0"/>
    <Peak1D F1="160.7310" intensity="0.12" type="0"/>
    <Peak1D F1="159.4806" intensity="0.32" type="0"/>
    <Peak1D F1="132.1297" intensity="0.99" type="0"/>
    <Peak1D F1="129.5404" intensity="0.41" type="0"/>
    <Peak1D F1="129.4630" intensity="0.15" type="0"/>
    <Peak1D F1="122.7940" intensity="0.14" type="0"/>
    <Peak1D F1="114.5261" intensity="1.17" type="0"/>
    <Peak1D F1="113.5323" intensity="0.30" type="0"/>
    <Peak1D F1="113.3366" intensity="0.29" type="0"/>
    <Peak1D F1="78.2204" intensity="13.32" type="0"/>
    <Peak1D F1="78.0088" intensity="13.50" type="0"/>
    <Peak1D F1="77.7972" intensity="13.31" type="0"/>
    <Peak1D F1="76.9432" intensity="0.18" type="0"/>
    <Peak1D F1="76.9235" intensity="0.12" type="0"/>
    <Peak1D F1="56.1546" intensity="0.60" type="0"/>
    <Peak1D F1="49.4165" intensity="0.25" type="0"/>
    <Peak1D F1="29.5131" intensity="0.12" type="0"/>
    <Peak1D F1="29.4767" intensity="0.21" type="0"/>
  </PeakList1D>
</PeakList>
