<?xml version="1.0" encoding="UTF-8"?>
<PeakList>
  <PeakList1D>
    <PeakList1DHeader creator="nmrsu" date="2023-07-25T12:30:45.073-05:00" expNo="1265310" name="Jul25-2023" owner="" procNo="1" source="G:/data/chem-synthesis-summer-a-team3/nmr">
      <PeakPickDetails>F1=219.460297ppm, F2=-19.460289ppm, MI=0.00cm, MAXI=10000.00cm, PC=1.400
      </PeakPickDetails>
    </PeakList1DHeader>
    <Peak1D F1="171.472229" intensity="5.708562e-001" type="0"/>
    <Peak1D F1="142.847733" intensity="1.223974e+000" type="0"/>
    <Peak1D F1="138.191040" intensity="7.310414e-001" type="0"/>
    <Peak1D F1="137.538315" intensity="7.027988e-001" type="0"/>
    <Peak1D F1="137.310226" intensity="6.837880e-001" type="0"/>
    <Peak1D F1="129.738693" intensity="1.878253e+000" type="0"/>
    <Peak1D F1="129.547821" intensity="6.359462e+000" type="0"/>
    <Peak1D F1="128.184891" intensity="1.894367e+000" type="0"/>
    <Peak1D F1="127.040176" intensity="8.626663e+000" type="0"/>
    <Peak1D F1="126.930801" intensity="2.377616e+000" type="0"/>
    <Peak1D F1="123.160439" intensity="2.099138e+000" type="0"/>
    <Peak1D F1="77.322922" intensity="9.932570e+000" type="0"/>
    <Peak1D F1="77.005692" intensity="1.009698e+001" type="0"/>
    <Peak1D F1="76.687714" intensity="9.982474e+000" type="0"/>
    <Peak1D F1="41.991127" intensity="7.412014e+000" type="0"/>
    <Peak1D F1="41.353638" intensity="1.460583e+000" type="0"/>
    <Peak1D F1="36.081631" intensity="2.900377e+000" type="0"/>
    <Peak1D F1="34.658524" intensity="4.575891e+000" type="0"/>
    <Peak1D F1="34.511513" intensity="1.604638e+000" type="0"/>
    <Peak1D F1="31.581659" intensity="1.500000e+001" type="0"/>
    <Peak1D F1="29.052013" intensity="6.543299e+000" type="0"/>
    <Peak1D F1="27.662043" intensity="9.523602e-001" type="0"/>
    <Peak1D F1="26.909702" intensity="3.498125e-001" type="0"/>
    <Peak1D F1="25.261787" intensity="4.582262e+000" type="0"/>
    <Peak1D F1="22.635960" intensity="1.419004e+001" type="0"/>
    <Peak1D F1="22.565382" intensity="2.313957e+000" type="0"/>
    <Peak1D F1="21.398592" intensity="2.089834e+000" type="0"/>
    <Peak1D F1="21.315712" intensity="9.913405e-001" type="0"/>
    <Peak1D F1="20.646879" intensity="2.363909e+000" type="0"/>
    <Peak1D F1="20.423086" intensity="8.437340e-001" type="0"/>
    <Peak1D F1="19.384563" intensity="3.701177e-001" type="0"/>
    <Peak1D F1="18.711273" intensity="2.811698e+000" type="0"/>
    <Peak1D F1="14.258567" intensity="1.165201e+000" type="0"/>
    <Peak1D F1="14.108825" intensity="7.683098e+000" type="0"/>
    <Peak1D F1="14.051648" intensity="1.181186e+001" type="0"/>
    <Peak1D F1="11.365681" intensity="4.595123e+000" type="0"/>
  </PeakList1D>
</PeakList>
