<?xml version="1.0" encoding="UTF-8"?>
<PeakList>
  <PeakList1D>
    <PeakList1DHeader creator="Lijin_Xu" date="2017-11-30T14:38:15.841+08:00" expNo="2" name="zhq-483" owner="" procNo="1" source="D:">
      <PeakPickDetails>F1=235.494ppm, F2=-15.494ppm, MI=0.00cm, MAXI=10000.00cm, PC=1.400
      </PeakPickDetails>
    </PeakList1DHeader>
    <Peak1D F1="159.8502" intensity="3.54" type="0"/>
    <Peak1D F1="151.6331" intensity="4.66" type="0"/>
    <Peak1D F1="149.9494" intensity="14.11" type="0"/>
    <Peak1D F1="144.7175" intensity="6.57" type="0"/>
    <Peak1D F1="138.8833" intensity="13.41" type="0"/>
    <Peak1D F1="138.0983" intensity="14.63" type="0"/>
    <Peak1D F1="124.3672" intensity="14.60" type="0"/>
    <Peak1D F1="123.7994" intensity="5.01" type="0"/>
    <Peak1D F1="123.4044" intensity="14.66" type="0"/>
    <Peak1D F1="105.5633" intensity="14.74" type="0"/>
    <Peak1D F1="77.4319" intensity="26.05" type="0"/>
    <Peak1D F1="77.1137" intensity="26.44" type="0"/>
    <Peak1D F1="76.7954" intensity="25.90" type="0"/>
    <Peak1D F1="20.4727" intensity="15.00" type="0"/>
  </PeakList1D>
</PeakList>
