<?xml version="1.0" encoding="UTF-8"?>
<PeakList modified="2020-01-31T15:38:41">
  <PeakList1D>
    <PeakList1DHeader creator="Dell" date="2020-01-31T15:38:03" expNo="3" name="SDT478" owner="" procNo="1" source="C:/Users/Dell/Desktop/NMR/Boronate">
      <PeakPickDetails>F1=26.807699ppm, F2=25.187454ppm, MI=7.54cm, MAXI=25.41cm, PC=1.400
      </PeakPickDetails>
    </PeakList1DHeader>
    <Peak1D F1="26.089502" intensity="15.0" type="0"/>
  </PeakList1D>
  <PeakList1D>
    <PeakList1DHeader creator="Dell" date="2020-01-31T15:38:03" expNo="3" name="SDT478" owner="" procNo="1" source="C:/Users/Dell/Desktop/NMR/Boronate">
      <PeakPickDetails>F1=0.820265ppm, F2=-10.048242ppm, MI=1.62cm, MAXI=12.41cm, PC=1.400
      </PeakPickDetails>
    </PeakList1DHeader>
    <Peak1D F1="-5.226387" intensity="6.451254" type="0"/>
  </PeakList1D>
  <PeakList1D>
    <PeakList1DHeader creator="Dell@Dell-PC" date="2020-01-31T15:38:46" expNo="3" name="SDT478" owner="Dell" procNo="1" source="C:/Users/Dell/Desktop/NMR/Boronate">
      <PeakPickDetails>Manually picked peaks
</PeakPickDetails>
    </PeakList1DHeader>
    <Peak1D F1="61.68162551654777" intensity="-5.729811177501059" type="1"/>
    <Peak1D F1="60.15253442257679" intensity="-5.938541879456656" type="1"/>
    <Peak1D F1="32.49601036534975" intensity="-4.9323166518718" type="1"/>
  </PeakList1D>
</PeakList>
