{ "its": [ { "clegId": "80:a,b,c","det": 1.0,"gen": [ "x,y,z","-x+1/2,-y+1/2,z+1/2","-y,x+1/2,z+1/4","x+1/2,y+1/2,z+1/2" ],"gp": [ "x,y,z","-x+1/2,-y+1/2,z+1/2","-y,x+1/2,z+1/4","y+1/2,-x,z+3/4","x+1/2,y+1/2,z+1/2","-x,-y,z","-y+1/2,x,z+3/4","y,-x+1/2,z+1/4" ],"hall": "I 4bw","hm": "I 41","id": "I_41","jmolId": "80","set": 1,"sg": 80,"trm": "a,b,c","wpos": { "cent": [ "1/2,1/2,1/2" ],"pos": [ { "desc": "1","geom": "general","label": "b","mult": 8 },{ "coord": [ "0,0,z","0,1/2,z+1/4" ],"desc": "2..","geom": "line","label": "a","mult": 4 } ] } },{ "clegId": "80:a-b,a+b,c","det": 2.0,"gen": [ "x,y,z","-x,-y+1/2,z+1/2","-y+3/4,x+1/4,z+1/4","x,y+1/2,z+1/2","x+1/2,y+1/2,z","-x+1/2,-y,z+1/2","-y+1/4,x+3/4,z+1/4","x+1/2,y,z+1/2" ],"gp": [ "x,y,z","-x,-y+1/2,z+1/2","-y+3/4,x+1/4,z+1/4","y+1/4,-x+1/4,z+3/4","x,y+1/2,z+1/2","-x,-y,z","-y+1/4,x+1/4,z+3/4","y+3/4,-x+1/4,z+1/4","x+1/2,y+1/2,z","-x+1/2,-y,z+1/2","-y+1/4,x+3/4,z+1/4","y+3/4,-x+3/4,z+3/4","x+1/2,y,z+1/2","-x+1/2,-y+1/2,z","-y+3/4,x+3/4,z+3/4","y+1/4,-x+3/4,z+1/4" ],"hall": "F?","hm": "F 41","id": "F_41","jmolId": "80:f","set": 2,"sg": 80,"trm": "a-b,a+b,c","wpos": { "cent": [ "0,1/2,1/2","1/2,0,1/2","1/2,1/2,0" ],"pos": [ { "desc": "1","geom": "general","label": "b","mult": 16 },{ "coord": [ "0,0,z","3/4,1/4,z+1/4" ],"desc": "2..","geom": "line","label": "a","mult": 8 } ] } },{ "clegId": "80:a+b,-a+b,c","det": 2.0,"hm": "F 41'","id": "F_41'","more": true,"set": 3,"sg": 80,"trm": "a+b,-a+b,c" } ],"n": 3,"sg": 80 }