{ "its": [ { "clegId": "4:a,b,c","det": 1.0,"gen": [ "x,y,z","-x,y+1/2,-z" ],"gp": [ "x,y,z","-x,y+1/2,-z" ],"hall": "P 2yb","hm": "P 1 21 1","id": "P_1_21_1","jmolId": "4:b","set": 1,"sg": 4,"trm": "a,b,c","wpos": { "pos": [ { "desc": "1","geom": "general","label": "a","mult": 2 } ] } },{ "clegId": "4:c,a,b","det": 1.0,"gen": [ "x,y,z","-x,-y,z+1/2" ],"gp": [ "x,y,z","-x,-y,z+1/2" ],"hall": "P 2c","hm": "P 1 1 21","id": "P_1_1_21","jmolId": "4:c","set": 2,"sg": 4,"trm": "c,a,b","wpos": { "pos": [ { "desc": "1","geom": "general","label": "a","mult": 2 } ] } },{ "clegId": "4:b,c,a","det": 1.0,"gen": [ "x,y,z","x+1/2,-y,-z" ],"gp": [ "x,y,z","x+1/2,-y,-z" ],"hall": "P 2xa","hm": "P 21 1 1","id": "P_21_1_1","jmolId": "4:a","set": 3,"sg": 4,"trm": "b,c,a","wpos": { "pos": [ { "desc": "1","geom": "general","label": "a","mult": 2 } ] } } ],"n": 3,"sg": 4 }