{ "its": [ { "clegId": "36:a,b,c","det": 1.0,"gen": [ "x,y,z","-x,-y,z+1/2","x,-y,z+1/2","x+1/2,y+1/2,z" ],"gp": [ "x,y,z","-x,-y,z+1/2","x,-y,z+1/2","-x,y,z","x+1/2,y+1/2,z","-x+1/2,-y+1/2,z+1/2","x+1/2,-y+1/2,z+1/2","-x+1/2,y+1/2,z" ],"hall": "C 2c -2","hm": "C m c 21","id": "C_m_c_21","jmolId": "36","set": 1,"sg": 36,"trm": "a,b,c","wpos": { "cent": [ "1/2,1/2,0" ],"pos": [ { "desc": "1","geom": "general","label": "b","mult": 8 },{ "coord": [ "0,y,z","0,-y,z+1/2" ],"desc": "m..","geom": "plane","label": "a","mult": 4 } ] } },{ "clegId": "36:b,a,-c","det": 1.0,"gen": [ "x,y,z","-x,-y,z+1/2","-x,y,z+1/2","x+1/2,y+1/2,z" ],"gp": [ "x,y,z","-x,-y,z+1/2","-x,y,z+1/2","x,-y,z","x+1/2,y+1/2,z","-x+1/2,-y+1/2,z+1/2","-x+1/2,y+1/2,z+1/2","x+1/2,-y+1/2,z" ],"hall": "C 2c -2c","hm": "C c m 21","id": "C_c_m_21","jmolId": "36:ba-c","set": 2,"sg": 36,"trm": "b,a,-c","wpos": { "cent": [ "1/2,1/2,0" ],"pos": [ { "desc": "1","geom": "general","label": "b","mult": 8 },{ "coord": [ "y,0,-z","-y,0,-z+1/2" ],"desc": "m..","geom": "plane","label": "a","mult": 4 } ] } },{ "clegId": "36:c,a,b","det": 1.0,"gen": [ "x,y,z","x+1/2,-y,-z","x+1/2,y,-z","x,y+1/2,z+1/2" ],"gp": [ "x,y,z","x+1/2,-y,-z","x+1/2,y,-z","x,-y,z","x,y+1/2,z+1/2","x+1/2,-y+1/2,-z+1/2","x+1/2,y+1/2,-z+1/2","x,-y+1/2,z+1/2" ],"hall": "A -2a 2a","hm": "A 21 m a","id": "A_21_m_a","jmolId": "36:cab","set": 3,"sg": 36,"trm": "c,a,b","wpos": { "cent": [ "0,1/2,1/2" ],"pos": [ { "desc": "1","geom": "general","label": "b","mult": 8 },{ "coord": [ "z,0,y","z+1/2,0,-y" ],"desc": "m..","geom": "plane","label": "a","mult": 4 } ] } },{ "clegId": "36:-c,b,a","det": 1.0,"gen": [ "x,y,z","x+1/2,-y,-z","x+1/2,-y,z","x,y+1/2,z+1/2" ],"gp": [ "x,y,z","x+1/2,-y,-z","x+1/2,-y,z","x,y,-z","x,y+1/2,z+1/2","x+1/2,-y+1/2,-z+1/2","x+1/2,-y+1/2,z+1/2","x,y+1/2,-z+1/2" ],"hall": "A -2 2a","hm": "A 21 a m","id": "A_21_a_m","jmolId": "36:-cba","set": 4,"sg": 36,"trm": "-c,b,a","wpos": { "cent": [ "0,1/2,1/2" ],"pos": [ { "desc": "1","geom": "general","label": "b","mult": 8 },{ "coord": [ "-z,y,0","-z+1/2,-y,0" ],"desc": "m..","geom": "plane","label": "a","mult": 4 } ] } },{ "clegId": "36:b,c,a","det": 1.0,"gen": [ "x,y,z","-x,y+1/2,-z","-x,y+1/2,z","x+1/2,y,z+1/2" ],"gp": [ "x,y,z","-x,y+1/2,-z","-x,y+1/2,z","x,y,-z","x+1/2,y,z+1/2","-x+1/2,y+1/2,-z+1/2","-x+1/2,y+1/2,z+1/2","x+1/2,y,-z+1/2" ],"hall": "B -2 -2b","hm": "B b 21 m","id": "B_b_21_m","jmolId": "36:bca","set": 5,"sg": 36,"trm": "b,c,a","wpos": { "cent": [ "1/2,0,1/2" ],"pos": [ { "desc": "1","geom": "general","label": "b","mult": 8 },{ "coord": [ "y,z,0","-y,z+1/2,0" ],"desc": "m..","geom": "plane","label": "a","mult": 4 } ] } },{ "clegId": "36:a,-c,b","det": 1.0,"gen": [ "x,y,z","-x,y+1/2,-z","x,y+1/2,-z","x+1/2,y,z+1/2" ],"gp": [ "x,y,z","-x,y+1/2,-z","x,y+1/2,-z","-x,y,z","x+1/2,y,z+1/2","-x+1/2,y+1/2,-z+1/2","x+1/2,y+1/2,-z+1/2","-x+1/2,y,z+1/2" ],"hall": "B -2b -2","hm": "B m 21 b","id": "B_m_21_b","jmolId": "36:a-cb","set": 6,"sg": 36,"trm": "a,-c,b","wpos": { "cent": [ "1/2,0,1/2" ],"pos": [ { "desc": "1","geom": "general","label": "b","mult": 8 },{ "coord": [ "0,-z,y","0,-z+1/2,-y" ],"desc": "m..","geom": "plane","label": "a","mult": 4 } ] } } ],"n": 6,"sg": 36 }