{ "its": [ { "clegId": "97:a,b,c","det": 1.0,"gen": [ "x,y,z","-x,-y,z","-y,x,z","-x,y,-z","x+1/2,y+1/2,z+1/2" ],"gp": [ "x,y,z","-x,-y,z","-y,x,z","y,-x,z","-x,y,-z","x,-y,-z","y,x,-z","-y,-x,-z","x+1/2,y+1/2,z+1/2","-x+1/2,-y+1/2,z+1/2","-y+1/2,x+1/2,z+1/2","y+1/2,-x+1/2,z+1/2","-x+1/2,y+1/2,-z+1/2","x+1/2,-y+1/2,-z+1/2","y+1/2,x+1/2,-z+1/2","-y+1/2,-x+1/2,-z+1/2" ],"hall": "I 4 2","hm": "I 4 2 2","id": "I_4_2_2","jmolId": "97","set": 1,"sg": 97,"trm": "a,b,c","wpos": { "cent": [ "1/2,1/2,1/2" ],"pos": [ { "desc": "1","geom": "general","label": "k","mult": 16 },{ "coord": [ "x,x+1/2,1/4","-x,-x+1/2,1/4","-x+1/2,x,1/4","x+1/2,-x,1/4" ],"desc": "..2","geom": "line","label": "j","mult": 8 },{ "coord": [ "x,0,1/2","-x,0,1/2","0,x,1/2","0,-x,1/2" ],"desc": ".2.","geom": "line","label": "i","mult": 8 },{ "coord": [ "x,0,0","-x,0,0","0,x,0","0,-x,0" ],"desc": ".2.","geom": "line","label": "h","mult": 8 },{ "coord": [ "x,x,0","-x,-x,0","-x,x,0","x,-x,0" ],"desc": "..2","geom": "line","label": "g","mult": 8 },{ "coord": [ "0,1/2,z","1/2,0,z","0,1/2,-z","1/2,0,-z" ],"desc": "2..","geom": "line","label": "f","mult": 8 },{ "coord": [ "0,0,z","0,0,-z" ],"desc": "4..","geom": "line","label": "e","mult": 4 },{ "coord": [ "0,1/2,1/4","1/2,0,1/4" ],"desc": "2.2 2","geom": "point","label": "d","mult": 4 },{ "coord": [ "0,1/2,0","1/2,0,0" ],"desc": "222 .","geom": "point","label": "c","mult": 4 },{ "coord": [ "0,0,1/2" ],"desc": "422","geom": "point","label": "b","mult": 2 },{ "coord": [ "0,0,0" ],"desc": "422","geom": "point","label": "a","mult": 2 } ] } },{ "clegId": "97:a-b,a+b,c","det": 2.0,"gen": [ "x,y,z","-x,-y,z","-y,x,z","-y,-x,-z","x,y+1/2,z+1/2","x+1/2,y+1/2,z","-x+1/2,-y+1/2,z","-y+1/2,x+1/2,z","-y+1/2,-x+1/2,-z","x+1/2,y,z+1/2" ],"gp": [ "x,y,z","-x,-y,z","-y,x,z","y,-x,z","-y,-x,-z","y,x,-z","-x,y,-z","x,-y,-z","x,y+1/2,z+1/2","-x,-y+1/2,z+1/2","-y,x+1/2,z+1/2","y,-x+1/2,z+1/2","-y,-x+1/2,-z+1/2","y,x+1/2,-z+1/2","-x,y+1/2,-z+1/2","x,-y+1/2,-z+1/2","x+1/2,y+1/2,z","-x+1/2,-y+1/2,z","-y+1/2,x+1/2,z","y+1/2,-x+1/2,z","-y+1/2,-x+1/2,-z","y+1/2,x+1/2,-z","-x+1/2,y+1/2,-z","x+1/2,-y+1/2,-z","x+1/2,y,z+1/2","-x+1/2,-y,z+1/2","-y+1/2,x,z+1/2","y+1/2,-x,z+1/2","-y+1/2,-x,-z+1/2","y+1/2,x,-z+1/2","-x+1/2,y,-z+1/2","x+1/2,-y,-z+1/2" ],"hall": "F 4 2","hm": "F 4 2 2","id": "F_4_2_2","jmolId": "97:f","set": 2,"sg": 97,"trm": "a-b,a+b,c","wpos": { "cent": [ "0,1/2,1/2","1/2,0,1/2","1/2,1/2,0" ],"pos": [ { "desc": "1","geom": "general","label": "k","mult": 32 },{ "coord": [ "3/4,x+1/4,1/4","3/4,-x+1/4,1/4","-x+1/4,1/4,1/4","x+1/4,1/4,1/4" ],"desc": "..2","geom": "line","label": "j","mult": 16 },{ "coord": [ "1/2x,1/2x,1/2","-1/2x,-1/2x,1/2","-1/2x,1/2x,1/2","1/2x,-1/2x,1/2" ],"desc": ".2.","geom": "line","label": "i","mult": 16 },{ "coord": [ "1/2x,1/2x,0","-1/2x,-1/2x,0","-1/2x,1/2x,0","1/2x,-1/2x,0" ],"desc": ".2.","geom": "line","label": "h","mult": 16 },{ "coord": [ "0,x,0","0,-x,0","-x,0,0","x,0,0" ],"desc": "..2","geom": "line","label": "g","mult": 16 },{ "coord": [ "3/4,1/4,z","1/4,1/4,z","3/4,1/4,-z","1/4,1/4,-z" ],"desc": "2..","geom": "line","label": "f","mult": 16 },{ "coord": [ "0,0,z","0,0,-z" ],"desc": "4..","geom": "line","label": "e","mult": 8 },{ "coord": [ "3/4,1/4,1/4","1/4,1/4,1/4" ],"desc": "2.2 2","geom": "point","label": "d","mult": 8 },{ "coord": [ "3/4,1/4,0","1/4,1/4,0" ],"desc": "222 .","geom": "point","label": "c","mult": 8 },{ "coord": [ "0,0,1/2" ],"desc": "422","geom": "point","label": "b","mult": 4 },{ "coord": [ "0,0,0" ],"desc": "422","geom": "point","label": "a","mult": 4 } ] } },{ "clegId": "97:a+b,-a+b,c","det": 2.0,"hm": "F 4 2 2'","id": "F_4_2_2'","more": true,"set": 3,"sg": 97,"trm": "a+b,-a+b,c" } ],"n": 3,"sg": 97 }