{ "its": [ { "clegId": "67:a,b,c","det": 1.0,"gen": [ "x,y,z","-x,-y+1/2,z","-x,y+1/2,-z","-x,-y,-z","x+1/2,y+1/2,z" ],"gp": [ "x,y,z","-x,-y+1/2,z","-x,y+1/2,-z","x,-y,-z","-x,-y,-z","x,y+1/2,-z","x,-y+1/2,z","-x,y,z","x+1/2,y+1/2,z","-x+1/2,-y,z","-x+1/2,y,-z","x+1/2,-y+1/2,-z","-x+1/2,-y+1/2,-z","x+1/2,y,-z","x+1/2,-y,z","-x+1/2,y+1/2,z" ],"hall": "-C 2a 2","hm": "C m m e","hmAlt": "C m m a","id": "C_m_m_e","jmolId": "67","set": 1,"sg": 67,"trm": "a,b,c","wpos": { "cent": [ "1/2,1/2,0" ],"pos": [ { "desc": "1","geom": "general","label": "o","mult": 16 },{ "coord": [ "x,1/4,z","-x,1/4,z","-x,3/4,-z","x,3/4,-z" ],"desc": ".m.","geom": "plane","label": "n","mult": 8 },{ "coord": [ "0,y,z","0,-y+1/2,z","0,y+1/2,-z","0,-y,-z" ],"desc": "m..","geom": "plane","label": "m","mult": 8 },{ "coord": [ "1/4,0,z","3/4,1/2,-z","3/4,0,-z","1/4,1/2,z" ],"desc": "..2","geom": "line","label": "l","mult": 8 },{ "coord": [ "1/4,y,1/2","3/4,-y+1/2,1/2","3/4,-y,1/2","1/4,y+1/2,1/2" ],"desc": ".2.","geom": "line","label": "k","mult": 8 },{ "coord": [ "1/4,y,0","3/4,-y+1/2,0","3/4,-y,0","1/4,y+1/2,0" ],"desc": ".2.","geom": "line","label": "j","mult": 8 },{ "coord": [ "x,0,1/2","-x,1/2,1/2","-x,0,1/2","x,1/2,1/2" ],"desc": "2..","geom": "line","label": "i","mult": 8 },{ "coord": [ "x,0,0","-x,1/2,0","-x,0,0","x,1/2,0" ],"desc": "2..","geom": "line","label": "h","mult": 8 },{ "coord": [ "0,1/4,z","0,3/4,-z" ],"desc": "mm2","geom": "line","label": "g","mult": 4 },{ "coord": [ "1/4,1/4,1/2","3/4,1/4,1/2" ],"desc": ".2/m.","geom": "point","label": "f","mult": 4 },{ "coord": [ "1/4,1/4,0","3/4,1/4,0" ],"desc": ".2/m.","geom": "point","label": "e","mult": 4 },{ "coord": [ "0,0,1/2","0,1/2,1/2" ],"desc": "2/m..","geom": "point","label": "d","mult": 4 },{ "coord": [ "0,0,0","0,1/2,0" ],"desc": "2/m..","geom": "point","label": "c","mult": 4 },{ "coord": [ "1/4,0,1/2","3/4,0,1/2" ],"desc": "222","geom": "point","label": "b","mult": 4 },{ "coord": [ "1/4,0,0","3/4,0,0" ],"desc": "222","geom": "point","label": "a","mult": 4 } ] } },{ "clegId": "67:b,a,-c","det": 1.0,"gen": [ "x,y,z","-x+1/2,-y,z","x+1/2,-y,-z","-x,-y,-z","x+1/2,y+1/2,z" ],"gp": [ "x,y,z","-x+1/2,-y,z","x+1/2,-y,-z","-x,y,-z","-x,-y,-z","x+1/2,y,-z","-x+1/2,y,z","x,-y,z","x+1/2,y+1/2,z","-x,-y+1/2,z","x,-y+1/2,-z","-x+1/2,y+1/2,-z","-x+1/2,-y+1/2,-z","x,y+1/2,-z","-x,y+1/2,z","x+1/2,-y+1/2,z" ],"hall": "-C 2a 2a","hm": "C m m b","hmAlt": "C m m e","hmOrig": "C m m e","id": "C_m_m_b","jmolId": "67:ba-c","set": 2,"sg": 67,"trm": "b,a,-c","wpos": { "cent": [ "1/2,1/2,0" ],"pos": [ { "desc": "1","geom": "general","label": "o","mult": 16 },{ "coord": [ "1/4,x,-z","1/4,-x,-z","3/4,-x,z","3/4,x,z" ],"desc": ".m.","geom": "plane","label": "n","mult": 8 },{ "coord": [ "y,0,-z","-y+1/2,0,-z","y+1/2,0,z","-y,0,z" ],"desc": "m..","geom": "plane","label": "m","mult": 8 },{ "coord": [ "0,1/4,-z","1/2,3/4,z","0,3/4,z","1/2,1/4,-z" ],"desc": "..2","geom": "line","label": "l","mult": 8 },{ "coord": [ "y,1/4,1/2","-y+1/2,3/4,1/2","-y,3/4,1/2","y+1/2,1/4,1/2" ],"desc": ".2.","geom": "line","label": "k","mult": 8 },{ "coord": [ "y,1/4,0","-y+1/2,3/4,0","-y,3/4,0","y+1/2,1/4,0" ],"desc": ".2.","geom": "line","label": "j","mult": 8 },{ "coord": [ "0,x,1/2","1/2,-x,1/2","0,-x,1/2","1/2,x,1/2" ],"desc": "2..","geom": "line","label": "i","mult": 8 },{ "coord": [ "0,x,0","1/2,-x,0","0,-x,0","1/2,x,0" ],"desc": "2..","geom": "line","label": "h","mult": 8 },{ "coord": [ "1/4,0,-z","3/4,0,z" ],"desc": "mm2","geom": "line","label": "g","mult": 4 },{ "coord": [ "1/4,1/4,1/2","1/4,3/4,1/2" ],"desc": ".2/m.","geom": "point","label": "f","mult": 4 },{ "coord": [ "1/4,1/4,0","1/4,3/4,0" ],"desc": ".2/m.","geom": "point","label": "e","mult": 4 },{ "coord": [ "0,0,1/2","1/2,0,1/2" ],"desc": "2/m..","geom": "point","label": "d","mult": 4 },{ "coord": [ "0,0,0","1/2,0,0" ],"desc": "2/m..","geom": "point","label": "c","mult": 4 },{ "coord": [ "0,1/4,1/2","0,3/4,1/2" ],"desc": "222","geom": "point","label": "b","mult": 4 },{ "coord": [ "0,1/4,0","0,3/4,0" ],"desc": "222","geom": "point","label": "a","mult": 4 } ] } },{ "clegId": "67:c,a,b","det": 1.0,"gen": [ "x,y,z","x,-y,-z+1/2","-x,-y,z+1/2","-x,-y,-z","x,y+1/2,z+1/2" ],"gp": [ "x,y,z","x,-y,-z+1/2","-x,-y,z+1/2","-x,y,-z","-x,-y,-z","-x,y,z+1/2","x,y,-z+1/2","x,-y,z","x,y+1/2,z+1/2","x,-y+1/2,-z","-x,-y+1/2,z","-x,y+1/2,-z+1/2","-x,-y+1/2,-z+1/2","-x,y+1/2,z","x,y+1/2,-z","x,-y+1/2,z+1/2" ],"hall": "-A 2b 2b","hm": "A e m m","hmAlt": "A b m m","id": "A_e_m_m","jmolId": "67:cab","set": 3,"sg": 67,"trm": "c,a,b","wpos": { "cent": [ "0,1/2,1/2" ],"pos": [ { "desc": "1","geom": "general","label": "o","mult": 16 },{ "coord": [ "z,x,1/4","z,-x,1/4","-z,-x,3/4","-z,x,3/4" ],"desc": ".m.","geom": "plane","label": "n","mult": 8 },{ "coord": [ "z,0,y","z,0,-y+1/2","-z,0,y+1/2","-z,0,-y" ],"desc": "m..","geom": "plane","label": "m","mult": 8 },{ "coord": [ "z,1/4,0","-z,3/4,1/2","-z,3/4,0","z,1/4,1/2" ],"desc": "..2","geom": "line","label": "l","mult": 8 },{ "coord": [ "1/2,1/4,y","1/2,3/4,-y+1/2","1/2,3/4,-y","1/2,1/4,y+1/2" ],"desc": ".2.","geom": "line","label": "k","mult": 8 },{ "coord": [ "0,1/4,y","0,3/4,-y+1/2","0,3/4,-y","0,1/4,y+1/2" ],"desc": ".2.","geom": "line","label": "j","mult": 8 },{ "coord": [ "1/2,x,0","1/2,-x,1/2","1/2,-x,0","1/2,x,1/2" ],"desc": "2..","geom": "line","label": "i","mult": 8 },{ "coord": [ "0,x,0","0,-x,1/2","0,-x,0","0,x,1/2" ],"desc": "2..","geom": "line","label": "h","mult": 8 },{ "coord": [ "z,0,1/4","-z,0,3/4" ],"desc": "mm2","geom": "line","label": "g","mult": 4 },{ "coord": [ "1/2,1/4,1/4","1/2,3/4,1/4" ],"desc": ".2/m.","geom": "point","label": "f","mult": 4 },{ "coord": [ "0,1/4,1/4","0,3/4,1/4" ],"desc": ".2/m.","geom": "point","label": "e","mult": 4 },{ "coord": [ "1/2,0,0","1/2,0,1/2" ],"desc": "2/m..","geom": "point","label": "d","mult": 4 },{ "coord": [ "0,0,0","0,0,1/2" ],"desc": "2/m..","geom": "point","label": "c","mult": 4 },{ "coord": [ "1/2,1/4,0","1/2,3/4,0" ],"desc": "222","geom": "point","label": "b","mult": 4 },{ "coord": [ "0,1/4,0","0,3/4,0" ],"desc": "222","geom": "point","label": "a","mult": 4 } ] } },{ "clegId": "67:-c,b,a","det": 1.0,"gen": [ "x,y,z","x,-y+1/2,-z","-x,y+1/2,-z","-x,-y,-z","x,y+1/2,z+1/2" ],"gp": [ "x,y,z","x,-y+1/2,-z","-x,y+1/2,-z","-x,-y,z","-x,-y,-z","-x,y+1/2,z","x,-y+1/2,z","x,y,-z","x,y+1/2,z+1/2","x,-y,-z+1/2","-x,y,-z+1/2","-x,-y+1/2,z+1/2","-x,-y+1/2,-z+1/2","-x,y,z+1/2","x,-y,z+1/2","x,y+1/2,-z+1/2" ],"hall": "-A 2 2b","hm": "A c m m","hmAlt": "A e m m","hmOrig": "A e m m","id": "A_c_m_m","jmolId": "67:-cba","set": 4,"sg": 67,"trm": "-c,b,a","wpos": { "cent": [ "0,1/2,1/2" ],"pos": [ { "desc": "1","geom": "general","label": "o","mult": 16 },{ "coord": [ "-z,1/4,x","-z,1/4,-x","z,3/4,-x","z,3/4,x" ],"desc": ".m.","geom": "plane","label": "n","mult": 8 },{ "coord": [ "-z,y,0","-z,-y+1/2,0","z,y+1/2,0","z,-y,0" ],"desc": "m..","geom": "plane","label": "m","mult": 8 },{ "coord": [ "-z,0,1/4","z,1/2,3/4","z,0,3/4","-z,1/2,1/4" ],"desc": "..2","geom": "line","label": "l","mult": 8 },{ "coord": [ "1/2,y,1/4","1/2,-y+1/2,3/4","1/2,-y,3/4","1/2,y+1/2,1/4" ],"desc": ".2.","geom": "line","label": "k","mult": 8 },{ "coord": [ "0,y,1/4","0,-y+1/2,3/4","0,-y,3/4","0,y+1/2,1/4" ],"desc": ".2.","geom": "line","label": "j","mult": 8 },{ "coord": [ "1/2,0,x","1/2,1/2,-x","1/2,0,-x","1/2,1/2,x" ],"desc": "2..","geom": "line","label": "i","mult": 8 },{ "coord": [ "0,0,x","0,1/2,-x","0,0,-x","0,1/2,x" ],"desc": "2..","geom": "line","label": "h","mult": 8 },{ "coord": [ "-z,1/4,0","z,3/4,0" ],"desc": "mm2","geom": "line","label": "g","mult": 4 },{ "coord": [ "1/2,1/4,1/4","1/2,1/4,3/4" ],"desc": ".2/m.","geom": "point","label": "f","mult": 4 },{ "coord": [ "0,1/4,1/4","0,1/4,3/4" ],"desc": ".2/m.","geom": "point","label": "e","mult": 4 },{ "coord": [ "1/2,0,0","1/2,1/2,0" ],"desc": "2/m..","geom": "point","label": "d","mult": 4 },{ "coord": [ "0,0,0","0,1/2,0" ],"desc": "2/m..","geom": "point","label": "c","mult": 4 },{ "coord": [ "1/2,0,1/4","1/2,0,3/4" ],"desc": "222","geom": "point","label": "b","mult": 4 },{ "coord": [ "0,0,1/4","0,0,3/4" ],"desc": "222","geom": "point","label": "a","mult": 4 } ] } },{ "clegId": "67:b,c,a","det": 1.0,"gen": [ "x,y,z","-x+1/2,y,-z","x+1/2,-y,-z","-x,-y,-z","x+1/2,y,z+1/2" ],"gp": [ "x,y,z","-x+1/2,y,-z","x+1/2,-y,-z","-x,-y,z","-x,-y,-z","x+1/2,-y,z","-x+1/2,y,z","x,y,-z","x+1/2,y,z+1/2","-x,y,-z+1/2","x,-y,-z+1/2","-x+1/2,-y,z+1/2","-x+1/2,-y,-z+1/2","x,-y,z+1/2","-x,y,z+1/2","x+1/2,y,-z+1/2" ],"hall": "-B 2 2a","hm": "B m e m","hmAlt": "B m c m","id": "B_m_e_m","jmolId": "67:bca","set": 5,"sg": 67,"trm": "b,c,a","wpos": { "cent": [ "1/2,0,1/2" ],"pos": [ { "desc": "1","geom": "general","label": "o","mult": 16 },{ "coord": [ "1/4,z,x","1/4,z,-x","3/4,-z,-x","3/4,-z,x" ],"desc": ".m.","geom": "plane","label": "n","mult": 8 },{ "coord": [ "y,z,0","-y+1/2,z,0","y+1/2,-z,0","-y,-z,0" ],"desc": "m..","geom": "plane","label": "m","mult": 8 },{ "coord": [ "0,z,1/4","1/2,-z,3/4","0,-z,3/4","1/2,z,1/4" ],"desc": "..2","geom": "line","label": "l","mult": 8 },{ "coord": [ "y,1/2,1/4","-y+1/2,1/2,3/4","-y,1/2,3/4","y+1/2,1/2,1/4" ],"desc": ".2.","geom": "line","label": "k","mult": 8 },{ "coord": [ "y,0,1/4","-y+1/2,0,3/4","-y,0,3/4","y+1/2,0,1/4" ],"desc": ".2.","geom": "line","label": "j","mult": 8 },{ "coord": [ "0,1/2,x","1/2,1/2,-x","0,1/2,-x","1/2,1/2,x" ],"desc": "2..","geom": "line","label": "i","mult": 8 },{ "coord": [ "0,0,x","1/2,0,-x","0,0,-x","1/2,0,x" ],"desc": "2..","geom": "line","label": "h","mult": 8 },{ "coord": [ "1/4,z,0","3/4,-z,0" ],"desc": "mm2","geom": "line","label": "g","mult": 4 },{ "coord": [ "1/4,1/2,1/4","1/4,1/2,3/4" ],"desc": ".2/m.","geom": "point","label": "f","mult": 4 },{ "coord": [ "1/4,0,1/4","1/4,0,3/4" ],"desc": ".2/m.","geom": "point","label": "e","mult": 4 },{ "coord": [ "0,1/2,0","1/2,1/2,0" ],"desc": "2/m..","geom": "point","label": "d","mult": 4 },{ "coord": [ "0,0,0","1/2,0,0" ],"desc": "2/m..","geom": "point","label": "c","mult": 4 },{ "coord": [ "0,1/2,1/4","0,1/2,3/4" ],"desc": "222","geom": "point","label": "b","mult": 4 },{ "coord": [ "0,0,1/4","0,0,3/4" ],"desc": "222","geom": "point","label": "a","mult": 4 } ] } },{ "clegId": "67:a,-c,b","det": 1.0,"gen": [ "x,y,z","-x,y,-z+1/2","-x,-y,z+1/2","-x,-y,-z","x+1/2,y,z+1/2" ],"gp": [ "x,y,z","-x,y,-z+1/2","-x,-y,z+1/2","x,-y,-z","-x,-y,-z","x,-y,z+1/2","x,y,-z+1/2","-x,y,z","x+1/2,y,z+1/2","-x+1/2,y,-z","-x+1/2,-y,z","x+1/2,-y,-z+1/2","-x+1/2,-y,-z+1/2","x+1/2,-y,z","x+1/2,y,-z","-x+1/2,y,z+1/2" ],"hall": "-B 2a 2","hm": "B m a m","hmAlt": "B m e m","hmOrig": "B m e m","id": "B_m_a_m","jmolId": "67:a-cb","set": 6,"sg": 67,"trm": "a,-c,b","wpos": { "cent": [ "1/2,0,1/2" ],"pos": [ { "desc": "1","geom": "general","label": "o","mult": 16 },{ "coord": [ "x,-z,1/4","-x,-z,1/4","-x,z,3/4","x,z,3/4" ],"desc": ".m.","geom": "plane","label": "n","mult": 8 },{ "coord": [ "0,-z,y","0,-z,-y+1/2","0,z,y+1/2","0,z,-y" ],"desc": "m..","geom": "plane","label": "m","mult": 8 },{ "coord": [ "1/4,-z,0","3/4,z,1/2","3/4,z,0","1/4,-z,1/2" ],"desc": "..2","geom": "line","label": "l","mult": 8 },{ "coord": [ "1/4,1/2,y","3/4,1/2,-y+1/2","3/4,1/2,-y","1/4,1/2,y+1/2" ],"desc": ".2.","geom": "line","label": "k","mult": 8 },{ "coord": [ "1/4,0,y","3/4,0,-y+1/2","3/4,0,-y","1/4,0,y+1/2" ],"desc": ".2.","geom": "line","label": "j","mult": 8 },{ "coord": [ "x,1/2,0","-x,1/2,1/2","-x,1/2,0","x,1/2,1/2" ],"desc": "2..","geom": "line","label": "i","mult": 8 },{ "coord": [ "x,0,0","-x,0,1/2","-x,0,0","x,0,1/2" ],"desc": "2..","geom": "line","label": "h","mult": 8 },{ "coord": [ "0,-z,1/4","0,z,3/4" ],"desc": "mm2","geom": "line","label": "g","mult": 4 },{ "coord": [ "1/4,1/2,1/4","3/4,1/2,1/4" ],"desc": ".2/m.","geom": "point","label": "f","mult": 4 },{ "coord": [ "1/4,0,1/4","3/4,0,1/4" ],"desc": ".2/m.","geom": "point","label": "e","mult": 4 },{ "coord": [ "0,1/2,0","0,1/2,1/2" ],"desc": "2/m..","geom": "point","label": "d","mult": 4 },{ "coord": [ "0,0,0","0,0,1/2" ],"desc": "2/m..","geom": "point","label": "c","mult": 4 },{ "coord": [ "1/4,1/2,0","3/4,1/2,0" ],"desc": "222","geom": "point","label": "b","mult": 4 },{ "coord": [ "1/4,0,0","3/4,0,0" ],"desc": "222","geom": "point","label": "a","mult": 4 } ] } } ],"n": 6,"sg": 67 }