{ "its": [ { "clegId": "83:a,b,c","det": 1.0,"gen": [ "x,y,z","-x,-y,z","-y,x,z","-x,-y,-z" ],"gp": [ "x,y,z","-x,-y,z","-y,x,z","y,-x,z","-x,-y,-z","x,y,-z","y,-x,-z","-y,x,-z" ],"hall": "-P 4","hm": "P 4/m","id": "P_4/m","jmolId": "83","set": 1,"sg": 83,"trm": "a,b,c","wpos": { "pos": [ { "desc": "1","geom": "general","label": "l","mult": 8 },{ "coord": [ "x,y,1/2","-x,-y,1/2","-y,x,1/2","y,-x,1/2" ],"desc": "m..","geom": "plane","label": "k","mult": 4 },{ "coord": [ "x,y,0","-x,-y,0","-y,x,0","y,-x,0" ],"desc": "m..","geom": "plane","label": "j","mult": 4 },{ "coord": [ "0,1/2,z","1/2,0,z","0,1/2,-z","1/2,0,-z" ],"desc": "2..","geom": "line","label": "i","mult": 4 },{ "coord": [ "1/2,1/2,z","1/2,1/2,-z" ],"desc": "4..","geom": "line","label": "h","mult": 2 },{ "coord": [ "0,0,z","0,0,-z" ],"desc": "4..","geom": "line","label": "g","mult": 2 },{ "coord": [ "0,1/2,1/2","1/2,0,1/2" ],"desc": "2/m..","geom": "point","label": "f","mult": 2 },{ "coord": [ "0,1/2,0","1/2,0,0" ],"desc": "2/m..","geom": "point","label": "e","mult": 2 },{ "coord": [ "1/2,1/2,1/2" ],"desc": "4/m..","geom": "point","label": "d","mult": 1 },{ "coord": [ "1/2,1/2,0" ],"desc": "4/m..","geom": "point","label": "c","mult": 1 },{ "coord": [ "0,0,1/2" ],"desc": "4/m..","geom": "point","label": "b","mult": 1 },{ "coord": [ "0,0,0" ],"desc": "4/m..","geom": "point","label": "a","mult": 1 } ] } },{ "clegId": "83:a-b,a+b,c","det": 2.0,"gen": [ "x,y,z","-x,-y,z","-y,x,z","-x,-y,-z","x+1/2,y+1/2,z","-x+1/2,-y+1/2,z","-y+1/2,x+1/2,z","-x+1/2,-y+1/2,-z" ],"gp": [ "x,y,z","-x,-y,z","-y,x,z","y,-x,z","-x,-y,-z","x,y,-z","y,-x,-z","-y,x,-z","x+1/2,y+1/2,z","-x+1/2,-y+1/2,z","-y+1/2,x+1/2,z","y+1/2,-x+1/2,z","-x+1/2,-y+1/2,-z","x+1/2,y+1/2,-z","y+1/2,-x+1/2,-z","-y+1/2,x+1/2,-z" ],"hall": "-C 4","hm": "C 4/m","id": "C_4/m","jmolId": "83:f","set": 2,"sg": 83,"trm": "a-b,a+b,c","wpos": { "cent": [ "1/2,1/2,0" ],"pos": [ { "desc": "1","geom": "general","label": "l","mult": 16 },{ "coord": [ "1/2x-1/2y,1/2x+1/2y,1/2","-1/2x+1/2y,-1/2x-1/2y,1/2","-1/2x-1/2y,1/2x-1/2y,1/2","1/2x+1/2y,-1/2x+1/2y,1/2" ],"desc": "m..","geom": "plane","label": "k","mult": 8 },{ "coord": [ "1/2x-1/2y,1/2x+1/2y,0","-1/2x+1/2y,-1/2x-1/2y,0","-1/2x-1/2y,1/2x-1/2y,0","1/2x+1/2y,-1/2x+1/2y,0" ],"desc": "m..","geom": "plane","label": "j","mult": 8 },{ "coord": [ "3/4,1/4,z","1/4,1/4,z","3/4,1/4,-z","1/4,1/4,-z" ],"desc": "2..","geom": "line","label": "i","mult": 8 },{ "coord": [ "0,1/2,z","0,1/2,-z" ],"desc": "4..","geom": "line","label": "h","mult": 4 },{ "coord": [ "0,0,z","0,0,-z" ],"desc": "4..","geom": "line","label": "g","mult": 4 },{ "coord": [ "3/4,1/4,1/2","1/4,1/4,1/2" ],"desc": "2/m..","geom": "point","label": "f","mult": 4 },{ "coord": [ "3/4,1/4,0","1/4,1/4,0" ],"desc": "2/m..","geom": "point","label": "e","mult": 4 },{ "coord": [ "0,1/2,1/2" ],"desc": "4/m..","geom": "point","label": "d","mult": 2 },{ "coord": [ "0,1/2,0" ],"desc": "4/m..","geom": "point","label": "c","mult": 2 },{ "coord": [ "0,0,1/2" ],"desc": "4/m..","geom": "point","label": "b","mult": 2 },{ "coord": [ "0,0,0" ],"desc": "4/m..","geom": "point","label": "a","mult": 2 } ] } },{ "clegId": "83:a+b,-a+b,c","det": 2.0,"hm": "C 4/m'","id": "C_4/m'","more": true,"set": 3,"sg": 83,"trm": "a+b,-a+b,c" } ],"n": 3,"sg": 83 }