{ "its": [ { "clegId": "70:a,b,c","det": 1.0,"gen": [ "x,y,z","-x+3/4,-y+3/4,z","-x+3/4,y,-z+3/4","-x,-y,-z","x,y+1/2,z+1/2","x+1/2,y,z+1/2" ],"gp": [ "x,y,z","-x+3/4,-y+3/4,z","-x+3/4,y,-z+3/4","x,-y+3/4,-z+3/4","-x,-y,-z","x+1/4,y+1/4,-z","x+1/4,-y,z+1/4","-x,y+1/4,z+1/4","x,y+1/2,z+1/2","-x+3/4,-y+1/4,z+1/2","-x+3/4,y+1/2,-z+1/4","x,-y+1/4,-z+1/4","-x,-y+1/2,-z+1/2","x+1/4,y+3/4,-z+1/2","x+1/4,-y+1/2,z+3/4","-x,y+3/4,z+3/4","x+1/2,y,z+1/2","-x+1/4,-y+3/4,z+1/2","-x+1/4,y,-z+1/4","x+1/2,-y+3/4,-z+1/4","-x+1/2,-y,-z+1/2","x+3/4,y+1/4,-z+1/2","x+3/4,-y,z+3/4","-x+1/2,y+1/4,z+3/4","x+1/2,y+1/2,z","-x+1/4,-y+1/4,z","-x+1/4,y+1/2,-z+3/4","x+1/2,-y+1/4,-z+3/4","-x+1/2,-y+1/2,-z","x+3/4,y+3/4,-z","x+3/4,-y+1/2,z+1/4","-x+1/2,y+3/4,z+1/4" ],"hall": "-F 2uv 2vw","hm": "F d d d :2","id": "F_d_d_d_2","jmolId": "70:2","set": 1,"sg": 70,"trm": "a,b,c","wpos": { "cent": [ "0,1/2,1/2","1/2,0,1/2","1/2,1/2,0" ],"pos": [ { "desc": "1","geom": "general","label": "h","mult": 32 },{ "coord": [ "1/8,1/8,z","5/8,1/8,-z+3/4","7/8,7/8,-z","3/8,7/8,z+1/4" ],"desc": "..2","geom": "line","label": "g","mult": 16 },{ "coord": [ "1/8,y,1/8","5/8,-y+3/4,1/8","7/8,-y,7/8","3/8,y+1/4,7/8" ],"desc": ".2.","geom": "line","label": "f","mult": 16 },{ "coord": [ "x,1/8,1/8","-x+3/4,5/8,1/8","-x,7/8,7/8","x+1/4,3/8,7/8" ],"desc": "2..","geom": "line","label": "e","mult": 16 },{ "coord": [ "1/2,1/2,1/2","1/4,1/4,1/2","1/4,1/2,1/4","1/2,1/4,1/4" ],"desc": "-1","geom": "point","label": "d","mult": 16 },{ "coord": [ "0,0,0","3/4,3/4,0","3/4,0,3/4","0,3/4,3/4" ],"desc": "-1","geom": "point","label": "c","mult": 16 },{ "coord": [ "1/8,1/8,5/8","7/8,7/8,3/8" ],"desc": "222","geom": "point","label": "b","mult": 8 },{ "coord": [ "1/8,1/8,1/8","7/8,7/8,7/8" ],"desc": "222","geom": "point","label": "a","mult": 8 } ] } },{ "clegId": "70:a,b,c;-1/8,-1/8,-1/8","det": 1.0,"gen": [ "x,y,z","-x,-y,z","-x,y,-z","-x+1/4,-y+1/4,-z+1/4","x,y+1/2,z+1/2","x+1/2,y,z+1/2" ],"gp": [ "x,y,z","-x,-y,z","-x,y,-z","x,-y,-z","-x+1/4,-y+1/4,-z+1/4","x+1/4,y+1/4,-z+1/4","x+1/4,-y+1/4,z+1/4","-x+1/4,y+1/4,z+1/4","x,y+1/2,z+1/2","-x,-y+1/2,z+1/2","-x,y+1/2,-z+1/2","x,-y+1/2,-z+1/2","-x+1/4,-y+3/4,-z+3/4","x+1/4,y+3/4,-z+3/4","x+1/4,-y+3/4,z+3/4","-x+1/4,y+3/4,z+3/4","x+1/2,y,z+1/2","-x+1/2,-y,z+1/2","-x+1/2,y,-z+1/2","x+1/2,-y,-z+1/2","-x+3/4,-y+1/4,-z+3/4","x+3/4,y+1/4,-z+3/4","x+3/4,-y+1/4,z+3/4","-x+3/4,y+1/4,z+3/4","x+1/2,y+1/2,z","-x+1/2,-y+1/2,z","-x+1/2,y+1/2,-z","x+1/2,-y+1/2,-z","-x+3/4,-y+3/4,-z+1/4","x+3/4,y+3/4,-z+1/4","x+3/4,-y+3/4,z+1/4","-x+3/4,y+3/4,z+1/4" ],"hall": "F 2 2 -1d","hm": "F d d d :1","id": "F_d_d_d_1","jmolId": "70:1","set": 2,"sg": 70,"trm": "a,b,c;-1/8,-1/8,-1/8","wpos": { "cent": [ "0,1/2,1/2","1/2,0,1/2","1/2,1/2,0" ],"pos": [ { "desc": "1","geom": "general","label": "h","mult": 32 },{ "coord": [ "1/4,1/4,z+1/8","3/4,1/4,-z+7/8","0,0,-z+1/8","1/2,0,z+3/8" ],"desc": "..2","geom": "line","label": "g","mult": 16 },{ "coord": [ "1/4,y+1/8,1/4","3/4,-y+7/8,1/4","0,-y+1/8,0","1/2,y+3/8,0" ],"desc": ".2.","geom": "line","label": "f","mult": 16 },{ "coord": [ "x+1/8,1/4,1/4","-x+7/8,3/4,1/4","-x+1/8,0,0","x+3/8,1/2,0" ],"desc": "2..","geom": "line","label": "e","mult": 16 },{ "coord": [ "5/8,5/8,5/8","3/8,3/8,5/8","3/8,5/8,3/8","5/8,3/8,3/8" ],"desc": "-1","geom": "point","label": "d","mult": 16 },{ "coord": [ "1/8,1/8,1/8","7/8,7/8,1/8","7/8,1/8,7/8","1/8,7/8,7/8" ],"desc": "-1","geom": "point","label": "c","mult": 16 },{ "coord": [ "1/4,1/4,3/4","0,0,1/2" ],"desc": "222","geom": "point","label": "b","mult": 8 },{ "coord": [ "1/4,1/4,1/4","0,0,0" ],"desc": "222","geom": "point","label": "a","mult": 8 } ] } } ],"n": 2,"sg": 70 }