{ "its": [ { "clegId": "89:a,b,c","det": 1.0,"gen": [ "x,y,z","-x,-y,z","-y,x,z","-x,y,-z" ],"gp": [ "x,y,z","-x,-y,z","-y,x,z","y,-x,z","-x,y,-z","x,-y,-z","y,x,-z","-y,-x,-z" ],"hall": "P 4 2","hm": "P 4 2 2","id": "P_4_2_2","jmolId": "89","set": 1,"sg": 89,"trm": "a,b,c","wpos": { "pos": [ { "desc": "1","geom": "general","label": "p","mult": 8 },{ "coord": [ "x,1/2,0","-x,1/2,0","1/2,x,0","1/2,-x,0" ],"desc": ".2.","geom": "line","label": "o","mult": 4 },{ "coord": [ "x,0,1/2","-x,0,1/2","0,x,1/2","0,-x,1/2" ],"desc": ".2.","geom": "line","label": "n","mult": 4 },{ "coord": [ "x,1/2,1/2","-x,1/2,1/2","1/2,x,1/2","1/2,-x,1/2" ],"desc": ".2.","geom": "line","label": "m","mult": 4 },{ "coord": [ "x,0,0","-x,0,0","0,x,0","0,-x,0" ],"desc": ".2.","geom": "line","label": "l","mult": 4 },{ "coord": [ "x,x,1/2","-x,-x,1/2","-x,x,1/2","x,-x,1/2" ],"desc": "..2","geom": "line","label": "k","mult": 4 },{ "coord": [ "x,x,0","-x,-x,0","-x,x,0","x,-x,0" ],"desc": "..2","geom": "line","label": "j","mult": 4 },{ "coord": [ "0,1/2,z","1/2,0,z","0,1/2,-z","1/2,0,-z" ],"desc": "2..","geom": "line","label": "i","mult": 4 },{ "coord": [ "1/2,1/2,z","1/2,1/2,-z" ],"desc": "4..","geom": "line","label": "h","mult": 2 },{ "coord": [ "0,0,z","0,0,-z" ],"desc": "4..","geom": "line","label": "g","mult": 2 },{ "coord": [ "1/2,0,1/2","0,1/2,1/2" ],"desc": "222 .","geom": "point","label": "f","mult": 2 },{ "coord": [ "1/2,0,0","0,1/2,0" ],"desc": "222 .","geom": "point","label": "e","mult": 2 },{ "coord": [ "1/2,1/2,1/2" ],"desc": "422","geom": "point","label": "d","mult": 1 },{ "coord": [ "1/2,1/2,0" ],"desc": "422","geom": "point","label": "c","mult": 1 },{ "coord": [ "0,0,1/2" ],"desc": "422","geom": "point","label": "b","mult": 1 },{ "coord": [ "0,0,0" ],"desc": "422","geom": "point","label": "a","mult": 1 } ] } },{ "clegId": "89:a-b,a+b,c","det": 2.0,"gen": [ "x,y,z","-x,-y,z","-y,x,z","-y,-x,-z","x+1/2,y+1/2,z","-x+1/2,-y+1/2,z","-y+1/2,x+1/2,z","-y+1/2,-x+1/2,-z" ],"gp": [ "x,y,z","-x,-y,z","-y,x,z","y,-x,z","-y,-x,-z","y,x,-z","-x,y,-z","x,-y,-z","x+1/2,y+1/2,z","-x+1/2,-y+1/2,z","-y+1/2,x+1/2,z","y+1/2,-x+1/2,z","-y+1/2,-x+1/2,-z","y+1/2,x+1/2,-z","-x+1/2,y+1/2,-z","x+1/2,-y+1/2,-z" ],"hall": "C?","hm": "C 4 2 2","id": "C_4_2_2","jmolId": "89:c","set": 2,"sg": 89,"trm": "a-b,a+b,c","wpos": { "cent": [ "1/2,1/2,0" ],"pos": [ { "desc": "1","geom": "general","label": "p","mult": 16 },{ "coord": [ "1/2x+3/4,1/2x+1/4,0","-1/2x+3/4,-1/2x+1/4,0","-1/2x+1/4,1/2x+1/4,0","1/2x+1/4,-1/2x+1/4,0" ],"desc": ".2.","geom": "line","label": "o","mult": 8 },{ "coord": [ "1/2x,1/2x,1/2","-1/2x,-1/2x,1/2","-1/2x,1/2x,1/2","1/2x,-1/2x,1/2" ],"desc": ".2.","geom": "line","label": "n","mult": 8 },{ "coord": [ "1/2x+3/4,1/2x+1/4,1/2","-1/2x+3/4,-1/2x+1/4,1/2","-1/2x+1/4,1/2x+1/4,1/2","1/2x+1/4,-1/2x+1/4,1/2" ],"desc": ".2.","geom": "line","label": "m","mult": 8 },{ "coord": [ "1/2x,1/2x,0","-1/2x,-1/2x,0","-1/2x,1/2x,0","1/2x,-1/2x,0" ],"desc": ".2.","geom": "line","label": "l","mult": 8 },{ "coord": [ "0,x,1/2","0,-x,1/2","-x,0,1/2","x,0,1/2" ],"desc": "..2","geom": "line","label": "k","mult": 8 },{ "coord": [ "0,x,0","0,-x,0","-x,0,0","x,0,0" ],"desc": "..2","geom": "line","label": "j","mult": 8 },{ "coord": [ "3/4,1/4,z","1/4,1/4,z","3/4,1/4,-z","1/4,1/4,-z" ],"desc": "2..","geom": "line","label": "i","mult": 8 },{ "coord": [ "0,1/2,z","0,1/2,-z" ],"desc": "4..","geom": "line","label": "h","mult": 4 },{ "coord": [ "0,0,z","0,0,-z" ],"desc": "4..","geom": "line","label": "g","mult": 4 },{ "coord": [ "1/4,1/4,1/2","3/4,1/4,1/2" ],"desc": "222 .","geom": "point","label": "f","mult": 4 },{ "coord": [ "1/4,1/4,0","3/4,1/4,0" ],"desc": "222 .","geom": "point","label": "e","mult": 4 },{ "coord": [ "0,1/2,1/2" ],"desc": "422","geom": "point","label": "d","mult": 2 },{ "coord": [ "0,1/2,0" ],"desc": "422","geom": "point","label": "c","mult": 2 },{ "coord": [ "0,0,1/2" ],"desc": "422","geom": "point","label": "b","mult": 2 },{ "coord": [ "0,0,0" ],"desc": "422","geom": "point","label": "a","mult": 2 } ] } },{ "clegId": "89:a+b,-a+b,c","det": 2.0,"hm": "C 4 2 2'","id": "C_4_2_2'","more": true,"set": 3,"sg": 89,"trm": "a+b,-a+b,c" } ],"n": 3,"sg": 89 }