{ "its": [ { "clegId": "52:a,b,c","det": 1.0,"gen": [ "x,y,z","-x+1/2,-y,z","-x+1/2,y+1/2,-z+1/2","-x,-y,-z" ],"gp": [ "x,y,z","-x+1/2,-y,z","-x+1/2,y+1/2,-z+1/2","x,-y+1/2,-z+1/2","-x,-y,-z","x+1/2,y,-z","x+1/2,-y+1/2,z+1/2","-x,y+1/2,z+1/2" ],"hall": "-P 2a 2bc","hm": "P n n a","id": "P_n_n_a","jmolId": "52","set": 1,"sg": 52,"trm": "a,b,c","wpos": { "pos": [ { "desc": "1","geom": "general","label": "e","mult": 8 },{ "coord": [ "x,1/4,1/4","-x+1/2,3/4,1/4","-x,3/4,3/4","x+1/2,1/4,3/4" ],"desc": "2..","geom": "line","label": "d","mult": 4 },{ "coord": [ "1/4,0,z","1/4,1/2,-z+1/2","3/4,0,-z","3/4,1/2,z+1/2" ],"desc": "..2","geom": "line","label": "c","mult": 4 },{ "coord": [ "0,0,1/2","1/2,0,1/2","1/2,1/2,0","0,1/2,0" ],"desc": "-1","geom": "point","label": "b","mult": 4 },{ "coord": [ "0,0,0","1/2,0,0","1/2,1/2,1/2","0,1/2,1/2" ],"desc": "-1","geom": "point","label": "a","mult": 4 } ] } },{ "clegId": "52:b,a,-c","det": 1.0,"gen": [ "x,y,z","-x,-y+1/2,z","x+1/2,-y+1/2,-z+1/2","-x,-y,-z" ],"gp": [ "x,y,z","-x,-y+1/2,z","x+1/2,-y+1/2,-z+1/2","-x+1/2,y,-z+1/2","-x,-y,-z","x,y+1/2,-z","-x+1/2,y+1/2,z+1/2","x+1/2,-y,z+1/2" ],"hall": "-P 2b 2n","hm": "P n n b","id": "P_n_n_b","jmolId": "52:ba-c","set": 2,"sg": 52,"trm": "b,a,-c","wpos": { "pos": [ { "desc": "1","geom": "general","label": "e","mult": 8 },{ "coord": [ "1/4,x,3/4","3/4,-x+1/2,3/4","3/4,-x,1/4","1/4,x+1/2,1/4" ],"desc": "2..","geom": "line","label": "d","mult": 4 },{ "coord": [ "0,1/4,-z","1/2,1/4,z+1/2","0,3/4,z","1/2,3/4,-z+1/2" ],"desc": "..2","geom": "line","label": "c","mult": 4 },{ "coord": [ "0,0,1/2","0,1/2,1/2","1/2,1/2,0","1/2,0,0" ],"desc": "-1","geom": "point","label": "b","mult": 4 },{ "coord": [ "0,0,0","0,1/2,0","1/2,1/2,1/2","1/2,0,1/2" ],"desc": "-1","geom": "point","label": "a","mult": 4 } ] } },{ "clegId": "52:c,a,b","det": 1.0,"gen": [ "x,y,z","x,-y+1/2,-z","-x+1/2,-y+1/2,z+1/2","-x,-y,-z" ],"gp": [ "x,y,z","x,-y+1/2,-z","-x+1/2,-y+1/2,z+1/2","-x+1/2,y,-z+1/2","-x,-y,-z","-x,y+1/2,z","x+1/2,y+1/2,-z+1/2","x+1/2,-y,z+1/2" ],"hall": "-P 2n 2b","hm": "P b n n","id": "P_b_n_n","jmolId": "52:cab","set": 3,"sg": 52,"trm": "c,a,b","wpos": { "pos": [ { "desc": "1","geom": "general","label": "e","mult": 8 },{ "coord": [ "1/4,x,1/4","1/4,-x+1/2,3/4","3/4,-x,3/4","3/4,x+1/2,1/4" ],"desc": "2..","geom": "line","label": "d","mult": 4 },{ "coord": [ "z,1/4,0","-z+1/2,1/4,1/2","-z,3/4,0","z+1/2,3/4,1/2" ],"desc": "..2","geom": "line","label": "c","mult": 4 },{ "coord": [ "1/2,0,0","1/2,1/2,0","0,1/2,1/2","0,0,1/2" ],"desc": "-1","geom": "point","label": "b","mult": 4 },{ "coord": [ "0,0,0","0,1/2,0","1/2,1/2,1/2","1/2,0,1/2" ],"desc": "-1","geom": "point","label": "a","mult": 4 } ] } },{ "clegId": "52:-c,b,a","det": 1.0,"gen": [ "x,y,z","x,-y,-z+1/2","-x+1/2,y+1/2,-z+1/2","-x,-y,-z" ],"gp": [ "x,y,z","x,-y,-z+1/2","-x+1/2,y+1/2,-z+1/2","-x+1/2,-y+1/2,z","-x,-y,-z","-x,y,z+1/2","x+1/2,-y+1/2,z+1/2","x+1/2,y+1/2,-z" ],"hall": "-P 2ab 2c","hm": "P c n n","id": "P_c_n_n","jmolId": "52:-cba","set": 4,"sg": 52,"trm": "-c,b,a","wpos": { "pos": [ { "desc": "1","geom": "general","label": "e","mult": 8 },{ "coord": [ "3/4,1/4,x","3/4,3/4,-x+1/2","1/4,3/4,-x","1/4,1/4,x+1/2" ],"desc": "2..","geom": "line","label": "d","mult": 4 },{ "coord": [ "-z,0,1/4","z+1/2,1/2,1/4","z,0,3/4","-z+1/2,1/2,3/4" ],"desc": "..2","geom": "line","label": "c","mult": 4 },{ "coord": [ "1/2,0,0","1/2,0,1/2","0,1/2,1/2","0,1/2,0" ],"desc": "-1","geom": "point","label": "b","mult": 4 },{ "coord": [ "0,0,0","0,0,1/2","1/2,1/2,1/2","1/2,1/2,0" ],"desc": "-1","geom": "point","label": "a","mult": 4 } ] } },{ "clegId": "52:b,c,a","det": 1.0,"gen": [ "x,y,z","-x,y,-z+1/2","x+1/2,-y+1/2,-z+1/2","-x,-y,-z" ],"gp": [ "x,y,z","-x,y,-z+1/2","x+1/2,-y+1/2,-z+1/2","-x+1/2,-y+1/2,z","-x,-y,-z","x,-y,z+1/2","-x+1/2,y+1/2,z+1/2","x+1/2,y+1/2,-z" ],"hall": "-P 2ab 2n","hm": "P n c n","id": "P_n_c_n","jmolId": "52:bca","set": 5,"sg": 52,"trm": "b,c,a","wpos": { "pos": [ { "desc": "1","geom": "general","label": "e","mult": 8 },{ "coord": [ "1/4,1/4,x","3/4,1/4,-x+1/2","3/4,3/4,-x","1/4,3/4,x+1/2" ],"desc": "2..","geom": "line","label": "d","mult": 4 },{ "coord": [ "0,z,1/4","1/2,-z+1/2,1/4","0,-z,3/4","1/2,z+1/2,3/4" ],"desc": "..2","geom": "line","label": "c","mult": 4 },{ "coord": [ "0,1/2,0","0,1/2,1/2","1/2,0,1/2","1/2,0,0" ],"desc": "-1","geom": "point","label": "b","mult": 4 },{ "coord": [ "0,0,0","0,0,1/2","1/2,1/2,1/2","1/2,1/2,0" ],"desc": "-1","geom": "point","label": "a","mult": 4 } ] } },{ "clegId": "52:a,-c,b","det": 1.0,"gen": [ "x,y,z","-x+1/2,y,-z","-x+1/2,-y+1/2,z+1/2","-x,-y,-z" ],"gp": [ "x,y,z","-x+1/2,y,-z","-x+1/2,-y+1/2,z+1/2","x,-y+1/2,-z+1/2","-x,-y,-z","x+1/2,-y,z","x+1/2,y+1/2,-z+1/2","-x,y+1/2,z+1/2" ],"hall": "-P 2n 2bc","hm": "P n a n","id": "P_n_a_n","jmolId": "52:a-cb","set": 6,"sg": 52,"trm": "a,-c,b","wpos": { "pos": [ { "desc": "1","geom": "general","label": "e","mult": 8 },{ "coord": [ "x,3/4,1/4","-x+1/2,3/4,3/4","-x,1/4,3/4","x+1/2,1/4,1/4" ],"desc": "2..","geom": "line","label": "d","mult": 4 },{ "coord": [ "1/4,-z,0","1/4,z+1/2,1/2","3/4,z,0","3/4,-z+1/2,1/2" ],"desc": "..2","geom": "line","label": "c","mult": 4 },{ "coord": [ "0,1/2,0","1/2,1/2,0","1/2,0,1/2","0,0,1/2" ],"desc": "-1","geom": "point","label": "b","mult": 4 },{ "coord": [ "0,0,0","1/2,0,0","1/2,1/2,1/2","0,1/2,1/2" ],"desc": "-1","geom": "point","label": "a","mult": 4 } ] } } ],"n": 6,"sg": 52 }