{ "its": [ { "clegId": "54:a,b,c","det": 1.0,"gen": [ "x,y,z","-x+1/2,-y,z","-x,y,-z+1/2","-x,-y,-z" ],"gp": [ "x,y,z","-x+1/2,-y,z","-x,y,-z+1/2","x+1/2,-y,-z+1/2","-x,-y,-z","x+1/2,y,-z","x,-y,z+1/2","-x+1/2,y,z+1/2" ],"hall": "-P 2a 2ac","hm": "P c c a","id": "P_c_c_a","jmolId": "54","set": 1,"sg": 54,"trm": "a,b,c","wpos": { "pos": [ { "desc": "1","geom": "general","label": "f","mult": 8 },{ "coord": [ "1/4,1/2,z","3/4,1/2,-z+1/2","3/4,1/2,-z","1/4,1/2,z+1/2" ],"desc": "..2","geom": "line","label": "e","mult": 4 },{ "coord": [ "1/4,0,z","3/4,0,-z+1/2","3/4,0,-z","1/4,0,z+1/2" ],"desc": "..2","geom": "line","label": "d","mult": 4 },{ "coord": [ "0,y,1/4","1/2,-y,1/4","0,-y,3/4","1/2,y,3/4" ],"desc": ".2.","geom": "line","label": "c","mult": 4 },{ "coord": [ "0,1/2,0","1/2,1/2,0","0,1/2,1/2","1/2,1/2,1/2" ],"desc": "-1","geom": "point","label": "b","mult": 4 },{ "coord": [ "0,0,0","1/2,0,0","0,0,1/2","1/2,0,1/2" ],"desc": "-1","geom": "point","label": "a","mult": 4 } ] } },{ "clegId": "54:b,a,-c","det": 1.0,"gen": [ "x,y,z","-x,-y+1/2,z","x,-y,-z+1/2","-x,-y,-z" ],"gp": [ "x,y,z","-x,-y+1/2,z","x,-y,-z+1/2","-x,y+1/2,-z+1/2","-x,-y,-z","x,y+1/2,-z","-x,y,z+1/2","x,-y+1/2,z+1/2" ],"hall": "-P 2b 2c","hm": "P c c b","id": "P_c_c_b","jmolId": "54:ba-c","set": 2,"sg": 54,"trm": "b,a,-c","wpos": { "pos": [ { "desc": "1","geom": "general","label": "f","mult": 8 },{ "coord": [ "1/2,1/4,-z","1/2,3/4,z+1/2","1/2,3/4,z","1/2,1/4,-z+1/2" ],"desc": "..2","geom": "line","label": "e","mult": 4 },{ "coord": [ "0,1/4,-z","0,3/4,z+1/2","0,3/4,z","0,1/4,-z+1/2" ],"desc": "..2","geom": "line","label": "d","mult": 4 },{ "coord": [ "y,0,3/4","-y,1/2,3/4","-y,0,1/4","y,1/2,1/4" ],"desc": ".2.","geom": "line","label": "c","mult": 4 },{ "coord": [ "1/2,0,0","1/2,1/2,0","1/2,0,1/2","1/2,1/2,1/2" ],"desc": "-1","geom": "point","label": "b","mult": 4 },{ "coord": [ "0,0,0","0,1/2,0","0,0,1/2","0,1/2,1/2" ],"desc": "-1","geom": "point","label": "a","mult": 4 } ] } },{ "clegId": "54:c,a,b","det": 1.0,"gen": [ "x,y,z","x,-y+1/2,-z","-x+1/2,-y,z","-x,-y,-z" ],"gp": [ "x,y,z","x,-y+1/2,-z","-x+1/2,-y,z","-x+1/2,y+1/2,-z","-x,-y,-z","-x,y+1/2,z","x+1/2,y,-z","x+1/2,-y+1/2,z" ],"hall": "-P 2a 2b","hm": "P b a a","id": "P_b_a_a","jmolId": "54:cab","set": 3,"sg": 54,"trm": "c,a,b","wpos": { "pos": [ { "desc": "1","geom": "general","label": "f","mult": 8 },{ "coord": [ "z,1/4,1/2","-z+1/2,3/4,1/2","-z,3/4,1/2","z+1/2,1/4,1/2" ],"desc": "..2","geom": "line","label": "e","mult": 4 },{ "coord": [ "z,1/4,0","-z+1/2,3/4,0","-z,3/4,0","z+1/2,1/4,0" ],"desc": "..2","geom": "line","label": "d","mult": 4 },{ "coord": [ "1/4,0,y","1/4,1/2,-y","3/4,0,-y","3/4,1/2,y" ],"desc": ".2.","geom": "line","label": "c","mult": 4 },{ "coord": [ "0,0,1/2","0,1/2,1/2","1/2,0,1/2","1/2,1/2,1/2" ],"desc": "-1","geom": "point","label": "b","mult": 4 },{ "coord": [ "0,0,0","0,1/2,0","1/2,0,0","1/2,1/2,0" ],"desc": "-1","geom": "point","label": "a","mult": 4 } ] } },{ "clegId": "54:-c,b,a","det": 1.0,"gen": [ "x,y,z","x,-y,-z+1/2","-x+1/2,y,-z","-x,-y,-z" ],"gp": [ "x,y,z","x,-y,-z+1/2","-x+1/2,y,-z","-x+1/2,-y,z+1/2","-x,-y,-z","-x,y,z+1/2","x+1/2,-y,z","x+1/2,y,-z+1/2" ],"hall": "-P 2ac 2c","hm": "P c a a","id": "P_c_a_a","jmolId": "54:-cba","set": 4,"sg": 54,"trm": "-c,b,a","wpos": { "pos": [ { "desc": "1","geom": "general","label": "f","mult": 8 },{ "coord": [ "-z,1/2,1/4","z+1/2,1/2,3/4","z,1/2,3/4","-z+1/2,1/2,1/4" ],"desc": "..2","geom": "line","label": "e","mult": 4 },{ "coord": [ "-z,0,1/4","z+1/2,0,3/4","z,0,3/4","-z+1/2,0,1/4" ],"desc": "..2","geom": "line","label": "d","mult": 4 },{ "coord": [ "3/4,y,0","3/4,-y,1/2","1/4,-y,0","1/4,y,1/2" ],"desc": ".2.","geom": "line","label": "c","mult": 4 },{ "coord": [ "0,1/2,0","0,1/2,1/2","1/2,1/2,0","1/2,1/2,1/2" ],"desc": "-1","geom": "point","label": "b","mult": 4 },{ "coord": [ "0,0,0","0,0,1/2","1/2,0,0","1/2,0,1/2" ],"desc": "-1","geom": "point","label": "a","mult": 4 } ] } },{ "clegId": "54:b,c,a","det": 1.0,"gen": [ "x,y,z","-x,y,-z+1/2","x,-y+1/2,-z","-x,-y,-z" ],"gp": [ "x,y,z","-x,y,-z+1/2","x,-y+1/2,-z","-x,-y+1/2,z+1/2","-x,-y,-z","x,-y,z+1/2","-x,y+1/2,z","x,y+1/2,-z+1/2" ],"hall": "-P 2bc 2b","hm": "P b c b","id": "P_b_c_b","jmolId": "54:bca","set": 5,"sg": 54,"trm": "b,c,a","wpos": { "pos": [ { "desc": "1","geom": "general","label": "f","mult": 8 },{ "coord": [ "1/2,z,1/4","1/2,-z+1/2,3/4","1/2,-z,3/4","1/2,z+1/2,1/4" ],"desc": "..2","geom": "line","label": "e","mult": 4 },{ "coord": [ "0,z,1/4","0,-z+1/2,3/4","0,-z,3/4","0,z+1/2,1/4" ],"desc": "..2","geom": "line","label": "d","mult": 4 },{ "coord": [ "y,1/4,0","-y,1/4,1/2","-y,3/4,0","y,3/4,1/2" ],"desc": ".2.","geom": "line","label": "c","mult": 4 },{ "coord": [ "1/2,0,0","1/2,0,1/2","1/2,1/2,0","1/2,1/2,1/2" ],"desc": "-1","geom": "point","label": "b","mult": 4 },{ "coord": [ "0,0,0","0,0,1/2","0,1/2,0","0,1/2,1/2" ],"desc": "-1","geom": "point","label": "a","mult": 4 } ] } },{ "clegId": "54:a,-c,b","det": 1.0,"gen": [ "x,y,z","-x+1/2,y,-z","-x,-y+1/2,z","-x,-y,-z" ],"gp": [ "x,y,z","-x+1/2,y,-z","-x,-y+1/2,z","x+1/2,-y+1/2,-z","-x,-y,-z","x+1/2,-y,z","x,y+1/2,-z","-x+1/2,y+1/2,z" ],"hall": "-P 2b 2ab","hm": "P b a b","id": "P_b_a_b","jmolId": "54:a-cb","set": 6,"sg": 54,"trm": "a,-c,b","wpos": { "pos": [ { "desc": "1","geom": "general","label": "f","mult": 8 },{ "coord": [ "1/4,-z,1/2","3/4,z+1/2,1/2","3/4,z,1/2","1/4,-z+1/2,1/2" ],"desc": "..2","geom": "line","label": "e","mult": 4 },{ "coord": [ "1/4,-z,0","3/4,z+1/2,0","3/4,z,0","1/4,-z+1/2,0" ],"desc": "..2","geom": "line","label": "d","mult": 4 },{ "coord": [ "0,3/4,y","1/2,3/4,-y","0,1/4,-y","1/2,1/4,y" ],"desc": ".2.","geom": "line","label": "c","mult": 4 },{ "coord": [ "0,0,1/2","1/2,0,1/2","0,1/2,1/2","1/2,1/2,1/2" ],"desc": "-1","geom": "point","label": "b","mult": 4 },{ "coord": [ "0,0,0","1/2,0,0","0,1/2,0","1/2,1/2,0" ],"desc": "-1","geom": "point","label": "a","mult": 4 } ] } } ],"n": 6,"sg": 54 }