{ "its": [ { "clegId": "64:a,b,c","det": 1.0,"gen": [ "x,y,z","-x,-y+1/2,z+1/2","-x,y+1/2,-z+1/2","-x,-y,-z","x+1/2,y+1/2,z" ],"gp": [ "x,y,z","-x,-y+1/2,z+1/2","-x,y+1/2,-z+1/2","x,-y,-z","-x,-y,-z","x,y+1/2,-z+1/2","x,-y+1/2,z+1/2","-x,y,z","x+1/2,y+1/2,z","-x+1/2,-y,z+1/2","-x+1/2,y,-z+1/2","x+1/2,-y+1/2,-z","-x+1/2,-y+1/2,-z","x+1/2,y,-z+1/2","x+1/2,-y,z+1/2","-x+1/2,y+1/2,z" ],"hall": "-C 2ac 2","hm": "C m c e","id": "C_m_c_e","jmolId": "64","set": 1,"sg": 64,"trm": "a,b,c","wpos": { "cent": [ "1/2,1/2,0" ],"pos": [ { "desc": "1","geom": "general","label": "g","mult": 16 },{ "coord": [ "0,y,z","0,-y+1/2,z+1/2","0,y+1/2,-z+1/2","0,-y,-z" ],"desc": "m..","geom": "plane","label": "f","mult": 8 },{ "coord": [ "1/4,y,1/4","3/4,-y+1/2,3/4","3/4,-y,3/4","1/4,y+1/2,1/4" ],"desc": ".2.","geom": "line","label": "e","mult": 8 },{ "coord": [ "x,0,0","-x,1/2,1/2","-x,0,0","x,1/2,1/2" ],"desc": "2..","geom": "line","label": "d","mult": 8 },{ "coord": [ "1/4,1/4,0","3/4,1/4,1/2","3/4,3/4,1/2","1/4,3/4,0" ],"desc": "-1","geom": "point","label": "c","mult": 8 },{ "coord": [ "1/2,0,0","1/2,1/2,1/2" ],"desc": "2/m..","geom": "point","label": "b","mult": 4 },{ "coord": [ "0,0,0","0,1/2,1/2" ],"desc": "2/m..","geom": "point","label": "a","mult": 4 } ] } },{ "clegId": "64:b,a,-c","det": 1.0,"gen": [ "x,y,z","-x+1/2,-y,z+1/2","x+1/2,-y,-z+1/2","-x,-y,-z","x+1/2,y+1/2,z" ],"gp": [ "x,y,z","-x+1/2,-y,z+1/2","x+1/2,-y,-z+1/2","-x,y,-z","-x,-y,-z","x+1/2,y,-z+1/2","-x+1/2,y,z+1/2","x,-y,z","x+1/2,y+1/2,z","-x,-y+1/2,z+1/2","x,-y+1/2,-z+1/2","-x+1/2,y+1/2,-z","-x+1/2,-y+1/2,-z","x,y+1/2,-z+1/2","-x,y+1/2,z+1/2","x+1/2,-y+1/2,z" ],"hall": "-C 2ac 2ac","hm": "C c m e","id": "C_c_m_e","jmolId": "64:ba-c","set": 2,"sg": 64,"trm": "b,a,-c","wpos": { "cent": [ "1/2,1/2,0" ],"pos": [ { "desc": "1","geom": "general","label": "g","mult": 16 },{ "coord": [ "y,0,-z","-y+1/2,0,-z+1/2","y+1/2,0,z+1/2","-y,0,z" ],"desc": "m..","geom": "plane","label": "f","mult": 8 },{ "coord": [ "y,1/4,3/4","-y+1/2,3/4,1/4","-y,3/4,1/4","y+1/2,1/4,3/4" ],"desc": ".2.","geom": "line","label": "e","mult": 8 },{ "coord": [ "0,x,0","1/2,-x,1/2","0,-x,0","1/2,x,1/2" ],"desc": "2..","geom": "line","label": "d","mult": 8 },{ "coord": [ "1/4,1/4,0","1/4,3/4,1/2","3/4,3/4,1/2","3/4,1/4,0" ],"desc": "-1","geom": "point","label": "c","mult": 8 },{ "coord": [ "0,1/2,0","1/2,1/2,1/2" ],"desc": "2/m..","geom": "point","label": "b","mult": 4 },{ "coord": [ "0,0,0","1/2,0,1/2" ],"desc": "2/m..","geom": "point","label": "a","mult": 4 } ] } },{ "clegId": "64:c,a,b","det": 1.0,"gen": [ "x,y,z","x+1/2,-y,-z+1/2","-x+1/2,-y,z+1/2","-x,-y,-z","x,y+1/2,z+1/2" ],"gp": [ "x,y,z","x+1/2,-y,-z+1/2","-x+1/2,-y,z+1/2","-x,y,-z","-x,-y,-z","-x+1/2,y,z+1/2","x+1/2,y,-z+1/2","x,-y,z","x,y+1/2,z+1/2","x+1/2,-y+1/2,-z","-x+1/2,-y+1/2,z","-x,y+1/2,-z+1/2","-x,-y+1/2,-z+1/2","-x+1/2,y+1/2,z","x+1/2,y+1/2,-z","x,-y+1/2,z+1/2" ],"hall": "-A 2ab 2ab","hm": "A e m a","id": "A_e_m_a","jmolId": "64:cab","set": 3,"sg": 64,"trm": "c,a,b","wpos": { "cent": [ "0,1/2,1/2" ],"pos": [ { "desc": "1","geom": "general","label": "g","mult": 16 },{ "coord": [ "z,0,y","z+1/2,0,-y+1/2","-z+1/2,0,y+1/2","-z,0,-y" ],"desc": "m..","geom": "plane","label": "f","mult": 8 },{ "coord": [ "1/4,1/4,y","3/4,3/4,-y+1/2","3/4,3/4,-y","1/4,1/4,y+1/2" ],"desc": ".2.","geom": "line","label": "e","mult": 8 },{ "coord": [ "0,x,0","1/2,-x,1/2","0,-x,0","1/2,x,1/2" ],"desc": "2..","geom": "line","label": "d","mult": 8 },{ "coord": [ "0,1/4,1/4","1/2,3/4,1/4","1/2,3/4,3/4","0,1/4,3/4" ],"desc": "-1","geom": "point","label": "c","mult": 8 },{ "coord": [ "0,1/2,0","1/2,1/2,1/2" ],"desc": "2/m..","geom": "point","label": "b","mult": 4 },{ "coord": [ "0,0,0","1/2,0,1/2" ],"desc": "2/m..","geom": "point","label": "a","mult": 4 } ] } },{ "clegId": "64:-c,b,a","det": 1.0,"gen": [ "x,y,z","x+1/2,-y+1/2,-z","-x+1/2,y+1/2,-z","-x,-y,-z","x,y+1/2,z+1/2" ],"gp": [ "x,y,z","x+1/2,-y+1/2,-z","-x+1/2,y+1/2,-z","-x,-y,z","-x,-y,-z","-x+1/2,y+1/2,z","x+1/2,-y+1/2,z","x,y,-z","x,y+1/2,z+1/2","x+1/2,-y,-z+1/2","-x+1/2,y,-z+1/2","-x,-y+1/2,z+1/2","-x,-y+1/2,-z+1/2","-x+1/2,y,z+1/2","x+1/2,-y,z+1/2","x,y+1/2,-z+1/2" ],"hall": "-A 2 2ab","hm": "A e a m","id": "A_e_a_m","jmolId": "64:-cba","set": 4,"sg": 64,"trm": "-c,b,a","wpos": { "cent": [ "0,1/2,1/2" ],"pos": [ { "desc": "1","geom": "general","label": "g","mult": 16 },{ "coord": [ "-z,y,0","-z+1/2,-y+1/2,0","z+1/2,y+1/2,0","z,-y,0" ],"desc": "m..","geom": "plane","label": "f","mult": 8 },{ "coord": [ "3/4,y,1/4","1/4,-y+1/2,3/4","1/4,-y,3/4","3/4,y+1/2,1/4" ],"desc": ".2.","geom": "line","label": "e","mult": 8 },{ "coord": [ "0,0,x","1/2,1/2,-x","0,0,-x","1/2,1/2,x" ],"desc": "2..","geom": "line","label": "d","mult": 8 },{ "coord": [ "0,1/4,1/4","1/2,1/4,3/4","1/2,3/4,3/4","0,3/4,1/4" ],"desc": "-1","geom": "point","label": "c","mult": 8 },{ "coord": [ "0,0,1/2","1/2,1/2,1/2" ],"desc": "2/m..","geom": "point","label": "b","mult": 4 },{ "coord": [ "0,0,0","1/2,1/2,0" ],"desc": "2/m..","geom": "point","label": "a","mult": 4 } ] } },{ "clegId": "64:b,c,a","det": 1.0,"gen": [ "x,y,z","-x+1/2,y+1/2,-z","x+1/2,-y+1/2,-z","-x,-y,-z","x+1/2,y,z+1/2" ],"gp": [ "x,y,z","-x+1/2,y+1/2,-z","x+1/2,-y+1/2,-z","-x,-y,z","-x,-y,-z","x+1/2,-y+1/2,z","-x+1/2,y+1/2,z","x,y,-z","x+1/2,y,z+1/2","-x,y+1/2,-z+1/2","x,-y+1/2,-z+1/2","-x+1/2,-y,z+1/2","-x+1/2,-y,-z+1/2","x,-y+1/2,z+1/2","-x,y+1/2,z+1/2","x+1/2,y,-z+1/2" ],"hall": "-B 2 2ab","hm": "B b e m","id": "B_b_e_m","jmolId": "64:bca","set": 5,"sg": 64,"trm": "b,c,a","wpos": { "cent": [ "1/2,0,1/2" ],"pos": [ { "desc": "1","geom": "general","label": "g","mult": 16 },{ "coord": [ "y,z,0","-y+1/2,z+1/2,0","y+1/2,-z+1/2,0","-y,-z,0" ],"desc": "m..","geom": "plane","label": "f","mult": 8 },{ "coord": [ "y,1/4,1/4","-y+1/2,3/4,3/4","-y,3/4,3/4","y+1/2,1/4,1/4" ],"desc": ".2.","geom": "line","label": "e","mult": 8 },{ "coord": [ "0,0,x","1/2,1/2,-x","0,0,-x","1/2,1/2,x" ],"desc": "2..","geom": "line","label": "d","mult": 8 },{ "coord": [ "1/4,0,1/4","1/4,1/2,3/4","3/4,1/2,3/4","3/4,0,1/4" ],"desc": "-1","geom": "point","label": "c","mult": 8 },{ "coord": [ "0,0,1/2","1/2,1/2,1/2" ],"desc": "2/m..","geom": "point","label": "b","mult": 4 },{ "coord": [ "0,0,0","1/2,1/2,0" ],"desc": "2/m..","geom": "point","label": "a","mult": 4 } ] } },{ "clegId": "64:a,-c,b","det": 1.0,"gen": [ "x,y,z","-x,y+1/2,-z+1/2","-x,-y+1/2,z+1/2","-x,-y,-z","x+1/2,y,z+1/2" ],"gp": [ "x,y,z","-x,y+1/2,-z+1/2","-x,-y+1/2,z+1/2","x,-y,-z","-x,-y,-z","x,-y+1/2,z+1/2","x,y+1/2,-z+1/2","-x,y,z","x+1/2,y,z+1/2","-x+1/2,y+1/2,-z","-x+1/2,-y+1/2,z","x+1/2,-y,-z+1/2","-x+1/2,-y,-z+1/2","x+1/2,-y+1/2,z","x+1/2,y+1/2,-z","-x+1/2,y,z+1/2" ],"hall": "-B 2ab 2","hm": "B m e b","id": "B_m_e_b","jmolId": "64:a-cb","set": 6,"sg": 64,"trm": "a,-c,b","wpos": { "cent": [ "1/2,0,1/2" ],"pos": [ { "desc": "1","geom": "general","label": "g","mult": 16 },{ "coord": [ "0,-z,y","0,-z+1/2,-y+1/2","0,z+1/2,y+1/2","0,z,-y" ],"desc": "m..","geom": "plane","label": "f","mult": 8 },{ "coord": [ "1/4,3/4,y","3/4,1/4,-y+1/2","3/4,1/4,-y","1/4,3/4,y+1/2" ],"desc": ".2.","geom": "line","label": "e","mult": 8 },{ "coord": [ "x,0,0","-x,1/2,1/2","-x,0,0","x,1/2,1/2" ],"desc": "2..","geom": "line","label": "d","mult": 8 },{ "coord": [ "1/4,0,1/4","3/4,1/2,1/4","3/4,1/2,3/4","1/4,0,3/4" ],"desc": "-1","geom": "point","label": "c","mult": 8 },{ "coord": [ "1/2,0,0","1/2,1/2,1/2" ],"desc": "2/m..","geom": "point","label": "b","mult": 4 },{ "coord": [ "0,0,0","0,1/2,1/2" ],"desc": "2/m..","geom": "point","label": "a","mult": 4 } ] } } ],"n": 6,"sg": 64 }