{ "its": [ { "clegId": "61:a,b,c","det": 1.0,"gen": [ "x,y,z","-x+1/2,-y,z+1/2","-x,y+1/2,-z+1/2","-x,-y,-z" ],"gp": [ "x,y,z","-x+1/2,-y,z+1/2","-x,y+1/2,-z+1/2","x+1/2,-y+1/2,-z","-x,-y,-z","x+1/2,y,-z+1/2","x,-y+1/2,z+1/2","-x+1/2,y+1/2,z" ],"hall": "-P 2ac 2ab","hm": "P b c a","id": "P_b_c_a","jmolId": "61","set": 1,"sg": 61,"trm": "a,b,c","wpos": { "pos": [ { "desc": "1","geom": "general","label": "c","mult": 8 },{ "coord": [ "0,0,1/2","1/2,0,0","0,1/2,0","1/2,1/2,1/2" ],"desc": "-1","geom": "point","label": "b","mult": 4 },{ "coord": [ "0,0,0","1/2,0,1/2","0,1/2,1/2","1/2,1/2,0" ],"desc": "-1","geom": "point","label": "a","mult": 4 } ] } },{ "clegId": "61:b,a,-c","det": 1.0,"gen": [ "x,y,z","-x,-y+1/2,z+1/2","x+1/2,-y,-z+1/2","-x,-y,-z" ],"gp": [ "x,y,z","-x,-y+1/2,z+1/2","x+1/2,-y,-z+1/2","-x+1/2,y+1/2,-z","-x,-y,-z","x,y+1/2,-z+1/2","-x+1/2,y,z+1/2","x+1/2,-y+1/2,z" ],"hall": "-P 2bc 2ac","hm": "P c a b","id": "P_c_a_b","jmolId": "61:ba-c","set": 2,"sg": 61,"trm": "b,a,-c","wpos": { "pos": [ { "desc": "1","geom": "general","label": "c","mult": 8 },{ "coord": [ "0,0,1/2","0,1/2,0","1/2,0,0","1/2,1/2,1/2" ],"desc": "-1","geom": "point","label": "b","mult": 4 },{ "coord": [ "0,0,0","0,1/2,1/2","1/2,0,1/2","1/2,1/2,0" ],"desc": "-1","geom": "point","label": "a","mult": 4 } ] } } ],"n": 2,"sg": 61 }