{ "its": [ { "clegId": "95:a,b,c","det": 1.0,"gen": [ "x,y,z","-x,-y,z+1/2","-y,x,z+3/4","-x,y,-z" ],"gp": [ "x,y,z","-x,-y,z+1/2","-y,x,z+3/4","y,-x,z+1/4","-x,y,-z","x,-y,-z+1/2","y,x,-z+1/4","-y,-x,-z+3/4" ],"hall": "P 4cw 2c","hm": "P 43 2 2","id": "P_43_2_2","jmolId": "95","set": 1,"sg": 95,"trm": "a,b,c","wpos": { "pos": [ { "desc": "1","geom": "general","label": "d","mult": 8 },{ "coord": [ "x,x,5/8","-x,-x,1/8","-x,x,3/8","x,-x,7/8" ],"desc": "..2","geom": "line","label": "c","mult": 4 },{ "coord": [ "1/2,y,0","1/2,-y,1/2","-y,1/2,3/4","y,1/2,1/4" ],"desc": ".2.","geom": "line","label": "b","mult": 4 },{ "coord": [ "0,y,0","0,-y,1/2","-y,0,3/4","y,0,1/4" ],"desc": ".2.","geom": "line","label": "a","mult": 4 } ] } },{ "clegId": "95:a-b,a+b,c","det": 2.0,"gen": [ "x,y,z","-x,-y,z+1/2","-y,x,z+3/4","-y,-x,-z","x+1/2,y+1/2,z","-x+1/2,-y+1/2,z+1/2","-y+1/2,x+1/2,z+3/4","-y+1/2,-x+1/2,-z" ],"gp": [ "x,y,z","-x,-y,z+1/2","-y,x,z+3/4","y,-x,z+1/4","-y,-x,-z","y,x,-z+1/2","-x,y,-z+1/4","x,-y,-z+3/4","x+1/2,y+1/2,z","-x+1/2,-y+1/2,z+1/2","-y+1/2,x+1/2,z+3/4","y+1/2,-x+1/2,z+1/4","-y+1/2,-x+1/2,-z","y+1/2,x+1/2,-z+1/2","-x+1/2,y+1/2,-z+1/4","x+1/2,-y+1/2,-z+3/4" ],"hall": "C?","hm": "C 43 2 2","id": "C_43_2_2","jmolId": "95:c","set": 2,"sg": 95,"trm": "a-b,a+b,c","wpos": { "cent": [ "1/2,1/2,0" ],"pos": [ { "desc": "1","geom": "general","label": "d","mult": 16 },{ "coord": [ "0,x,5/8","0,-x,1/8","-x,0,3/8","x,0,7/8" ],"desc": "..2","geom": "line","label": "c","mult": 8 },{ "coord": [ "-1/2y+1/4,1/2y+1/4,0","1/2y+1/4,-1/2y+1/4,1/2","-1/2y+3/4,-1/2y+1/4,3/4","1/2y+3/4,1/2y+1/4,1/4" ],"desc": ".2.","geom": "line","label": "b","mult": 8 },{ "coord": [ "-1/2y,1/2y,0","1/2y,-1/2y,1/2","-1/2y,-1/2y,3/4","1/2y,1/2y,1/4" ],"desc": ".2.","geom": "line","label": "a","mult": 8 } ] } },{ "clegId": "95:a+b,-a+b,c","det": 2.0,"hm": "C 43 2 2'","id": "C_43_2_2'","more": true,"set": 3,"sg": 95,"trm": "a+b,-a+b,c" } ],"n": 3,"sg": 95 }