{ "its": [ { "clegId": "6:a,b,c","det": 1.0,"gen": [ "x,y,z","x,-y,z" ],"gp": [ "x,y,z","x,-y,z" ],"hall": "P -2y","hm": "P 1 m 1","id": "P_1_m_1","jmolId": "6:b","set": 1,"sg": 6,"trm": "a,b,c","wpos": { "pos": [ { "desc": "1","geom": "general","label": "c","mult": 2 },{ "coord": [ "x,1/2,z" ],"desc": "m","geom": "plane","label": "b","mult": 1 },{ "coord": [ "x,0,z" ],"desc": "m","geom": "plane","label": "a","mult": 1 } ] } },{ "clegId": "6:c,a,b","det": 1.0,"gen": [ "x,y,z","x,y,-z" ],"gp": [ "x,y,z","x,y,-z" ],"hall": "P -2","hm": "P 1 1 m","id": "P_1_1_m","jmolId": "6:c","set": 2,"sg": 6,"trm": "c,a,b","wpos": { "pos": [ { "desc": "1","geom": "general","label": "c","mult": 2 },{ "coord": [ "z,x,1/2" ],"desc": "m","geom": "plane","label": "b","mult": 1 },{ "coord": [ "z,x,0" ],"desc": "m","geom": "plane","label": "a","mult": 1 } ] } },{ "clegId": "6:b,c,a","det": 1.0,"gen": [ "x,y,z","-x,y,z" ],"gp": [ "x,y,z","-x,y,z" ],"hall": "P -2x","hm": "P m 1 1","id": "P_m_1_1","jmolId": "6:a","set": 3,"sg": 6,"trm": "b,c,a","wpos": { "pos": [ { "desc": "1","geom": "general","label": "c","mult": 2 },{ "coord": [ "1/2,z,x" ],"desc": "m","geom": "plane","label": "b","mult": 1 },{ "coord": [ "0,z,x" ],"desc": "m","geom": "plane","label": "a","mult": 1 } ] } } ],"n": 3,"sg": 6 }