{ "its": [ { "clegId": "8:a,b,c","det": 1.0,"gen": [ "x,y,z","x,-y,z","x+1/2,y+1/2,z" ],"gp": [ "x,y,z","x,-y,z","x+1/2,y+1/2,z","x+1/2,-y+1/2,z" ],"hall": "C -2y","hm": "C 1 m 1","id": "C_1_m_1","jmolId": "8:b1","set": 1,"sg": 8,"trm": "a,b,c","wpos": { "cent": [ "1/2,1/2,0" ],"pos": [ { "desc": "1","geom": "general","label": "b","mult": 4 },{ "coord": [ "x,0,z" ],"desc": "m","geom": "plane","label": "a","mult": 2 } ] } },{ "clegId": "8:-a-c,b,a","det": 1.0,"gen": [ "x,y,z","x,-y,z","x,y+1/2,z+1/2" ],"gp": [ "x,y,z","x,-y,z","x,y+1/2,z+1/2","x,-y+1/2,z+1/2" ],"hall": "A -2y","hm": "A 1 m 1","id": "A_1_m_1","jmolId": "8:b2","set": 2,"sg": 8,"trm": "-a-c,b,a","wpos": { "cent": [ "0,1/2,1/2" ],"pos": [ { "desc": "1","geom": "general","label": "b","mult": 4 },{ "coord": [ "-z,0,x-z" ],"desc": "m","geom": "plane","label": "a","mult": 2 } ] } },{ "clegId": "8:c,b,-a-c","det": 1.0,"gen": [ "x,y,z","x,-y,z","x+1/2,y+1/2,z+1/2" ],"gp": [ "x,y,z","x,-y,z","x+1/2,y+1/2,z+1/2","x+1/2,-y+1/2,z+1/2" ],"hall": "I -2y","hm": "I 1 m 1","id": "I_1_m_1","jmolId": "8:b3","set": 3,"sg": 8,"trm": "c,b,-a-c","wpos": { "cent": [ "1/2,1/2,1/2" ],"pos": [ { "desc": "1","geom": "general","label": "b","mult": 4 },{ "coord": [ "-x+z,0,-x" ],"desc": "m","geom": "plane","label": "a","mult": 2 } ] } },{ "clegId": "8:c,a,b","det": 1.0,"gen": [ "x,y,z","x,y,-z","x,y+1/2,z+1/2" ],"gp": [ "x,y,z","x,y,-z","x,y+1/2,z+1/2","x,y+1/2,-z+1/2" ],"hall": "A -2","hm": "A 1 1 m","id": "A_1_1_m","jmolId": "8:c1","set": 4,"sg": 8,"trm": "c,a,b","wpos": { "cent": [ "0,1/2,1/2" ],"pos": [ { "desc": "1","geom": "general","label": "b","mult": 4 },{ "coord": [ "z,x,0" ],"desc": "m","geom": "plane","label": "a","mult": 2 } ] } },{ "clegId": "8:a,-a-c,b","det": 1.0,"gen": [ "x,y,z","x,y,-z","x+1/2,y,z+1/2" ],"gp": [ "x,y,z","x,y,-z","x+1/2,y,z+1/2","x+1/2,y,-z+1/2" ],"hall": "B -2","hm": "B 1 1 m","id": "B_1_1_m","jmolId": "8:c2","set": 5,"sg": 8,"trm": "a,-a-c,b","wpos": { "cent": [ "1/2,0,1/2" ],"pos": [ { "desc": "1","geom": "general","label": "b","mult": 4 },{ "coord": [ "x-z,-z,0" ],"desc": "m","geom": "plane","label": "a","mult": 2 } ] } },{ "clegId": "8:-a-c,c,b","det": 1.0,"gen": [ "x,y,z","x,y,-z","x+1/2,y+1/2,z+1/2" ],"gp": [ "x,y,z","x,y,-z","x+1/2,y+1/2,z+1/2","x+1/2,y+1/2,-z+1/2" ],"hall": "I -2","hm": "I 1 1 m","id": "I_1_1_m","jmolId": "8:c3","set": 6,"sg": 8,"trm": "-a-c,c,b","wpos": { "cent": [ "1/2,1/2,1/2" ],"pos": [ { "desc": "1","geom": "general","label": "b","mult": 4 },{ "coord": [ "-x,-x+z,0" ],"desc": "m","geom": "plane","label": "a","mult": 2 } ] } },{ "clegId": "8:b,c,a","det": 1.0,"gen": [ "x,y,z","-x,y,z","x+1/2,y,z+1/2" ],"gp": [ "x,y,z","-x,y,z","x+1/2,y,z+1/2","-x+1/2,y,z+1/2" ],"hall": "B -2x","hm": "B m 1 1","id": "B_m_1_1","jmolId": "8:a1","set": 7,"sg": 8,"trm": "b,c,a","wpos": { "cent": [ "1/2,0,1/2" ],"pos": [ { "desc": "1","geom": "general","label": "b","mult": 4 },{ "coord": [ "0,z,x" ],"desc": "m","geom": "plane","label": "a","mult": 2 } ] } },{ "clegId": "8:b,a,-a-c","det": 1.0,"gen": [ "x,y,z","-x,y,z","x+1/2,y+1/2,z" ],"gp": [ "x,y,z","-x,y,z","x+1/2,y+1/2,z","-x+1/2,y+1/2,z" ],"hall": "C -2x","hm": "C m 1 1","id": "C_m_1_1","jmolId": "8:a2","set": 8,"sg": 8,"trm": "b,a,-a-c","wpos": { "cent": [ "1/2,1/2,0" ],"pos": [ { "desc": "1","geom": "general","label": "b","mult": 4 },{ "coord": [ "0,x-z,-z" ],"desc": "m","geom": "plane","label": "a","mult": 2 } ] } },{ "clegId": "8:b,-a-c,c","det": 1.0,"gen": [ "x,y,z","-x,y,z","x+1/2,y+1/2,z+1/2" ],"gp": [ "x,y,z","-x,y,z","x+1/2,y+1/2,z+1/2","-x+1/2,y+1/2,z+1/2" ],"hall": "I -2x","hm": "I m 1 1","id": "I_m_1_1","jmolId": "8:a3","set": 9,"sg": 8,"trm": "b,-a-c,c","wpos": { "cent": [ "1/2,1/2,1/2" ],"pos": [ { "desc": "1","geom": "general","label": "b","mult": 4 },{ "coord": [ "0,-x,-x+z" ],"desc": "m","geom": "plane","label": "a","mult": 2 } ] } },{ "clegId": "8:c,-b,a","det": 1.0,"hm": "A 1 m 1 :1'","id": "A_1_m_1_1'","more": true,"set": 10,"sg": 8,"trm": "c,-b,a" },{ "clegId": "8:a,-b,-a-c","det": 1.0,"hm": "C 1 m 1 :2'","id": "C_1_m_1_2'","more": true,"set": 11,"sg": 8,"trm": "a,-b,-a-c" },{ "clegId": "8:-a-c,-b,c","det": 1.0,"hm": "I 1 m 1 :3'","id": "I_1_m_1_3'","more": true,"set": 12,"sg": 8,"trm": "-a-c,-b,c" },{ "clegId": "8:a,c,-b","det": 1.0,"hm": "B 1 1 m :1'","id": "B_1_1_m_1'","more": true,"set": 13,"sg": 8,"trm": "a,c,-b" },{ "clegId": "8:-a-c,a,-b","det": 1.0,"hm": "A 1 1 m :2'","id": "A_1_1_m_2'","more": true,"set": 14,"sg": 8,"trm": "-a-c,a,-b" },{ "clegId": "8:c,-a-c,-b","det": 1.0,"hm": "I 1 1 m :3'","id": "I_1_1_m_3'","more": true,"set": 15,"sg": 8,"trm": "c,-a-c,-b" },{ "clegId": "8:-b,a,c","det": 1.0,"hm": "C m 1 1 :1'","id": "C_m_1_1_1'","more": true,"set": 16,"sg": 8,"trm": "-b,a,c" },{ "clegId": "8:-b,-a-c,a","det": 1.0,"hm": "B m 1 1 :2'","id": "B_m_1_1_2'","more": true,"set": 17,"sg": 8,"trm": "-b,-a-c,a" },{ "clegId": "8:-b,c,-a-c","det": 1.0,"hm": "I m 1 1 :3'","id": "I_m_1_1_3'","more": true,"set": 18,"sg": 8,"trm": "-b,c,-a-c" } ],"n": 18,"sg": 8 }