{ "its": [ { "clegId": "60:a,b,c","det": 1.0,"gen": [ "x,y,z","-x+1/2,-y+1/2,z+1/2","-x,y,-z+1/2","-x,-y,-z" ],"gp": [ "x,y,z","-x+1/2,-y+1/2,z+1/2","-x,y,-z+1/2","x+1/2,-y+1/2,-z","-x,-y,-z","x+1/2,y+1/2,-z+1/2","x,-y,z+1/2","-x+1/2,y+1/2,z" ],"hall": "-P 2n 2ab","hm": "P b c n","id": "P_b_c_n","jmolId": "60","set": 1,"sg": 60,"trm": "a,b,c","wpos": { "pos": [ { "desc": "1","geom": "general","label": "d","mult": 8 },{ "coord": [ "0,y,1/4","1/2,-y+1/2,3/4","0,-y,3/4","1/2,y+1/2,1/4" ],"desc": ".2.","geom": "line","label": "c","mult": 4 },{ "coord": [ "0,1/2,0","1/2,0,1/2","0,1/2,1/2","1/2,0,0" ],"desc": "-1","geom": "point","label": "b","mult": 4 },{ "coord": [ "0,0,0","1/2,1/2,1/2","0,0,1/2","1/2,1/2,0" ],"desc": "-1","geom": "point","label": "a","mult": 4 } ] } },{ "clegId": "60:b,a,-c","det": 1.0,"gen": [ "x,y,z","-x+1/2,-y+1/2,z+1/2","x,-y,-z+1/2","-x,-y,-z" ],"gp": [ "x,y,z","-x+1/2,-y+1/2,z+1/2","x,-y,-z+1/2","-x+1/2,y+1/2,-z","-x,-y,-z","x+1/2,y+1/2,-z+1/2","-x,y,z+1/2","x+1/2,-y+1/2,z" ],"hall": "-P 2n 2c","hm": "P c a n","id": "P_c_a_n","jmolId": "60:ba-c","set": 2,"sg": 60,"trm": "b,a,-c","wpos": { "pos": [ { "desc": "1","geom": "general","label": "d","mult": 8 },{ "coord": [ "y,0,3/4","-y+1/2,1/2,1/4","-y,0,1/4","y+1/2,1/2,3/4" ],"desc": ".2.","geom": "line","label": "c","mult": 4 },{ "coord": [ "1/2,0,0","0,1/2,1/2","1/2,0,1/2","0,1/2,0" ],"desc": "-1","geom": "point","label": "b","mult": 4 },{ "coord": [ "0,0,0","1/2,1/2,1/2","0,0,1/2","1/2,1/2,0" ],"desc": "-1","geom": "point","label": "a","mult": 4 } ] } },{ "clegId": "60:c,a,b","det": 1.0,"gen": [ "x,y,z","x+1/2,-y+1/2,-z+1/2","-x+1/2,-y,z","-x,-y,-z" ],"gp": [ "x,y,z","x+1/2,-y+1/2,-z+1/2","-x+1/2,-y,z","-x,y+1/2,-z+1/2","-x,-y,-z","-x+1/2,y+1/2,z+1/2","x+1/2,y,-z","x,-y+1/2,z+1/2" ],"hall": "-P 2a 2n","hm": "P n c a","id": "P_n_c_a","jmolId": "60:cab","set": 3,"sg": 60,"trm": "c,a,b","wpos": { "pos": [ { "desc": "1","geom": "general","label": "d","mult": 8 },{ "coord": [ "1/4,0,y","3/4,1/2,-y+1/2","3/4,0,-y","1/4,1/2,y+1/2" ],"desc": ".2.","geom": "line","label": "c","mult": 4 },{ "coord": [ "0,0,1/2","1/2,1/2,0","1/2,0,1/2","0,1/2,0" ],"desc": "-1","geom": "point","label": "b","mult": 4 },{ "coord": [ "0,0,0","1/2,1/2,1/2","1/2,0,0","0,1/2,1/2" ],"desc": "-1","geom": "point","label": "a","mult": 4 } ] } },{ "clegId": "60:-c,b,a","det": 1.0,"gen": [ "x,y,z","x+1/2,-y+1/2,-z+1/2","-x+1/2,y,-z","-x,-y,-z" ],"gp": [ "x,y,z","x+1/2,-y+1/2,-z+1/2","-x+1/2,y,-z","-x,-y+1/2,z+1/2","-x,-y,-z","-x+1/2,y+1/2,z+1/2","x+1/2,-y,z","x,y+1/2,-z+1/2" ],"hall": "-P 2bc 2n","hm": "P n a b","id": "P_n_a_b","jmolId": "60:-cba","set": 4,"sg": 60,"trm": "-c,b,a","wpos": { "pos": [ { "desc": "1","geom": "general","label": "d","mult": 8 },{ "coord": [ "3/4,y,0","1/4,-y+1/2,1/2","1/4,-y,0","3/4,y+1/2,1/2" ],"desc": ".2.","geom": "line","label": "c","mult": 4 },{ "coord": [ "0,1/2,0","1/2,0,1/2","1/2,1/2,0","0,0,1/2" ],"desc": "-1","geom": "point","label": "b","mult": 4 },{ "coord": [ "0,0,0","1/2,1/2,1/2","1/2,0,0","0,1/2,1/2" ],"desc": "-1","geom": "point","label": "a","mult": 4 } ] } },{ "clegId": "60:b,c,a","det": 1.0,"gen": [ "x,y,z","-x+1/2,y+1/2,-z+1/2","x,-y+1/2,-z","-x,-y,-z" ],"gp": [ "x,y,z","-x+1/2,y+1/2,-z+1/2","x,-y+1/2,-z","-x+1/2,-y,z+1/2","-x,-y,-z","x+1/2,-y+1/2,z+1/2","-x,y+1/2,z","x+1/2,y,-z+1/2" ],"hall": "-P 2ac 2b","hm": "P b n a","id": "P_b_n_a","jmolId": "60:bca","set": 5,"sg": 60,"trm": "b,c,a","wpos": { "pos": [ { "desc": "1","geom": "general","label": "d","mult": 8 },{ "coord": [ "y,1/4,0","-y+1/2,3/4,1/2","-y,3/4,0","y+1/2,1/4,1/2" ],"desc": ".2.","geom": "line","label": "c","mult": 4 },{ "coord": [ "1/2,0,0","0,1/2,1/2","1/2,1/2,0","0,0,1/2" ],"desc": "-1","geom": "point","label": "b","mult": 4 },{ "coord": [ "0,0,0","1/2,1/2,1/2","0,1/2,0","1/2,0,1/2" ],"desc": "-1","geom": "point","label": "a","mult": 4 } ] } },{ "clegId": "60:a,-c,b","det": 1.0,"gen": [ "x,y,z","-x+1/2,y+1/2,-z+1/2","-x,-y+1/2,z","-x,-y,-z" ],"gp": [ "x,y,z","-x+1/2,y+1/2,-z+1/2","-x,-y+1/2,z","x+1/2,-y,-z+1/2","-x,-y,-z","x+1/2,-y+1/2,z+1/2","x,y+1/2,-z","-x+1/2,y,z+1/2" ],"hall": "-P 2b 2ac","hm": "P c n b","id": "P_c_n_b","jmolId": "60:a-cb","set": 6,"sg": 60,"trm": "a,-c,b","wpos": { "pos": [ { "desc": "1","geom": "general","label": "d","mult": 8 },{ "coord": [ "0,3/4,y","1/2,1/4,-y+1/2","0,1/4,-y","1/2,3/4,y+1/2" ],"desc": ".2.","geom": "line","label": "c","mult": 4 },{ "coord": [ "0,0,1/2","1/2,1/2,0","0,1/2,1/2","1/2,0,0" ],"desc": "-1","geom": "point","label": "b","mult": 4 },{ "coord": [ "0,0,0","1/2,1/2,1/2","0,1/2,0","1/2,0,1/2" ],"desc": "-1","geom": "point","label": "a","mult": 4 } ] } } ],"n": 6,"sg": 60 }