{ "its": [ { "clegId": "43:a,b,c","det": 1.0,"gen": [ "x,y,z","-x,-y,z","x+1/4,-y+1/4,z+1/4","x,y+1/2,z+1/2","x+1/2,y,z+1/2" ],"gp": [ "x,y,z","-x,-y,z","x+1/4,-y+1/4,z+1/4","-x+1/4,y+1/4,z+1/4","x,y+1/2,z+1/2","-x,-y+1/2,z+1/2","x+1/4,-y+3/4,z+3/4","-x+1/4,y+3/4,z+3/4","x+1/2,y,z+1/2","-x+1/2,-y,z+1/2","x+3/4,-y+1/4,z+3/4","-x+3/4,y+1/4,z+3/4","x+1/2,y+1/2,z","-x+1/2,-y+1/2,z","x+3/4,-y+3/4,z+1/4","-x+3/4,y+3/4,z+1/4" ],"hall": "F 2 -2d","hm": "F d d 2","id": "F_d_d_2","jmolId": "43","set": 1,"sg": 43,"trm": "a,b,c","wpos": { "cent": [ "1/2,0,1/2","0,1/2,1/2","1/2,1/2,0" ],"pos": [ { "desc": "1","geom": "general","label": "b","mult": 16 },{ "coord": [ "0,0,z","1/4,1/4,z+1/4" ],"desc": "..2","geom": "line","label": "a","mult": 8 } ] } },{ "clegId": "43:c,a,b","det": 1.0,"gen": [ "x,y,z","x,-y,-z","x+1/4,y+1/4,-z+1/4","x+1/2,y,z+1/2","x+1/2,y+1/2,z" ],"gp": [ "x,y,z","x,-y,-z","x+1/4,y+1/4,-z+1/4","x+1/4,-y+1/4,z+1/4","x+1/2,y,z+1/2","x+1/2,-y,-z+1/2","x+3/4,y+1/4,-z+3/4","x+3/4,-y+1/4,z+3/4","x+1/2,y+1/2,z","x+1/2,-y+1/2,-z","x+3/4,y+3/4,-z+1/4","x+3/4,-y+3/4,z+1/4","x,y+1/2,z+1/2","x,-y+1/2,-z+1/2","x+1/4,y+3/4,-z+3/4","x+1/4,-y+3/4,z+3/4" ],"hall": "F -2d 2","hm": "F 2 d d","id": "F_2_d_d","jmolId": "43:cab","set": 2,"sg": 43,"trm": "c,a,b","wpos": { "cent": [ "1/2,1/2,0","1/2,0,1/2","0,1/2,1/2" ],"pos": [ { "desc": "1","geom": "general","label": "b","mult": 16 },{ "coord": [ "z,0,0","z+1/4,1/4,1/4" ],"desc": "..2","geom": "line","label": "a","mult": 8 } ] } },{ "clegId": "43:b,c,a","det": 1.0,"gen": [ "x,y,z","-x,y,-z","-x+1/4,y+1/4,z+1/4","x+1/2,y+1/2,z","x,y+1/2,z+1/2" ],"gp": [ "x,y,z","-x,y,-z","-x+1/4,y+1/4,z+1/4","x+1/4,y+1/4,-z+1/4","x+1/2,y+1/2,z","-x+1/2,y+1/2,-z","-x+3/4,y+3/4,z+1/4","x+3/4,y+3/4,-z+1/4","x,y+1/2,z+1/2","-x,y+1/2,-z+1/2","-x+1/4,y+3/4,z+3/4","x+1/4,y+3/4,-z+3/4","x+1/2,y,z+1/2","-x+1/2,y,-z+1/2","-x+3/4,y+1/4,z+3/4","x+3/4,y+1/4,-z+3/4" ],"hall": "F -2d -2d","hm": "F d 2 d","id": "F_d_2_d","jmolId": "43:bca","set": 3,"sg": 43,"trm": "b,c,a","wpos": { "cent": [ "0,1/2,1/2","1/2,1/2,0","1/2,0,1/2" ],"pos": [ { "desc": "1","geom": "general","label": "b","mult": 16 },{ "coord": [ "0,z,0","1/4,z+1/4,1/4" ],"desc": "..2","geom": "line","label": "a","mult": 8 } ] } } ],"n": 3,"sg": 43 }