{ "its": [ { "clegId": "5:a,b,c","det": 1.0,"gen": [ "x,y,z","-x,y,-z","x+1/2,y+1/2,z" ],"gp": [ "x,y,z","-x,y,-z","x+1/2,y+1/2,z","-x+1/2,y+1/2,-z" ],"hall": "C 2y","hm": "C 1 2 1","id": "C_1_2_1","jmolId": "5:b1","set": 1,"sg": 5,"trm": "a,b,c","wpos": { "cent": [ "1/2,1/2,0" ],"pos": [ { "desc": "1","geom": "general","label": "c","mult": 4 },{ "coord": [ "0,y,1/2" ],"desc": "2","geom": "line","label": "b","mult": 2 },{ "coord": [ "0,y,0" ],"desc": "2","geom": "line","label": "a","mult": 2 } ] } },{ "clegId": "5:-a-c,b,a","det": 1.0,"gen": [ "x,y,z","-x,y,-z","x,y+1/2,z+1/2" ],"gp": [ "x,y,z","-x,y,-z","x,y+1/2,z+1/2","-x,y+1/2,-z+1/2" ],"hall": "A 2y","hm": "A 1 2 1","id": "A_1_2_1","jmolId": "5:b2","set": 2,"sg": 5,"trm": "-a-c,b,a","wpos": { "cent": [ "0,1/2,1/2" ],"pos": [ { "desc": "1","geom": "general","label": "c","mult": 4 },{ "coord": [ "1/2,y,1/2" ],"desc": "2","geom": "line","label": "b","mult": 2 },{ "coord": [ "0,y,0" ],"desc": "2","geom": "line","label": "a","mult": 2 } ] } },{ "clegId": "5:c,b,-a-c","det": 1.0,"gen": [ "x,y,z","-x,y,-z","x+1/2,y+1/2,z+1/2" ],"gp": [ "x,y,z","-x,y,-z","x+1/2,y+1/2,z+1/2","-x+1/2,y+1/2,-z+1/2" ],"hall": "I 2y","hm": "I 1 2 1","id": "I_1_2_1","jmolId": "5:b3","set": 3,"sg": 5,"trm": "c,b,-a-c","wpos": { "cent": [ "1/2,1/2,1/2" ],"pos": [ { "desc": "1","geom": "general","label": "c","mult": 4 },{ "coord": [ "1/2,y,0" ],"desc": "2","geom": "line","label": "b","mult": 2 },{ "coord": [ "0,y,0" ],"desc": "2","geom": "line","label": "a","mult": 2 } ] } },{ "clegId": "5:c,a,b","det": 1.0,"gen": [ "x,y,z","-x,-y,z","x,y+1/2,z+1/2" ],"gp": [ "x,y,z","-x,-y,z","x,y+1/2,z+1/2","-x,-y+1/2,z+1/2" ],"hall": "A 2","hm": "A 1 1 2","id": "A_1_1_2","jmolId": "5:c1","set": 4,"sg": 5,"trm": "c,a,b","wpos": { "cent": [ "0,1/2,1/2" ],"pos": [ { "desc": "1","geom": "general","label": "c","mult": 4 },{ "coord": [ "1/2,0,y" ],"desc": "2","geom": "line","label": "b","mult": 2 },{ "coord": [ "0,0,y" ],"desc": "2","geom": "line","label": "a","mult": 2 } ] } },{ "clegId": "5:a,-a-c,b","det": 1.0,"gen": [ "x,y,z","-x,-y,z","x+1/2,y,z+1/2" ],"gp": [ "x,y,z","-x,-y,z","x+1/2,y,z+1/2","-x+1/2,-y,z+1/2" ],"hall": "B 2","hm": "B 1 1 2","id": "B_1_1_2","jmolId": "5:c2","set": 5,"sg": 5,"trm": "a,-a-c,b","wpos": { "cent": [ "1/2,0,1/2" ],"pos": [ { "desc": "1","geom": "general","label": "c","mult": 4 },{ "coord": [ "1/2,1/2,y" ],"desc": "2","geom": "line","label": "b","mult": 2 },{ "coord": [ "0,0,y" ],"desc": "2","geom": "line","label": "a","mult": 2 } ] } },{ "clegId": "5:-a-c,c,b","det": 1.0,"gen": [ "x,y,z","-x,-y,z","x+1/2,y+1/2,z+1/2" ],"gp": [ "x,y,z","-x,-y,z","x+1/2,y+1/2,z+1/2","-x+1/2,-y+1/2,z+1/2" ],"hall": "I 2","hm": "I 1 1 2","id": "I_1_1_2","jmolId": "5:c3","set": 6,"sg": 5,"trm": "-a-c,c,b","wpos": { "cent": [ "1/2,1/2,1/2" ],"pos": [ { "desc": "1","geom": "general","label": "c","mult": 4 },{ "coord": [ "0,1/2,y" ],"desc": "2","geom": "line","label": "b","mult": 2 },{ "coord": [ "0,0,y" ],"desc": "2","geom": "line","label": "a","mult": 2 } ] } },{ "clegId": "5:b,c,a","det": 1.0,"gen": [ "x,y,z","x,-y,-z","x+1/2,y,z+1/2" ],"gp": [ "x,y,z","x,-y,-z","x+1/2,y,z+1/2","x+1/2,-y,-z+1/2" ],"hall": "B 2x","hm": "B 2 1 1","id": "B_2_1_1","jmolId": "5:a1","set": 7,"sg": 5,"trm": "b,c,a","wpos": { "cent": [ "1/2,0,1/2" ],"pos": [ { "desc": "1","geom": "general","label": "c","mult": 4 },{ "coord": [ "y,1/2,0" ],"desc": "2","geom": "line","label": "b","mult": 2 },{ "coord": [ "y,0,0" ],"desc": "2","geom": "line","label": "a","mult": 2 } ] } },{ "clegId": "5:b,a,-a-c","det": 1.0,"gen": [ "x,y,z","x,-y,-z","x+1/2,y+1/2,z" ],"gp": [ "x,y,z","x,-y,-z","x+1/2,y+1/2,z","x+1/2,-y+1/2,-z" ],"hall": "C 2x","hm": "C 2 1 1","id": "C_2_1_1","jmolId": "5:a2","set": 8,"sg": 5,"trm": "b,a,-a-c","wpos": { "cent": [ "1/2,1/2,0" ],"pos": [ { "desc": "1","geom": "general","label": "c","mult": 4 },{ "coord": [ "y,1/2,1/2" ],"desc": "2","geom": "line","label": "b","mult": 2 },{ "coord": [ "y,0,0" ],"desc": "2","geom": "line","label": "a","mult": 2 } ] } },{ "clegId": "5:b,-a-c,c","det": 1.0,"gen": [ "x,y,z","x,-y,-z","x+1/2,y+1/2,z+1/2" ],"gp": [ "x,y,z","x,-y,-z","x+1/2,y+1/2,z+1/2","x+1/2,-y+1/2,-z+1/2" ],"hall": "I 2x","hm": "I 2 1 1","id": "I_2_1_1","jmolId": "5:a3","set": 9,"sg": 5,"trm": "b,-a-c,c","wpos": { "cent": [ "1/2,1/2,1/2" ],"pos": [ { "desc": "1","geom": "general","label": "c","mult": 4 },{ "coord": [ "y,0,1/2" ],"desc": "2","geom": "line","label": "b","mult": 2 },{ "coord": [ "y,0,0" ],"desc": "2","geom": "line","label": "a","mult": 2 } ] } },{ "clegId": "5:c,-b,a","det": 1.0,"hm": "A 1 2 1 :1'","id": "A_1_2_1_1'","more": true,"set": 10,"sg": 5,"trm": "c,-b,a" },{ "clegId": "5:a,-b,-a-c","det": 1.0,"hm": "C 1 2 1 :2'","id": "C_1_2_1_2'","more": true,"set": 11,"sg": 5,"trm": "a,-b,-a-c" },{ "clegId": "5:-a-c,-b,c","det": 1.0,"hm": "I 1 2 1 :3'","id": "I_1_2_1_3'","more": true,"set": 12,"sg": 5,"trm": "-a-c,-b,c" },{ "clegId": "5:a,c,-b","det": 1.0,"hm": "B 1 1 2 :1'","id": "B_1_1_2_1'","more": true,"set": 13,"sg": 5,"trm": "a,c,-b" },{ "clegId": "5:-a-c,a,-b","det": 1.0,"hm": "A 1 1 2 :2'","id": "A_1_1_2_2'","more": true,"set": 14,"sg": 5,"trm": "-a-c,a,-b" },{ "clegId": "5:c,-a-c,-b","det": 1.0,"hm": "I 1 1 2 :3'","id": "I_1_1_2_3'","more": true,"set": 15,"sg": 5,"trm": "c,-a-c,-b" },{ "clegId": "5:-b,a,c","det": 1.0,"hm": "C 2 1 1 :1'","id": "C_2_1_1_1'","more": true,"set": 16,"sg": 5,"trm": "-b,a,c" },{ "clegId": "5:-b,-a-c,a","det": 1.0,"hm": "B 2 1 1 :2'","id": "B_2_1_1_2'","more": true,"set": 17,"sg": 5,"trm": "-b,-a-c,a" },{ "clegId": "5:-b,c,-a-c","det": 1.0,"hm": "I 2 1 1 :3'","id": "I_2_1_1_3'","more": true,"set": 18,"sg": 5,"trm": "-b,c,-a-c" } ],"n": 18,"sg": 5 }