{ "its": [ { "clegId": "88:a,b,c","det": 1.0,"gen": [ "x,y,z","-x+1/2,-y,z+1/2","-y+3/4,x+1/4,z+1/4","-x,-y,-z","x+1/2,y+1/2,z+1/2" ],"gp": [ "x,y,z","-x+1/2,-y,z+1/2","-y+3/4,x+1/4,z+1/4","y+3/4,-x+3/4,z+3/4","-x,-y,-z","x+1/2,y,-z+1/2","y+1/4,-x+3/4,-z+3/4","-y+1/4,x+1/4,-z+1/4","x+1/2,y+1/2,z+1/2","-x,-y+1/2,z","-y+1/4,x+3/4,z+3/4","y+1/4,-x+1/4,z+1/4","-x+1/2,-y+1/2,-z+1/2","x,y+1/2,-z","y+3/4,-x+1/4,-z+1/4","-y+3/4,x+3/4,-z+3/4" ],"hall": "-I 4ad","hm": "I 41/a :2","id": "I_41/a_2","jmolId": "88:2","set": 1,"sg": 88,"trm": "a,b,c","wpos": { "cent": [ "1/2,1/2,1/2" ],"pos": [ { "desc": "1","geom": "general","label": "f","mult": 16 },{ "coord": [ "0,1/4,z","1/2,1/4,z+1/4","0,3/4,-z","1/2,3/4,-z+3/4" ],"desc": "2..","geom": "line","label": "e","mult": 8 },{ "coord": [ "0,0,1/2","1/2,0,0","3/4,1/4,3/4","3/4,3/4,1/4" ],"desc": "-1","geom": "point","label": "d","mult": 8 },{ "coord": [ "0,0,0","1/2,0,1/2","3/4,1/4,1/4","3/4,3/4,3/4" ],"desc": "-1","geom": "point","label": "c","mult": 8 },{ "coord": [ "0,1/4,5/8","1/2,1/4,7/8" ],"desc": "-4..","geom": "point","label": "b","mult": 4 },{ "coord": [ "0,1/4,1/8","1/2,1/4,3/8" ],"desc": "-4..","geom": "point","label": "a","mult": 4 } ] } },{ "clegId": "88:a-b,a+b,c","det": 2.0,"gen": [ "x,y,z","-x+1/4,-y+1/4,z+1/2","-y+1/4,x+1/2,z+1/4","-x,-y,-z","x,y+1/2,z+1/2","x+1/2,y+1/2,z","-x+3/4,-y+3/4,z+1/2","-y+3/4,x,z+1/4","-x+1/2,-y+1/2,-z","x+1/2,y,z+1/2" ],"gp": [ "x,y,z","-x+1/4,-y+1/4,z+1/2","-y+1/4,x+1/2,z+1/4","y,-x+3/4,z+3/4","-x,-y,-z","x+1/4,y+1/4,-z+1/2","y+3/4,-x+1/2,-z+3/4","-y,x+1/4,-z+1/4","x,y+1/2,z+1/2","-x+3/4,-y+1/4,z","-y+3/4,x+1/2,z+3/4","y,-x+1/4,z+1/4","-x,-y+1/2,-z+1/2","x+3/4,y+1/4,-z","y+1/4,-x+1/2,-z+1/4","-y,x+3/4,-z+3/4","x+1/2,y+1/2,z","-x+3/4,-y+3/4,z+1/2","-y+3/4,x,z+1/4","y+1/2,-x+5/4,z+3/4","-x+1/2,-y+1/2,-z","x+3/4,y+3/4,-z+1/2","y+1/4,-x,-z+3/4","-y+1/2,x+3/4,-z+1/4","x+1/2,y,z+1/2","-x+1/4,-y+3/4,z","-y+1/4,x,z+3/4","y+1/2,-x+3/4,z+1/4","-x+1/2,-y,-z+1/2","x+1/4,y+3/4,-z","y+3/4,-x,-z+1/4","-y+1/2,x+5/4,-z+3/4" ],"hall": "F?","hm": "F 41/d :2","id": "F_41/d_2","jmolId": "88:f2","set": 2,"sg": 88,"trm": "a-b,a+b,c","wpos": { "cent": [ "0,1/2,1/2","1/2,0,1/2","1/2,1/2,0" ],"pos": [ { "desc": "1","geom": "general","label": "f","mult": 32 },{ "coord": [ "7/8,1/8,z","1/8,3/8,z+1/4","5/8,3/8,-z","7/8,5/8,-z+3/4" ],"desc": "2..","geom": "line","label": "e","mult": 16 },{ "coord": [ "0,0,1/2","1/4,1/4,0","1/4,1/2,3/4","0,3/4,1/4" ],"desc": "-1","geom": "point","label": "d","mult": 16 },{ "coord": [ "0,0,0","1/4,1/4,1/2","1/4,1/2,1/4","0,3/4,3/4" ],"desc": "-1","geom": "point","label": "c","mult": 16 },{ "coord": [ "7/8,1/8,5/8","1/8,3/8,7/8" ],"desc": "-4..","geom": "point","label": "b","mult": 8 },{ "coord": [ "7/8,1/8,1/8","1/8,3/8,3/8" ],"desc": "-4..","geom": "point","label": "a","mult": 8 } ] } },{ "clegId": "88:a,b,c;0,-1/4,-1/8","det": 1.0,"gen": [ "x,y,z","-x+1/2,-y+1/2,z+1/2","-y,x+1/2,z+1/4","-x,-y+1/2,-z+1/4","x+1/2,y+1/2,z+1/2" ],"gp": [ "x,y,z","-x+1/2,-y+1/2,z+1/2","-y,x+1/2,z+1/4","y+1/2,-x,z+3/4","-x,-y+1/2,-z+1/4","x+1/2,y,-z+3/4","y,-x,-z","-y+1/2,x+1/2,-z+1/2","x+1/2,y+1/2,z+1/2","-x,-y,z","-y+1/2,x,z+3/4","y,-x+1/2,z+1/4","-x+1/2,-y,-z+3/4","x,y+1/2,-z+1/4","y+1/2,-x+1/2,-z+1/2","-y,x,-z" ],"hall": "I 4bw -1bw","hm": "I 41/a :1","id": "I_41/a_1","jmolId": "88:1","set": 3,"sg": 88,"trm": "a,b,c;0,-1/4,-1/8","wpos": { "cent": [ "1/2,1/2,1/2" ],"pos": [ { "desc": "1","geom": "general","label": "f","mult": 16 },{ "coord": [ "0,1/2,z+1/8","1/2,1/2,z+3/8","0,0,-z+1/8","1/2,0,-z+7/8" ],"desc": "2..","geom": "line","label": "e","mult": 8 },{ "coord": [ "0,1/4,5/8","1/2,1/4,1/8","3/4,1/2,7/8","3/4,0,3/8" ],"desc": "-1","geom": "point","label": "d","mult": 8 },{ "coord": [ "0,1/4,1/8","1/2,1/4,5/8","3/4,1/2,3/8","3/4,0,7/8" ],"desc": "-1","geom": "point","label": "c","mult": 8 },{ "coord": [ "0,1/2,3/4","1/2,1/2,0" ],"desc": "-4..","geom": "point","label": "b","mult": 4 },{ "coord": [ "0,1/2,1/4","1/2,1/2,1/2" ],"desc": "-4..","geom": "point","label": "a","mult": 4 } ] } },{ "clegId": "88:a-b,a+b,c;0,-1/4,-1/8","det": 2.0,"gen": [ "x,y,z","-x,-y+1/2,z+1/2","-y+1/4,x+3/4,z+1/4","-x+3/4,-y+1/4,-z+1/4","x,y+1/2,z+1/2","x+1/2,y+1/2,z","-x+1/2,-y,z+1/2","-y+3/4,x+5/4,z+1/4","-x+1/4,-y+3/4,-z+1/4","x+1/2,y,z+1/2" ],"gp": [ "x,y,z","-x,-y+1/2,z+1/2","-y+1/4,x+3/4,z+1/4","y+3/4,-x+3/4,z+3/4","-x+3/4,-y+1/4,-z+1/4","x+1/4,y+1/4,-z+3/4","y+1/2,-x+1/2,-z","-y,x+1/2,-z+1/2","x,y+1/2,z+1/2","-x+1/2,-y+1/2,z","-y+3/4,x+3/4,z+3/4","y+3/4,-x+1/4,z+1/4","-x+3/4,-y+3/4,-z+3/4","x+3/4,y+1/4,-z+1/4","y,-x+1/2,-z+1/2","-y,x,-z","x+1/2,y+1/2,z","-x+1/2,-y,z+1/2","-y+3/4,x+5/4,z+1/4","y+1/4,-x+5/4,z+3/4","-x+1/4,-y+3/4,-z+1/4","x+3/4,y+3/4,-z+3/4","y,-x,-z","-y+1/2,x,-z+1/2","x+1/2,y,z+1/2","-x,-y,z","-y+1/4,x+5/4,z+3/4","y+1/4,-x+3/4,z+1/4","-x+1/4,-y+5/4,-z+3/4","x+1/4,y+3/4,-z+1/4","y+1/2,-x,-z+1/2","-y+1/2,x+1/2,-z" ],"hall": "F?","hm": "F 41/d :1","id": "F_41/d_1","jmolId": "88:f1","set": 4,"sg": 88,"trm": "a-b,a+b,c;0,-1/4,-1/8","wpos": { "cent": [ "0,1/2,1/2","1/2,0,1/2","1/2,1/2,0" ],"pos": [ { "desc": "1","geom": "general","label": "f","mult": 32 },{ "coord": [ "3/4,1/4,z+1/8","0,1/2,z+3/8","1/2,1/2,-z+1/8","3/4,3/4,-z+7/8" ],"desc": "2..","geom": "line","label": "e","mult": 16 },{ "coord": [ "7/8,1/8,5/8","1/8,3/8,1/8","1/8,5/8,7/8","7/8,7/8,3/8" ],"desc": "-1","geom": "point","label": "d","mult": 16 },{ "coord": [ "7/8,1/8,1/8","1/8,3/8,5/8","1/8,5/8,3/8","7/8,7/8,7/8" ],"desc": "-1","geom": "point","label": "c","mult": 16 },{ "coord": [ "3/4,1/4,3/4","0,1/2,0" ],"desc": "-4..","geom": "point","label": "b","mult": 8 },{ "coord": [ "3/4,1/4,1/4","0,1/2,1/2" ],"desc": "-4..","geom": "point","label": "a","mult": 8 } ] } },{ "clegId": "88:a+b,-a+b,c","det": 2.0,"hm": "F 41/d :2'","id": "F_41/d_2'","more": true,"set": 5,"sg": 88,"trm": "a+b,-a+b,c" },{ "clegId": "88:a+b,-a+b,c;0,-1/4,-1/8","det": 2.0,"hm": "F 41/d :1'","id": "F_41/d_1'","more": true,"set": 6,"sg": 88,"trm": "a+b,-a+b,c;0,-1/4,-1/8" } ],"n": 6,"sg": 88 }