{ "its": [ { "clegId": "58:a,b,c","det": 1.0,"gen": [ "x,y,z","-x,-y,z","-x+1/2,y+1/2,-z+1/2","-x,-y,-z" ],"gp": [ "x,y,z","-x,-y,z","-x+1/2,y+1/2,-z+1/2","x+1/2,-y+1/2,-z+1/2","-x,-y,-z","x,y,-z","x+1/2,-y+1/2,z+1/2","-x+1/2,y+1/2,z+1/2" ],"hall": "-P 2 2n","hm": "P n n m","id": "P_n_n_m","jmolId": "58","set": 1,"sg": 58,"trm": "a,b,c","wpos": { "pos": [ { "desc": "1","geom": "general","label": "h","mult": 8 },{ "coord": [ "x,y,0","-x,-y,0","-x+1/2,y+1/2,1/2","x+1/2,-y+1/2,1/2" ],"desc": "..m","geom": "plane","label": "g","mult": 4 },{ "coord": [ "0,1/2,z","1/2,0,-z+1/2","0,1/2,-z","1/2,0,z+1/2" ],"desc": "..2","geom": "line","label": "f","mult": 4 },{ "coord": [ "0,0,z","1/2,1/2,-z+1/2","0,0,-z","1/2,1/2,z+1/2" ],"desc": "..2","geom": "line","label": "e","mult": 4 },{ "coord": [ "0,1/2,1/2","1/2,0,0" ],"desc": "..2/m","geom": "point","label": "d","mult": 2 },{ "coord": [ "0,1/2,0","1/2,0,1/2" ],"desc": "..2/m","geom": "point","label": "c","mult": 2 },{ "coord": [ "0,0,1/2","1/2,1/2,0" ],"desc": "..2/m","geom": "point","label": "b","mult": 2 },{ "coord": [ "0,0,0","1/2,1/2,1/2" ],"desc": "..2/m","geom": "point","label": "a","mult": 2 } ] } },{ "clegId": "58:c,a,b","det": 1.0,"gen": [ "x,y,z","x,-y,-z","-x+1/2,-y+1/2,z+1/2","-x,-y,-z" ],"gp": [ "x,y,z","x,-y,-z","-x+1/2,-y+1/2,z+1/2","-x+1/2,y+1/2,-z+1/2","-x,-y,-z","-x,y,z","x+1/2,y+1/2,-z+1/2","x+1/2,-y+1/2,z+1/2" ],"hall": "-P 2n 2","hm": "P m n n","id": "P_m_n_n","jmolId": "58:cab","set": 2,"sg": 58,"trm": "c,a,b","wpos": { "pos": [ { "desc": "1","geom": "general","label": "h","mult": 8 },{ "coord": [ "0,x,y","0,-x,-y","1/2,-x+1/2,y+1/2","1/2,x+1/2,-y+1/2" ],"desc": "..m","geom": "plane","label": "g","mult": 4 },{ "coord": [ "z,0,1/2","-z+1/2,1/2,0","-z,0,1/2","z+1/2,1/2,0" ],"desc": "..2","geom": "line","label": "f","mult": 4 },{ "coord": [ "z,0,0","-z+1/2,1/2,1/2","-z,0,0","z+1/2,1/2,1/2" ],"desc": "..2","geom": "line","label": "e","mult": 4 },{ "coord": [ "1/2,0,1/2","0,1/2,0" ],"desc": "..2/m","geom": "point","label": "d","mult": 2 },{ "coord": [ "0,0,1/2","1/2,1/2,0" ],"desc": "..2/m","geom": "point","label": "c","mult": 2 },{ "coord": [ "1/2,0,0","0,1/2,1/2" ],"desc": "..2/m","geom": "point","label": "b","mult": 2 },{ "coord": [ "0,0,0","1/2,1/2,1/2" ],"desc": "..2/m","geom": "point","label": "a","mult": 2 } ] } },{ "clegId": "58:b,c,a","det": 1.0,"gen": [ "x,y,z","-x,y,-z","x+1/2,-y+1/2,-z+1/2","-x,-y,-z" ],"gp": [ "x,y,z","-x,y,-z","x+1/2,-y+1/2,-z+1/2","-x+1/2,-y+1/2,z+1/2","-x,-y,-z","x,-y,z","-x+1/2,y+1/2,z+1/2","x+1/2,y+1/2,-z+1/2" ],"hall": "-P 2n 2n","hm": "P n m n","id": "P_n_m_n","jmolId": "58:bca","set": 3,"sg": 58,"trm": "b,c,a","wpos": { "pos": [ { "desc": "1","geom": "general","label": "h","mult": 8 },{ "coord": [ "y,0,x","-y,0,-x","y+1/2,1/2,-x+1/2","-y+1/2,1/2,x+1/2" ],"desc": "..m","geom": "plane","label": "g","mult": 4 },{ "coord": [ "1/2,z,0","0,-z+1/2,1/2","1/2,-z,0","0,z+1/2,1/2" ],"desc": "..2","geom": "line","label": "f","mult": 4 },{ "coord": [ "0,z,0","1/2,-z+1/2,1/2","0,-z,0","1/2,z+1/2,1/2" ],"desc": "..2","geom": "line","label": "e","mult": 4 },{ "coord": [ "1/2,1/2,0","0,0,1/2" ],"desc": "..2/m","geom": "point","label": "d","mult": 2 },{ "coord": [ "1/2,0,0","0,1/2,1/2" ],"desc": "..2/m","geom": "point","label": "c","mult": 2 },{ "coord": [ "0,1/2,0","1/2,0,1/2" ],"desc": "..2/m","geom": "point","label": "b","mult": 2 },{ "coord": [ "0,0,0","1/2,1/2,1/2" ],"desc": "..2/m","geom": "point","label": "a","mult": 2 } ] } } ],"n": 3,"sg": 58 }