{ "its": [ { "clegId": "73:a,b,c","det": 1.0,"gen": [ "x,y,z","-x+1/2,-y,z+1/2","-x,y+1/2,-z+1/2","-x,-y,-z","x+1/2,y+1/2,z+1/2" ],"gp": [ "x,y,z","-x+1/2,-y,z+1/2","-x,y+1/2,-z+1/2","x+1/2,-y+1/2,-z","-x,-y,-z","x+1/2,y,-z+1/2","x,-y+1/2,z+1/2","-x+1/2,y+1/2,z","x+1/2,y+1/2,z+1/2","-x,-y+1/2,z","-x+1/2,y,-z","x,-y,-z+1/2","-x+1/2,-y+1/2,-z+1/2","x,y+1/2,-z","x+1/2,-y,z","-x,y,z+1/2" ],"hall": "-I 2b 2c","hm": "I b c a","id": "I_b_c_a","jmolId": "73","set": 1,"sg": 73,"trm": "a,b,c","wpos": { "cent": [ "1/2,1/2,1/2" ],"pos": [ { "desc": "1","geom": "general","label": "f","mult": 16 },{ "coord": [ "0,1/4,z","0,3/4,-z+1/2","0,3/4,-z","0,1/4,z+1/2" ],"desc": "..2","geom": "line","label": "e","mult": 8 },{ "coord": [ "1/4,y,0","1/4,-y,1/2","3/4,-y,0","3/4,y,1/2" ],"desc": ".2.","geom": "line","label": "d","mult": 8 },{ "coord": [ "x,0,1/4","-x+1/2,0,3/4","-x,0,3/4","x+1/2,0,1/4" ],"desc": "2..","geom": "line","label": "c","mult": 8 },{ "coord": [ "1/4,1/4,1/4","1/4,3/4,3/4","3/4,3/4,1/4","3/4,1/4,3/4" ],"desc": "-1","geom": "point","label": "b","mult": 8 },{ "coord": [ "0,0,0","1/2,0,1/2","0,1/2,1/2","1/2,1/2,0" ],"desc": "-1","geom": "point","label": "a","mult": 8 } ] } },{ "clegId": "73:b,a,-c","det": 1.0,"gen": [ "x,y,z","-x,-y+1/2,z+1/2","x+1/2,-y,-z+1/2","-x,-y,-z","x+1/2,y+1/2,z+1/2" ],"gp": [ "x,y,z","-x,-y+1/2,z+1/2","x+1/2,-y,-z+1/2","-x+1/2,y+1/2,-z","-x,-y,-z","x,y+1/2,-z+1/2","-x+1/2,y,z+1/2","x+1/2,-y+1/2,z","x+1/2,y+1/2,z+1/2","-x+1/2,-y,z","x,-y+1/2,-z","-x,y,-z+1/2","-x+1/2,-y+1/2,-z+1/2","x+1/2,y,-z","-x,y+1/2,z","x,-y,z+1/2" ],"hall": "-I 2a 2b","hm": "I c a b","id": "I_c_a_b","jmolId": "73:ba-c","set": 2,"sg": 73,"trm": "b,a,-c","wpos": { "cent": [ "1/2,1/2,1/2" ],"pos": [ { "desc": "1","geom": "general","label": "f","mult": 16 },{ "coord": [ "1/4,0,-z","3/4,0,z+1/2","3/4,0,z","1/4,0,-z+1/2" ],"desc": "..2","geom": "line","label": "e","mult": 8 },{ "coord": [ "y,1/4,0","-y,1/4,1/2","-y,3/4,0","y,3/4,1/2" ],"desc": ".2.","geom": "line","label": "d","mult": 8 },{ "coord": [ "0,x,3/4","0,-x+1/2,1/4","0,-x,1/4","0,x+1/2,3/4" ],"desc": "2..","geom": "line","label": "c","mult": 8 },{ "coord": [ "1/4,1/4,3/4","3/4,1/4,1/4","3/4,3/4,3/4","1/4,3/4,1/4" ],"desc": "-1","geom": "point","label": "b","mult": 8 },{ "coord": [ "0,0,0","0,1/2,1/2","1/2,0,1/2","1/2,1/2,0" ],"desc": "-1","geom": "point","label": "a","mult": 8 } ] } } ],"n": 2,"sg": 73 }