{ "its": [ { "clegId": "87:a,b,c","det": 1.0,"gen": [ "x,y,z","-x,-y,z","-y,x,z","-x,-y,-z","x+1/2,y+1/2,z+1/2" ],"gp": [ "x,y,z","-x,-y,z","-y,x,z","y,-x,z","-x,-y,-z","x,y,-z","y,-x,-z","-y,x,-z","x+1/2,y+1/2,z+1/2","-x+1/2,-y+1/2,z+1/2","-y+1/2,x+1/2,z+1/2","y+1/2,-x+1/2,z+1/2","-x+1/2,-y+1/2,-z+1/2","x+1/2,y+1/2,-z+1/2","y+1/2,-x+1/2,-z+1/2","-y+1/2,x+1/2,-z+1/2" ],"hall": "-I 4","hm": "I 4/m","id": "I_4/m","jmolId": "87","set": 1,"sg": 87,"trm": "a,b,c","wpos": { "cent": [ "1/2,1/2,1/2" ],"pos": [ { "desc": "1","geom": "general","label": "i","mult": 16 },{ "coord": [ "x,y,0","-x,-y,0","-y,x,0","y,-x,0" ],"desc": "m..","geom": "plane","label": "h","mult": 8 },{ "coord": [ "0,1/2,z","1/2,0,z","0,1/2,-z","1/2,0,-z" ],"desc": "2..","geom": "line","label": "g","mult": 8 },{ "coord": [ "1/4,1/4,1/4","3/4,3/4,1/4","3/4,1/4,1/4","1/4,3/4,1/4" ],"desc": "-1","geom": "point","label": "f","mult": 8 },{ "coord": [ "0,0,z","0,0,-z" ],"desc": "4..","geom": "line","label": "e","mult": 4 },{ "coord": [ "0,1/2,1/4","1/2,0,1/4" ],"desc": "-4..","geom": "point","label": "d","mult": 4 },{ "coord": [ "0,1/2,0","1/2,0,0" ],"desc": "2/m..","geom": "point","label": "c","mult": 4 },{ "coord": [ "0,0,1/2" ],"desc": "4/m..","geom": "point","label": "b","mult": 2 },{ "coord": [ "0,0,0" ],"desc": "4/m..","geom": "point","label": "a","mult": 2 } ] } },{ "clegId": "87:a-b,a+b,c","det": 2.0,"gen": [ "x,y,z","-x,-y,z","-y,x,z","-x,-y,-z","x,y+1/2,z+1/2","x+1/2,y+1/2,z","-x+1/2,-y+1/2,z","-y+1/2,x+1/2,z","-x+1/2,-y+1/2,-z","x+1/2,y,z+1/2" ],"gp": [ "x,y,z","-x,-y,z","-y,x,z","y,-x,z","-x,-y,-z","x,y,-z","y,-x,-z","-y,x,-z","x,y+1/2,z+1/2","-x,-y+1/2,z+1/2","-y,x+1/2,z+1/2","y,-x+1/2,z+1/2","-x,-y+1/2,-z+1/2","x,y+1/2,-z+1/2","y,-x+1/2,-z+1/2","-y,x+1/2,-z+1/2","x+1/2,y+1/2,z","-x+1/2,-y+1/2,z","-y+1/2,x+1/2,z","y+1/2,-x+1/2,z","-x+1/2,-y+1/2,-z","x+1/2,y+1/2,-z","y+1/2,-x+1/2,-z","-y+1/2,x+1/2,-z","x+1/2,y,z+1/2","-x+1/2,-y,z+1/2","-y+1/2,x,z+1/2","y+1/2,-x,z+1/2","-x+1/2,-y,-z+1/2","x+1/2,y,-z+1/2","y+1/2,-x,-z+1/2","-y+1/2,x,-z+1/2" ],"hall": "F?","hm": "F 4/m","id": "F_4/m","jmolId": "87:f","set": 2,"sg": 87,"trm": "a-b,a+b,c","wpos": { "cent": [ "0,1/2,1/2","1/2,0,1/2","1/2,1/2,0" ],"pos": [ { "desc": "1","geom": "general","label": "i","mult": 32 },{ "coord": [ "1/2x-1/2y,1/2x+1/2y,0","-1/2x+1/2y,-1/2x-1/2y,0","-1/2x-1/2y,1/2x-1/2y,0","1/2x+1/2y,-1/2x+1/2y,0" ],"desc": "m..","geom": "plane","label": "h","mult": 16 },{ "coord": [ "3/4,1/4,z","1/4,1/4,z","3/4,1/4,-z","1/4,1/4,-z" ],"desc": "2..","geom": "line","label": "g","mult": 16 },{ "coord": [ "0,1/4,1/4","0,3/4,1/4","1/4,1/2,1/4","3/4,1/2,1/4" ],"desc": "-1","geom": "point","label": "f","mult": 16 },{ "coord": [ "0,0,z","0,0,-z" ],"desc": "4..","geom": "line","label": "e","mult": 8 },{ "coord": [ "3/4,1/4,1/4","1/4,1/4,1/4" ],"desc": "-4..","geom": "point","label": "d","mult": 8 },{ "coord": [ "3/4,1/4,0","1/4,1/4,0" ],"desc": "2/m..","geom": "point","label": "c","mult": 8 },{ "coord": [ "0,0,1/2" ],"desc": "4/m..","geom": "point","label": "b","mult": 4 },{ "coord": [ "0,0,0" ],"desc": "4/m..","geom": "point","label": "a","mult": 4 } ] } },{ "clegId": "87:a+b,-a+b,c","det": 2.0,"hm": "F 4/m'","id": "F_4/m'","more": true,"set": 3,"sg": 87,"trm": "a+b,-a+b,c" } ],"n": 3,"sg": 87 }