{ "its": [ { "clegId": "51:a,b,c","det": 1.0,"gen": [ "x,y,z","-x+1/2,-y,z","-x,y,-z","-x,-y,-z" ],"gp": [ "x,y,z","-x+1/2,-y,z","-x,y,-z","x+1/2,-y,-z","-x,-y,-z","x+1/2,y,-z","x,-y,z","-x+1/2,y,z" ],"hall": "-P 2a 2a","hm": "P m m a","id": "P_m_m_a","jmolId": "51","set": 1,"sg": 51,"trm": "a,b,c","wpos": { "pos": [ { "desc": "1","geom": "general","label": "l","mult": 8 },{ "coord": [ "1/4,y,z","1/4,-y,z","3/4,y,-z","3/4,-y,-z" ],"desc": "m..","geom": "plane","label": "k","mult": 4 },{ "coord": [ "x,1/2,z","-x+1/2,1/2,z","-x,1/2,-z","x+1/2,1/2,-z" ],"desc": ".m.","geom": "plane","label": "j","mult": 4 },{ "coord": [ "x,0,z","-x+1/2,0,z","-x,0,-z","x+1/2,0,-z" ],"desc": ".m.","geom": "plane","label": "i","mult": 4 },{ "coord": [ "0,y,1/2","1/2,-y,1/2","0,-y,1/2","1/2,y,1/2" ],"desc": ".2.","geom": "line","label": "h","mult": 4 },{ "coord": [ "0,y,0","1/2,-y,0","0,-y,0","1/2,y,0" ],"desc": ".2.","geom": "line","label": "g","mult": 4 },{ "coord": [ "1/4,1/2,z","3/4,1/2,-z" ],"desc": "mm2","geom": "line","label": "f","mult": 2 },{ "coord": [ "1/4,0,z","3/4,0,-z" ],"desc": "mm2","geom": "line","label": "e","mult": 2 },{ "coord": [ "0,1/2,1/2","1/2,1/2,1/2" ],"desc": ".2/m.","geom": "point","label": "d","mult": 2 },{ "coord": [ "0,0,1/2","1/2,0,1/2" ],"desc": ".2/m.","geom": "point","label": "c","mult": 2 },{ "coord": [ "0,1/2,0","1/2,1/2,0" ],"desc": ".2/m.","geom": "point","label": "b","mult": 2 },{ "coord": [ "0,0,0","1/2,0,0" ],"desc": ".2/m.","geom": "point","label": "a","mult": 2 } ] } },{ "clegId": "51:b,a,-c","det": 1.0,"gen": [ "x,y,z","-x,-y+1/2,z","x,-y,-z","-x,-y,-z" ],"gp": [ "x,y,z","-x,-y+1/2,z","x,-y,-z","-x,y+1/2,-z","-x,-y,-z","x,y+1/2,-z","-x,y,z","x,-y+1/2,z" ],"hall": "-P 2b 2","hm": "P m m b","id": "P_m_m_b","jmolId": "51:ba-c","set": 2,"sg": 51,"trm": "b,a,-c","wpos": { "pos": [ { "desc": "1","geom": "general","label": "l","mult": 8 },{ "coord": [ "y,1/4,-z","-y,1/4,-z","y,3/4,z","-y,3/4,z" ],"desc": "m..","geom": "plane","label": "k","mult": 4 },{ "coord": [ "1/2,x,-z","1/2,-x+1/2,-z","1/2,-x,z","1/2,x+1/2,z" ],"desc": ".m.","geom": "plane","label": "j","mult": 4 },{ "coord": [ "0,x,-z","0,-x+1/2,-z","0,-x,z","0,x+1/2,z" ],"desc": ".m.","geom": "plane","label": "i","mult": 4 },{ "coord": [ "y,0,1/2","-y,1/2,1/2","-y,0,1/2","y,1/2,1/2" ],"desc": ".2.","geom": "line","label": "h","mult": 4 },{ "coord": [ "y,0,0","-y,1/2,0","-y,0,0","y,1/2,0" ],"desc": ".2.","geom": "line","label": "g","mult": 4 },{ "coord": [ "1/2,1/4,-z","1/2,3/4,z" ],"desc": "mm2","geom": "line","label": "f","mult": 2 },{ "coord": [ "0,1/4,-z","0,3/4,z" ],"desc": "mm2","geom": "line","label": "e","mult": 2 },{ "coord": [ "1/2,0,1/2","1/2,1/2,1/2" ],"desc": ".2/m.","geom": "point","label": "d","mult": 2 },{ "coord": [ "0,0,1/2","0,1/2,1/2" ],"desc": ".2/m.","geom": "point","label": "c","mult": 2 },{ "coord": [ "1/2,0,0","1/2,1/2,0" ],"desc": ".2/m.","geom": "point","label": "b","mult": 2 },{ "coord": [ "0,0,0","0,1/2,0" ],"desc": ".2/m.","geom": "point","label": "a","mult": 2 } ] } },{ "clegId": "51:c,a,b","det": 1.0,"gen": [ "x,y,z","x,-y+1/2,-z","-x,-y,z","-x,-y,-z" ],"gp": [ "x,y,z","x,-y+1/2,-z","-x,-y,z","-x,y+1/2,-z","-x,-y,-z","-x,y+1/2,z","x,y,-z","x,-y+1/2,z" ],"hall": "-P 2 2b","hm": "P b m m","id": "P_b_m_m","jmolId": "51:cab","set": 3,"sg": 51,"trm": "c,a,b","wpos": { "pos": [ { "desc": "1","geom": "general","label": "l","mult": 8 },{ "coord": [ "z,1/4,y","z,1/4,-y","-z,3/4,y","-z,3/4,-y" ],"desc": "m..","geom": "plane","label": "k","mult": 4 },{ "coord": [ "z,x,1/2","z,-x+1/2,1/2","-z,-x,1/2","-z,x+1/2,1/2" ],"desc": ".m.","geom": "plane","label": "j","mult": 4 },{ "coord": [ "z,x,0","z,-x+1/2,0","-z,-x,0","-z,x+1/2,0" ],"desc": ".m.","geom": "plane","label": "i","mult": 4 },{ "coord": [ "1/2,0,y","1/2,1/2,-y","1/2,0,-y","1/2,1/2,y" ],"desc": ".2.","geom": "line","label": "h","mult": 4 },{ "coord": [ "0,0,y","0,1/2,-y","0,0,-y","0,1/2,y" ],"desc": ".2.","geom": "line","label": "g","mult": 4 },{ "coord": [ "z,1/4,1/2","-z,3/4,1/2" ],"desc": "mm2","geom": "line","label": "f","mult": 2 },{ "coord": [ "z,1/4,0","-z,3/4,0" ],"desc": "mm2","geom": "line","label": "e","mult": 2 },{ "coord": [ "1/2,0,1/2","1/2,1/2,1/2" ],"desc": ".2/m.","geom": "point","label": "d","mult": 2 },{ "coord": [ "1/2,0,0","1/2,1/2,0" ],"desc": ".2/m.","geom": "point","label": "c","mult": 2 },{ "coord": [ "0,0,1/2","0,1/2,1/2" ],"desc": ".2/m.","geom": "point","label": "b","mult": 2 },{ "coord": [ "0,0,0","0,1/2,0" ],"desc": ".2/m.","geom": "point","label": "a","mult": 2 } ] } },{ "clegId": "51:-c,b,a","det": 1.0,"gen": [ "x,y,z","x,-y,-z+1/2","-x,y,-z","-x,-y,-z" ],"gp": [ "x,y,z","x,-y,-z+1/2","-x,y,-z","-x,-y,z+1/2","-x,-y,-z","-x,y,z+1/2","x,-y,z","x,y,-z+1/2" ],"hall": "-P 2c 2c","hm": "P c m m","id": "P_c_m_m","jmolId": "51:-cba","set": 4,"sg": 51,"trm": "-c,b,a","wpos": { "pos": [ { "desc": "1","geom": "general","label": "l","mult": 8 },{ "coord": [ "-z,y,1/4","-z,-y,1/4","z,y,3/4","z,-y,3/4" ],"desc": "m..","geom": "plane","label": "k","mult": 4 },{ "coord": [ "-z,1/2,x","-z,1/2,-x+1/2","z,1/2,-x","z,1/2,x+1/2" ],"desc": ".m.","geom": "plane","label": "j","mult": 4 },{ "coord": [ "-z,0,x","-z,0,-x+1/2","z,0,-x","z,0,x+1/2" ],"desc": ".m.","geom": "plane","label": "i","mult": 4 },{ "coord": [ "1/2,y,0","1/2,-y,1/2","1/2,-y,0","1/2,y,1/2" ],"desc": ".2.","geom": "line","label": "h","mult": 4 },{ "coord": [ "0,y,0","0,-y,1/2","0,-y,0","0,y,1/2" ],"desc": ".2.","geom": "line","label": "g","mult": 4 },{ "coord": [ "-z,1/2,1/4","z,1/2,3/4" ],"desc": "mm2","geom": "line","label": "f","mult": 2 },{ "coord": [ "-z,0,1/4","z,0,3/4" ],"desc": "mm2","geom": "line","label": "e","mult": 2 },{ "coord": [ "1/2,1/2,0","1/2,1/2,1/2" ],"desc": ".2/m.","geom": "point","label": "d","mult": 2 },{ "coord": [ "1/2,0,0","1/2,0,1/2" ],"desc": ".2/m.","geom": "point","label": "c","mult": 2 },{ "coord": [ "0,1/2,0","0,1/2,1/2" ],"desc": ".2/m.","geom": "point","label": "b","mult": 2 },{ "coord": [ "0,0,0","0,0,1/2" ],"desc": ".2/m.","geom": "point","label": "a","mult": 2 } ] } },{ "clegId": "51:b,c,a","det": 1.0,"gen": [ "x,y,z","-x,y,-z+1/2","x,-y,-z","-x,-y,-z" ],"gp": [ "x,y,z","-x,y,-z+1/2","x,-y,-z","-x,-y,z+1/2","-x,-y,-z","x,-y,z+1/2","-x,y,z","x,y,-z+1/2" ],"hall": "-P 2c 2","hm": "P m c m","id": "P_m_c_m","jmolId": "51:bca","set": 5,"sg": 51,"trm": "b,c,a","wpos": { "pos": [ { "desc": "1","geom": "general","label": "l","mult": 8 },{ "coord": [ "y,z,1/4","-y,z,1/4","y,-z,3/4","-y,-z,3/4" ],"desc": "m..","geom": "plane","label": "k","mult": 4 },{ "coord": [ "1/2,z,x","1/2,z,-x+1/2","1/2,-z,-x","1/2,-z,x+1/2" ],"desc": ".m.","geom": "plane","label": "j","mult": 4 },{ "coord": [ "0,z,x","0,z,-x+1/2","0,-z,-x","0,-z,x+1/2" ],"desc": ".m.","geom": "plane","label": "i","mult": 4 },{ "coord": [ "y,1/2,0","-y,1/2,1/2","-y,1/2,0","y,1/2,1/2" ],"desc": ".2.","geom": "line","label": "h","mult": 4 },{ "coord": [ "y,0,0","-y,0,1/2","-y,0,0","y,0,1/2" ],"desc": ".2.","geom": "line","label": "g","mult": 4 },{ "coord": [ "1/2,z,1/4","1/2,-z,3/4" ],"desc": "mm2","geom": "line","label": "f","mult": 2 },{ "coord": [ "0,z,1/4","0,-z,3/4" ],"desc": "mm2","geom": "line","label": "e","mult": 2 },{ "coord": [ "1/2,1/2,0","1/2,1/2,1/2" ],"desc": ".2/m.","geom": "point","label": "d","mult": 2 },{ "coord": [ "0,1/2,0","0,1/2,1/2" ],"desc": ".2/m.","geom": "point","label": "c","mult": 2 },{ "coord": [ "1/2,0,0","1/2,0,1/2" ],"desc": ".2/m.","geom": "point","label": "b","mult": 2 },{ "coord": [ "0,0,0","0,0,1/2" ],"desc": ".2/m.","geom": "point","label": "a","mult": 2 } ] } },{ "clegId": "51:a,-c,b","det": 1.0,"gen": [ "x,y,z","-x+1/2,y,-z","-x,-y,z","-x,-y,-z" ],"gp": [ "x,y,z","-x+1/2,y,-z","-x,-y,z","x+1/2,-y,-z","-x,-y,-z","x+1/2,-y,z","x,y,-z","-x+1/2,y,z" ],"hall": "-P 2 2a","hm": "P m a m","id": "P_m_a_m","jmolId": "51:a-cb","set": 6,"sg": 51,"trm": "a,-c,b","wpos": { "pos": [ { "desc": "1","geom": "general","label": "l","mult": 8 },{ "coord": [ "1/4,-z,y","1/4,-z,-y","3/4,z,y","3/4,z,-y" ],"desc": "m..","geom": "plane","label": "k","mult": 4 },{ "coord": [ "x,-z,1/2","-x+1/2,-z,1/2","-x,z,1/2","x+1/2,z,1/2" ],"desc": ".m.","geom": "plane","label": "j","mult": 4 },{ "coord": [ "x,-z,0","-x+1/2,-z,0","-x,z,0","x+1/2,z,0" ],"desc": ".m.","geom": "plane","label": "i","mult": 4 },{ "coord": [ "0,1/2,y","1/2,1/2,-y","0,1/2,-y","1/2,1/2,y" ],"desc": ".2.","geom": "line","label": "h","mult": 4 },{ "coord": [ "0,0,y","1/2,0,-y","0,0,-y","1/2,0,y" ],"desc": ".2.","geom": "line","label": "g","mult": 4 },{ "coord": [ "1/4,-z,1/2","3/4,z,1/2" ],"desc": "mm2","geom": "line","label": "f","mult": 2 },{ "coord": [ "1/4,-z,0","3/4,z,0" ],"desc": "mm2","geom": "line","label": "e","mult": 2 },{ "coord": [ "0,1/2,1/2","1/2,1/2,1/2" ],"desc": ".2/m.","geom": "point","label": "d","mult": 2 },{ "coord": [ "0,1/2,0","1/2,1/2,0" ],"desc": ".2/m.","geom": "point","label": "c","mult": 2 },{ "coord": [ "0,0,1/2","1/2,0,1/2" ],"desc": ".2/m.","geom": "point","label": "b","mult": 2 },{ "coord": [ "0,0,0","1/2,0,0" ],"desc": ".2/m.","geom": "point","label": "a","mult": 2 } ] } } ],"n": 6,"sg": 51 }