{ "its": [ { "clegId": "62:a,b,c","det": 1.0,"gen": [ "x,y,z","-x+1/2,-y,z+1/2","-x,y+1/2,-z","-x,-y,-z" ],"gp": [ "x,y,z","-x+1/2,-y,z+1/2","-x,y+1/2,-z","x+1/2,-y+1/2,-z+1/2","-x,-y,-z","x+1/2,y,-z+1/2","x,-y+1/2,z","-x+1/2,y+1/2,z+1/2" ],"hall": "-P 2ac 2n","hm": "P n m a","id": "P_n_m_a","jmolId": "62","set": 1,"sg": 62,"trm": "a,b,c","wpos": { "pos": [ { "desc": "1","geom": "general","label": "d","mult": 8 },{ "coord": [ "x,1/4,z","-x+1/2,3/4,z+1/2","-x,3/4,-z","x+1/2,1/4,-z+1/2" ],"desc": ".m.","geom": "plane","label": "c","mult": 4 },{ "coord": [ "0,0,1/2","1/2,0,0","0,1/2,1/2","1/2,1/2,0" ],"desc": "-1","geom": "point","label": "b","mult": 4 },{ "coord": [ "0,0,0","1/2,0,1/2","0,1/2,0","1/2,1/2,1/2" ],"desc": "-1","geom": "point","label": "a","mult": 4 } ] } },{ "clegId": "62:b,a,-c","det": 1.0,"gen": [ "x,y,z","-x,-y+1/2,z+1/2","x+1/2,-y,-z","-x,-y,-z" ],"gp": [ "x,y,z","-x,-y+1/2,z+1/2","x+1/2,-y,-z","-x+1/2,y+1/2,-z+1/2","-x,-y,-z","x,y+1/2,-z+1/2","-x+1/2,y,z","x+1/2,-y+1/2,z+1/2" ],"hall": "-P 2bc 2a","hm": "P m n b","id": "P_m_n_b","jmolId": "62:ba-c","set": 2,"sg": 62,"trm": "b,a,-c","wpos": { "pos": [ { "desc": "1","geom": "general","label": "d","mult": 8 },{ "coord": [ "1/4,x,-z","3/4,-x+1/2,-z+1/2","3/4,-x,z","1/4,x+1/2,z+1/2" ],"desc": ".m.","geom": "plane","label": "c","mult": 4 },{ "coord": [ "0,0,1/2","0,1/2,0","1/2,0,1/2","1/2,1/2,0" ],"desc": "-1","geom": "point","label": "b","mult": 4 },{ "coord": [ "0,0,0","0,1/2,1/2","1/2,0,0","1/2,1/2,1/2" ],"desc": "-1","geom": "point","label": "a","mult": 4 } ] } },{ "clegId": "62:c,a,b","det": 1.0,"gen": [ "x,y,z","x+1/2,-y+1/2,-z","-x,-y,z+1/2","-x,-y,-z" ],"gp": [ "x,y,z","x+1/2,-y+1/2,-z","-x,-y,z+1/2","-x+1/2,y+1/2,-z+1/2","-x,-y,-z","-x+1/2,y+1/2,z","x,y,-z+1/2","x+1/2,-y+1/2,z+1/2" ],"hall": "-P 2c 2ab","hm": "P b n m","id": "P_b_n_m","jmolId": "62:cab","set": 3,"sg": 62,"trm": "c,a,b","wpos": { "pos": [ { "desc": "1","geom": "general","label": "d","mult": 8 },{ "coord": [ "z,x,1/4","z+1/2,-x+1/2,3/4","-z,-x,3/4","-z+1/2,x+1/2,1/4" ],"desc": ".m.","geom": "plane","label": "c","mult": 4 },{ "coord": [ "1/2,0,0","0,1/2,0","1/2,0,1/2","0,1/2,1/2" ],"desc": "-1","geom": "point","label": "b","mult": 4 },{ "coord": [ "0,0,0","1/2,1/2,0","0,0,1/2","1/2,1/2,1/2" ],"desc": "-1","geom": "point","label": "a","mult": 4 } ] } },{ "clegId": "62:-c,b,a","det": 1.0,"gen": [ "x,y,z","x+1/2,-y,-z+1/2","-x,y+1/2,-z","-x,-y,-z" ],"gp": [ "x,y,z","x+1/2,-y,-z+1/2","-x,y+1/2,-z","-x+1/2,-y+1/2,z+1/2","-x,-y,-z","-x+1/2,y,z+1/2","x,-y+1/2,z","x+1/2,y+1/2,-z+1/2" ],"hall": "-P 2n 2ac","hm": "P c m n","id": "P_c_m_n","jmolId": "62:-cba","set": 4,"sg": 62,"trm": "-c,b,a","wpos": { "pos": [ { "desc": "1","geom": "general","label": "d","mult": 8 },{ "coord": [ "-z,1/4,x","-z+1/2,3/4,-x+1/2","z,3/4,-x","z+1/2,1/4,x+1/2" ],"desc": ".m.","geom": "plane","label": "c","mult": 4 },{ "coord": [ "1/2,0,0","0,0,1/2","1/2,1/2,0","0,1/2,1/2" ],"desc": "-1","geom": "point","label": "b","mult": 4 },{ "coord": [ "0,0,0","1/2,0,1/2","0,1/2,0","1/2,1/2,1/2" ],"desc": "-1","geom": "point","label": "a","mult": 4 } ] } },{ "clegId": "62:b,c,a","det": 1.0,"gen": [ "x,y,z","-x,y+1/2,-z+1/2","x+1/2,-y,-z","-x,-y,-z" ],"gp": [ "x,y,z","-x,y+1/2,-z+1/2","x+1/2,-y,-z","-x+1/2,-y+1/2,z+1/2","-x,-y,-z","x,-y+1/2,z+1/2","-x+1/2,y,z","x+1/2,y+1/2,-z+1/2" ],"hall": "-P 2n 2a","hm": "P m c n","id": "P_m_c_n","jmolId": "62:bca","set": 5,"sg": 62,"trm": "b,c,a","wpos": { "pos": [ { "desc": "1","geom": "general","label": "d","mult": 8 },{ "coord": [ "1/4,z,x","3/4,z+1/2,-x+1/2","3/4,-z,-x","1/4,-z+1/2,x+1/2" ],"desc": ".m.","geom": "plane","label": "c","mult": 4 },{ "coord": [ "0,1/2,0","0,0,1/2","1/2,1/2,0","1/2,0,1/2" ],"desc": "-1","geom": "point","label": "b","mult": 4 },{ "coord": [ "0,0,0","0,1/2,1/2","1/2,0,0","1/2,1/2,1/2" ],"desc": "-1","geom": "point","label": "a","mult": 4 } ] } },{ "clegId": "62:a,-c,b","det": 1.0,"gen": [ "x,y,z","-x+1/2,y+1/2,-z","-x,-y,z+1/2","-x,-y,-z" ],"gp": [ "x,y,z","-x+1/2,y+1/2,-z","-x,-y,z+1/2","x+1/2,-y+1/2,-z+1/2","-x,-y,-z","x+1/2,-y+1/2,z","x,y,-z+1/2","-x+1/2,y+1/2,z+1/2" ],"hall": "-P 2c 2n","hm": "P n a m","id": "P_n_a_m","jmolId": "62:a-cb","set": 6,"sg": 62,"trm": "a,-c,b","wpos": { "pos": [ { "desc": "1","geom": "general","label": "d","mult": 8 },{ "coord": [ "x,-z,1/4","-x+1/2,-z+1/2,3/4","-x,z,3/4","x+1/2,z+1/2,1/4" ],"desc": ".m.","geom": "plane","label": "c","mult": 4 },{ "coord": [ "0,1/2,0","1/2,0,0","0,1/2,1/2","1/2,0,1/2" ],"desc": "-1","geom": "point","label": "b","mult": 4 },{ "coord": [ "0,0,0","1/2,1/2,0","0,0,1/2","1/2,1/2,1/2" ],"desc": "-1","geom": "point","label": "a","mult": 4 } ] } } ],"n": 6,"sg": 62 }