{ "its": [ { "clegId": "65:a,b,c","det": 1.0,"gen": [ "x,y,z","-x,-y,z","-x,y,-z","-x,-y,-z","x+1/2,y+1/2,z" ],"gp": [ "x,y,z","-x,-y,z","-x,y,-z","x,-y,-z","-x,-y,-z","x,y,-z","x,-y,z","-x,y,z","x+1/2,y+1/2,z","-x+1/2,-y+1/2,z","-x+1/2,y+1/2,-z","x+1/2,-y+1/2,-z","-x+1/2,-y+1/2,-z","x+1/2,y+1/2,-z","x+1/2,-y+1/2,z","-x+1/2,y+1/2,z" ],"hall": "-C 2 2","hm": "C m m m","id": "C_m_m_m","jmolId": "65","set": 1,"sg": 65,"trm": "a,b,c","wpos": { "cent": [ "1/2,1/2,0" ],"pos": [ { "desc": "1","geom": "general","label": "r","mult": 16 },{ "coord": [ "x,y,1/2","-x,-y,1/2","-x,y,1/2","x,-y,1/2" ],"desc": "..m","geom": "plane","label": "q","mult": 8 },{ "coord": [ "x,y,0","-x,-y,0","-x,y,0","x,-y,0" ],"desc": "..m","geom": "plane","label": "p","mult": 8 },{ "coord": [ "x,0,z","-x,0,z","-x,0,-z","x,0,-z" ],"desc": ".m.","geom": "plane","label": "o","mult": 8 },{ "coord": [ "0,y,z","0,-y,z","0,y,-z","0,-y,-z" ],"desc": "m..","geom": "plane","label": "n","mult": 8 },{ "coord": [ "1/4,1/4,z","3/4,1/4,-z","3/4,3/4,-z","1/4,3/4,z" ],"desc": "..2","geom": "line","label": "m","mult": 8 },{ "coord": [ "0,1/2,z","0,1/2,-z" ],"desc": "mm2","geom": "line","label": "l","mult": 4 },{ "coord": [ "0,0,z","0,0,-z" ],"desc": "mm2","geom": "line","label": "k","mult": 4 },{ "coord": [ "0,y,1/2","0,-y,1/2" ],"desc": "m2m","geom": "line","label": "j","mult": 4 },{ "coord": [ "0,y,0","0,-y,0" ],"desc": "m2m","geom": "line","label": "i","mult": 4 },{ "coord": [ "x,0,1/2","-x,0,1/2" ],"desc": "2mm","geom": "line","label": "h","mult": 4 },{ "coord": [ "x,0,0","-x,0,0" ],"desc": "2mm","geom": "line","label": "g","mult": 4 },{ "coord": [ "1/4,1/4,1/2","3/4,1/4,1/2" ],"desc": "..2/m","geom": "point","label": "f","mult": 4 },{ "coord": [ "1/4,1/4,0","3/4,1/4,0" ],"desc": "..2/m","geom": "point","label": "e","mult": 4 },{ "coord": [ "0,0,1/2" ],"desc": "mmm","geom": "point","label": "d","mult": 2 },{ "coord": [ "1/2,0,1/2" ],"desc": "mmm","geom": "point","label": "c","mult": 2 },{ "coord": [ "1/2,0,0" ],"desc": "mmm","geom": "point","label": "b","mult": 2 },{ "coord": [ "0,0,0" ],"desc": "mmm","geom": "point","label": "a","mult": 2 } ] } },{ "clegId": "65:c,a,b","det": 1.0,"gen": [ "x,y,z","x,-y,-z","-x,-y,z","-x,-y,-z","x,y+1/2,z+1/2" ],"gp": [ "x,y,z","x,-y,-z","-x,-y,z","-x,y,-z","-x,-y,-z","-x,y,z","x,y,-z","x,-y,z","x,y+1/2,z+1/2","x,-y+1/2,-z+1/2","-x,-y+1/2,z+1/2","-x,y+1/2,-z+1/2","-x,-y+1/2,-z+1/2","-x,y+1/2,z+1/2","x,y+1/2,-z+1/2","x,-y+1/2,z+1/2" ],"hall": "-A 2 2","hm": "A m m m","id": "A_m_m_m","jmolId": "65:cab","set": 2,"sg": 65,"trm": "c,a,b","wpos": { "cent": [ "0,1/2,1/2" ],"pos": [ { "desc": "1","geom": "general","label": "r","mult": 16 },{ "coord": [ "1/2,x,y","1/2,-x,-y","1/2,-x,y","1/2,x,-y" ],"desc": "..m","geom": "plane","label": "q","mult": 8 },{ "coord": [ "0,x,y","0,-x,-y","0,-x,y","0,x,-y" ],"desc": "..m","geom": "plane","label": "p","mult": 8 },{ "coord": [ "z,x,0","z,-x,0","-z,-x,0","-z,x,0" ],"desc": ".m.","geom": "plane","label": "o","mult": 8 },{ "coord": [ "z,0,y","z,0,-y","-z,0,y","-z,0,-y" ],"desc": "m..","geom": "plane","label": "n","mult": 8 },{ "coord": [ "z,1/4,1/4","-z,3/4,1/4","-z,3/4,3/4","z,1/4,3/4" ],"desc": "..2","geom": "line","label": "m","mult": 8 },{ "coord": [ "z,0,1/2","-z,0,1/2" ],"desc": "mm2","geom": "line","label": "l","mult": 4 },{ "coord": [ "z,0,0","-z,0,0" ],"desc": "mm2","geom": "line","label": "k","mult": 4 },{ "coord": [ "1/2,0,y","1/2,0,-y" ],"desc": "m2m","geom": "line","label": "j","mult": 4 },{ "coord": [ "0,0,y","0,0,-y" ],"desc": "m2m","geom": "line","label": "i","mult": 4 },{ "coord": [ "1/2,x,0","1/2,-x,0" ],"desc": "2mm","geom": "line","label": "h","mult": 4 },{ "coord": [ "0,x,0","0,-x,0" ],"desc": "2mm","geom": "line","label": "g","mult": 4 },{ "coord": [ "1/2,1/4,1/4","1/2,3/4,1/4" ],"desc": "..2/m","geom": "point","label": "f","mult": 4 },{ "coord": [ "0,1/4,1/4","0,3/4,1/4" ],"desc": "..2/m","geom": "point","label": "e","mult": 4 },{ "coord": [ "1/2,0,0" ],"desc": "mmm","geom": "point","label": "d","mult": 2 },{ "coord": [ "1/2,1/2,0" ],"desc": "mmm","geom": "point","label": "c","mult": 2 },{ "coord": [ "0,1/2,0" ],"desc": "mmm","geom": "point","label": "b","mult": 2 },{ "coord": [ "0,0,0" ],"desc": "mmm","geom": "point","label": "a","mult": 2 } ] } },{ "clegId": "65:b,c,a","det": 1.0,"gen": [ "x,y,z","-x,y,-z","x,-y,-z","-x,-y,-z","x+1/2,y,z+1/2" ],"gp": [ "x,y,z","-x,y,-z","x,-y,-z","-x,-y,z","-x,-y,-z","x,-y,z","-x,y,z","x,y,-z","x+1/2,y,z+1/2","-x+1/2,y,-z+1/2","x+1/2,-y,-z+1/2","-x+1/2,-y,z+1/2","-x+1/2,-y,-z+1/2","x+1/2,-y,z+1/2","-x+1/2,y,z+1/2","x+1/2,y,-z+1/2" ],"hall": "-B 2 2","hm": "B m m m","id": "B_m_m_m","jmolId": "65:bca","set": 3,"sg": 65,"trm": "b,c,a","wpos": { "cent": [ "1/2,0,1/2" ],"pos": [ { "desc": "1","geom": "general","label": "r","mult": 16 },{ "coord": [ "y,1/2,x","-y,1/2,-x","y,1/2,-x","-y,1/2,x" ],"desc": "..m","geom": "plane","label": "q","mult": 8 },{ "coord": [ "y,0,x","-y,0,-x","y,0,-x","-y,0,x" ],"desc": "..m","geom": "plane","label": "p","mult": 8 },{ "coord": [ "0,z,x","0,z,-x","0,-z,-x","0,-z,x" ],"desc": ".m.","geom": "plane","label": "o","mult": 8 },{ "coord": [ "y,z,0","-y,z,0","y,-z,0","-y,-z,0" ],"desc": "m..","geom": "plane","label": "n","mult": 8 },{ "coord": [ "1/4,z,1/4","1/4,-z,3/4","3/4,-z,3/4","3/4,z,1/4" ],"desc": "..2","geom": "line","label": "m","mult": 8 },{ "coord": [ "1/2,z,0","1/2,-z,0" ],"desc": "mm2","geom": "line","label": "l","mult": 4 },{ "coord": [ "0,z,0","0,-z,0" ],"desc": "mm2","geom": "line","label": "k","mult": 4 },{ "coord": [ "y,1/2,0","-y,1/2,0" ],"desc": "m2m","geom": "line","label": "j","mult": 4 },{ "coord": [ "y,0,0","-y,0,0" ],"desc": "m2m","geom": "line","label": "i","mult": 4 },{ "coord": [ "0,1/2,x","0,1/2,-x" ],"desc": "2mm","geom": "line","label": "h","mult": 4 },{ "coord": [ "0,0,x","0,0,-x" ],"desc": "2mm","geom": "line","label": "g","mult": 4 },{ "coord": [ "1/4,1/2,1/4","1/4,1/2,3/4" ],"desc": "..2/m","geom": "point","label": "f","mult": 4 },{ "coord": [ "1/4,0,1/4","1/4,0,3/4" ],"desc": "..2/m","geom": "point","label": "e","mult": 4 },{ "coord": [ "0,1/2,0" ],"desc": "mmm","geom": "point","label": "d","mult": 2 },{ "coord": [ "0,1/2,1/2" ],"desc": "mmm","geom": "point","label": "c","mult": 2 },{ "coord": [ "0,0,1/2" ],"desc": "mmm","geom": "point","label": "b","mult": 2 },{ "coord": [ "0,0,0" ],"desc": "mmm","geom": "point","label": "a","mult": 2 } ] } } ],"n": 3,"sg": 65 }