{ "its": [ { "clegId": "46:a,b,c","det": 1.0,"gen": [ "x,y,z","-x,-y,z","x+1/2,-y,z","x+1/2,y+1/2,z+1/2" ],"gp": [ "x,y,z","-x,-y,z","x+1/2,-y,z","-x+1/2,y,z","x+1/2,y+1/2,z+1/2","-x+1/2,-y+1/2,z+1/2","x,-y+1/2,z+1/2","-x,y+1/2,z+1/2" ],"hall": "I 2 -2a","hm": "I m a 2","id": "I_m_a_2","jmolId": "46","set": 1,"sg": 46,"trm": "a,b,c","wpos": { "cent": [ "1/2,1/2,1/2" ],"pos": [ { "desc": "1","geom": "general","label": "c","mult": 8 },{ "coord": [ "1/4,y,z","3/4,-y,z" ],"desc": "m..","geom": "plane","label": "b","mult": 4 },{ "coord": [ "0,0,z","1/2,0,z" ],"desc": "..2","geom": "line","label": "a","mult": 4 } ] } },{ "clegId": "46:b,a,-c","det": 1.0,"gen": [ "x,y,z","-x,-y,z","-x,y+1/2,z","x+1/2,y+1/2,z+1/2" ],"gp": [ "x,y,z","-x,-y,z","-x,y+1/2,z","x,-y+1/2,z","x+1/2,y+1/2,z+1/2","-x+1/2,-y+1/2,z+1/2","-x+1/2,y,z+1/2","x+1/2,-y,z+1/2" ],"hall": "I 2 -2b","hm": "I b m 2","id": "I_b_m_2","jmolId": "46:ba-c","set": 2,"sg": 46,"trm": "b,a,-c","wpos": { "cent": [ "1/2,1/2,1/2" ],"pos": [ { "desc": "1","geom": "general","label": "c","mult": 8 },{ "coord": [ "y,1/4,-z","-y,3/4,-z" ],"desc": "m..","geom": "plane","label": "b","mult": 4 },{ "coord": [ "0,0,-z","0,1/2,-z" ],"desc": "..2","geom": "line","label": "a","mult": 4 } ] } },{ "clegId": "46:c,a,b","det": 1.0,"gen": [ "x,y,z","x,-y,-z","x,y+1/2,-z","x+1/2,y+1/2,z+1/2" ],"gp": [ "x,y,z","x,-y,-z","x,y+1/2,-z","x,-y+1/2,z","x+1/2,y+1/2,z+1/2","x+1/2,-y+1/2,-z+1/2","x+1/2,y,-z+1/2","x+1/2,-y,z+1/2" ],"hall": "I -2b 2","hm": "I 2 m b","id": "I_2_m_b","jmolId": "46:cab","set": 3,"sg": 46,"trm": "c,a,b","wpos": { "cent": [ "1/2,1/2,1/2" ],"pos": [ { "desc": "1","geom": "general","label": "c","mult": 8 },{ "coord": [ "z,1/4,y","z,3/4,-y" ],"desc": "m..","geom": "plane","label": "b","mult": 4 },{ "coord": [ "z,0,0","z,1/2,0" ],"desc": "..2","geom": "line","label": "a","mult": 4 } ] } },{ "clegId": "46:-c,b,a","det": 1.0,"gen": [ "x,y,z","x,-y,-z","x,-y,z+1/2","x+1/2,y+1/2,z+1/2" ],"gp": [ "x,y,z","x,-y,-z","x,-y,z+1/2","x,y,-z+1/2","x+1/2,y+1/2,z+1/2","x+1/2,-y+1/2,-z+1/2","x+1/2,-y+1/2,z","x+1/2,y+1/2,-z" ],"hall": "I -2c 2","hm": "I 2 c m","id": "I_2_c_m","jmolId": "46:-cba","set": 4,"sg": 46,"trm": "-c,b,a","wpos": { "cent": [ "1/2,1/2,1/2" ],"pos": [ { "desc": "1","geom": "general","label": "c","mult": 8 },{ "coord": [ "-z,y,1/4","-z,-y,3/4" ],"desc": "m..","geom": "plane","label": "b","mult": 4 },{ "coord": [ "-z,0,0","-z,0,1/2" ],"desc": "..2","geom": "line","label": "a","mult": 4 } ] } },{ "clegId": "46:b,c,a","det": 1.0,"gen": [ "x,y,z","-x,y,-z","-x,y,z+1/2","x+1/2,y+1/2,z+1/2" ],"gp": [ "x,y,z","-x,y,-z","-x,y,z+1/2","x,y,-z+1/2","x+1/2,y+1/2,z+1/2","-x+1/2,y+1/2,-z+1/2","-x+1/2,y+1/2,z","x+1/2,y+1/2,-z" ],"hall": "I -2c -2c","hm": "I c 2 m","id": "I_c_2_m","jmolId": "46:bca","set": 5,"sg": 46,"trm": "b,c,a","wpos": { "cent": [ "1/2,1/2,1/2" ],"pos": [ { "desc": "1","geom": "general","label": "c","mult": 8 },{ "coord": [ "y,z,1/4","-y,z,3/4" ],"desc": "m..","geom": "plane","label": "b","mult": 4 },{ "coord": [ "0,z,0","0,z,1/2" ],"desc": "..2","geom": "line","label": "a","mult": 4 } ] } },{ "clegId": "46:a,-c,b","det": 1.0,"gen": [ "x,y,z","-x,y,-z","x+1/2,y,-z","x+1/2,y+1/2,z+1/2" ],"gp": [ "x,y,z","-x,y,-z","x+1/2,y,-z","-x+1/2,y,z","x+1/2,y+1/2,z+1/2","-x+1/2,y+1/2,-z+1/2","x,y+1/2,-z+1/2","-x,y+1/2,z+1/2" ],"hall": "I -2a -2a","hm": "I m 2 a","id": "I_m_2_a","jmolId": "46:a-cb","set": 6,"sg": 46,"trm": "a,-c,b","wpos": { "cent": [ "1/2,1/2,1/2" ],"pos": [ { "desc": "1","geom": "general","label": "c","mult": 8 },{ "coord": [ "1/4,-z,y","3/4,-z,-y" ],"desc": "m..","geom": "plane","label": "b","mult": 4 },{ "coord": [ "0,-z,0","1/2,-z,0" ],"desc": "..2","geom": "line","label": "a","mult": 4 } ] } } ],"n": 6,"sg": 46 }