{ "its": [ { "clegId": "53:a,b,c","det": 1.0,"gen": [ "x,y,z","-x+1/2,-y,z+1/2","-x+1/2,y,-z+1/2","-x,-y,-z" ],"gp": [ "x,y,z","-x+1/2,-y,z+1/2","-x+1/2,y,-z+1/2","x,-y,-z","-x,-y,-z","x+1/2,y,-z+1/2","x+1/2,-y,z+1/2","-x,y,z" ],"hall": "-P 2ac 2","hm": "P m n a","id": "P_m_n_a","jmolId": "53","set": 1,"sg": 53,"trm": "a,b,c","wpos": { "pos": [ { "desc": "1","geom": "general","label": "i","mult": 8 },{ "coord": [ "0,y,z","1/2,-y,z+1/2","1/2,y,-z+1/2","0,-y,-z" ],"desc": "m..","geom": "plane","label": "h","mult": 4 },{ "coord": [ "1/4,y,1/4","1/4,-y,3/4","3/4,-y,3/4","3/4,y,1/4" ],"desc": ".2.","geom": "line","label": "g","mult": 4 },{ "coord": [ "x,1/2,0","-x+1/2,1/2,1/2","-x,1/2,0","x+1/2,1/2,1/2" ],"desc": "2..","geom": "line","label": "f","mult": 4 },{ "coord": [ "x,0,0","-x+1/2,0,1/2","-x,0,0","x+1/2,0,1/2" ],"desc": "2..","geom": "line","label": "e","mult": 4 },{ "coord": [ "0,1/2,0","1/2,1/2,1/2" ],"desc": "2/m..","geom": "point","label": "d","mult": 2 },{ "coord": [ "1/2,1/2,0","0,1/2,1/2" ],"desc": "2/m..","geom": "point","label": "c","mult": 2 },{ "coord": [ "1/2,0,0","0,0,1/2" ],"desc": "2/m..","geom": "point","label": "b","mult": 2 },{ "coord": [ "0,0,0","1/2,0,1/2" ],"desc": "2/m..","geom": "point","label": "a","mult": 2 } ] } },{ "clegId": "53:b,a,-c","det": 1.0,"gen": [ "x,y,z","-x,-y+1/2,z+1/2","x,-y+1/2,-z+1/2","-x,-y,-z" ],"gp": [ "x,y,z","-x,-y+1/2,z+1/2","x,-y+1/2,-z+1/2","-x,y,-z","-x,-y,-z","x,y+1/2,-z+1/2","-x,y+1/2,z+1/2","x,-y,z" ],"hall": "-P 2bc 2bc","hm": "P n m b","id": "P_n_m_b","jmolId": "53:ba-c","set": 2,"sg": 53,"trm": "b,a,-c","wpos": { "pos": [ { "desc": "1","geom": "general","label": "i","mult": 8 },{ "coord": [ "y,0,-z","-y,1/2,-z+1/2","y,1/2,z+1/2","-y,0,z" ],"desc": "m..","geom": "plane","label": "h","mult": 4 },{ "coord": [ "y,1/4,3/4","-y,1/4,1/4","-y,3/4,1/4","y,3/4,3/4" ],"desc": ".2.","geom": "line","label": "g","mult": 4 },{ "coord": [ "1/2,x,0","1/2,-x+1/2,1/2","1/2,-x,0","1/2,x+1/2,1/2" ],"desc": "2..","geom": "line","label": "f","mult": 4 },{ "coord": [ "0,x,0","0,-x+1/2,1/2","0,-x,0","0,x+1/2,1/2" ],"desc": "2..","geom": "line","label": "e","mult": 4 },{ "coord": [ "1/2,0,0","1/2,1/2,1/2" ],"desc": "2/m..","geom": "point","label": "d","mult": 2 },{ "coord": [ "1/2,1/2,0","1/2,0,1/2" ],"desc": "2/m..","geom": "point","label": "c","mult": 2 },{ "coord": [ "0,1/2,0","0,0,1/2" ],"desc": "2/m..","geom": "point","label": "b","mult": 2 },{ "coord": [ "0,0,0","0,1/2,1/2" ],"desc": "2/m..","geom": "point","label": "a","mult": 2 } ] } },{ "clegId": "53:c,a,b","det": 1.0,"gen": [ "x,y,z","x+1/2,-y+1/2,-z","-x+1/2,-y+1/2,z","-x,-y,-z" ],"gp": [ "x,y,z","x+1/2,-y+1/2,-z","-x+1/2,-y+1/2,z","-x,y,-z","-x,-y,-z","-x+1/2,y+1/2,z","x+1/2,y+1/2,-z","x,-y,z" ],"hall": "-P 2ab 2ab","hm": "P b m n","id": "P_b_m_n","jmolId": "53:cab","set": 3,"sg": 53,"trm": "c,a,b","wpos": { "pos": [ { "desc": "1","geom": "general","label": "i","mult": 8 },{ "coord": [ "z,0,y","z+1/2,1/2,-y","-z+1/2,1/2,y","-z,0,-y" ],"desc": "m..","geom": "plane","label": "h","mult": 4 },{ "coord": [ "1/4,1/4,y","3/4,1/4,-y","3/4,3/4,-y","1/4,3/4,y" ],"desc": ".2.","geom": "line","label": "g","mult": 4 },{ "coord": [ "0,x,1/2","1/2,-x+1/2,1/2","0,-x,1/2","1/2,x+1/2,1/2" ],"desc": "2..","geom": "line","label": "f","mult": 4 },{ "coord": [ "0,x,0","1/2,-x+1/2,0","0,-x,0","1/2,x+1/2,0" ],"desc": "2..","geom": "line","label": "e","mult": 4 },{ "coord": [ "0,0,1/2","1/2,1/2,1/2" ],"desc": "2/m..","geom": "point","label": "d","mult": 2 },{ "coord": [ "0,1/2,1/2","1/2,0,1/2" ],"desc": "2/m..","geom": "point","label": "c","mult": 2 },{ "coord": [ "0,1/2,0","1/2,0,0" ],"desc": "2/m..","geom": "point","label": "b","mult": 2 },{ "coord": [ "0,0,0","1/2,1/2,0" ],"desc": "2/m..","geom": "point","label": "a","mult": 2 } ] } },{ "clegId": "53:-c,b,a","det": 1.0,"gen": [ "x,y,z","x+1/2,-y,-z+1/2","-x+1/2,y,-z+1/2","-x,-y,-z" ],"gp": [ "x,y,z","x+1/2,-y,-z+1/2","-x+1/2,y,-z+1/2","-x,-y,z","-x,-y,-z","-x+1/2,y,z+1/2","x+1/2,-y,z+1/2","x,y,-z" ],"hall": "-P 2 2ac","hm": "P c n m","id": "P_c_n_m","jmolId": "53:-cba","set": 4,"sg": 53,"trm": "-c,b,a","wpos": { "pos": [ { "desc": "1","geom": "general","label": "i","mult": 8 },{ "coord": [ "-z,y,0","-z+1/2,-y,1/2","z+1/2,y,1/2","z,-y,0" ],"desc": "m..","geom": "plane","label": "h","mult": 4 },{ "coord": [ "3/4,y,1/4","1/4,-y,1/4","1/4,-y,3/4","3/4,y,3/4" ],"desc": ".2.","geom": "line","label": "g","mult": 4 },{ "coord": [ "0,1/2,x","1/2,1/2,-x+1/2","0,1/2,-x","1/2,1/2,x+1/2" ],"desc": "2..","geom": "line","label": "f","mult": 4 },{ "coord": [ "0,0,x","1/2,0,-x+1/2","0,0,-x","1/2,0,x+1/2" ],"desc": "2..","geom": "line","label": "e","mult": 4 },{ "coord": [ "0,1/2,0","1/2,1/2,1/2" ],"desc": "2/m..","geom": "point","label": "d","mult": 2 },{ "coord": [ "0,1/2,1/2","1/2,1/2,0" ],"desc": "2/m..","geom": "point","label": "c","mult": 2 },{ "coord": [ "0,0,1/2","1/2,0,0" ],"desc": "2/m..","geom": "point","label": "b","mult": 2 },{ "coord": [ "0,0,0","1/2,0,1/2" ],"desc": "2/m..","geom": "point","label": "a","mult": 2 } ] } },{ "clegId": "53:b,c,a","det": 1.0,"gen": [ "x,y,z","-x,y+1/2,-z+1/2","x,-y+1/2,-z+1/2","-x,-y,-z" ],"gp": [ "x,y,z","-x,y+1/2,-z+1/2","x,-y+1/2,-z+1/2","-x,-y,z","-x,-y,-z","x,-y+1/2,z+1/2","-x,y+1/2,z+1/2","x,y,-z" ],"hall": "-P 2 2bc","hm": "P n c m","id": "P_n_c_m","jmolId": "53:bca","set": 5,"sg": 53,"trm": "b,c,a","wpos": { "pos": [ { "desc": "1","geom": "general","label": "i","mult": 8 },{ "coord": [ "y,z,0","-y,z+1/2,1/2","y,-z+1/2,1/2","-y,-z,0" ],"desc": "m..","geom": "plane","label": "h","mult": 4 },{ "coord": [ "y,1/4,1/4","-y,3/4,1/4","-y,3/4,3/4","y,1/4,3/4" ],"desc": ".2.","geom": "line","label": "g","mult": 4 },{ "coord": [ "1/2,0,x","1/2,1/2,-x+1/2","1/2,0,-x","1/2,1/2,x+1/2" ],"desc": "2..","geom": "line","label": "f","mult": 4 },{ "coord": [ "0,0,x","0,1/2,-x+1/2","0,0,-x","0,1/2,x+1/2" ],"desc": "2..","geom": "line","label": "e","mult": 4 },{ "coord": [ "1/2,0,0","1/2,1/2,1/2" ],"desc": "2/m..","geom": "point","label": "d","mult": 2 },{ "coord": [ "1/2,0,1/2","1/2,1/2,0" ],"desc": "2/m..","geom": "point","label": "c","mult": 2 },{ "coord": [ "0,0,1/2","0,1/2,0" ],"desc": "2/m..","geom": "point","label": "b","mult": 2 },{ "coord": [ "0,0,0","0,1/2,1/2" ],"desc": "2/m..","geom": "point","label": "a","mult": 2 } ] } },{ "clegId": "53:a,-c,b","det": 1.0,"gen": [ "x,y,z","-x+1/2,y+1/2,-z","-x+1/2,-y+1/2,z","-x,-y,-z" ],"gp": [ "x,y,z","-x+1/2,y+1/2,-z","-x+1/2,-y+1/2,z","x,-y,-z","-x,-y,-z","x+1/2,-y+1/2,z","x+1/2,y+1/2,-z","-x,y,z" ],"hall": "-P 2ab 2","hm": "P m a n","id": "P_m_a_n","jmolId": "53:a-cb","set": 6,"sg": 53,"trm": "a,-c,b","wpos": { "pos": [ { "desc": "1","geom": "general","label": "i","mult": 8 },{ "coord": [ "0,-z,y","1/2,-z+1/2,-y","1/2,z+1/2,y","0,z,-y" ],"desc": "m..","geom": "plane","label": "h","mult": 4 },{ "coord": [ "1/4,3/4,y","1/4,1/4,-y","3/4,1/4,-y","3/4,3/4,y" ],"desc": ".2.","geom": "line","label": "g","mult": 4 },{ "coord": [ "x,0,1/2","-x+1/2,1/2,1/2","-x,0,1/2","x+1/2,1/2,1/2" ],"desc": "2..","geom": "line","label": "f","mult": 4 },{ "coord": [ "x,0,0","-x+1/2,1/2,0","-x,0,0","x+1/2,1/2,0" ],"desc": "2..","geom": "line","label": "e","mult": 4 },{ "coord": [ "0,0,1/2","1/2,1/2,1/2" ],"desc": "2/m..","geom": "point","label": "d","mult": 2 },{ "coord": [ "1/2,0,1/2","0,1/2,1/2" ],"desc": "2/m..","geom": "point","label": "c","mult": 2 },{ "coord": [ "1/2,0,0","0,1/2,0" ],"desc": "2/m..","geom": "point","label": "b","mult": 2 },{ "coord": [ "0,0,0","1/2,1/2,0" ],"desc": "2/m..","geom": "point","label": "a","mult": 2 } ] } } ],"n": 6,"sg": 53 }