{ "its": [ { "clegId": "86:a,b,c","det": 1.0,"gen": [ "x,y,z","-x+1/2,-y+1/2,z","-y,x+1/2,z+1/2","-x,-y,-z" ],"gp": [ "x,y,z","-x+1/2,-y+1/2,z","-y,x+1/2,z+1/2","y+1/2,-x,z+1/2","-x,-y,-z","x+1/2,y+1/2,-z","y,-x+1/2,-z+1/2","-y+1/2,x,-z+1/2" ],"hall": "-P 4bc","hm": "P 42/n :2","id": "P_42/n_2","jmolId": "86:2","set": 1,"sg": 86,"trm": "a,b,c","wpos": { "pos": [ { "desc": "1","geom": "general","label": "g","mult": 8 },{ "coord": [ "1/4,1/4,z","3/4,3/4,z+1/2","3/4,3/4,-z","1/4,1/4,-z+1/2" ],"desc": "2..","geom": "line","label": "f","mult": 4 },{ "coord": [ "3/4,1/4,z","3/4,1/4,z+1/2","1/4,3/4,-z","1/4,3/4,-z+1/2" ],"desc": "2..","geom": "line","label": "e","mult": 4 },{ "coord": [ "0,0,1/2","1/2,1/2,1/2","0,1/2,0","1/2,0,0" ],"desc": "-1","geom": "point","label": "d","mult": 4 },{ "coord": [ "0,0,0","1/2,1/2,0","0,1/2,1/2","1/2,0,1/2" ],"desc": "-1","geom": "point","label": "c","mult": 4 },{ "coord": [ "1/4,1/4,3/4","3/4,3/4,1/4" ],"desc": "-4..","geom": "point","label": "b","mult": 2 },{ "coord": [ "1/4,1/4,1/4","3/4,3/4,3/4" ],"desc": "-4..","geom": "point","label": "a","mult": 2 } ] } },{ "clegId": "86:a-b,a+b,c","det": 2.0,"gen": [ "x,y,z","-x,-y+1/2,z","-y+3/4,x+1/4,z+1/2","-x,-y,-z","x+1/2,y+1/2,z","-x+1/2,-y,z","-y+1/4,x+3/4,z+1/2","-x+1/2,-y+1/2,-z" ],"gp": [ "x,y,z","-x,-y+1/2,z","-y+3/4,x+1/4,z+1/2","y+1/4,-x+1/4,z+1/2","-x,-y,-z","x,y+1/2,-z","y+3/4,-x+1/4,-z+1/2","-y+1/4,x+1/4,-z+1/2","x+1/2,y+1/2,z","-x+1/2,-y,z","-y+1/4,x+3/4,z+1/2","y+3/4,-x+3/4,z+1/2","-x+1/2,-y+1/2,-z","x+1/2,y,-z","y+1/4,-x+3/4,-z+1/2","-y+3/4,x+3/4,-z+1/2" ],"hall": "C?","hm": "C 42/e :2","id": "C_42/e_2","jmolId": "86:c2","set": 2,"sg": 86,"trm": "a-b,a+b,c","wpos": { "cent": [ "1/2,1/2,0" ],"pos": [ { "desc": "1","geom": "general","label": "g","mult": 16 },{ "coord": [ "0,1/4,z","0,3/4,z+1/2","0,3/4,-z","0,1/4,-z+1/2" ],"desc": "2..","geom": "line","label": "f","mult": 8 },{ "coord": [ "1/4,1/2,z","1/4,1/2,z+1/2","3/4,1/2,-z","3/4,1/2,-z+1/2" ],"desc": "2..","geom": "line","label": "e","mult": 8 },{ "coord": [ "0,0,1/2","0,1/2,1/2","3/4,1/4,0","1/4,1/4,0" ],"desc": "-1","geom": "point","label": "d","mult": 8 },{ "coord": [ "0,0,0","0,1/2,0","3/4,1/4,1/2","1/4,1/4,1/2" ],"desc": "-1","geom": "point","label": "c","mult": 8 },{ "coord": [ "0,1/4,3/4","0,3/4,1/4" ],"desc": "-4..","geom": "point","label": "b","mult": 4 },{ "coord": [ "0,1/4,1/4","0,3/4,3/4" ],"desc": "-4..","geom": "point","label": "a","mult": 4 } ] } },{ "clegId": "86:a,b,c;-1/4,-1/4,-1/4","det": 1.0,"gen": [ "x,y,z","-x,-y,z","-y+1/2,x+1/2,z+1/2","-x+1/2,-y+1/2,-z+1/2" ],"gp": [ "x,y,z","-x,-y,z","-y+1/2,x+1/2,z+1/2","y+1/2,-x+1/2,z+1/2","-x+1/2,-y+1/2,-z+1/2","x+1/2,y+1/2,-z+1/2","y,-x,-z","-y,x,-z" ],"hall": "P 4n -1n","hm": "P 42/n :1","id": "P_42/n_1","jmolId": "86:1","set": 3,"sg": 86,"trm": "a,b,c;-1/4,-1/4,-1/4","wpos": { "pos": [ { "desc": "1","geom": "general","label": "g","mult": 8 },{ "coord": [ "1/2,1/2,z+1/4","0,0,z+3/4","0,0,-z+1/4","1/2,1/2,-z+3/4" ],"desc": "2..","geom": "line","label": "f","mult": 4 },{ "coord": [ "0,1/2,z+1/4","0,1/2,z+3/4","1/2,0,-z+1/4","1/2,0,-z+3/4" ],"desc": "2..","geom": "line","label": "e","mult": 4 },{ "coord": [ "1/4,1/4,3/4","3/4,3/4,3/4","1/4,3/4,1/4","3/4,1/4,1/4" ],"desc": "-1","geom": "point","label": "d","mult": 4 },{ "coord": [ "1/4,1/4,1/4","3/4,3/4,1/4","1/4,3/4,3/4","3/4,1/4,3/4" ],"desc": "-1","geom": "point","label": "c","mult": 4 },{ "coord": [ "1/2,1/2,0","0,0,1/2" ],"desc": "-4..","geom": "point","label": "b","mult": 2 },{ "coord": [ "1/2,1/2,1/2","0,0,0" ],"desc": "-4..","geom": "point","label": "a","mult": 2 } ] } },{ "clegId": "86:a-b,a+b,c;-1/4,-1/4,-1/4","det": 2.0,"gen": [ "x,y,z","-x,-y,z","-y,x+1/2,z+1/2","-x,-y+1/2,-z+1/2","x+1/2,y+1/2,z","-x+1/2,-y+1/2,z","-y+1/2,x,z+1/2","-x+1/2,-y,-z+1/2" ],"gp": [ "x,y,z","-x,-y,z","-y,x+1/2,z+1/2","y,-x+1/2,z+1/2","-x,-y+1/2,-z+1/2","x,y+1/2,-z+1/2","y+1/2,-x+1/2,-z","-y+1/2,x+1/2,-z","x+1/2,y+1/2,z","-x+1/2,-y+1/2,z","-y+1/2,x,z+1/2","y+1/2,-x,z+1/2","-x+1/2,-y,-z+1/2","x+1/2,y,-z+1/2","y,-x,-z","-y,x,-z" ],"hall": "C?","hm": "C 42/e :1","id": "C_42/e_1","jmolId": "86:c1","set": 4,"sg": 86,"trm": "a-b,a+b,c;-1/4,-1/4,-1/4","wpos": { "cent": [ "1/2,1/2,0" ],"pos": [ { "desc": "1","geom": "general","label": "g","mult": 16 },{ "coord": [ "0,1/2,z+1/4","0,0,z+3/4","0,0,-z+1/4","0,1/2,-z+3/4" ],"desc": "2..","geom": "line","label": "f","mult": 8 },{ "coord": [ "1/4,3/4,z+1/4","1/4,3/4,z+3/4","3/4,3/4,-z+1/4","3/4,3/4,-z+3/4" ],"desc": "2..","geom": "line","label": "e","mult": 8 },{ "coord": [ "0,1/4,3/4","0,3/4,3/4","3/4,1/2,1/4","1/4,1/2,1/4" ],"desc": "-1","geom": "point","label": "d","mult": 8 },{ "coord": [ "0,1/4,1/4","0,3/4,1/4","3/4,1/2,3/4","1/4,1/2,3/4" ],"desc": "-1","geom": "point","label": "c","mult": 8 },{ "coord": [ "0,1/2,0","0,0,1/2" ],"desc": "-4..","geom": "point","label": "b","mult": 4 },{ "coord": [ "0,1/2,1/2","0,0,0" ],"desc": "-4..","geom": "point","label": "a","mult": 4 } ] } },{ "clegId": "86:a+b,-a+b,c","det": 2.0,"hm": "C 42/e :2'","id": "C_42/e_2'","more": true,"set": 5,"sg": 86,"trm": "a+b,-a+b,c" },{ "clegId": "86:a+b,-a+b,c;-1/4,-1/4,-1/4","det": 2.0,"hm": "C 42/e :1'","id": "C_42/e_1'","more": true,"set": 6,"sg": 86,"trm": "a+b,-a+b,c;-1/4,-1/4,-1/4" } ],"n": 6,"sg": 86 }