{ "its": [ { "clegId": "81:a,b,c","det": 1.0,"gen": [ "x,y,z","-x,-y,z","y,-x,-z" ],"gp": [ "x,y,z","-x,-y,z","y,-x,-z","-y,x,-z" ],"hall": "P -4","hm": "P -4","id": "P_-4","jmolId": "81","set": 1,"sg": 81,"trm": "a,b,c","wpos": { "pos": [ { "desc": "1","geom": "general","label": "h","mult": 4 },{ "coord": [ "0,1/2,z","1/2,0,-z" ],"desc": "2..","geom": "line","label": "g","mult": 2 },{ "coord": [ "1/2,1/2,z","1/2,1/2,-z" ],"desc": "2..","geom": "line","label": "f","mult": 2 },{ "coord": [ "0,0,z","0,0,-z" ],"desc": "2..","geom": "line","label": "e","mult": 2 },{ "coord": [ "1/2,1/2,1/2" ],"desc": "-4..","geom": "point","label": "d","mult": 1 },{ "coord": [ "1/2,1/2,0" ],"desc": "-4..","geom": "point","label": "c","mult": 1 },{ "coord": [ "0,0,1/2" ],"desc": "-4..","geom": "point","label": "b","mult": 1 },{ "coord": [ "0,0,0" ],"desc": "-4..","geom": "point","label": "a","mult": 1 } ] } },{ "clegId": "81:a-b,a+b,c","det": 2.0,"gen": [ "x,y,z","-x,-y,z","y,-x,-z","x+1/2,y+1/2,z","-x+1/2,-y+1/2,z","y+1/2,-x+1/2,-z" ],"gp": [ "x,y,z","-x,-y,z","y,-x,-z","-y,x,-z","x+1/2,y+1/2,z","-x+1/2,-y+1/2,z","y+1/2,-x+1/2,-z","-y+1/2,x+1/2,-z" ],"hall": "C -4","hm": "C -4","id": "C_-4","jmolId": "81:c","set": 2,"sg": 81,"trm": "a-b,a+b,c","wpos": { "cent": [ "1/2,1/2,0" ],"pos": [ { "desc": "1","geom": "general","label": "h","mult": 8 },{ "coord": [ "3/4,1/4,z","1/4,1/4,-z" ],"desc": "2..","geom": "line","label": "g","mult": 4 },{ "coord": [ "0,1/2,z","0,1/2,-z" ],"desc": "2..","geom": "line","label": "f","mult": 4 },{ "coord": [ "0,0,z","0,0,-z" ],"desc": "2..","geom": "line","label": "e","mult": 4 },{ "coord": [ "0,1/2,1/2" ],"desc": "-4..","geom": "point","label": "d","mult": 2 },{ "coord": [ "0,1/2,0" ],"desc": "-4..","geom": "point","label": "c","mult": 2 },{ "coord": [ "0,0,1/2" ],"desc": "-4..","geom": "point","label": "b","mult": 2 },{ "coord": [ "0,0,0" ],"desc": "-4..","geom": "point","label": "a","mult": 2 } ] } },{ "clegId": "81:a+b,-a+b,c","det": 2.0,"hm": "C -4'","id": "C_-4'","more": true,"set": 3,"sg": 81,"trm": "a+b,-a+b,c" } ],"n": 3,"sg": 81 }