{ "its": [ { "clegId": "7:a,b,c","det": 1.0,"gen": [ "x,y,z","x,-y,z+1/2" ],"gp": [ "x,y,z","x,-y,z+1/2" ],"hall": "P -2yc","hm": "P 1 c 1","id": "P_1_c_1","jmolId": "7:b1","set": 1,"sg": 7,"trm": "a,b,c","wpos": { "pos": [ { "desc": "1","geom": "general","label": "a","mult": 2 } ] } },{ "clegId": "7:-a-c,b,a","det": 1.0,"gen": [ "x,y,z","x+1/2,-y,z+1/2" ],"gp": [ "x,y,z","x+1/2,-y,z+1/2" ],"hall": "P -2yac","hm": "P 1 n 1","id": "P_1_n_1","jmolId": "7:b2","set": 2,"sg": 7,"trm": "-a-c,b,a","wpos": { "pos": [ { "desc": "1","geom": "general","label": "a","mult": 2 } ] } },{ "clegId": "7:c,b,-a-c","det": 1.0,"gen": [ "x,y,z","x+1/2,-y,z" ],"gp": [ "x,y,z","x+1/2,-y,z" ],"hall": "P -2ya","hm": "P 1 a 1","id": "P_1_a_1","jmolId": "7:b3","set": 3,"sg": 7,"trm": "c,b,-a-c","wpos": { "pos": [ { "desc": "1","geom": "general","label": "a","mult": 2 } ] } },{ "clegId": "7:c,a,b","det": 1.0,"gen": [ "x,y,z","x+1/2,y,-z" ],"gp": [ "x,y,z","x+1/2,y,-z" ],"hall": "P -2a","hm": "P 1 1 a","id": "P_1_1_a","jmolId": "7:c1","set": 4,"sg": 7,"trm": "c,a,b","wpos": { "pos": [ { "desc": "1","geom": "general","label": "a","mult": 2 } ] } },{ "clegId": "7:a,-a-c,b","det": 1.0,"gen": [ "x,y,z","x+1/2,y+1/2,-z" ],"gp": [ "x,y,z","x+1/2,y+1/2,-z" ],"hall": "P -2ab","hm": "P 1 1 n","id": "P_1_1_n","jmolId": "7:c2","set": 5,"sg": 7,"trm": "a,-a-c,b","wpos": { "pos": [ { "desc": "1","geom": "general","label": "a","mult": 2 } ] } },{ "clegId": "7:-a-c,c,b","det": 1.0,"gen": [ "x,y,z","x,y+1/2,-z" ],"gp": [ "x,y,z","x,y+1/2,-z" ],"hall": "P -2b","hm": "P 1 1 b","id": "P_1_1_b","jmolId": "7:c3","set": 6,"sg": 7,"trm": "-a-c,c,b","wpos": { "pos": [ { "desc": "1","geom": "general","label": "a","mult": 2 } ] } },{ "clegId": "7:b,c,a","det": 1.0,"gen": [ "x,y,z","-x,y+1/2,z" ],"gp": [ "x,y,z","-x,y+1/2,z" ],"hall": "P -2xb","hm": "P b 1 1","id": "P_b_1_1","jmolId": "7:a1","set": 7,"sg": 7,"trm": "b,c,a","wpos": { "pos": [ { "desc": "1","geom": "general","label": "a","mult": 2 } ] } },{ "clegId": "7:b,a,-a-c","det": 1.0,"gen": [ "x,y,z","-x,y+1/2,z+1/2" ],"gp": [ "x,y,z","-x,y+1/2,z+1/2" ],"hall": "P -2xbc","hm": "P n 1 1","id": "P_n_1_1","jmolId": "7:a2","set": 8,"sg": 7,"trm": "b,a,-a-c","wpos": { "pos": [ { "desc": "1","geom": "general","label": "a","mult": 2 } ] } },{ "clegId": "7:b,-a-c,c","det": 1.0,"gen": [ "x,y,z","-x,y,z+1/2" ],"gp": [ "x,y,z","-x,y,z+1/2" ],"hall": "P -2xc","hm": "P c 1 1","id": "P_c_1_1","jmolId": "7:a3","set": 9,"sg": 7,"trm": "b,-a-c,c","wpos": { "pos": [ { "desc": "1","geom": "general","label": "a","mult": 2 } ] } },{ "clegId": "7:c,-b,a","det": 1.0,"hm": "P 1 a 1 :1'","id": "P_1_a_1_1'","more": true,"set": 10,"sg": 7,"trm": "c,-b,a" },{ "clegId": "7:a,-b,-a-c","det": 1.0,"hm": "P 1 n 1 :2'","id": "P_1_n_1_2'","more": true,"set": 11,"sg": 7,"trm": "a,-b,-a-c" },{ "clegId": "7:-a-c,-b,c","det": 1.0,"hm": "P 1 c 1 :3'","id": "P_1_c_1_3'","more": true,"set": 12,"sg": 7,"trm": "-a-c,-b,c" },{ "clegId": "7:a,c,-b","det": 1.0,"hm": "P 1 1 b :1'","id": "P_1_1_b_1'","more": true,"set": 13,"sg": 7,"trm": "a,c,-b" },{ "clegId": "7:-a-c,a,-b","det": 1.0,"hm": "P 1 1 n :2'","id": "P_1_1_n_2'","more": true,"set": 14,"sg": 7,"trm": "-a-c,a,-b" },{ "clegId": "7:c,-a-c,-b","det": 1.0,"hm": "P 1 1 a :3'","id": "P_1_1_a_3'","more": true,"set": 15,"sg": 7,"trm": "c,-a-c,-b" },{ "clegId": "7:-b,a,c","det": 1.0,"hm": "P c 1 1 :1'","id": "P_c_1_1_1'","more": true,"set": 16,"sg": 7,"trm": "-b,a,c" },{ "clegId": "7:-b,-a-c,a","det": 1.0,"hm": "P n 1 1 :2'","id": "P_n_1_1_2'","more": true,"set": 17,"sg": 7,"trm": "-b,-a-c,a" },{ "clegId": "7:-b,c,-a-c","det": 1.0,"hm": "P b 1 1 :3'","id": "P_b_1_1_3'","more": true,"set": 18,"sg": 7,"trm": "-b,c,-a-c" } ],"n": 18,"sg": 7 }