{ "its": [ { "clegId": "84:a,b,c","det": 1.0,"gen": [ "x,y,z","-x,-y,z","-y,x,z+1/2","-x,-y,-z" ],"gp": [ "x,y,z","-x,-y,z","-y,x,z+1/2","y,-x,z+1/2","-x,-y,-z","x,y,-z","y,-x,-z+1/2","-y,x,-z+1/2" ],"hall": "-P 4c","hm": "P 42/m","id": "P_42/m","jmolId": "84","set": 1,"sg": 84,"trm": "a,b,c","wpos": { "pos": [ { "desc": "1","geom": "general","label": "k","mult": 8 },{ "coord": [ "x,y,0","-x,-y,0","-y,x,1/2","y,-x,1/2" ],"desc": "m..","geom": "plane","label": "j","mult": 4 },{ "coord": [ "0,1/2,z","1/2,0,z+1/2","0,1/2,-z","1/2,0,-z+1/2" ],"desc": "2..","geom": "line","label": "i","mult": 4 },{ "coord": [ "1/2,1/2,z","1/2,1/2,z+1/2","1/2,1/2,-z","1/2,1/2,-z+1/2" ],"desc": "2..","geom": "line","label": "h","mult": 4 },{ "coord": [ "0,0,z","0,0,z+1/2","0,0,-z","0,0,-z+1/2" ],"desc": "2..","geom": "line","label": "g","mult": 4 },{ "coord": [ "1/2,1/2,1/4","1/2,1/2,3/4" ],"desc": "-4..","geom": "point","label": "f","mult": 2 },{ "coord": [ "0,0,1/4","0,0,3/4" ],"desc": "-4..","geom": "point","label": "e","mult": 2 },{ "coord": [ "0,1/2,1/2","1/2,0,0" ],"desc": "2/m..","geom": "point","label": "d","mult": 2 },{ "coord": [ "0,1/2,0","1/2,0,1/2" ],"desc": "2/m..","geom": "point","label": "c","mult": 2 },{ "coord": [ "1/2,1/2,0","1/2,1/2,1/2" ],"desc": "2/m..","geom": "point","label": "b","mult": 2 },{ "coord": [ "0,0,0","0,0,1/2" ],"desc": "2/m..","geom": "point","label": "a","mult": 2 } ] } },{ "clegId": "84:a-b,a+b,c","det": 2.0,"gen": [ "x,y,z","-x,-y,z","-y,x,z+1/2","-x,-y,-z","x+1/2,y+1/2,z","-x+1/2,-y+1/2,z","-y+1/2,x+1/2,z+1/2","-x+1/2,-y+1/2,-z" ],"gp": [ "x,y,z","-x,-y,z","-y,x,z+1/2","y,-x,z+1/2","-x,-y,-z","x,y,-z","y,-x,-z+1/2","-y,x,-z+1/2","x+1/2,y+1/2,z","-x+1/2,-y+1/2,z","-y+1/2,x+1/2,z+1/2","y+1/2,-x+1/2,z+1/2","-x+1/2,-y+1/2,-z","x+1/2,y+1/2,-z","y+1/2,-x+1/2,-z+1/2","-y+1/2,x+1/2,-z+1/2" ],"hall": "-C 4c","hm": "C 42/m","id": "C_42/m","jmolId": "84:c","set": 2,"sg": 84,"trm": "a-b,a+b,c","wpos": { "cent": [ "1/2,1/2,0" ],"pos": [ { "desc": "1","geom": "general","label": "k","mult": 16 },{ "coord": [ "1/2x-1/2y,1/2x+1/2y,0","-1/2x+1/2y,-1/2x-1/2y,0","-1/2x-1/2y,1/2x-1/2y,1/2","1/2x+1/2y,-1/2x+1/2y,1/2" ],"desc": "m..","geom": "plane","label": "j","mult": 8 },{ "coord": [ "3/4,1/4,z","1/4,1/4,z+1/2","3/4,1/4,-z","1/4,1/4,-z+1/2" ],"desc": "2..","geom": "line","label": "i","mult": 8 },{ "coord": [ "0,1/2,z","0,1/2,z+1/2","0,1/2,-z","0,1/2,-z+1/2" ],"desc": "2..","geom": "line","label": "h","mult": 8 },{ "coord": [ "0,0,z","0,0,z+1/2","0,0,-z","0,0,-z+1/2" ],"desc": "2..","geom": "line","label": "g","mult": 8 },{ "coord": [ "0,1/2,1/4","0,1/2,3/4" ],"desc": "-4..","geom": "point","label": "f","mult": 4 },{ "coord": [ "0,0,1/4","0,0,3/4" ],"desc": "-4..","geom": "point","label": "e","mult": 4 },{ "coord": [ "3/4,1/4,1/2","1/4,1/4,0" ],"desc": "2/m..","geom": "point","label": "d","mult": 4 },{ "coord": [ "3/4,1/4,0","1/4,1/4,1/2" ],"desc": "2/m..","geom": "point","label": "c","mult": 4 },{ "coord": [ "0,1/2,0","0,1/2,1/2" ],"desc": "2/m..","geom": "point","label": "b","mult": 4 },{ "coord": [ "0,0,0","0,0,1/2" ],"desc": "2/m..","geom": "point","label": "a","mult": 4 } ] } },{ "clegId": "84:a+b,-a+b,c","det": 2.0,"hm": "C 42/m'","id": "C_42/m'","more": true,"set": 3,"sg": 84,"trm": "a+b,-a+b,c" } ],"n": 3,"sg": 84 }