{ "its": [ { "clegId": "79:a,b,c","det": 1.0,"gen": [ "x,y,z","-x,-y,z","-y,x,z","x+1/2,y+1/2,z+1/2" ],"gp": [ "x,y,z","-x,-y,z","-y,x,z","y,-x,z","x+1/2,y+1/2,z+1/2","-x+1/2,-y+1/2,z+1/2","-y+1/2,x+1/2,z+1/2","y+1/2,-x+1/2,z+1/2" ],"hall": "I 4","hm": "I 4","id": "I_4","jmolId": "79","set": 1,"sg": 79,"trm": "a,b,c","wpos": { "cent": [ "1/2,1/2,1/2" ],"pos": [ { "desc": "1","geom": "general","label": "c","mult": 8 },{ "coord": [ "0,1/2,z","1/2,0,z" ],"desc": "2..","geom": "line","label": "b","mult": 4 },{ "coord": [ "0,0,z" ],"desc": "4..","geom": "line","label": "a","mult": 2 } ] } },{ "clegId": "79:a-b,a+b,c","det": 2.0,"gen": [ "x,y,z","-x,-y,z","-y,x,z","x,y+1/2,z+1/2","x+1/2,y+1/2,z","-x+1/2,-y+1/2,z","-y+1/2,x+1/2,z","x+1/2,y,z+1/2" ],"gp": [ "x,y,z","-x,-y,z","-y,x,z","y,-x,z","x,y+1/2,z+1/2","-x,-y+1/2,z+1/2","-y,x+1/2,z+1/2","y,-x+1/2,z+1/2","x+1/2,y+1/2,z","-x+1/2,-y+1/2,z","-y+1/2,x+1/2,z","y+1/2,-x+1/2,z","x+1/2,y,z+1/2","-x+1/2,-y,z+1/2","-y+1/2,x,z+1/2","y+1/2,-x,z+1/2" ],"hall": "F 4","hm": "F 4","id": "F_4","jmolId": "79:f","set": 2,"sg": 79,"trm": "a-b,a+b,c","wpos": { "cent": [ "0,1/2,1/2","1/2,0,1/2","1/2,1/2,0" ],"pos": [ { "desc": "1","geom": "general","label": "c","mult": 16 },{ "coord": [ "3/4,1/4,z","1/4,1/4,z" ],"desc": "2..","geom": "line","label": "b","mult": 8 },{ "coord": [ "0,0,z" ],"desc": "4..","geom": "line","label": "a","mult": 4 } ] } },{ "clegId": "79:a+b,-a+b,c","det": 2.0,"hm": "F 4'","id": "F_4'","more": true,"set": 3,"sg": 79,"trm": "a+b,-a+b,c" } ],"n": 3,"sg": 79 }