{ "its": [ { "clegId": "37:a,b,c","det": 1.0,"gen": [ "x,y,z","-x,-y,z","x,-y,z+1/2","x+1/2,y+1/2,z" ],"gp": [ "x,y,z","-x,-y,z","x,-y,z+1/2","-x,y,z+1/2","x+1/2,y+1/2,z","-x+1/2,-y+1/2,z","x+1/2,-y+1/2,z+1/2","-x+1/2,y+1/2,z+1/2" ],"hall": "C 2 -2c","hm": "C c c 2","id": "C_c_c_2","jmolId": "37","set": 1,"sg": 37,"trm": "a,b,c","wpos": { "cent": [ "1/2,1/2,0" ],"pos": [ { "desc": "1","geom": "general","label": "d","mult": 8 },{ "coord": [ "1/4,1/4,z","1/4,3/4,z+1/2" ],"desc": "..2","geom": "line","label": "c","mult": 4 },{ "coord": [ "0,1/2,z","0,1/2,z+1/2" ],"desc": "..2","geom": "line","label": "b","mult": 4 },{ "coord": [ "0,0,z","0,0,z+1/2" ],"desc": "..2","geom": "line","label": "a","mult": 4 } ] } },{ "clegId": "37:c,a,b","det": 1.0,"gen": [ "x,y,z","x,-y,-z","x+1/2,y,-z","x,y+1/2,z+1/2" ],"gp": [ "x,y,z","x,-y,-z","x+1/2,y,-z","x+1/2,-y,z","x,y+1/2,z+1/2","x,-y+1/2,-z+1/2","x+1/2,y+1/2,-z+1/2","x+1/2,-y+1/2,z+1/2" ],"hall": "A -2a 2","hm": "A 2 a a","id": "A_2_a_a","jmolId": "37:cab","set": 2,"sg": 37,"trm": "c,a,b","wpos": { "cent": [ "0,1/2,1/2" ],"pos": [ { "desc": "1","geom": "general","label": "d","mult": 8 },{ "coord": [ "z,1/4,1/4","z+1/2,1/4,3/4" ],"desc": "..2","geom": "line","label": "c","mult": 4 },{ "coord": [ "z,0,1/2","z+1/2,0,1/2" ],"desc": "..2","geom": "line","label": "b","mult": 4 },{ "coord": [ "z,0,0","z+1/2,0,0" ],"desc": "..2","geom": "line","label": "a","mult": 4 } ] } },{ "clegId": "37:b,c,a","det": 1.0,"gen": [ "x,y,z","-x,y,-z","-x,y+1/2,z","x+1/2,y,z+1/2" ],"gp": [ "x,y,z","-x,y,-z","-x,y+1/2,z","x,y+1/2,-z","x+1/2,y,z+1/2","-x+1/2,y,-z+1/2","-x+1/2,y+1/2,z+1/2","x+1/2,y+1/2,-z+1/2" ],"hall": "B -2b -2b","hm": "B b 2 b","id": "B_b_2_b","jmolId": "37:bca","set": 3,"sg": 37,"trm": "b,c,a","wpos": { "cent": [ "1/2,0,1/2" ],"pos": [ { "desc": "1","geom": "general","label": "d","mult": 8 },{ "coord": [ "1/4,z,1/4","3/4,z+1/2,1/4" ],"desc": "..2","geom": "line","label": "c","mult": 4 },{ "coord": [ "1/2,z,0","1/2,z+1/2,0" ],"desc": "..2","geom": "line","label": "b","mult": 4 },{ "coord": [ "0,z,0","0,z+1/2,0" ],"desc": "..2","geom": "line","label": "a","mult": 4 } ] } } ],"n": 3,"sg": 37 }