[ { "clegId": "p/1:a,b,c","det": 1.0,"gen": [ "x,y,z" ],"gp": [ "x,y,z" ],"hm": "p/p 1","id": "plane_p_1","set": 1,"sg": 1,"trm": "a,b,c","wpos": { "pos": [ { "desc": "1","geom": "general","label": "a","mult": 1 } ] } },{ "clegId": "p/2:a,b,c","det": 1.0,"gen": [ "x,y,z","-x,-y,z" ],"gp": [ "x,y,z","-x,-y,z" ],"hm": "p/p 2","id": "plane_p_2","set": 1,"sg": 2,"trm": "a,b,c","wpos": { "pos": [ { "desc": "1","geom": "general","label": "e","mult": 2 },{ "coord": [ "1/2,1/2,0" ],"desc": "2","geom": "point","label": "d","mult": 1 },{ "coord": [ "1/2,0,0" ],"desc": "2","geom": "point","label": "c","mult": 1 },{ "coord": [ "0,1/2,0" ],"desc": "2","geom": "point","label": "b","mult": 1 },{ "coord": [ "0,0,0" ],"desc": "2","geom": "point","label": "a","mult": 1 } ] } },{ "clegId": "p/3:a,b,c","det": 1.0,"gen": [ "x,y,z","-x,y,z" ],"gp": [ "x,y,z","-x,y,z" ],"hm": "p/p 1 m 1","id": "plane_p_1_m_1","set": 1,"sg": 3,"trm": "a,b,c","wpos": { "pos": [ { "desc": "1","geom": "general","label": "c","mult": 2 },{ "coord": [ "1/2,y,0" ],"desc": ".m.","geom": "line","label": "b","mult": 1 },{ "coord": [ "0,y,0" ],"desc": ".m.","geom": "line","label": "a","mult": 1 } ] } },{ "clegId": "p/4:a,b,c","det": 1.0,"gen": [ "x,y,z","-x,y+1/2,z" ],"gp": [ "x,y,z","-x,y+1/2,z" ],"hm": "p/p 1 g 1","id": "plane_p_1_g_1","set": 1,"sg": 4,"trm": "a,b,c","wpos": { "pos": [ { "desc": "1","geom": "general","label": "a","mult": 2 } ] } },{ "clegId": "p/5:a,b,c","det": 1.0,"gen": [ "x,y,z","-x,y,z","x+1/2,y+1/2,z" ],"gp": [ "x,y,z","-x,y,z","x+1/2,y+1/2,z","-x+1/2,y+1/2,z" ],"hm": "p/c 1 m 1","id": "plane_c_1_m_1","set": 1,"sg": 5,"trm": "a,b,c","wpos": { "cent": [ "1/2,1/2,0" ],"pos": [ { "desc": "1","geom": "general","label": "b","mult": 4 },{ "coord": [ "0,y,0" ],"desc": ".m.","geom": "line","label": "a","mult": 2 } ] } },{ "clegId": "p/6:a,b,c","det": 1.0,"gen": [ "x,y,z","-x,-y,z","-x,y,z" ],"gp": [ "x,y,z","-x,-y,z","-x,y,z","x,-y,z" ],"hm": "p/p 2 m m","id": "plane_p_2_m_m","set": 1,"sg": 6,"trm": "a,b,c","wpos": { "pos": [ { "desc": "1","geom": "general","label": "i","mult": 4 },{ "coord": [ "1/2,y,0","1/2,-y,0" ],"desc": ".m.","geom": "line","label": "h","mult": 2 },{ "coord": [ "0,y,0","0,-y,0" ],"desc": ".m.","geom": "line","label": "g","mult": 2 },{ "coord": [ "x,1/2,0","-x,1/2,0" ],"desc": "..m","geom": "line","label": "f","mult": 2 },{ "coord": [ "x,0,0","-x,0,0" ],"desc": "..m","geom": "line","label": "e","mult": 2 },{ "coord": [ "1/2,1/2,0" ],"desc": "2mm","geom": "point","label": "d","mult": 1 },{ "coord": [ "1/2,0,0" ],"desc": "2mm","geom": "point","label": "c","mult": 1 },{ "coord": [ "0,1/2,0" ],"desc": "2mm","geom": "point","label": "b","mult": 1 },{ "coord": [ "0,0,0" ],"desc": "2mm","geom": "point","label": "a","mult": 1 } ] } },{ "clegId": "p/7:a,b,c","det": 1.0,"gen": [ "x,y,z","-x,-y,z","-x+1/2,y,z" ],"gp": [ "x,y,z","-x,-y,z","-x+1/2,y,z","x+1/2,-y,z" ],"hm": "p/p 2 m g","id": "plane_p_2_m_g","set": 1,"sg": 7,"trm": "a,b,c","wpos": { "pos": [ { "desc": "1","geom": "general","label": "d","mult": 4 },{ "coord": [ "1/4,y,0","3/4,-y,0" ],"desc": ".m.","geom": "line","label": "c","mult": 2 },{ "coord": [ "0,1/2,0","1/2,1/2,0" ],"desc": "2..","geom": "point","label": "b","mult": 2 },{ "coord": [ "0,0,0","1/2,0,0" ],"desc": "2..","geom": "point","label": "a","mult": 2 } ] } },{ "clegId": "p/8:a,b,c","det": 1.0,"gen": [ "x,y,z","-x,-y,z","-x+1/2,y+1/2,z" ],"gp": [ "x,y,z","-x,-y,z","-x+1/2,y+1/2,z","x+1/2,-y+1/2,z" ],"hm": "p/p 2 g g","id": "plane_p_2_g_g","set": 1,"sg": 8,"trm": "a,b,c","wpos": { "pos": [ { "desc": "1","geom": "general","label": "c","mult": 4 },{ "coord": [ "1/2,0,0","0,1/2,0" ],"desc": "2..","geom": "point","label": "b","mult": 2 },{ "coord": [ "0,0,0","1/2,1/2,0" ],"desc": "2..","geom": "point","label": "a","mult": 2 } ] } },{ "clegId": "p/9:a,b,c","det": 1.0,"gen": [ "x,y,z","-x,-y,z","-x,y,z","x+1/2,y+1/2,z" ],"gp": [ "x,y,z","-x,-y,z","-x,y,z","x,-y,z","x+1/2,y+1/2,z","-x+1/2,-y+1/2,z","-x+1/2,y+1/2,z","x+1/2,-y+1/2,z" ],"hm": "p/c 2 m m","id": "plane_c_2_m_m","set": 1,"sg": 9,"trm": "a,b,c","wpos": { "cent": [ "1/2,1/2,0" ],"pos": [ { "desc": "1","geom": "general","label": "f","mult": 8 },{ "coord": [ "0,y,0","0,-y,0" ],"desc": ".m.","geom": "line","label": "e","mult": 4 },{ "coord": [ "x,0,0","-x,0,0" ],"desc": "..m","geom": "line","label": "d","mult": 4 },{ "coord": [ "1/4,1/4,0","3/4,1/4,0" ],"desc": "2..","geom": "point","label": "c","mult": 4 },{ "coord": [ "0,1/2,0" ],"desc": "2mm","geom": "point","label": "b","mult": 2 },{ "coord": [ "0,0,0" ],"desc": "2mm","geom": "point","label": "a","mult": 2 } ] } },{ "clegId": "p/10:a,b,c","det": 1.0,"gen": [ "x,y,z","-x,-y,z","-y,x,z" ],"gp": [ "x,y,z","-x,-y,z","-y,x,z","y,-x,z" ],"hm": "p/p 4","id": "plane_p_4","set": 1,"sg": 10,"trm": "a,b,c","wpos": { "pos": [ { "desc": "1","geom": "general","label": "d","mult": 4 },{ "coord": [ "1/2,0,0","0,1/2,0" ],"desc": "2..","geom": "point","label": "c","mult": 2 },{ "coord": [ "1/2,1/2,0" ],"desc": "4..","geom": "point","label": "b","mult": 1 },{ "coord": [ "0,0,0" ],"desc": "4..","geom": "point","label": "a","mult": 1 } ] } },{ "clegId": "p/11:a,b,c","det": 1.0,"gen": [ "x,y,z","-x,-y,z","-y,x,z","-x,y,z" ],"gp": [ "x,y,z","-x,-y,z","-y,x,z","y,-x,z","-x,y,z","x,-y,z","y,x,z","-y,-x,z" ],"hm": "p/p 4 m m","id": "plane_p_4_m_m","set": 1,"sg": 11,"trm": "a,b,c","wpos": { "pos": [ { "desc": "1","geom": "general","label": "g","mult": 8 },{ "coord": [ "x,x,0","-x,-x,0","-x,x,0","x,-x,0" ],"desc": "..m","geom": "line","label": "f","mult": 4 },{ "coord": [ "x,1/2,0","-x,1/2,0","1/2,x,0","1/2,-x,0" ],"desc": ".m.","geom": "line","label": "e","mult": 4 },{ "coord": [ "x,0,0","-x,0,0","0,x,0","0,-x,0" ],"desc": ".m.","geom": "line","label": "d","mult": 4 },{ "coord": [ "1/2,0,0","0,1/2,0" ],"desc": "2mm.","geom": "point","label": "c","mult": 2 },{ "coord": [ "1/2,1/2,0" ],"desc": "4mm","geom": "point","label": "b","mult": 1 },{ "coord": [ "0,0,0" ],"desc": "4mm","geom": "point","label": "a","mult": 1 } ] } },{ "clegId": "p/12:a,b,c","det": 1.0,"gen": [ "x,y,z","-x,-y,z","-y,x,z","-x+1/2,y+1/2,z" ],"gp": [ "x,y,z","-x,-y,z","-y,x,z","y,-x,z","-x+1/2,y+1/2,z","x+1/2,-y+1/2,z","y+1/2,x+1/2,z","-y+1/2,-x+1/2,z" ],"hm": "p/p 4 g m","id": "plane_p_4_g_m","set": 1,"sg": 12,"trm": "a,b,c","wpos": { "pos": [ { "desc": "1","geom": "general","label": "d","mult": 8 },{ "coord": [ "x,x+1/2,0","-x,-x+1/2,0","-x+1/2,x,0","x+1/2,-x,0" ],"desc": "..m","geom": "line","label": "c","mult": 4 },{ "coord": [ "1/2,0,0","0,1/2,0" ],"desc": "2.mm","geom": "point","label": "b","mult": 2 },{ "coord": [ "0,0,0","1/2,1/2,0" ],"desc": "4..","geom": "point","label": "a","mult": 2 } ] } },{ "clegId": "p/13:a,b,c","det": 1.0,"gen": [ "x,y,z","-y,x-y,z" ],"gp": [ "x,y,z","-y,x-y,z","-x+y,-x,z" ],"hm": "p/p 3","id": "plane_p_3","set": 1,"sg": 13,"trm": "a,b,c","wpos": { "pos": [ { "desc": "1","geom": "general","label": "d","mult": 3 },{ "coord": [ "2/3,1/3,0" ],"desc": "3..","geom": "point","label": "c","mult": 1 },{ "coord": [ "1/3,2/3,0" ],"desc": "3..","geom": "point","label": "b","mult": 1 },{ "coord": [ "0,0,0" ],"desc": "3..","geom": "point","label": "a","mult": 1 } ] } },{ "clegId": "p/14:a,b,c","det": 1.0,"gen": [ "x,y,z","-y,x-y,z","-y,-x,z" ],"gp": [ "x,y,z","-y,x-y,z","-x+y,-x,z","-y,-x,z","-x+y,y,z","x,x-y,z" ],"hm": "p/p 3 m 1","id": "plane_p_3_m_1","set": 1,"sg": 14,"trm": "a,b,c","wpos": { "pos": [ { "desc": "1","geom": "general","label": "e","mult": 6 },{ "coord": [ "x,-x,0","x,2x,0","-2x,-x,0" ],"desc": ".m.","geom": "line","label": "d","mult": 3 },{ "coord": [ "2/3,1/3,0" ],"desc": "3m.","geom": "point","label": "c","mult": 1 },{ "coord": [ "1/3,2/3,0" ],"desc": "3m.","geom": "point","label": "b","mult": 1 },{ "coord": [ "0,0,0" ],"desc": "3m.","geom": "point","label": "a","mult": 1 } ] } },{ "clegId": "p/15:a,b,c","det": 1.0,"gen": [ "x,y,z","-y,x-y,z","y,x,z" ],"gp": [ "x,y,z","-y,x-y,z","-x+y,-x,z","y,x,z","x-y,-y,z","-x,-x+y,z" ],"hm": "p/p 3 1 m","id": "plane_p_3_1_m","set": 1,"sg": 15,"trm": "a,b,c","wpos": { "pos": [ { "desc": "1","geom": "general","label": "d","mult": 6 },{ "coord": [ "x,0,0","0,x,0","-x,-x,0" ],"desc": "..m","geom": "line","label": "c","mult": 3 },{ "coord": [ "1/3,2/3,0","2/3,1/3,0" ],"desc": "3..","geom": "point","label": "b","mult": 2 },{ "coord": [ "0,0,0" ],"desc": "3.m","geom": "point","label": "a","mult": 1 } ] } },{ "clegId": "p/16:a,b,c","det": 1.0,"gen": [ "x,y,z","-y,x-y,z","-x,-y,z" ],"gp": [ "x,y,z","-y,x-y,z","-x+y,-x,z","-x,-y,z","y,-x+y,z","x-y,x,z" ],"hm": "p/p 6","id": "plane_p_6","set": 1,"sg": 16,"trm": "a,b,c","wpos": { "pos": [ { "desc": "1","geom": "general","label": "d","mult": 6 },{ "coord": [ "1/2,0,0","0,1/2,0","1/2,1/2,0" ],"desc": "2..","geom": "point","label": "c","mult": 3 },{ "coord": [ "1/3,2/3,0","2/3,1/3,0" ],"desc": "3..","geom": "point","label": "b","mult": 2 },{ "coord": [ "0,0,0" ],"desc": "6..","geom": "point","label": "a","mult": 1 } ] } },{ "clegId": "p/17:a,b,c","det": 1.0,"gen": [ "x,y,z","-y,x-y,z","-x,-y,z","-y,-x,z" ],"gp": [ "x,y,z","-y,x-y,z","-x+y,-x,z","-x,-y,z","y,-x+y,z","x-y,x,z","-y,-x,z","-x+y,y,z","x,x-y,z","y,x,z","x-y,-y,z","-x,-x+y,z" ],"hm": "p/p 6 m m","id": "plane_p_6_m_m","set": 1,"sg": 17,"trm": "a,b,c","wpos": { "pos": [ { "desc": "1","geom": "general","label": "f","mult": 12 },{ "coord": [ "x,-x,0","x,2x,0","-2x,-x,0","-x,x,0","-x,-2x,0","2x,x,0" ],"desc": ".m.","geom": "line","label": "e","mult": 6 },{ "coord": [ "x,0,0","0,x,0","-x,-x,0","-x,0,0","0,-x,0","x,x,0" ],"desc": "..m","geom": "line","label": "d","mult": 6 },{ "coord": [ "1/2,0,0","0,1/2,0","1/2,1/2,0" ],"desc": "2mm","geom": "point","label": "c","mult": 3 },{ "coord": [ "1/3,2/3,0","2/3,1/3,0" ],"desc": "3m.","geom": "point","label": "b","mult": 2 },{ "coord": [ "0,0,0" ],"desc": "6mm","geom": "point","label": "a","mult": 1 } ] } } ]