[ { "clegId": "l/1:a,b,c","det": 1.0,"gen": [ "x,y,z" ],"gp": [ "x,y,z" ],"hm": "l/p 1","id": "layer_p_1","set": 1,"sg": 1,"subtype": "layer","trm": "a,b,c","wpos": { "pos": [ { "desc": "1","geom": "general","label": "a","mult": 1 } ] } },{ "clegId": "l/2:a,b,c","det": 1.0,"gen": [ "x,y,z","-x,-y,-z" ],"gp": [ "x,y,z","-x,-y,-z" ],"hm": "l/p -1","id": "layer_p_-1","set": 1,"sg": 2,"subtype": "layer","trm": "a,b,c","wpos": { "pos": [ { "desc": "1","geom": "general","label": "e","mult": 2 },{ "coord": [ "1/2,1/2,0" ],"desc": "-1","geom": "point","label": "d","mult": 1 },{ "coord": [ "1/2,0,0" ],"desc": "-1","geom": "point","label": "c","mult": 1 },{ "coord": [ "0,1/2,0" ],"desc": "-1","geom": "point","label": "b","mult": 1 },{ "coord": [ "0,0,0" ],"desc": "-1","geom": "point","label": "a","mult": 1 } ] } },{ "clegId": "l/3:a,b,c","det": 1.0,"gen": [ "x,y,z","-x,-y,z" ],"gp": [ "x,y,z","-x,-y,z" ],"hm": "l/p 1 1 2","id": "layer_p_1_1_2","set": 1,"sg": 3,"subtype": "layer","trm": "a,b,c","wpos": { "pos": [ { "desc": "1","geom": "general","label": "e","mult": 2 },{ "coord": [ "1/2,1/2,z" ],"desc": "2","geom": "line","label": "d","mult": 1 },{ "coord": [ "1/2,0,z" ],"desc": "2","geom": "line","label": "c","mult": 1 },{ "coord": [ "0,1/2,z" ],"desc": "2","geom": "line","label": "b","mult": 1 },{ "coord": [ "0,0,z" ],"desc": "2","geom": "line","label": "a","mult": 1 } ] } },{ "clegId": "l/4:a,b,c","det": 1.0,"gen": [ "x,y,z","x,y,-z" ],"gp": [ "x,y,z","x,y,-z" ],"hm": "l/p 1 1 m","id": "layer_p_1_1_m","set": 1,"sg": 4,"subtype": "layer","trm": "a,b,c","wpos": { "pos": [ { "desc": "1","geom": "general","label": "b","mult": 2 },{ "coord": [ "x,y,0" ],"desc": "m","geom": "plane","label": "a","mult": 1 } ] } },{ "clegId": "l/5:a,b,c","det": 1.0,"gen": [ "x,y,z","x+1/2,y,-z" ],"gp": [ "x,y,z","x+1/2,y,-z" ],"hm": "l/p 1 1 a","id": "layer_p_1_1_a","set": 1,"sg": 5,"subtype": "layer","trm": "a,b,c","wpos": { "pos": [ { "desc": "1","geom": "general","label": "a","mult": 2 } ] } },{ "clegId": "l/5:b,-a-b,c","det": 1.0,"gen": [ "x,y,z","x+1/2,y+1/2,-z" ],"gp": [ "x,y,z","x+1/2,y+1/2,-z" ],"hm": "l/p 1 1 n","id": "layer_p_1_1_n","set": 2,"sg": 5,"subtype": "layer","trm": "b,-a-b,c","wpos": { "pos": [ { "desc": "1","geom": "general","label": "a","mult": 2 } ] } },{ "clegId": "l/5:-a-b,a,c","det": 1.0,"gen": [ "x,y,z","x,y+1/2,-z" ],"gp": [ "x,y,z","x,y+1/2,-z" ],"hm": "l/p 1 1 b","id": "layer_p_1_1_b","set": 3,"sg": 5,"subtype": "layer","trm": "-a-b,a,c","wpos": { "pos": [ { "desc": "1","geom": "general","label": "a","mult": 2 } ] } },{ "clegId": "l/6:a,b,c","det": 1.0,"gen": [ "x,y,z","-x,-y,z","-x,-y,-z" ],"gp": [ "x,y,z","-x,-y,z","-x,-y,-z","x,y,-z" ],"hm": "l/p 1 1 2/m","id": "layer_p_1_1_2/m","set": 1,"sg": 6,"subtype": "layer","trm": "a,b,c","wpos": { "pos": [ { "desc": "1","geom": "general","label": "j","mult": 4 },{ "coord": [ "x,y,0","-x,-y,0" ],"desc": "m","geom": "plane","label": "i","mult": 2 },{ "coord": [ "1/2,1/2,z","1/2,1/2,-z" ],"desc": "2","geom": "line","label": "h","mult": 2 },{ "coord": [ "1/2,0,z","1/2,0,-z" ],"desc": "2","geom": "line","label": "g","mult": 2 },{ "coord": [ "0,1/2,z","0,1/2,-z" ],"desc": "2","geom": "line","label": "f","mult": 2 },{ "coord": [ "0,0,z","0,0,-z" ],"desc": "2","geom": "line","label": "e","mult": 2 },{ "coord": [ "1/2,1/2,0" ],"desc": "2/m","geom": "point","label": "d","mult": 1 },{ "coord": [ "0,1/2,0" ],"desc": "2/m","geom": "point","label": "c","mult": 1 },{ "coord": [ "1/2,0,0" ],"desc": "2/m","geom": "point","label": "b","mult": 1 },{ "coord": [ "0,0,0" ],"desc": "2/m","geom": "point","label": "a","mult": 1 } ] } },{ "clegId": "l/7:a,b,c","det": 1.0,"gen": [ "x,y,z","-x+1/2,-y,z","-x,-y,-z" ],"gp": [ "x,y,z","-x+1/2,-y,z","-x,-y,-z","x+1/2,y,-z" ],"hm": "l/p 1 1 2/a","id": "layer_p_1_1_2/a","set": 1,"sg": 7,"subtype": "layer","trm": "a,b,c","wpos": { "pos": [ { "desc": "1","geom": "general","label": "e","mult": 4 },{ "coord": [ "1/4,1/2,z","3/4,1/2,-z" ],"desc": "2","geom": "line","label": "d","mult": 2 },{ "coord": [ "1/4,0,z","3/4,0,-z" ],"desc": "2","geom": "line","label": "c","mult": 2 },{ "coord": [ "0,1/2,0","1/2,1/2,0" ],"desc": "-1","geom": "point","label": "b","mult": 2 },{ "coord": [ "0,0,0","1/2,0,0" ],"desc": "-1","geom": "point","label": "a","mult": 2 } ] } },{ "clegId": "l/7:b,-a-b,c","det": 1.0,"gen": [ "x,y,z","-x+1/2,-y+1/2,z","-x,-y,-z" ],"gp": [ "x,y,z","-x+1/2,-y+1/2,z","-x,-y,-z","x+1/2,y+1/2,-z" ],"hm": "l/p 1 1 2/n","id": "layer_p_1_1_2/n","set": 2,"sg": 7,"subtype": "layer","trm": "b,-a-b,c","wpos": { "pos": [ { "desc": "1","geom": "general","label": "e","mult": 4 },{ "coord": [ "1/4,-1/4,z","-1/4,-3/4,-z" ],"desc": "2","geom": "line","label": "d","mult": 2 },{ "coord": [ "-1/4,-1/4,z","-3/4,-3/4,-z" ],"desc": "2","geom": "line","label": "c","mult": 2 },{ "coord": [ "1/2,0,0","0,-1/2,0" ],"desc": "-1","geom": "point","label": "b","mult": 2 },{ "coord": [ "0,0,0","-1/2,-1/2,0" ],"desc": "-1","geom": "point","label": "a","mult": 2 } ] } },{ "clegId": "l/7:-a-b,a,c","det": 1.0,"gen": [ "x,y,z","-x,-y+1/2,z","-x,-y,-z" ],"gp": [ "x,y,z","-x,-y+1/2,z","-x,-y,-z","x,y+1/2,-z" ],"hm": "l/p 1 1 2/b","id": "layer_p_1_1_2/b","set": 3,"sg": 7,"subtype": "layer","trm": "-a-b,a,c","wpos": { "pos": [ { "desc": "1","geom": "general","label": "e","mult": 4 },{ "coord": [ "-1/2,-1/4,z","-1/2,1/4,-z" ],"desc": "2","geom": "line","label": "d","mult": 2 },{ "coord": [ "0,1/4,z","0,3/4,-z" ],"desc": "2","geom": "line","label": "c","mult": 2 },{ "coord": [ "-1/2,-1/2,0","-1/2,0,0" ],"desc": "-1","geom": "point","label": "b","mult": 2 },{ "coord": [ "0,0,0","0,1/2,0" ],"desc": "-1","geom": "point","label": "a","mult": 2 } ] } },{ "clegId": "l/8:a,b,c","det": 1.0,"gen": [ "x,y,z","x,-y,-z" ],"gp": [ "x,y,z","x,-y,-z" ],"hm": "l/p 2 1 1","id": "layer_p_2_1_1","set": 1,"sg": 8,"subtype": "layer","trm": "a,b,c","wpos": { "pos": [ { "desc": "1","geom": "general","label": "c","mult": 2 },{ "coord": [ "x,1/2,0" ],"desc": "2","geom": "line","label": "b","mult": 1 },{ "coord": [ "x,0,0" ],"desc": "2","geom": "line","label": "a","mult": 1 } ] } },{ "clegId": "l/8:b,-a,c","det": 1.0,"gen": [ "x,y,z","-x,y,-z" ],"gp": [ "x,y,z","-x,y,-z" ],"hm": "l/p 1 2 1","id": "layer_p_1_2_1","set": 2,"sg": 8,"subtype": "layer","trm": "b,-a,c","wpos": { "pos": [ { "desc": "1","geom": "general","label": "c","mult": 2 },{ "coord": [ "1/2,-x,0" ],"desc": "2","geom": "line","label": "b","mult": 1 },{ "coord": [ "0,-x,0" ],"desc": "2","geom": "line","label": "a","mult": 1 } ] } },{ "clegId": "l/9:a,b,c","det": 1.0,"gen": [ "x,y,z","x+1/2,-y,-z" ],"gp": [ "x,y,z","x+1/2,-y,-z" ],"hm": "l/p 21 1 1","id": "layer_p_21_1_1","set": 1,"sg": 9,"subtype": "layer","trm": "a,b,c","wpos": { "pos": [ { "desc": "1","geom": "general","label": "a","mult": 2 } ] } },{ "clegId": "l/9:b,-a,c","det": 1.0,"gen": [ "x,y,z","-x,y+1/2,-z" ],"gp": [ "x,y,z","-x,y+1/2,-z" ],"hm": "l/p 1 21 1","id": "layer_p_1_21_1","set": 2,"sg": 9,"subtype": "layer","trm": "b,-a,c","wpos": { "pos": [ { "desc": "1","geom": "general","label": "a","mult": 2 } ] } },{ "clegId": "l/10:a,b,c","det": 1.0,"gen": [ "x,y,z","x,-y,-z","x+1/2,y+1/2,z" ],"gp": [ "x,y,z","x,-y,-z","x+1/2,y+1/2,z","x+1/2,-y+1/2,-z" ],"hm": "l/c 2 1 1","id": "layer_c_2_1_1","set": 1,"sg": 10,"subtype": "layer","trm": "a,b,c","wpos": { "cent": [ "1/2,1/2,0" ],"pos": [ { "desc": "1","geom": "general","label": "b","mult": 4 },{ "coord": [ "x,0,0" ],"desc": "2","geom": "line","label": "a","mult": 2 } ] } },{ "clegId": "l/10:b,-a,c","det": 1.0,"gen": [ "x,y,z","-x,y,-z","x+1/2,y+1/2,z" ],"gp": [ "x,y,z","-x,y,-z","x+1/2,y+1/2,z","-x+1/2,y+1/2,-z" ],"hm": "l/c 1 2 1","id": "layer_c_1_2_1","set": 2,"sg": 10,"subtype": "layer","trm": "b,-a,c","wpos": { "cent": [ "1/2,-1/2,0" ],"pos": [ { "desc": "1","geom": "general","label": "b","mult": 4 },{ "coord": [ "0,-x,0" ],"desc": "2","geom": "line","label": "a","mult": 2 } ] } },{ "clegId": "l/11:a,b,c","det": 1.0,"gen": [ "x,y,z","-x,y,z" ],"gp": [ "x,y,z","-x,y,z" ],"hm": "l/p m 1 1","id": "layer_p_m_1_1","set": 1,"sg": 11,"subtype": "layer","trm": "a,b,c","wpos": { "pos": [ { "desc": "1","geom": "general","label": "c","mult": 2 },{ "coord": [ "1/2,y,z" ],"desc": "m","geom": "plane","label": "b","mult": 1 },{ "coord": [ "0,y,z" ],"desc": "m","geom": "plane","label": "a","mult": 1 } ] } },{ "clegId": "l/11:b,-a,c","det": 1.0,"gen": [ "x,y,z","x,-y,z" ],"gp": [ "x,y,z","x,-y,z" ],"hm": "l/p 1 m 1","id": "layer_p_1_m_1","set": 2,"sg": 11,"subtype": "layer","trm": "b,-a,c","wpos": { "pos": [ { "desc": "1","geom": "general","label": "c","mult": 2 },{ "coord": [ "y,-1/2,z" ],"desc": "m","geom": "plane","label": "b","mult": 1 },{ "coord": [ "y,0,z" ],"desc": "m","geom": "plane","label": "a","mult": 1 } ] } },{ "clegId": "l/12:a,b,c","det": 1.0,"gen": [ "x,y,z","-x,y+1/2,z" ],"gp": [ "x,y,z","-x,y+1/2,z" ],"hm": "l/p b 1 1","id": "layer_p_b_1_1","set": 1,"sg": 12,"subtype": "layer","trm": "a,b,c","wpos": { "pos": [ { "desc": "1","geom": "general","label": "a","mult": 2 } ] } },{ "clegId": "l/12:b,-a,c","det": 1.0,"gen": [ "x,y,z","x+1/2,-y,z" ],"gp": [ "x,y,z","x+1/2,-y,z" ],"hm": "l/p 1 a 1","id": "layer_p_1_a_1","set": 2,"sg": 12,"subtype": "layer","trm": "b,-a,c","wpos": { "pos": [ { "desc": "1","geom": "general","label": "a","mult": 2 } ] } },{ "clegId": "l/13:a,b,c","det": 1.0,"gen": [ "x,y,z","-x,y,z","x+1/2,y+1/2,z" ],"gp": [ "x,y,z","-x,y,z","x+1/2,y+1/2,z","-x+1/2,y+1/2,z" ],"hm": "l/c m 1 1","id": "layer_c_m_1_1","set": 1,"sg": 13,"subtype": "layer","trm": "a,b,c","wpos": { "cent": [ "1/2,1/2,0" ],"pos": [ { "desc": "1","geom": "general","label": "b","mult": 4 },{ "coord": [ "0,y,z" ],"desc": "m","geom": "plane","label": "a","mult": 2 } ] } },{ "clegId": "l/13:b,-a,c","det": 1.0,"gen": [ "x,y,z","x,-y,z","x+1/2,y+1/2,z" ],"gp": [ "x,y,z","x,-y,z","x+1/2,y+1/2,z","x+1/2,-y+1/2,z" ],"hm": "l/c 1 m 1","id": "layer_c_1_m_1","set": 2,"sg": 13,"subtype": "layer","trm": "b,-a,c","wpos": { "cent": [ "1/2,-1/2,0" ],"pos": [ { "desc": "1","geom": "general","label": "b","mult": 4 },{ "coord": [ "y,0,z" ],"desc": "m","geom": "plane","label": "a","mult": 2 } ] } },{ "clegId": "l/14:a,b,c","det": 1.0,"gen": [ "x,y,z","x,-y,-z","-x,-y,-z" ],"gp": [ "x,y,z","x,-y,-z","-x,-y,-z","-x,y,z" ],"hm": "l/p 2/m 1 1","id": "layer_p_2/m_1_1","set": 1,"sg": 14,"subtype": "layer","trm": "a,b,c","wpos": { "pos": [ { "desc": "1","geom": "general","label": "i","mult": 4 },{ "coord": [ "1/2,y,z","1/2,-y,-z" ],"desc": "m","geom": "plane","label": "h","mult": 2 },{ "coord": [ "0,y,z","0,-y,-z" ],"desc": "m","geom": "plane","label": "g","mult": 2 },{ "coord": [ "x,1/2,0","-x,1/2,0" ],"desc": "2","geom": "line","label": "f","mult": 2 },{ "coord": [ "x,0,0","-x,0,0" ],"desc": "2","geom": "line","label": "e","mult": 2 },{ "coord": [ "1/2,1/2,0" ],"desc": "2/m","geom": "point","label": "d","mult": 1 },{ "coord": [ "0,1/2,0" ],"desc": "2/m","geom": "point","label": "c","mult": 1 },{ "coord": [ "1/2,0,0" ],"desc": "2/m","geom": "point","label": "b","mult": 1 },{ "coord": [ "0,0,0" ],"desc": "2/m","geom": "point","label": "a","mult": 1 } ] } },{ "clegId": "l/14:b,-a,c","det": 1.0,"gen": [ "x,y,z","-x,y,-z","-x,-y,-z" ],"gp": [ "x,y,z","-x,y,-z","-x,-y,-z","x,-y,z" ],"hm": "l/p 1 2/m 1","id": "layer_p_1_2/m_1","set": 2,"sg": 14,"subtype": "layer","trm": "b,-a,c","wpos": { "pos": [ { "desc": "1","geom": "general","label": "i","mult": 4 },{ "coord": [ "y,-1/2,z","-y,-1/2,-z" ],"desc": "m","geom": "plane","label": "h","mult": 2 },{ "coord": [ "y,0,z","-y,0,-z" ],"desc": "m","geom": "plane","label": "g","mult": 2 },{ "coord": [ "1/2,-x,0","1/2,x,0" ],"desc": "2","geom": "line","label": "f","mult": 2 },{ "coord": [ "0,-x,0","0,x,0" ],"desc": "2","geom": "line","label": "e","mult": 2 },{ "coord": [ "1/2,-1/2,0" ],"desc": "2/m","geom": "point","label": "d","mult": 1 },{ "coord": [ "1/2,0,0" ],"desc": "2/m","geom": "point","label": "c","mult": 1 },{ "coord": [ "0,-1/2,0" ],"desc": "2/m","geom": "point","label": "b","mult": 1 },{ "coord": [ "0,0,0" ],"desc": "2/m","geom": "point","label": "a","mult": 1 } ] } },{ "clegId": "l/15:a,b,c","det": 1.0,"gen": [ "x,y,z","x+1/2,-y,-z","-x,-y,-z" ],"gp": [ "x,y,z","x+1/2,-y,-z","-x,-y,-z","-x+1/2,y,z" ],"hm": "l/p 21/m 1 1","id": "layer_p_21/m_1_1","set": 1,"sg": 15,"subtype": "layer","trm": "a,b,c","wpos": { "pos": [ { "desc": "1","geom": "general","label": "d","mult": 4 },{ "coord": [ "1/4,y,z","3/4,-y,-z" ],"desc": "m","geom": "plane","label": "c","mult": 2 },{ "coord": [ "0,1/2,0","1/2,1/2,0" ],"desc": "-1","geom": "point","label": "b","mult": 2 },{ "coord": [ "0,0,0","1/2,0,0" ],"desc": "-1","geom": "point","label": "a","mult": 2 } ] } },{ "clegId": "l/15:b,-a,c","det": 1.0,"gen": [ "x,y,z","-x,y+1/2,-z","-x,-y,-z" ],"gp": [ "x,y,z","-x,y+1/2,-z","-x,-y,-z","x,-y+1/2,z" ],"hm": "l/p 1 21/m 1","id": "layer_p_1_21/m_1","set": 2,"sg": 15,"subtype": "layer","trm": "b,-a,c","wpos": { "pos": [ { "desc": "1","geom": "general","label": "d","mult": 4 },{ "coord": [ "y,-1/4,z","-y,-3/4,-z" ],"desc": "m","geom": "plane","label": "c","mult": 2 },{ "coord": [ "1/2,0,0","1/2,-1/2,0" ],"desc": "-1","geom": "point","label": "b","mult": 2 },{ "coord": [ "0,0,0","0,-1/2,0" ],"desc": "-1","geom": "point","label": "a","mult": 2 } ] } },{ "clegId": "l/16:a,b,c","det": 1.0,"gen": [ "x,y,z","x,-y+1/2,-z","-x,-y,-z" ],"gp": [ "x,y,z","x,-y+1/2,-z","-x,-y,-z","-x,y+1/2,z" ],"hm": "l/p 2/b 1 1","id": "layer_p_2/b_1_1","set": 1,"sg": 16,"subtype": "layer","trm": "a,b,c","wpos": { "pos": [ { "desc": "1","geom": "general","label": "d","mult": 4 },{ "coord": [ "x,1/4,0","-x,3/4,0" ],"desc": "2","geom": "line","label": "c","mult": 2 },{ "coord": [ "1/2,0,0","1/2,1/2,0" ],"desc": "-1","geom": "point","label": "b","mult": 2 },{ "coord": [ "0,0,0","0,1/2,0" ],"desc": "-1","geom": "point","label": "a","mult": 2 } ] } },{ "clegId": "l/16:b,-a,c","det": 1.0,"gen": [ "x,y,z","-x+1/2,y,-z","-x,-y,-z" ],"gp": [ "x,y,z","-x+1/2,y,-z","-x,-y,-z","x+1/2,-y,z" ],"hm": "l/p 1 2/a 1","id": "layer_p_1_2/a_1","set": 2,"sg": 16,"subtype": "layer","trm": "b,-a,c","wpos": { "pos": [ { "desc": "1","geom": "general","label": "d","mult": 4 },{ "coord": [ "1/4,-x,0","3/4,x,0" ],"desc": "2","geom": "line","label": "c","mult": 2 },{ "coord": [ "0,-1/2,0","1/2,-1/2,0" ],"desc": "-1","geom": "point","label": "b","mult": 2 },{ "coord": [ "0,0,0","1/2,0,0" ],"desc": "-1","geom": "point","label": "a","mult": 2 } ] } },{ "clegId": "l/17:a,b,c","det": 1.0,"gen": [ "x,y,z","x+1/2,-y+1/2,-z","-x,-y,-z" ],"gp": [ "x,y,z","x+1/2,-y+1/2,-z","-x,-y,-z","-x+1/2,y+1/2,z" ],"hm": "l/p 21/b 1 1","id": "layer_p_21/b_1_1","set": 1,"sg": 17,"subtype": "layer","trm": "a,b,c","wpos": { "pos": [ { "desc": "1","geom": "general","label": "c","mult": 4 },{ "coord": [ "0,1/2,0","1/2,0,0" ],"desc": "-1","geom": "point","label": "b","mult": 2 },{ "coord": [ "0,0,0","1/2,1/2,0" ],"desc": "-1","geom": "point","label": "a","mult": 2 } ] } },{ "clegId": "l/17:b,-a,c","det": 1.0,"gen": [ "x,y,z","-x+1/2,y+1/2,-z","-x,-y,-z" ],"gp": [ "x,y,z","-x+1/2,y+1/2,-z","-x,-y,-z","x+1/2,-y+1/2,z" ],"hm": "l/p 1 21/a 1","id": "layer_p_1_21/a_1","set": 2,"sg": 17,"subtype": "layer","trm": "b,-a,c","wpos": { "pos": [ { "desc": "1","geom": "general","label": "c","mult": 4 },{ "coord": [ "1/2,0,0","0,-1/2,0" ],"desc": "-1","geom": "point","label": "b","mult": 2 },{ "coord": [ "0,0,0","1/2,-1/2,0" ],"desc": "-1","geom": "point","label": "a","mult": 2 } ] } },{ "clegId": "l/18:a,b,c","det": 1.0,"gen": [ "x,y,z","x,-y,-z","-x,-y,-z","x+1/2,y+1/2,z" ],"gp": [ "x,y,z","x,-y,-z","-x,-y,-z","-x,y,z","x+1/2,y+1/2,z","x+1/2,-y+1/2,-z","-x+1/2,-y+1/2,-z","-x+1/2,y+1/2,z" ],"hm": "l/c 2/m 1 1","id": "layer_c_2/m_1_1","set": 1,"sg": 18,"subtype": "layer","trm": "a,b,c","wpos": { "cent": [ "1/2,1/2,0" ],"pos": [ { "desc": "1","geom": "general","label": "f","mult": 8 },{ "coord": [ "0,y,z","0,-y,-z" ],"desc": "m","geom": "plane","label": "e","mult": 4 },{ "coord": [ "x,0,0","-x,0,0" ],"desc": "2","geom": "line","label": "d","mult": 4 },{ "coord": [ "1/4,1/4,0","1/4,3/4,0" ],"desc": "-1","geom": "point","label": "c","mult": 4 },{ "coord": [ "1/2,0,0" ],"desc": "2/m","geom": "point","label": "b","mult": 2 },{ "coord": [ "0,0,0" ],"desc": "2/m","geom": "point","label": "a","mult": 2 } ] } },{ "clegId": "l/18:b,-a,c","det": 1.0,"gen": [ "x,y,z","-x,y,-z","-x,-y,-z","x+1/2,y+1/2,z" ],"gp": [ "x,y,z","-x,y,-z","-x,-y,-z","x,-y,z","x+1/2,y+1/2,z","-x+1/2,y+1/2,-z","-x+1/2,-y+1/2,-z","x+1/2,-y+1/2,z" ],"hm": "l/c 1 2/m 1","id": "layer_c_1_2/m_1","set": 2,"sg": 18,"subtype": "layer","trm": "b,-a,c","wpos": { "cent": [ "1/2,-1/2,0" ],"pos": [ { "desc": "1","geom": "general","label": "f","mult": 8 },{ "coord": [ "y,0,z","-y,0,-z" ],"desc": "m","geom": "plane","label": "e","mult": 4 },{ "coord": [ "0,-x,0","0,x,0" ],"desc": "2","geom": "line","label": "d","mult": 4 },{ "coord": [ "1/4,-1/4,0","3/4,-1/4,0" ],"desc": "-1","geom": "point","label": "c","mult": 4 },{ "coord": [ "0,-1/2,0" ],"desc": "2/m","geom": "point","label": "b","mult": 2 },{ "coord": [ "0,0,0" ],"desc": "2/m","geom": "point","label": "a","mult": 2 } ] } },{ "clegId": "l/19:a,b,c","det": 1.0,"gen": [ "x,y,z","-x,-y,z","-x,y,-z" ],"gp": [ "x,y,z","-x,-y,z","-x,y,-z","x,-y,-z" ],"hm": "l/p 2 2 2","id": "layer_p_2_2_2","set": 1,"sg": 19,"subtype": "layer","trm": "a,b,c","wpos": { "pos": [ { "desc": "1","geom": "general","label": "m","mult": 4 },{ "coord": [ "1/2,1/2,z","1/2,1/2,-z" ],"desc": "..2","geom": "line","label": "l","mult": 2 },{ "coord": [ "0,1/2,z","0,1/2,-z" ],"desc": "..2","geom": "line","label": "k","mult": 2 },{ "coord": [ "1/2,0,z","1/2,0,-z" ],"desc": "..2","geom": "line","label": "j","mult": 2 },{ "coord": [ "0,0,z","0,0,-z" ],"desc": "..2","geom": "line","label": "i","mult": 2 },{ "coord": [ "1/2,y,0","1/2,-y,0" ],"desc": ".2.","geom": "line","label": "h","mult": 2 },{ "coord": [ "0,y,0","0,-y,0" ],"desc": ".2.","geom": "line","label": "g","mult": 2 },{ "coord": [ "x,1/2,0","-x,1/2,0" ],"desc": "2..","geom": "line","label": "f","mult": 2 },{ "coord": [ "x,0,0","-x,0,0" ],"desc": "2..","geom": "line","label": "e","mult": 2 },{ "coord": [ "1/2,1/2,0" ],"desc": "222","geom": "point","label": "d","mult": 1 },{ "coord": [ "0,1/2,0" ],"desc": "222","geom": "point","label": "c","mult": 1 },{ "coord": [ "1/2,0,0" ],"desc": "222","geom": "point","label": "b","mult": 1 },{ "coord": [ "0,0,0" ],"desc": "222","geom": "point","label": "a","mult": 1 } ] } },{ "clegId": "l/20:a,b,c","det": 1.0,"gen": [ "x,y,z","x+1/2,-y,-z","-x+1/2,y,-z" ],"gp": [ "x,y,z","x+1/2,-y,-z","-x+1/2,y,-z","-x,-y,z" ],"hm": "l/p 21 2 2","id": "layer_p_21_2_2","set": 1,"sg": 20,"subtype": "layer","trm": "a,b,c","wpos": { "pos": [ { "desc": "1","geom": "general","label": "d","mult": 4 },{ "coord": [ "1/4,y,0","3/4,-y,0" ],"desc": ".2.","geom": "line","label": "c","mult": 2 },{ "coord": [ "0,1/2,z","1/2,1/2,-z" ],"desc": "..2","geom": "line","label": "b","mult": 2 },{ "coord": [ "0,0,z","1/2,0,-z" ],"desc": "..2","geom": "line","label": "a","mult": 2 } ] } },{ "clegId": "l/20:b,-a,c","det": 1.0,"gen": [ "x,y,z","-x,y+1/2,-z","x,-y+1/2,-z" ],"gp": [ "x,y,z","-x,y+1/2,-z","x,-y+1/2,-z","-x,-y,z" ],"hm": "l/p 2 21 2","id": "layer_p_2_21_2","set": 2,"sg": 20,"subtype": "layer","trm": "b,-a,c","wpos": { "pos": [ { "desc": "1","geom": "general","label": "d","mult": 4 },{ "coord": [ "y,-1/4,0","-y,-3/4,0" ],"desc": ".2.","geom": "line","label": "c","mult": 2 },{ "coord": [ "1/2,0,z","1/2,-1/2,-z" ],"desc": "..2","geom": "line","label": "b","mult": 2 },{ "coord": [ "0,0,z","0,-1/2,-z" ],"desc": "..2","geom": "line","label": "a","mult": 2 } ] } },{ "clegId": "l/21:a,b,c","det": 1.0,"gen": [ "x,y,z","-x,-y,z","-x+1/2,y+1/2,-z" ],"gp": [ "x,y,z","-x,-y,z","-x+1/2,y+1/2,-z","x+1/2,-y+1/2,-z" ],"hm": "l/p 21 21 2","id": "layer_p_21_21_2","set": 1,"sg": 21,"subtype": "layer","trm": "a,b,c","wpos": { "pos": [ { "desc": "1","geom": "general","label": "c","mult": 4 },{ "coord": [ "0,1/2,z","1/2,0,-z" ],"desc": "..2","geom": "line","label": "b","mult": 2 },{ "coord": [ "0,0,z","1/2,1/2,-z" ],"desc": "..2","geom": "line","label": "a","mult": 2 } ] } },{ "clegId": "l/22:a,b,c","det": 1.0,"gen": [ "x,y,z","-x,-y,z","-x,y,-z","x+1/2,y+1/2,z" ],"gp": [ "x,y,z","-x,-y,z","-x,y,-z","x,-y,-z","x+1/2,y+1/2,z","-x+1/2,-y+1/2,z","-x+1/2,y+1/2,-z","x+1/2,-y+1/2,-z" ],"hm": "l/c 2 2 2","id": "layer_c_2_2_2","set": 1,"sg": 22,"subtype": "layer","trm": "a,b,c","wpos": { "cent": [ "1/2,1/2,0" ],"pos": [ { "desc": "1","geom": "general","label": "h","mult": 8 },{ "coord": [ "1/4,1/4,z","3/4,1/4,-z" ],"desc": "..2","geom": "line","label": "g","mult": 4 },{ "coord": [ "0,1/2,z","0,1/2,-z" ],"desc": "..2","geom": "line","label": "f","mult": 4 },{ "coord": [ "0,0,z","0,0,-z" ],"desc": "..2","geom": "line","label": "e","mult": 4 },{ "coord": [ "0,y,0","0,-y,0" ],"desc": ".2.","geom": "line","label": "d","mult": 4 },{ "coord": [ "x,0,0","-x,0,0" ],"desc": "2..","geom": "line","label": "c","mult": 4 },{ "coord": [ "0,1/2,0" ],"desc": "222","geom": "point","label": "b","mult": 2 },{ "coord": [ "0,0,0" ],"desc": "222","geom": "point","label": "a","mult": 2 } ] } },{ "clegId": "l/23:a,b,c","det": 1.0,"gen": [ "x,y,z","-x,-y,z","x,-y,z" ],"gp": [ "x,y,z","-x,-y,z","x,-y,z","-x,y,z" ],"hm": "l/p m m 2","id": "layer_p_m_m_2","set": 1,"sg": 23,"subtype": "layer","trm": "a,b,c","wpos": { "pos": [ { "desc": "1","geom": "general","label": "i","mult": 4 },{ "coord": [ "1/2,y,z","1/2,-y,z" ],"desc": "m..","geom": "plane","label": "h","mult": 2 },{ "coord": [ "0,y,z","0,-y,z" ],"desc": "m..","geom": "plane","label": "g","mult": 2 },{ "coord": [ "x,1/2,z","-x,1/2,z" ],"desc": ".m.","geom": "plane","label": "f","mult": 2 },{ "coord": [ "x,0,z","-x,0,z" ],"desc": ".m.","geom": "plane","label": "e","mult": 2 },{ "coord": [ "1/2,1/2,z" ],"desc": "mm2","geom": "line","label": "d","mult": 1 },{ "coord": [ "1/2,0,z" ],"desc": "mm2","geom": "line","label": "c","mult": 1 },{ "coord": [ "0,1/2,z" ],"desc": "mm2","geom": "line","label": "b","mult": 1 },{ "coord": [ "0,0,z" ],"desc": "mm2","geom": "line","label": "a","mult": 1 } ] } },{ "clegId": "l/24:a,b,c","det": 1.0,"gen": [ "x,y,z","-x,-y,z","x+1/2,-y,z" ],"gp": [ "x,y,z","-x,-y,z","x+1/2,-y,z","-x+1/2,y,z" ],"hm": "l/p m a 2","id": "layer_p_m_a_2","set": 1,"sg": 24,"subtype": "layer","trm": "a,b,c","wpos": { "pos": [ { "desc": "1","geom": "general","label": "d","mult": 4 },{ "coord": [ "1/4,y,z","3/4,-y,z" ],"desc": "m..","geom": "plane","label": "c","mult": 2 },{ "coord": [ "0,1/2,z","1/2,1/2,z" ],"desc": "..2","geom": "line","label": "b","mult": 2 },{ "coord": [ "0,0,z","1/2,0,z" ],"desc": "..2","geom": "line","label": "a","mult": 2 } ] } },{ "clegId": "l/24:b,-a,c","det": 1.0,"gen": [ "x,y,z","-x,-y,z","-x,y+1/2,z" ],"gp": [ "x,y,z","-x,-y,z","-x,y+1/2,z","x,-y+1/2,z" ],"hm": "l/p b m 2","id": "layer_p_b_m_2","set": 2,"sg": 24,"subtype": "layer","trm": "b,-a,c","wpos": { "pos": [ { "desc": "1","geom": "general","label": "d","mult": 4 },{ "coord": [ "y,-1/4,z","-y,-3/4,z" ],"desc": "m..","geom": "plane","label": "c","mult": 2 },{ "coord": [ "1/2,0,z","1/2,-1/2,z" ],"desc": "..2","geom": "line","label": "b","mult": 2 },{ "coord": [ "0,0,z","0,-1/2,z" ],"desc": "..2","geom": "line","label": "a","mult": 2 } ] } },{ "clegId": "l/25:a,b,c","det": 1.0,"gen": [ "x,y,z","-x,-y,z","x+1/2,-y+1/2,z" ],"gp": [ "x,y,z","-x,-y,z","x+1/2,-y+1/2,z","-x+1/2,y+1/2,z" ],"hm": "l/p b a 2","id": "layer_p_b_a_2","set": 1,"sg": 25,"subtype": "layer","trm": "a,b,c","wpos": { "pos": [ { "desc": "1","geom": "general","label": "c","mult": 4 },{ "coord": [ "0,1/2,z","1/2,0,z" ],"desc": "..2","geom": "line","label": "b","mult": 2 },{ "coord": [ "0,0,z","1/2,1/2,z" ],"desc": "..2","geom": "line","label": "a","mult": 2 } ] } },{ "clegId": "l/26:a,b,c","det": 1.0,"gen": [ "x,y,z","-x,-y,z","x,-y,z","x+1/2,y+1/2,z" ],"gp": [ "x,y,z","-x,-y,z","x,-y,z","-x,y,z","x+1/2,y+1/2,z","-x+1/2,-y+1/2,z","x+1/2,-y+1/2,z","-x+1/2,y+1/2,z" ],"hm": "l/c m m 2","id": "layer_c_m_m_2","set": 1,"sg": 26,"subtype": "layer","trm": "a,b,c","wpos": { "cent": [ "1/2,1/2,0" ],"pos": [ { "desc": "1","geom": "general","label": "f","mult": 8 },{ "coord": [ "0,y,z","0,-y,z" ],"desc": "m..","geom": "plane","label": "e","mult": 4 },{ "coord": [ "x,0,z","-x,0,z" ],"desc": ".m.","geom": "plane","label": "d","mult": 4 },{ "coord": [ "1/4,1/4,z","1/4,3/4,z" ],"desc": "..2","geom": "line","label": "c","mult": 4 },{ "coord": [ "0,1/2,z" ],"desc": "mm2","geom": "line","label": "b","mult": 2 },{ "coord": [ "0,0,z" ],"desc": "mm2","geom": "line","label": "a","mult": 2 } ] } },{ "clegId": "l/27:a,b,c","det": 1.0,"gen": [ "x,y,z","-x,y,-z","-x,y,z" ],"gp": [ "x,y,z","-x,y,-z","-x,y,z","x,y,-z" ],"hm": "l/p m 2 m","id": "layer_p_m_2_m","set": 1,"sg": 27,"subtype": "layer","trm": "a,b,c","wpos": { "pos": [ { "desc": "1","geom": "general","label": "f","mult": 4 },{ "coord": [ "x,y,0","-x,y,0" ],"desc": "..m","geom": "plane","label": "e","mult": 2 },{ "coord": [ "1/2,y,z","1/2,y,-z" ],"desc": "m..","geom": "plane","label": "d","mult": 2 },{ "coord": [ "0,y,z","0,y,-z" ],"desc": "m..","geom": "plane","label": "c","mult": 2 },{ "coord": [ "1/2,y,0" ],"desc": "m2m","geom": "line","label": "b","mult": 1 },{ "coord": [ "0,y,0" ],"desc": "m2m","geom": "line","label": "a","mult": 1 } ] } },{ "clegId": "l/27:b,-a,c","det": 1.0,"gen": [ "x,y,z","x,-y,-z","x,-y,z" ],"gp": [ "x,y,z","x,-y,-z","x,-y,z","x,y,-z" ],"hm": "l/p 2 m m","id": "layer_p_2_m_m","set": 2,"sg": 27,"subtype": "layer","trm": "b,-a,c","wpos": { "pos": [ { "desc": "1","geom": "general","label": "f","mult": 4 },{ "coord": [ "y,-x,0","y,x,0" ],"desc": "..m","geom": "plane","label": "e","mult": 2 },{ "coord": [ "y,-1/2,z","y,-1/2,-z" ],"desc": "m..","geom": "plane","label": "d","mult": 2 },{ "coord": [ "y,0,z","y,0,-z" ],"desc": "m..","geom": "plane","label": "c","mult": 2 },{ "coord": [ "y,-1/2,0" ],"desc": "m2m","geom": "line","label": "b","mult": 1 },{ "coord": [ "y,0,0" ],"desc": "m2m","geom": "line","label": "a","mult": 1 } ] } },{ "clegId": "l/28:a,b,c","det": 1.0,"gen": [ "x,y,z","-x,y+1/2,-z","x,y+1/2,-z" ],"gp": [ "x,y,z","-x,y+1/2,-z","x,y+1/2,-z","-x,y,z" ],"hm": "l/p m 21 b","id": "layer_p_m_21_b","set": 1,"sg": 28,"subtype": "layer","trm": "a,b,c","wpos": { "pos": [ { "desc": "1","geom": "general","label": "c","mult": 4 },{ "coord": [ "1/2,y,z","1/2,y+1/2,-z" ],"desc": "m..","geom": "plane","label": "b","mult": 2 },{ "coord": [ "0,y,z","0,y+1/2,-z" ],"desc": "m..","geom": "plane","label": "a","mult": 2 } ] } },{ "clegId": "l/28:b,-a,c","det": 1.0,"gen": [ "x,y,z","x+1/2,-y,-z","x+1/2,y,-z" ],"gp": [ "x,y,z","x+1/2,-y,-z","x+1/2,y,-z","x,-y,z" ],"hm": "l/p 21 m a","id": "layer_p_21_m_a","set": 2,"sg": 28,"subtype": "layer","trm": "b,-a,c","wpos": { "pos": [ { "desc": "1","geom": "general","label": "c","mult": 4 },{ "coord": [ "y,-1/2,z","y+1/2,-1/2,-z" ],"desc": "m..","geom": "plane","label": "b","mult": 2 },{ "coord": [ "y,0,z","y+1/2,0,-z" ],"desc": "m..","geom": "plane","label": "a","mult": 2 } ] } },{ "clegId": "l/29:a,b,c","det": 1.0,"gen": [ "x,y,z","-x,y+1/2,-z","-x,y+1/2,z" ],"gp": [ "x,y,z","-x,y+1/2,-z","-x,y+1/2,z","x,y,-z" ],"hm": "l/p b 21 m","id": "layer_p_b_21_m","set": 1,"sg": 29,"subtype": "layer","trm": "a,b,c","wpos": { "pos": [ { "desc": "1","geom": "general","label": "b","mult": 4 },{ "coord": [ "x,y,0","-x,y+1/2,0" ],"desc": "..m","geom": "plane","label": "a","mult": 2 } ] } },{ "clegId": "l/29:b,-a,c","det": 1.0,"gen": [ "x,y,z","x+1/2,-y,-z","x+1/2,-y,z" ],"gp": [ "x,y,z","x+1/2,-y,-z","x+1/2,-y,z","x,y,-z" ],"hm": "l/p 21 a m","id": "layer_p_21_a_m","set": 2,"sg": 29,"subtype": "layer","trm": "b,-a,c","wpos": { "pos": [ { "desc": "1","geom": "general","label": "b","mult": 4 },{ "coord": [ "y,-x,0","y+1/2,x,0" ],"desc": "..m","geom": "plane","label": "a","mult": 2 } ] } },{ "clegId": "l/30:a,b,c","det": 1.0,"gen": [ "x,y,z","-x,y,-z","x,y+1/2,-z" ],"gp": [ "x,y,z","-x,y,-z","x,y+1/2,-z","-x,y+1/2,z" ],"hm": "l/p b 2 b","id": "layer_p_b_2_b","set": 1,"sg": 30,"subtype": "layer","trm": "a,b,c","wpos": { "pos": [ { "desc": "1","geom": "general","label": "c","mult": 4 },{ "coord": [ "1/2,y,0","1/2,y+1/2,0" ],"desc": ".2.","geom": "line","label": "b","mult": 2 },{ "coord": [ "0,y,0","0,y+1/2,0" ],"desc": ".2.","geom": "line","label": "a","mult": 2 } ] } },{ "clegId": "l/30:b,-a,c","det": 1.0,"gen": [ "x,y,z","x,-y,-z","x+1/2,y,-z" ],"gp": [ "x,y,z","x,-y,-z","x+1/2,y,-z","x+1/2,-y,z" ],"hm": "l/p 2 a a","id": "layer_p_2_a_a","set": 2,"sg": 30,"subtype": "layer","trm": "b,-a,c","wpos": { "pos": [ { "desc": "1","geom": "general","label": "c","mult": 4 },{ "coord": [ "y,-1/2,0","y+1/2,-1/2,0" ],"desc": ".2.","geom": "line","label": "b","mult": 2 },{ "coord": [ "y,0,0","y+1/2,0,0" ],"desc": ".2.","geom": "line","label": "a","mult": 2 } ] } },{ "clegId": "l/31:a,b,c","det": 1.0,"gen": [ "x,y,z","-x,y,-z","x+1/2,y,-z" ],"gp": [ "x,y,z","-x,y,-z","x+1/2,y,-z","-x+1/2,y,z" ],"hm": "l/p m 2 a","id": "layer_p_m_2_a","set": 1,"sg": 31,"subtype": "layer","trm": "a,b,c","wpos": { "pos": [ { "desc": "1","geom": "general","label": "c","mult": 4 },{ "coord": [ "1/4,y,z","3/4,y,-z" ],"desc": "m..","geom": "plane","label": "b","mult": 2 },{ "coord": [ "0,y,0","1/2,y,0" ],"desc": ".2.","geom": "line","label": "a","mult": 2 } ] } },{ "clegId": "l/31:b,-a,c","det": 1.0,"gen": [ "x,y,z","x,-y,-z","x,y+1/2,-z" ],"gp": [ "x,y,z","x,-y,-z","x,y+1/2,-z","x,-y+1/2,z" ],"hm": "l/p 2 m b","id": "layer_p_2_m_b","set": 2,"sg": 31,"subtype": "layer","trm": "b,-a,c","wpos": { "pos": [ { "desc": "1","geom": "general","label": "c","mult": 4 },{ "coord": [ "y,-1/4,z","y,-3/4,-z" ],"desc": "m..","geom": "plane","label": "b","mult": 2 },{ "coord": [ "y,0,0","y,-1/2,0" ],"desc": ".2.","geom": "line","label": "a","mult": 2 } ] } },{ "clegId": "l/32:a,b,c","det": 1.0,"gen": [ "x,y,z","-x+1/2,y+1/2,-z","x+1/2,y+1/2,-z" ],"gp": [ "x,y,z","-x+1/2,y+1/2,-z","x+1/2,y+1/2,-z","-x,y,z" ],"hm": "l/p m 21 n","id": "layer_p_m_21_n","set": 1,"sg": 32,"subtype": "layer","trm": "a,b,c","wpos": { "pos": [ { "desc": "1","geom": "general","label": "b","mult": 4 },{ "coord": [ "0,y,z","1/2,y+1/2,-z" ],"desc": "m..","geom": "plane","label": "a","mult": 2 } ] } },{ "clegId": "l/32:b,-a,c","det": 1.0,"gen": [ "x,y,z","x+1/2,-y+1/2,-z","x+1/2,y+1/2,-z" ],"gp": [ "x,y,z","x+1/2,-y+1/2,-z","x+1/2,y+1/2,-z","x,-y,z" ],"hm": "l/p 21 m n","id": "layer_p_21_m_n","set": 2,"sg": 32,"subtype": "layer","trm": "b,-a,c","wpos": { "pos": [ { "desc": "1","geom": "general","label": "b","mult": 4 },{ "coord": [ "y,0,z","y+1/2,-1/2,-z" ],"desc": "m..","geom": "plane","label": "a","mult": 2 } ] } },{ "clegId": "l/33:a,b,c","det": 1.0,"gen": [ "x,y,z","-x,y+1/2,-z","x+1/2,y,-z" ],"gp": [ "x,y,z","-x,y+1/2,-z","x+1/2,y,-z","-x+1/2,y+1/2,z" ],"hm": "l/p b 21 a","id": "layer_p_b_21_a","set": 1,"sg": 33,"subtype": "layer","trm": "a,b,c","wpos": { "pos": [ { "desc": "1","geom": "general","label": "a","mult": 4 } ] } },{ "clegId": "l/33:b,-a,c","det": 1.0,"gen": [ "x,y,z","x+1/2,-y,-z","x,y+1/2,-z" ],"gp": [ "x,y,z","x+1/2,-y,-z","x,y+1/2,-z","x+1/2,-y+1/2,z" ],"hm": "l/p 21 a b","id": "layer_p_21_a_b","set": 2,"sg": 33,"subtype": "layer","trm": "b,-a,c","wpos": { "pos": [ { "desc": "1","geom": "general","label": "a","mult": 4 } ] } },{ "clegId": "l/34:a,b,c","det": 1.0,"gen": [ "x,y,z","-x,y,-z","-x+1/2,y+1/2,z" ],"gp": [ "x,y,z","-x,y,-z","-x+1/2,y+1/2,z","x+1/2,y+1/2,-z" ],"hm": "l/p b 2 n","id": "layer_p_b_2_n","set": 1,"sg": 34,"subtype": "layer","trm": "a,b,c","wpos": { "pos": [ { "desc": "1","geom": "general","label": "b","mult": 4 },{ "coord": [ "0,y,0","1/2,y+1/2,0" ],"desc": ".2.","geom": "line","label": "a","mult": 2 } ] } },{ "clegId": "l/34:b,-a,c","det": 1.0,"gen": [ "x,y,z","x,-y,-z","x+1/2,-y+1/2,z" ],"gp": [ "x,y,z","x,-y,-z","x+1/2,-y+1/2,z","x+1/2,y+1/2,-z" ],"hm": "l/p 2 a n","id": "layer_p_2_a_n","set": 2,"sg": 34,"subtype": "layer","trm": "b,-a,c","wpos": { "pos": [ { "desc": "1","geom": "general","label": "b","mult": 4 },{ "coord": [ "y,0,0","y+1/2,-1/2,0" ],"desc": ".2.","geom": "line","label": "a","mult": 2 } ] } },{ "clegId": "l/35:a,b,c","det": 1.0,"gen": [ "x,y,z","-x,y,-z","-x,y,z","x+1/2,y+1/2,z" ],"gp": [ "x,y,z","-x,y,-z","-x,y,z","x,y,-z","x+1/2,y+1/2,z","-x+1/2,y+1/2,-z","-x+1/2,y+1/2,z","x+1/2,y+1/2,-z" ],"hm": "l/c m 2 m","id": "layer_c_m_2_m","set": 1,"sg": 35,"subtype": "layer","trm": "a,b,c","wpos": { "cent": [ "1/2,1/2,0" ],"pos": [ { "desc": "1","geom": "general","label": "d","mult": 8 },{ "coord": [ "x,y,0","-x,y,0" ],"desc": "..m","geom": "plane","label": "c","mult": 4 },{ "coord": [ "0,y,z","0,y,-z" ],"desc": "m..","geom": "plane","label": "b","mult": 4 },{ "coord": [ "0,y,0" ],"desc": "m2m","geom": "line","label": "a","mult": 2 } ] } },{ "clegId": "l/35:b,-a,c","det": 1.0,"gen": [ "x,y,z","x,-y,-z","x,-y,z","x+1/2,y+1/2,z" ],"gp": [ "x,y,z","x,-y,-z","x,-y,z","x,y,-z","x+1/2,y+1/2,z","x+1/2,-y+1/2,-z","x+1/2,-y+1/2,z","x+1/2,y+1/2,-z" ],"hm": "l/c 2 m m","id": "layer_c_2_m_m","set": 2,"sg": 35,"subtype": "layer","trm": "b,-a,c","wpos": { "cent": [ "1/2,-1/2,0" ],"pos": [ { "desc": "1","geom": "general","label": "d","mult": 8 },{ "coord": [ "y,-x,0","y,x,0" ],"desc": "..m","geom": "plane","label": "c","mult": 4 },{ "coord": [ "y,0,z","y,0,-z" ],"desc": "m..","geom": "plane","label": "b","mult": 4 },{ "coord": [ "y,0,0" ],"desc": "m2m","geom": "line","label": "a","mult": 2 } ] } },{ "clegId": "l/36:a,b,c","det": 1.0,"gen": [ "x,y,z","-x,y,-z","-x+1/2,y,z","x+1/2,y+1/2,z" ],"gp": [ "x,y,z","-x,y,-z","-x+1/2,y,z","x+1/2,y,-z","x+1/2,y+1/2,z","-x+1/2,y+1/2,-z","-x,y+1/2,z","x,y+1/2,-z" ],"hm": "l/c m 2 e","id": "layer_c_m_2_e","set": 1,"sg": 36,"subtype": "layer","trm": "a,b,c","wpos": { "cent": [ "1/2,1/2,0" ],"pos": [ { "desc": "1","geom": "general","label": "c","mult": 8 },{ "coord": [ "1/4,y,z","3/4,y,-z" ],"desc": "m..","geom": "plane","label": "b","mult": 4 },{ "coord": [ "0,y,0","1/2,y,0" ],"desc": ".2.","geom": "line","label": "a","mult": 4 } ] } },{ "clegId": "l/36:b,-a,c","det": 1.0,"gen": [ "x,y,z","x,-y,-z","x,-y+1/2,z","x+1/2,y+1/2,z" ],"gp": [ "x,y,z","x,-y,-z","x,-y+1/2,z","x,y+1/2,-z","x+1/2,y+1/2,z","x+1/2,-y+1/2,-z","x+1/2,-y,z","x+1/2,y,-z" ],"hm": "l/c 2 m e","id": "layer_c_2_m_e","set": 2,"sg": 36,"subtype": "layer","trm": "b,-a,c","wpos": { "cent": [ "1/2,-1/2,0" ],"pos": [ { "desc": "1","geom": "general","label": "c","mult": 8 },{ "coord": [ "y,-1/4,z","y,-3/4,-z" ],"desc": "m..","geom": "plane","label": "b","mult": 4 },{ "coord": [ "y,0,0","y,-1/2,0" ],"desc": ".2.","geom": "line","label": "a","mult": 4 } ] } },{ "clegId": "l/37:a,b,c","det": 1.0,"gen": [ "x,y,z","-x,-y,z","-x,y,-z","-x,-y,-z" ],"gp": [ "x,y,z","-x,-y,z","-x,y,-z","x,-y,-z","-x,-y,-z","x,y,-z","x,-y,z","-x,y,z" ],"hm": "l/p m m m","id": "layer_p_m_m_m","set": 1,"sg": 37,"subtype": "layer","trm": "a,b,c","wpos": { "pos": [ { "desc": "1","geom": "general","label": "r","mult": 8 },{ "coord": [ "x,y,0","-x,-y,0","-x,y,0","x,-y,0" ],"desc": "..m","geom": "plane","label": "q","mult": 4 },{ "coord": [ "x,1/2,z","-x,1/2,z","-x,1/2,-z","x,1/2,-z" ],"desc": ".m.","geom": "plane","label": "p","mult": 4 },{ "coord": [ "x,0,z","-x,0,z","-x,0,-z","x,0,-z" ],"desc": ".m.","geom": "plane","label": "o","mult": 4 },{ "coord": [ "1/2,y,z","1/2,-y,z","1/2,y,-z","1/2,-y,-z" ],"desc": "m..","geom": "plane","label": "n","mult": 4 },{ "coord": [ "0,y,z","0,-y,z","0,y,-z","0,-y,-z" ],"desc": "m..","geom": "plane","label": "m","mult": 4 },{ "coord": [ "1/2,1/2,z","1/2,1/2,-z" ],"desc": "mm2","geom": "line","label": "l","mult": 2 },{ "coord": [ "1/2,0,z","1/2,0,-z" ],"desc": "mm2","geom": "line","label": "k","mult": 2 },{ "coord": [ "0,1/2,z","0,1/2,-z" ],"desc": "mm2","geom": "line","label": "j","mult": 2 },{ "coord": [ "0,0,z","0,0,-z" ],"desc": "mm2","geom": "line","label": "i","mult": 2 },{ "coord": [ "1/2,y,0","1/2,-y,0" ],"desc": "m2m","geom": "line","label": "h","mult": 2 },{ "coord": [ "0,y,0","0,-y,0" ],"desc": "m2m","geom": "line","label": "g","mult": 2 },{ "coord": [ "x,1/2,0","-x,1/2,0" ],"desc": "2mm","geom": "line","label": "f","mult": 2 },{ "coord": [ "x,0,0","-x,0,0" ],"desc": "2mm","geom": "line","label": "e","mult": 2 },{ "coord": [ "1/2,1/2,0" ],"desc": "mmm","geom": "point","label": "d","mult": 1 },{ "coord": [ "0,1/2,0" ],"desc": "mmm","geom": "point","label": "c","mult": 1 },{ "coord": [ "1/2,0,0" ],"desc": "mmm","geom": "point","label": "b","mult": 1 },{ "coord": [ "0,0,0" ],"desc": "mmm","geom": "point","label": "a","mult": 1 } ] } },{ "clegId": "l/38:a,b,c","det": 1.0,"gen": [ "x,y,z","x,-y,-z","-x+1/2,-y,z","-x,-y,-z" ],"gp": [ "x,y,z","x,-y,-z","-x+1/2,-y,z","-x+1/2,y,-z","-x,-y,-z","-x,y,z","x+1/2,y,-z","x+1/2,-y,z" ],"hm": "l/p m a a","id": "layer_p_m_a_a","set": 1,"sg": 38,"subtype": "layer","trm": "a,b,c","wpos": { "pos": [ { "desc": "1","geom": "general","label": "k","mult": 8 },{ "coord": [ "0,y,z","0,-y,-z","1/2,-y,z","1/2,y,-z" ],"desc": "m..","geom": "plane","label": "j","mult": 4 },{ "coord": [ "x,1/2,0","-x+1/2,1/2,0","-x,1/2,0","x+1/2,1/2,0" ],"desc": "2..","geom": "line","label": "i","mult": 4 },{ "coord": [ "x,0,0","-x+1/2,0,0","-x,0,0","x+1/2,0,0" ],"desc": "2..","geom": "line","label": "h","mult": 4 },{ "coord": [ "1/4,1/2,z","1/4,1/2,-z","3/4,1/2,-z","3/4,1/2,z" ],"desc": "..2","geom": "line","label": "g","mult": 4 },{ "coord": [ "1/4,0,z","1/4,0,-z","3/4,0,-z","3/4,0,z" ],"desc": "..2","geom": "line","label": "f","mult": 4 },{ "coord": [ "1/4,y,0","1/4,-y,0","3/4,-y,0","3/4,y,0" ],"desc": ".2.","geom": "line","label": "e","mult": 4 },{ "coord": [ "1/4,1/2,0","3/4,1/2,0" ],"desc": "222","geom": "point","label": "d","mult": 2 },{ "coord": [ "1/4,0,0","3/4,0,0" ],"desc": "222","geom": "point","label": "c","mult": 2 },{ "coord": [ "0,1/2,0","1/2,1/2,0" ],"desc": "2/m..","geom": "point","label": "b","mult": 2 },{ "coord": [ "0,0,0","1/2,0,0" ],"desc": "2/m..","geom": "point","label": "a","mult": 2 } ] } },{ "clegId": "l/38:b,-a,c","det": 1.0,"gen": [ "x,y,z","-x,y,-z","-x,-y+1/2,z","-x,-y,-z" ],"gp": [ "x,y,z","-x,y,-z","-x,-y+1/2,z","x,-y+1/2,-z","-x,-y,-z","x,-y,z","x,y+1/2,-z","-x,y+1/2,z" ],"hm": "l/p b m b","id": "layer_p_b_m_b","set": 2,"sg": 38,"subtype": "layer","trm": "b,-a,c","wpos": { "pos": [ { "desc": "1","geom": "general","label": "k","mult": 8 },{ "coord": [ "y,0,z","-y,0,-z","-y,-1/2,z","y,-1/2,-z" ],"desc": "m..","geom": "plane","label": "j","mult": 4 },{ "coord": [ "1/2,-x,0","1/2,x-1/2,0","1/2,x,0","1/2,-x-1/2,0" ],"desc": "2..","geom": "line","label": "i","mult": 4 },{ "coord": [ "0,-x,0","0,x-1/2,0","0,x,0","0,-x-1/2,0" ],"desc": "2..","geom": "line","label": "h","mult": 4 },{ "coord": [ "1/2,-1/4,z","1/2,-1/4,-z","1/2,-3/4,-z","1/2,-3/4,z" ],"desc": "..2","geom": "line","label": "g","mult": 4 },{ "coord": [ "0,-1/4,z","0,-1/4,-z","0,-3/4,-z","0,-3/4,z" ],"desc": "..2","geom": "line","label": "f","mult": 4 },{ "coord": [ "y,-1/4,0","-y,-1/4,0","-y,-3/4,0","y,-3/4,0" ],"desc": ".2.","geom": "line","label": "e","mult": 4 },{ "coord": [ "1/2,-1/4,0","1/2,-3/4,0" ],"desc": "222","geom": "point","label": "d","mult": 2 },{ "coord": [ "0,-1/4,0","0,-3/4,0" ],"desc": "222","geom": "point","label": "c","mult": 2 },{ "coord": [ "1/2,0,0","1/2,-1/2,0" ],"desc": "2/m..","geom": "point","label": "b","mult": 2 },{ "coord": [ "0,0,0","0,-1/2,0" ],"desc": "2/m..","geom": "point","label": "a","mult": 2 } ] } },{ "clegId": "l/39:a,b,c","det": 1.0,"gen": [ "x,y,z","-x+1/2,-y+1/2,z","-x+1/2,y,-z","-x,-y,-z" ],"gp": [ "x,y,z","-x+1/2,-y+1/2,z","-x+1/2,y,-z","x,-y+1/2,-z","-x,-y,-z","x+1/2,y+1/2,-z","x+1/2,-y,z","-x,y+1/2,z" ],"hm": "l/p b a n","id": "layer_p_b_a_n","set": 1,"sg": 39,"subtype": "layer","trm": "a,b,c","wpos": { "pos": [ { "desc": "1","geom": "general","label": "h","mult": 8 },{ "coord": [ "1/4,3/4,z","1/4,3/4,-z","3/4,1/4,-z","3/4,1/4,z" ],"desc": "..2","geom": "line","label": "g","mult": 4 },{ "coord": [ "1/4,1/4,z","1/4,1/4,-z","3/4,3/4,-z","3/4,3/4,z" ],"desc": "..2","geom": "line","label": "f","mult": 4 },{ "coord": [ "1/4,y,0","1/4,-y+1/2,0","3/4,-y,0","3/4,y+1/2,0" ],"desc": ".2.","geom": "line","label": "e","mult": 4 },{ "coord": [ "x,1/4,0","-x+1/2,1/4,0","-x,3/4,0","x+1/2,3/4,0" ],"desc": "2..","geom": "line","label": "d","mult": 4 },{ "coord": [ "0,0,0","1/2,1/2,0","1/2,0,0","0,1/2,0" ],"desc": "-1","geom": "point","label": "c","mult": 4 },{ "coord": [ "3/4,1/4,0","1/4,3/4,0" ],"desc": "222","geom": "point","label": "b","mult": 2 },{ "coord": [ "1/4,1/4,0","3/4,3/4,0" ],"desc": "222","geom": "point","label": "a","mult": 2 } ] } },{ "clegId": "l/40:a,b,c","det": 1.0,"gen": [ "x,y,z","-x+1/2,y,-z","-x,-y,z","-x,-y,-z" ],"gp": [ "x,y,z","-x+1/2,y,-z","-x,-y,z","x+1/2,-y,-z","-x,-y,-z","x+1/2,-y,z","x,y,-z","-x+1/2,y,z" ],"hm": "l/p m a m","id": "layer_p_m_a_m","set": 1,"sg": 40,"subtype": "layer","trm": "a,b,c","wpos": { "pos": [ { "desc": "1","geom": "general","label": "h","mult": 8 },{ "coord": [ "1/4,y,z","1/4,y,-z","3/4,-y,z","3/4,-y,-z" ],"desc": "m..","geom": "plane","label": "g","mult": 4 },{ "coord": [ "x,y,0","-x+1/2,y,0","-x,-y,0","x+1/2,-y,0" ],"desc": "..m","geom": "plane","label": "f","mult": 4 },{ "coord": [ "0,1/2,z","1/2,1/2,-z","0,1/2,-z","1/2,1/2,z" ],"desc": "..2","geom": "line","label": "e","mult": 4 },{ "coord": [ "0,0,z","1/2,0,-z","0,0,-z","1/2,0,z" ],"desc": "..2","geom": "line","label": "d","mult": 4 },{ "coord": [ "1/4,y,0","3/4,-y,0" ],"desc": "m2m","geom": "line","label": "c","mult": 2 },{ "coord": [ "0,1/2,0","1/2,1/2,0" ],"desc": "..2/m","geom": "point","label": "b","mult": 2 },{ "coord": [ "0,0,0","1/2,0,0" ],"desc": "..2/m","geom": "point","label": "a","mult": 2 } ] } },{ "clegId": "l/40:b,-a,c","det": 1.0,"gen": [ "x,y,z","x,-y+1/2,-z","-x,-y,z","-x,-y,-z" ],"gp": [ "x,y,z","x,-y+1/2,-z","-x,-y,z","-x,y+1/2,-z","-x,-y,-z","-x,y+1/2,z","x,y,-z","x,-y+1/2,z" ],"hm": "l/p b m m","id": "layer_p_b_m_m","set": 2,"sg": 40,"subtype": "layer","trm": "b,-a,c","wpos": { "pos": [ { "desc": "1","geom": "general","label": "h","mult": 8 },{ "coord": [ "y,-1/4,z","y,-1/4,-z","-y,-3/4,z","-y,-3/4,-z" ],"desc": "m..","geom": "plane","label": "g","mult": 4 },{ "coord": [ "y,-x,0","y,x-1/2,0","-y,x,0","-y,-x-1/2,0" ],"desc": "..m","geom": "plane","label": "f","mult": 4 },{ "coord": [ "1/2,0,z","1/2,-1/2,-z","1/2,0,-z","1/2,-1/2,z" ],"desc": "..2","geom": "line","label": "e","mult": 4 },{ "coord": [ "0,0,z","0,-1/2,-z","0,0,-z","0,-1/2,z" ],"desc": "..2","geom": "line","label": "d","mult": 4 },{ "coord": [ "y,-1/4,0","-y,-3/4,0" ],"desc": "m2m","geom": "line","label": "c","mult": 2 },{ "coord": [ "1/2,0,0","1/2,-1/2,0" ],"desc": "..2/m","geom": "point","label": "b","mult": 2 },{ "coord": [ "0,0,0","0,-1/2,0" ],"desc": "..2/m","geom": "point","label": "a","mult": 2 } ] } },{ "clegId": "l/41:a,b,c","det": 1.0,"gen": [ "x,y,z","-x+1/2,-y,z","-x,y,-z","-x,-y,-z" ],"gp": [ "x,y,z","-x+1/2,-y,z","-x,y,-z","x+1/2,-y,-z","-x,-y,-z","x+1/2,y,-z","x,-y,z","-x+1/2,y,z" ],"hm": "l/p m m a","id": "layer_p_m_m_a","set": 1,"sg": 41,"subtype": "layer","trm": "a,b,c","wpos": { "pos": [ { "desc": "1","geom": "general","label": "i","mult": 8 },{ "coord": [ "1/4,y,z","1/4,-y,z","3/4,y,-z","3/4,-y,-z" ],"desc": "m..","geom": "plane","label": "h","mult": 4 },{ "coord": [ "x,1/2,z","-x+1/2,1/2,z","-x,1/2,-z","x+1/2,1/2,-z" ],"desc": ".m.","geom": "plane","label": "g","mult": 4 },{ "coord": [ "x,0,z","-x+1/2,0,z","-x,0,-z","x+1/2,0,-z" ],"desc": ".m.","geom": "plane","label": "f","mult": 4 },{ "coord": [ "0,y,0","1/2,-y,0","0,-y,0","1/2,y,0" ],"desc": ".2.","geom": "line","label": "e","mult": 4 },{ "coord": [ "1/4,1/2,z","3/4,1/2,-z" ],"desc": "mm2","geom": "line","label": "d","mult": 2 },{ "coord": [ "1/4,0,z","3/4,0,-z" ],"desc": "mm2","geom": "line","label": "c","mult": 2 },{ "coord": [ "0,1/2,0","1/2,1/2,0" ],"desc": ".2/m.","geom": "point","label": "b","mult": 2 },{ "coord": [ "0,0,0","1/2,0,0" ],"desc": ".2/m.","geom": "point","label": "a","mult": 2 } ] } },{ "clegId": "l/41:b,-a,c","det": 1.0,"gen": [ "x,y,z","-x,-y+1/2,z","x,-y,-z","-x,-y,-z" ],"gp": [ "x,y,z","-x,-y+1/2,z","x,-y,-z","-x,y+1/2,-z","-x,-y,-z","x,y+1/2,-z","-x,y,z","x,-y+1/2,z" ],"hm": "l/p m m b","id": "layer_p_m_m_b","set": 2,"sg": 41,"subtype": "layer","trm": "b,-a,c","wpos": { "pos": [ { "desc": "1","geom": "general","label": "i","mult": 8 },{ "coord": [ "y,-1/4,z","-y,-1/4,z","y,-3/4,-z","-y,-3/4,-z" ],"desc": "m..","geom": "plane","label": "h","mult": 4 },{ "coord": [ "1/2,-x,z","1/2,x-1/2,z","1/2,x,-z","1/2,-x-1/2,-z" ],"desc": ".m.","geom": "plane","label": "g","mult": 4 },{ "coord": [ "0,-x,z","0,x-1/2,z","0,x,-z","0,-x-1/2,-z" ],"desc": ".m.","geom": "plane","label": "f","mult": 4 },{ "coord": [ "y,0,0","-y,-1/2,0","-y,0,0","y,-1/2,0" ],"desc": ".2.","geom": "line","label": "e","mult": 4 },{ "coord": [ "1/2,-1/4,z","1/2,-3/4,-z" ],"desc": "mm2","geom": "line","label": "d","mult": 2 },{ "coord": [ "0,-1/4,z","0,-3/4,-z" ],"desc": "mm2","geom": "line","label": "c","mult": 2 },{ "coord": [ "1/2,0,0","1/2,-1/2,0" ],"desc": ".2/m.","geom": "point","label": "b","mult": 2 },{ "coord": [ "0,0,0","0,-1/2,0" ],"desc": ".2/m.","geom": "point","label": "a","mult": 2 } ] } },{ "clegId": "l/42:a,b,c","det": 1.0,"gen": [ "x,y,z","-x+1/2,y+1/2,-z","-x+1/2,-y+1/2,z","-x,-y,-z" ],"gp": [ "x,y,z","-x+1/2,y+1/2,-z","-x+1/2,-y+1/2,z","x,-y,-z","-x,-y,-z","x+1/2,-y+1/2,z","x+1/2,y+1/2,-z","-x,y,z" ],"hm": "l/p m a n","id": "layer_p_m_a_n","set": 1,"sg": 42,"subtype": "layer","trm": "a,b,c","wpos": { "pos": [ { "desc": "1","geom": "general","label": "f","mult": 8 },{ "coord": [ "0,y,z","1/2,y+1/2,-z","1/2,-y+1/2,z","0,-y,-z" ],"desc": "m..","geom": "plane","label": "e","mult": 4 },{ "coord": [ "1/4,1/4,z","1/4,3/4,-z","3/4,3/4,-z","3/4,1/4,z" ],"desc": "..2","geom": "line","label": "d","mult": 4 },{ "coord": [ "x,0,0","-x+1/2,1/2,0","-x,0,0","x+1/2,1/2,0" ],"desc": "2..","geom": "line","label": "c","mult": 4 },{ "coord": [ "1/2,0,0","0,1/2,0" ],"desc": "2/m..","geom": "point","label": "b","mult": 2 },{ "coord": [ "0,0,0","1/2,1/2,0" ],"desc": "2/m..","geom": "point","label": "a","mult": 2 } ] } },{ "clegId": "l/42:b,-a,c","det": 1.0,"gen": [ "x,y,z","x+1/2,-y+1/2,-z","-x+1/2,-y+1/2,z","-x,-y,-z" ],"gp": [ "x,y,z","x+1/2,-y+1/2,-z","-x+1/2,-y+1/2,z","-x,y,-z","-x,-y,-z","-x+1/2,y+1/2,z","x+1/2,y+1/2,-z","x,-y,z" ],"hm": "l/p b m n","id": "layer_p_b_m_n","set": 2,"sg": 42,"subtype": "layer","trm": "b,-a,c","wpos": { "pos": [ { "desc": "1","geom": "general","label": "f","mult": 8 },{ "coord": [ "y,0,z","y+1/2,-1/2,-z","-y+1/2,-1/2,z","-y,0,-z" ],"desc": "m..","geom": "plane","label": "e","mult": 4 },{ "coord": [ "1/4,-1/4,z","3/4,-1/4,-z","3/4,-3/4,-z","1/4,-3/4,z" ],"desc": "..2","geom": "line","label": "d","mult": 4 },{ "coord": [ "0,-x,0","1/2,x-1/2,0","0,x,0","1/2,-x-1/2,0" ],"desc": "2..","geom": "line","label": "c","mult": 4 },{ "coord": [ "0,-1/2,0","1/2,0,0" ],"desc": "2/m..","geom": "point","label": "b","mult": 2 },{ "coord": [ "0,0,0","1/2,-1/2,0" ],"desc": "2/m..","geom": "point","label": "a","mult": 2 } ] } },{ "clegId": "l/43:a,b,c","det": 1.0,"gen": [ "x,y,z","x,-y+1/2,-z","-x+1/2,-y,z","-x,-y,-z" ],"gp": [ "x,y,z","x,-y+1/2,-z","-x+1/2,-y,z","-x+1/2,y+1/2,-z","-x,-y,-z","-x,y+1/2,z","x+1/2,y,-z","x+1/2,-y+1/2,z" ],"hm": "l/p b a a","id": "layer_p_b_a_a","set": 1,"sg": 43,"subtype": "layer","trm": "a,b,c","wpos": { "pos": [ { "desc": "1","geom": "general","label": "d","mult": 8 },{ "coord": [ "x,1/4,0","-x+1/2,3/4,0","-x,3/4,0","x+1/2,1/4,0" ],"desc": "2..","geom": "line","label": "c","mult": 4 },{ "coord": [ "1/4,0,z","1/4,1/2,-z","3/4,0,-z","3/4,1/2,z" ],"desc": "..2","geom": "line","label": "b","mult": 4 },{ "coord": [ "0,0,0","0,1/2,0","1/2,0,0","1/2,1/2,0" ],"desc": "-1","geom": "point","label": "a","mult": 4 } ] } },{ "clegId": "l/43:b,-a,c","det": 1.0,"gen": [ "x,y,z","-x+1/2,y,-z","-x,-y+1/2,z","-x,-y,-z" ],"gp": [ "x,y,z","-x+1/2,y,-z","-x,-y+1/2,z","x+1/2,-y+1/2,-z","-x,-y,-z","x+1/2,-y,z","x,y+1/2,-z","-x+1/2,y+1/2,z" ],"hm": "l/p b a b","id": "layer_p_b_a_b","set": 2,"sg": 43,"subtype": "layer","trm": "b,-a,c","wpos": { "pos": [ { "desc": "1","geom": "general","label": "d","mult": 8 },{ "coord": [ "1/4,-x,0","3/4,x-1/2,0","3/4,x,0","1/4,-x-1/2,0" ],"desc": "2..","geom": "line","label": "c","mult": 4 },{ "coord": [ "0,-1/4,z","1/2,-1/4,-z","0,-3/4,-z","1/2,-3/4,z" ],"desc": "..2","geom": "line","label": "b","mult": 4 },{ "coord": [ "0,0,0","1/2,0,0","0,-1/2,0","1/2,-1/2,0" ],"desc": "-1","geom": "point","label": "a","mult": 4 } ] } },{ "clegId": "l/44:a,b,c","det": 1.0,"gen": [ "x,y,z","-x,-y,z","-x+1/2,y+1/2,-z","-x,-y,-z" ],"gp": [ "x,y,z","-x,-y,z","-x+1/2,y+1/2,-z","x+1/2,-y+1/2,-z","-x,-y,-z","x,y,-z","x+1/2,-y+1/2,z","-x+1/2,y+1/2,z" ],"hm": "l/p b a m","id": "layer_p_b_a_m","set": 1,"sg": 44,"subtype": "layer","trm": "a,b,c","wpos": { "pos": [ { "desc": "1","geom": "general","label": "f","mult": 8 },{ "coord": [ "x,y,0","-x,-y,0","-x+1/2,y+1/2,0","x+1/2,-y+1/2,0" ],"desc": "..m","geom": "plane","label": "e","mult": 4 },{ "coord": [ "0,1/2,z","1/2,0,-z","0,1/2,-z","1/2,0,z" ],"desc": "..2","geom": "line","label": "d","mult": 4 },{ "coord": [ "0,0,z","1/2,1/2,-z","0,0,-z","1/2,1/2,z" ],"desc": "..2","geom": "line","label": "c","mult": 4 },{ "coord": [ "0,1/2,0","1/2,0,0" ],"desc": "..2/m","geom": "point","label": "b","mult": 2 },{ "coord": [ "0,0,0","1/2,1/2,0" ],"desc": "..2/m","geom": "point","label": "a","mult": 2 } ] } },{ "clegId": "l/45:a,b,c","det": 1.0,"gen": [ "x,y,z","-x,y+1/2,-z","x+1/2,-y+1/2,-z","-x,-y,-z" ],"gp": [ "x,y,z","-x,y+1/2,-z","x+1/2,-y+1/2,-z","-x+1/2,-y,z","-x,-y,-z","x,-y+1/2,z","-x+1/2,y+1/2,z","x+1/2,y,-z" ],"hm": "l/p b m a","id": "layer_p_b_m_a","set": 1,"sg": 45,"subtype": "layer","trm": "a,b,c","wpos": { "pos": [ { "desc": "1","geom": "general","label": "d","mult": 8 },{ "coord": [ "x,1/4,z","-x,3/4,-z","x+1/2,1/4,-z","-x+1/2,3/4,z" ],"desc": ".m.","geom": "plane","label": "c","mult": 4 },{ "coord": [ "1/4,0,z","3/4,1/2,-z","3/4,0,-z","1/4,1/2,z" ],"desc": "..2","geom": "line","label": "b","mult": 4 },{ "coord": [ "0,0,0","0,1/2,0","1/2,1/2,0","1/2,0,0" ],"desc": "-1","geom": "point","label": "a","mult": 4 } ] } },{ "clegId": "l/45:b,-a,c","det": 1.0,"gen": [ "x,y,z","x+1/2,-y,-z","-x+1/2,y+1/2,-z","-x,-y,-z" ],"gp": [ "x,y,z","x+1/2,-y,-z","-x+1/2,y+1/2,-z","-x,-y+1/2,z","-x,-y,-z","-x+1/2,y,z","x+1/2,-y+1/2,z","x,y+1/2,-z" ],"hm": "l/p m a b","id": "layer_p_m_a_b","set": 2,"sg": 45,"subtype": "layer","trm": "b,-a,c","wpos": { "pos": [ { "desc": "1","geom": "general","label": "d","mult": 8 },{ "coord": [ "1/4,-x,z","3/4,x,-z","1/4,-x-1/2,-z","3/4,x-1/2,z" ],"desc": ".m.","geom": "plane","label": "c","mult": 4 },{ "coord": [ "0,-1/4,z","1/2,-3/4,-z","0,-3/4,-z","1/2,-1/4,z" ],"desc": "..2","geom": "line","label": "b","mult": 4 },{ "coord": [ "0,0,0","1/2,0,0","1/2,-1/2,0","0,-1/2,0" ],"desc": "-1","geom": "point","label": "a","mult": 4 } ] } },{ "clegId": "l/46:a,b,c","det": 1.0,"gen": [ "x,y,z","-x+1/2,-y+1/2,z","-x,y+1/2,-z","-x,-y,-z" ],"gp": [ "x,y,z","-x+1/2,-y+1/2,z","-x,y+1/2,-z","x+1/2,-y,-z","-x,-y,-z","x+1/2,y+1/2,-z","x,-y+1/2,z","-x+1/2,y,z" ],"hm": "l/p m m n","id": "layer_p_m_m_n","set": 1,"sg": 46,"subtype": "layer","trm": "a,b,c","wpos": { "pos": [ { "desc": "1","geom": "general","label": "f","mult": 8 },{ "coord": [ "x,1/4,z","-x+1/2,1/4,z","-x,3/4,-z","x+1/2,3/4,-z" ],"desc": ".m.","geom": "plane","label": "e","mult": 4 },{ "coord": [ "1/4,y,z","1/4,-y+1/2,z","3/4,y+1/2,-z","3/4,-y,-z" ],"desc": "m..","geom": "plane","label": "d","mult": 4 },{ "coord": [ "0,0,0","1/2,1/2,0","0,1/2,0","1/2,0,0" ],"desc": "-1","geom": "point","label": "c","mult": 4 },{ "coord": [ "1/4,3/4,z","3/4,1/4,-z" ],"desc": "mm2","geom": "line","label": "b","mult": 2 },{ "coord": [ "1/4,1/4,z","3/4,3/4,-z" ],"desc": "mm2","geom": "line","label": "a","mult": 2 } ] } },{ "clegId": "l/47:a,b,c","det": 1.0,"gen": [ "x,y,z","-x,-y,z","-x,y,-z","-x,-y,-z","x+1/2,y+1/2,z" ],"gp": [ "x,y,z","-x,-y,z","-x,y,-z","x,-y,-z","-x,-y,-z","x,y,-z","x,-y,z","-x,y,z","x+1/2,y+1/2,z","-x+1/2,-y+1/2,z","-x+1/2,y+1/2,-z","x+1/2,-y+1/2,-z","-x+1/2,-y+1/2,-z","x+1/2,y+1/2,-z","x+1/2,-y+1/2,z","-x+1/2,y+1/2,z" ],"hm": "l/c m m m","id": "layer_c_m_m_m","set": 1,"sg": 47,"subtype": "layer","trm": "a,b,c","wpos": { "cent": [ "1/2,1/2,0" ],"pos": [ { "desc": "1","geom": "general","label": "l","mult": 16 },{ "coord": [ "x,y,0","-x,-y,0","-x,y,0","x,-y,0" ],"desc": "..m","geom": "plane","label": "k","mult": 8 },{ "coord": [ "x,0,z","-x,0,z","-x,0,-z","x,0,-z" ],"desc": ".m.","geom": "plane","label": "j","mult": 8 },{ "coord": [ "0,y,z","0,-y,z","0,y,-z","0,-y,-z" ],"desc": "m..","geom": "plane","label": "i","mult": 8 },{ "coord": [ "1/4,1/4,z","3/4,1/4,-z","3/4,3/4,-z","1/4,3/4,z" ],"desc": "..2","geom": "line","label": "h","mult": 8 },{ "coord": [ "0,1/2,z","0,1/2,-z" ],"desc": "mm2","geom": "line","label": "g","mult": 4 },{ "coord": [ "0,0,z","0,0,-z" ],"desc": "mm2","geom": "line","label": "f","mult": 4 },{ "coord": [ "0,y,0","0,-y,0" ],"desc": "m2m","geom": "line","label": "e","mult": 4 },{ "coord": [ "x,0,0","-x,0,0" ],"desc": "2mm","geom": "line","label": "d","mult": 4 },{ "coord": [ "1/4,1/4,0","3/4,1/4,0" ],"desc": "..2/m","geom": "point","label": "c","mult": 4 },{ "coord": [ "1/2,0,0" ],"desc": "mmm","geom": "point","label": "b","mult": 2 },{ "coord": [ "0,0,0" ],"desc": "mmm","geom": "point","label": "a","mult": 2 } ] } },{ "clegId": "l/48:a,b,c","det": 1.0,"gen": [ "x,y,z","-x,-y+1/2,z","-x,y+1/2,-z","-x,-y,-z","x+1/2,y+1/2,z" ],"gp": [ "x,y,z","-x,-y+1/2,z","-x,y+1/2,-z","x,-y,-z","-x,-y,-z","x,y+1/2,-z","x,-y+1/2,z","-x,y,z","x+1/2,y+1/2,z","-x+1/2,-y,z","-x+1/2,y,-z","x+1/2,-y+1/2,-z","-x+1/2,-y+1/2,-z","x+1/2,y,-z","x+1/2,-y,z","-x+1/2,y+1/2,z" ],"hm": "l/c m m e","id": "layer_c_m_m_e","set": 1,"sg": 48,"subtype": "layer","trm": "a,b,c","wpos": { "cent": [ "1/2,1/2,0" ],"pos": [ { "desc": "1","geom": "general","label": "j","mult": 16 },{ "coord": [ "x,1/4,z","-x,1/4,z","-x,3/4,-z","x,3/4,-z" ],"desc": ".m.","geom": "plane","label": "i","mult": 8 },{ "coord": [ "0,y,z","0,-y+1/2,z","0,y+1/2,-z","0,-y,-z" ],"desc": "m..","geom": "plane","label": "h","mult": 8 },{ "coord": [ "1/4,0,z","3/4,1/2,-z","3/4,0,-z","1/4,1/2,z" ],"desc": "..2","geom": "line","label": "g","mult": 8 },{ "coord": [ "1/4,y,0","3/4,-y+1/2,0","3/4,-y,0","1/4,y+1/2,0" ],"desc": ".2.","geom": "line","label": "f","mult": 8 },{ "coord": [ "x,0,0","-x,1/2,0","-x,0,0","x,1/2,0" ],"desc": "2..","geom": "line","label": "e","mult": 8 },{ "coord": [ "0,1/4,z","0,3/4,-z" ],"desc": "mm2","geom": "line","label": "d","mult": 4 },{ "coord": [ "1/4,1/4,0","3/4,1/4,0" ],"desc": ".2/m.","geom": "point","label": "c","mult": 4 },{ "coord": [ "0,0,0","0,1/2,0" ],"desc": "2/m..","geom": "point","label": "b","mult": 4 },{ "coord": [ "1/4,0,0","3/4,0,0" ],"desc": "222","geom": "point","label": "a","mult": 4 } ] } },{ "clegId": "l/49:a,b,c","det": 1.0,"gen": [ "x,y,z","-x,-y,z","-y,x,z" ],"gp": [ "x,y,z","-x,-y,z","-y,x,z","y,-x,z" ],"hm": "l/p 4","id": "layer_p_4","set": 1,"sg": 49,"subtype": "layer","trm": "a,b,c","wpos": { "pos": [ { "desc": "1","geom": "general","label": "d","mult": 4 },{ "coord": [ "0,1/2,z","1/2,0,z" ],"desc": "2..","geom": "line","label": "c","mult": 2 },{ "coord": [ "1/2,1/2,z" ],"desc": "4..","geom": "line","label": "b","mult": 1 },{ "coord": [ "0,0,z" ],"desc": "4..","geom": "line","label": "a","mult": 1 } ] } },{ "clegId": "l/50:a,b,c","det": 1.0,"gen": [ "x,y,z","-x,-y,z","y,-x,-z" ],"gp": [ "x,y,z","-x,-y,z","y,-x,-z","-y,x,-z" ],"hm": "l/p -4","id": "layer_p_-4","set": 1,"sg": 50,"subtype": "layer","trm": "a,b,c","wpos": { "pos": [ { "desc": "1","geom": "general","label": "f","mult": 4 },{ "coord": [ "0,1/2,z","1/2,0,-z" ],"desc": "2..","geom": "line","label": "e","mult": 2 },{ "coord": [ "1/2,1/2,z","1/2,1/2,-z" ],"desc": "2..","geom": "line","label": "d","mult": 2 },{ "coord": [ "0,0,z","0,0,-z" ],"desc": "2..","geom": "line","label": "c","mult": 2 },{ "coord": [ "1/2,1/2,0" ],"desc": "-4..","geom": "point","label": "b","mult": 1 },{ "coord": [ "0,0,0" ],"desc": "-4..","geom": "point","label": "a","mult": 1 } ] } },{ "clegId": "l/51:a,b,c","det": 1.0,"gen": [ "x,y,z","-x,-y,z","-y,x,z","-x,-y,-z" ],"gp": [ "x,y,z","-x,-y,z","-y,x,z","y,-x,z","-x,-y,-z","x,y,-z","y,-x,-z","-y,x,-z" ],"hm": "l/p 4/m","id": "layer_p_4/m","set": 1,"sg": 51,"subtype": "layer","trm": "a,b,c","wpos": { "pos": [ { "desc": "1","geom": "general","label": "h","mult": 8 },{ "coord": [ "x,y,0","-x,-y,0","-y,x,0","y,-x,0" ],"desc": "m..","geom": "plane","label": "g","mult": 4 },{ "coord": [ "0,1/2,z","1/2,0,z","0,1/2,-z","1/2,0,-z" ],"desc": "2..","geom": "line","label": "f","mult": 4 },{ "coord": [ "1/2,1/2,z","1/2,1/2,-z" ],"desc": "4..","geom": "line","label": "e","mult": 2 },{ "coord": [ "0,0,z","0,0,-z" ],"desc": "4..","geom": "line","label": "d","mult": 2 },{ "coord": [ "0,1/2,0","1/2,0,0" ],"desc": "2/m..","geom": "point","label": "c","mult": 2 },{ "coord": [ "1/2,1/2,0" ],"desc": "4/m..","geom": "point","label": "b","mult": 1 },{ "coord": [ "0,0,0" ],"desc": "4/m..","geom": "point","label": "a","mult": 1 } ] } },{ "clegId": "l/52:a,b,c","det": 1.0,"gen": [ "x,y,z","-x+1/2,-y+1/2,z","-y+1/2,x,z","-x,-y,-z" ],"gp": [ "x,y,z","-x+1/2,-y+1/2,z","-y+1/2,x,z","y,-x+1/2,z","-x,-y,-z","x+1/2,y+1/2,-z","y+1/2,-x,-z","-y,x+1/2,-z" ],"hm": "l/p 4/n :2","id": "layer_p_4/n_2","set": 1,"sg": 52,"subtype": "layer","trm": "a,b,c","wpos": { "pos": [ { "desc": "1","geom": "general","label": "e","mult": 8 },{ "coord": [ "1/4,3/4,z","3/4,1/4,z","3/4,1/4,-z","1/4,3/4,-z" ],"desc": "2..","geom": "line","label": "d","mult": 4 },{ "coord": [ "0,0,0","1/2,1/2,0","1/2,0,0","0,1/2,0" ],"desc": "-1","geom": "point","label": "c","mult": 4 },{ "coord": [ "1/4,1/4,z","3/4,3/4,-z" ],"desc": "4..","geom": "line","label": "b","mult": 2 },{ "coord": [ "1/4,3/4,0","3/4,1/4,0" ],"desc": "-4..","geom": "point","label": "a","mult": 2 } ] } },{ "clegId": "l/52:a,b,c;-1/4,-1/4,0","det": 1.0,"gen": [ "x,y,z","-x,-y,z","-y,x,z","-x+1/2,-y+1/2,-z" ],"gp": [ "x,y,z","-x,-y,z","-y,x,z","y,-x,z","-x+1/2,-y+1/2,-z","x+1/2,y+1/2,-z","y+1/2,-x+1/2,-z","-y+1/2,x+1/2,-z" ],"hm": "l/p 4/n :1","id": "layer_p_4/n_1","set": 2,"sg": 52,"subtype": "layer","trm": "a,b,c;-1/4,-1/4,0","wpos": { "pos": [ { "desc": "1","geom": "general","label": "e","mult": 8 },{ "coord": [ "1/2,1,z","1,1/2,z","1,1/2,-z","1/2,1,-z" ],"desc": "2..","geom": "line","label": "d","mult": 4 },{ "coord": [ "1/4,1/4,0","3/4,3/4,0","3/4,1/4,0","1/4,3/4,0" ],"desc": "-1","geom": "point","label": "c","mult": 4 },{ "coord": [ "1/2,1/2,z","1,1,-z" ],"desc": "4..","geom": "line","label": "b","mult": 2 },{ "coord": [ "1/2,1,0","1,1/2,0" ],"desc": "-4..","geom": "point","label": "a","mult": 2 } ] } },{ "clegId": "l/53:a,b,c","det": 1.0,"gen": [ "x,y,z","-x,-y,z","-y,x,z","-x,y,-z" ],"gp": [ "x,y,z","-x,-y,z","-y,x,z","y,-x,z","-x,y,-z","x,-y,-z","y,x,-z","-y,-x,-z" ],"hm": "l/p 4 2 2","id": "layer_p_4_2_2","set": 1,"sg": 53,"subtype": "layer","trm": "a,b,c","wpos": { "pos": [ { "desc": "1","geom": "general","label": "j","mult": 8 },{ "coord": [ "x,1/2,0","-x,1/2,0","1/2,x,0","1/2,-x,0" ],"desc": ".2.","geom": "line","label": "i","mult": 4 },{ "coord": [ "x,0,0","-x,0,0","0,x,0","0,-x,0" ],"desc": ".2.","geom": "line","label": "h","mult": 4 },{ "coord": [ "x,x,0","-x,-x,0","-x,x,0","x,-x,0" ],"desc": "..2","geom": "line","label": "g","mult": 4 },{ "coord": [ "0,1/2,z","1/2,0,z","0,1/2,-z","1/2,0,-z" ],"desc": "2..","geom": "line","label": "f","mult": 4 },{ "coord": [ "1/2,1/2,z","1/2,1/2,-z" ],"desc": "4..","geom": "line","label": "e","mult": 2 },{ "coord": [ "0,0,z","0,0,-z" ],"desc": "4..","geom": "line","label": "d","mult": 2 },{ "coord": [ "1/2,0,0","0,1/2,0" ],"desc": "222.","geom": "point","label": "c","mult": 2 },{ "coord": [ "1/2,1/2,0" ],"desc": "422","geom": "point","label": "b","mult": 1 },{ "coord": [ "0,0,0" ],"desc": "422","geom": "point","label": "a","mult": 1 } ] } },{ "clegId": "l/54:a,b,c","det": 1.0,"gen": [ "x,y,z","-x,-y,z","-y,x,z","-x+1/2,y+1/2,-z" ],"gp": [ "x,y,z","-x,-y,z","-y,x,z","y,-x,z","-x+1/2,y+1/2,-z","x+1/2,-y+1/2,-z","y+1/2,x+1/2,-z","-y+1/2,-x+1/2,-z" ],"hm": "l/p 4 21 2","id": "layer_p_4_21_2","set": 1,"sg": 54,"subtype": "layer","trm": "a,b,c","wpos": { "pos": [ { "desc": "1","geom": "general","label": "e","mult": 8 },{ "coord": [ "x,x+1/2,0","-x,-x+1/2,0","-x+1/2,x,0","x+1/2,-x,0" ],"desc": "..2","geom": "line","label": "d","mult": 4 },{ "coord": [ "0,1/2,z","1/2,0,z","1/2,0,-z","0,1/2,-z" ],"desc": "2..","geom": "line","label": "c","mult": 4 },{ "coord": [ "0,0,z","1/2,1/2,-z" ],"desc": "4..","geom": "line","label": "b","mult": 2 },{ "coord": [ "0,1/2,0","1/2,0,0" ],"desc": "2.22","geom": "point","label": "a","mult": 2 } ] } },{ "clegId": "l/55:a,b,c","det": 1.0,"gen": [ "x,y,z","-x,-y,z","-y,x,z","x,-y,z" ],"gp": [ "x,y,z","-x,-y,z","-y,x,z","y,-x,z","x,-y,z","-x,y,z","-y,-x,z","y,x,z" ],"hm": "l/p 4 m m","id": "layer_p_4_m_m","set": 1,"sg": 55,"subtype": "layer","trm": "a,b,c","wpos": { "pos": [ { "desc": "1","geom": "general","label": "g","mult": 8 },{ "coord": [ "x,1/2,z","-x,1/2,z","1/2,x,z","1/2,-x,z" ],"desc": ".m.","geom": "plane","label": "f","mult": 4 },{ "coord": [ "x,0,z","-x,0,z","0,x,z","0,-x,z" ],"desc": ".m.","geom": "plane","label": "e","mult": 4 },{ "coord": [ "x,x,z","-x,-x,z","-x,x,z","x,-x,z" ],"desc": "..m","geom": "plane","label": "d","mult": 4 },{ "coord": [ "1/2,0,z","0,1/2,z" ],"desc": "2mm.","geom": "line","label": "c","mult": 2 },{ "coord": [ "1/2,1/2,z" ],"desc": "4mm","geom": "line","label": "b","mult": 1 },{ "coord": [ "0,0,z" ],"desc": "4mm","geom": "line","label": "a","mult": 1 } ] } },{ "clegId": "l/56:a,b,c","det": 1.0,"gen": [ "x,y,z","-x,-y,z","-y,x,z","x+1/2,-y+1/2,z" ],"gp": [ "x,y,z","-x,-y,z","-y,x,z","y,-x,z","x+1/2,-y+1/2,z","-x+1/2,y+1/2,z","-y+1/2,-x+1/2,z","y+1/2,x+1/2,z" ],"hm": "l/p 4 b m","id": "layer_p_4_b_m","set": 1,"sg": 56,"subtype": "layer","trm": "a,b,c","wpos": { "pos": [ { "desc": "1","geom": "general","label": "d","mult": 8 },{ "coord": [ "x,x+1/2,z","-x,-x+1/2,z","-x+1/2,x,z","x+1/2,-x,z" ],"desc": "..m","geom": "plane","label": "c","mult": 4 },{ "coord": [ "1/2,0,z","0,1/2,z" ],"desc": "2.mm","geom": "line","label": "b","mult": 2 },{ "coord": [ "0,0,z","1/2,1/2,z" ],"desc": "4..","geom": "line","label": "a","mult": 2 } ] } },{ "clegId": "l/57:a,b,c","det": 1.0,"gen": [ "x,y,z","-x,-y,z","y,-x,-z","-x,y,-z" ],"gp": [ "x,y,z","-x,-y,z","y,-x,-z","-y,x,-z","-x,y,-z","x,-y,-z","-y,-x,z","y,x,z" ],"hm": "l/p -4 2 m","id": "layer_p_-4_2_m","set": 1,"sg": 57,"subtype": "layer","trm": "a,b,c","wpos": { "pos": [ { "desc": "1","geom": "general","label": "j","mult": 8 },{ "coord": [ "x,x,z","-x,-x,z","x,-x,-z","-x,x,-z" ],"desc": "..m","geom": "plane","label": "i","mult": 4 },{ "coord": [ "0,1/2,z","1/2,0,-z","0,1/2,-z","1/2,0,z" ],"desc": "2..","geom": "line","label": "h","mult": 4 },{ "coord": [ "x,1/2,0","-x,1/2,0","1/2,-x,0","1/2,x,0" ],"desc": ".2.","geom": "line","label": "g","mult": 4 },{ "coord": [ "x,0,0","-x,0,0","0,-x,0","0,x,0" ],"desc": ".2.","geom": "line","label": "f","mult": 4 },{ "coord": [ "1/2,1/2,z","1/2,1/2,-z" ],"desc": "2.mm","geom": "line","label": "e","mult": 2 },{ "coord": [ "0,0,z","0,0,-z" ],"desc": "2.mm","geom": "line","label": "d","mult": 2 },{ "coord": [ "1/2,0,0","0,1/2,0" ],"desc": "222.","geom": "point","label": "c","mult": 2 },{ "coord": [ "1/2,1/2,0" ],"desc": "-42m","geom": "point","label": "b","mult": 1 },{ "coord": [ "0,0,0" ],"desc": "-42m","geom": "point","label": "a","mult": 1 } ] } },{ "clegId": "l/58:a,b,c","det": 1.0,"gen": [ "x,y,z","-x,-y,z","y,-x,-z","-x+1/2,y+1/2,-z" ],"gp": [ "x,y,z","-x,-y,z","y,-x,-z","-y,x,-z","-x+1/2,y+1/2,-z","x+1/2,-y+1/2,-z","-y+1/2,-x+1/2,z","y+1/2,x+1/2,z" ],"hm": "l/p -4 21 m","id": "layer_p_-4_21_m","set": 1,"sg": 58,"subtype": "layer","trm": "a,b,c","wpos": { "pos": [ { "desc": "1","geom": "general","label": "e","mult": 8 },{ "coord": [ "x,x+1/2,z","-x,-x+1/2,z","x+1/2,-x,-z","-x+1/2,x,-z" ],"desc": "..m","geom": "plane","label": "d","mult": 4 },{ "coord": [ "0,0,z","0,0,-z","1/2,1/2,-z","1/2,1/2,z" ],"desc": "2..","geom": "line","label": "c","mult": 4 },{ "coord": [ "0,1/2,z","1/2,0,-z" ],"desc": "2.mm","geom": "line","label": "b","mult": 2 },{ "coord": [ "0,0,0","1/2,1/2,0" ],"desc": "-4..","geom": "point","label": "a","mult": 2 } ] } },{ "clegId": "l/59:a,b,c","det": 1.0,"gen": [ "x,y,z","-x,-y,z","y,-x,-z","x,-y,z" ],"gp": [ "x,y,z","-x,-y,z","y,-x,-z","-y,x,-z","x,-y,z","-x,y,z","y,x,-z","-y,-x,-z" ],"hm": "l/p -4 m 2","id": "layer_p_-4_m_2","set": 1,"sg": 59,"subtype": "layer","trm": "a,b,c","wpos": { "pos": [ { "desc": "1","geom": "general","label": "i","mult": 8 },{ "coord": [ "x,1/2,z","-x,1/2,z","1/2,-x,-z","1/2,x,-z" ],"desc": ".m.","geom": "plane","label": "h","mult": 4 },{ "coord": [ "x,0,z","-x,0,z","0,-x,-z","0,x,-z" ],"desc": ".m.","geom": "plane","label": "g","mult": 4 },{ "coord": [ "x,x,0","-x,-x,0","x,-x,0","-x,x,0" ],"desc": "..2","geom": "line","label": "f","mult": 4 },{ "coord": [ "0,1/2,z","1/2,0,-z" ],"desc": "2mm.","geom": "line","label": "e","mult": 2 },{ "coord": [ "1/2,1/2,z","1/2,1/2,-z" ],"desc": "2mm.","geom": "line","label": "d","mult": 2 },{ "coord": [ "0,0,z","0,0,-z" ],"desc": "2mm.","geom": "line","label": "c","mult": 2 },{ "coord": [ "1/2,1/2,0" ],"desc": "-4m2","geom": "point","label": "b","mult": 1 },{ "coord": [ "0,0,0" ],"desc": "-4m2","geom": "point","label": "a","mult": 1 } ] } },{ "clegId": "l/60:a,b,c","det": 1.0,"gen": [ "x,y,z","-x,-y,z","y,-x,-z","x+1/2,-y+1/2,z" ],"gp": [ "x,y,z","-x,-y,z","y,-x,-z","-y,x,-z","x+1/2,-y+1/2,z","-x+1/2,y+1/2,z","y+1/2,x+1/2,-z","-y+1/2,-x+1/2,-z" ],"hm": "l/p -4 b 2","id": "layer_p_-4_b_2","set": 1,"sg": 60,"subtype": "layer","trm": "a,b,c","wpos": { "pos": [ { "desc": "1","geom": "general","label": "f","mult": 8 },{ "coord": [ "x,x+1/2,0","-x,-x+1/2,0","x+1/2,-x,0","-x+1/2,x,0" ],"desc": "..2","geom": "line","label": "e","mult": 4 },{ "coord": [ "0,1/2,z","1/2,0,-z","1/2,0,z","0,1/2,-z" ],"desc": "2..","geom": "line","label": "d","mult": 4 },{ "coord": [ "0,0,z","0,0,-z","1/2,1/2,z","1/2,1/2,-z" ],"desc": "2..","geom": "line","label": "c","mult": 4 },{ "coord": [ "0,1/2,0","1/2,0,0" ],"desc": "2.22","geom": "point","label": "b","mult": 2 },{ "coord": [ "0,0,0","1/2,1/2,0" ],"desc": "-4..","geom": "point","label": "a","mult": 2 } ] } },{ "clegId": "l/61:a,b,c","det": 1.0,"gen": [ "x,y,z","-x,-y,z","-y,x,z","-x,y,-z","-x,-y,-z" ],"gp": [ "x,y,z","-x,-y,z","-y,x,z","y,-x,z","-x,y,-z","x,-y,-z","y,x,-z","-y,-x,-z","-x,-y,-z","x,y,-z","y,-x,-z","-y,x,-z","x,-y,z","-x,y,z","-y,-x,z","y,x,z" ],"hm": "l/p 4/m m m","id": "layer_p_4/m_m_m","set": 1,"sg": 61,"subtype": "layer","trm": "a,b,c","wpos": { "pos": [ { "desc": "1","geom": "general","label": "n","mult": 16 },{ "coord": [ "x,1/2,z","-x,1/2,z","1/2,x,z","1/2,-x,z","-x,1/2,-z","x,1/2,-z","1/2,x,-z","1/2,-x,-z" ],"desc": ".m.","geom": "plane","label": "m","mult": 8 },{ "coord": [ "x,0,z","-x,0,z","0,x,z","0,-x,z","-x,0,-z","x,0,-z","0,x,-z","0,-x,-z" ],"desc": ".m.","geom": "plane","label": "l","mult": 8 },{ "coord": [ "x,x,z","-x,-x,z","-x,x,z","x,-x,z","-x,x,-z","x,-x,-z","x,x,-z","-x,-x,-z" ],"desc": "..m","geom": "plane","label": "k","mult": 8 },{ "coord": [ "x,y,0","-x,-y,0","-y,x,0","y,-x,0","-x,y,0","x,-y,0","y,x,0","-y,-x,0" ],"desc": "m..","geom": "plane","label": "j","mult": 8 },{ "coord": [ "x,1/2,0","-x,1/2,0","1/2,x,0","1/2,-x,0" ],"desc": "m2m.","geom": "line","label": "i","mult": 4 },{ "coord": [ "x,0,0","-x,0,0","0,x,0","0,-x,0" ],"desc": "m2m.","geom": "line","label": "h","mult": 4 },{ "coord": [ "x,x,0","-x,-x,0","-x,x,0","x,-x,0" ],"desc": "m.2m","geom": "line","label": "g","mult": 4 },{ "coord": [ "0,1/2,z","1/2,0,z","0,1/2,-z","1/2,0,-z" ],"desc": "2mm.","geom": "line","label": "f","mult": 4 },{ "coord": [ "1/2,1/2,z","1/2,1/2,-z" ],"desc": "4mm","geom": "line","label": "e","mult": 2 },{ "coord": [ "0,0,z","0,0,-z" ],"desc": "4mm","geom": "line","label": "d","mult": 2 },{ "coord": [ "0,1/2,0","1/2,0,0" ],"desc": "mmm.","geom": "point","label": "c","mult": 2 },{ "coord": [ "1/2,1/2,0" ],"desc": "4/mmm","geom": "point","label": "b","mult": 1 },{ "coord": [ "0,0,0" ],"desc": "4/mmm","geom": "point","label": "a","mult": 1 } ] } },{ "clegId": "l/62:a,b,c","det": 1.0,"gen": [ "x,y,z","-x+1/2,-y+1/2,z","-y+1/2,x,z","-x+1/2,y,-z","-x,-y,-z" ],"gp": [ "x,y,z","-x+1/2,-y+1/2,z","-y+1/2,x,z","y,-x+1/2,z","-x+1/2,y,-z","x,-y+1/2,-z","y,x,-z","-y+1/2,-x+1/2,-z","-x,-y,-z","x+1/2,y+1/2,-z","y+1/2,-x,-z","-y,x+1/2,-z","x+1/2,-y,z","-x,y+1/2,z","-y,-x,z","y+1/2,x+1/2,z" ],"hm": "l/p 4/n b m :2","id": "layer_p_4/n_b_m_2","set": 1,"sg": 62,"subtype": "layer","trm": "a,b,c","wpos": { "pos": [ { "desc": "1","geom": "general","label": "i","mult": 16 },{ "coord": [ "x,-x,z","-x+1/2,x+1/2,z","x+1/2,x,z","-x,-x+1/2,z","-x+1/2,-x,-z","x,x+1/2,-z","-x,x,-z","x+1/2,-x+1/2,-z" ],"desc": "..m","geom": "plane","label": "h","mult": 8 },{ "coord": [ "x,1/4,0","-x+1/2,1/4,0","1/4,x,0","1/4,-x+1/2,0","-x,3/4,0","x+1/2,3/4,0","3/4,-x,0","3/4,x+1/2,0" ],"desc": ".2.","geom": "line","label": "g","mult": 8 },{ "coord": [ "x,x,0","-x+1/2,-x+1/2,0","-x+1/2,x,0","x,-x+1/2,0","-x,-x,0","x+1/2,x+1/2,0","x+1/2,-x,0","-x,x+1/2,0" ],"desc": "..2","geom": "line","label": "f","mult": 8 },{ "coord": [ "3/4,1/4,z","1/4,3/4,z","3/4,1/4,-z","1/4,3/4,-z" ],"desc": "2.mm","geom": "line","label": "e","mult": 4 },{ "coord": [ "1/4,1/4,z","1/4,1/4,-z","3/4,3/4,-z","3/4,3/4,z" ],"desc": "4..","geom": "line","label": "d","mult": 4 },{ "coord": [ "0,0,0","1/2,1/2,0","1/2,0,0","0,1/2,0" ],"desc": "..2/m","geom": "point","label": "c","mult": 4 },{ "coord": [ "3/4,1/4,0","1/4,3/4,0" ],"desc": "-42m","geom": "point","label": "b","mult": 2 },{ "coord": [ "1/4,1/4,0","3/4,3/4,0" ],"desc": "422","geom": "point","label": "a","mult": 2 } ] } },{ "clegId": "l/62:a,b,c;-1/4,-1/4,0","det": 1.0,"gen": [ "x,y,z","-x,-y,z","-y,x,z","-x,y,-z","-x+1/2,-y+1/2,-z" ],"gp": [ "x,y,z","-x,-y,z","-y,x,z","y,-x,z","-x,y,-z","x,-y,-z","y,x,-z","-y,-x,-z","-x+1/2,-y+1/2,-z","x+1/2,y+1/2,-z","y+1/2,-x+1/2,-z","-y+1/2,x+1/2,-z","x+1/2,-y+1/2,z","-x+1/2,y+1/2,z","-y+1/2,-x+1/2,z","y+1/2,x+1/2,z" ],"hm": "l/p 4/n b m :1","id": "layer_p_4/n_b_m_1","set": 2,"sg": 62,"subtype": "layer","trm": "a,b,c;-1/4,-1/4,0","wpos": { "pos": [ { "desc": "1","geom": "general","label": "i","mult": 16 },{ "coord": [ "x+1/4,-x+1/4,z","-x+3/4,x+3/4,z","x+3/4,x+1/4,z","-x+1/4,-x+3/4,z","-x+3/4,-x+1/4,-z","x+1/4,x+3/4,-z","-x+1/4,x+1/4,-z","x+3/4,-x+3/4,-z" ],"desc": "..m","geom": "plane","label": "h","mult": 8 },{ "coord": [ "x+1/4,1/2,0","-x+3/4,1/2,0","1/2,x+1/4,0","1/2,-x+3/4,0","-x+1/4,1,0","x+3/4,1,0","1,-x+1/4,0","1,x+3/4,0" ],"desc": ".2.","geom": "line","label": "g","mult": 8 },{ "coord": [ "x+1/4,x+1/4,0","-x+3/4,-x+3/4,0","-x+3/4,x+1/4,0","x+1/4,-x+3/4,0","-x+1/4,-x+1/4,0","x+3/4,x+3/4,0","x+3/4,-x+1/4,0","-x+1/4,x+3/4,0" ],"desc": "..2","geom": "line","label": "f","mult": 8 },{ "coord": [ "1,1/2,z","1/2,1,z","1,1/2,-z","1/2,1,-z" ],"desc": "2.mm","geom": "line","label": "e","mult": 4 },{ "coord": [ "1/2,1/2,z","1/2,1/2,-z","1,1,-z","1,1,z" ],"desc": "4..","geom": "line","label": "d","mult": 4 },{ "coord": [ "1/4,1/4,0","3/4,3/4,0","3/4,1/4,0","1/4,3/4,0" ],"desc": "..2/m","geom": "point","label": "c","mult": 4 },{ "coord": [ "1,1/2,0","1/2,1,0" ],"desc": "-42m","geom": "point","label": "b","mult": 2 },{ "coord": [ "1/2,1/2,0","1,1,0" ],"desc": "422","geom": "point","label": "a","mult": 2 } ] } },{ "clegId": "l/63:a,b,c","det": 1.0,"gen": [ "x,y,z","-x,-y,z","-y,x,z","-x+1/2,y+1/2,-z","-x,-y,-z" ],"gp": [ "x,y,z","-x,-y,z","-y,x,z","y,-x,z","-x+1/2,y+1/2,-z","x+1/2,-y+1/2,-z","y+1/2,x+1/2,-z","-y+1/2,-x+1/2,-z","-x,-y,-z","x,y,-z","y,-x,-z","-y,x,-z","x+1/2,-y+1/2,z","-x+1/2,y+1/2,z","-y+1/2,-x+1/2,z","y+1/2,x+1/2,z" ],"hm": "l/p 4/m b m","id": "layer_p_4/m_b_m","set": 1,"sg": 63,"subtype": "layer","trm": "a,b,c","wpos": { "pos": [ { "desc": "1","geom": "general","label": "h","mult": 16 },{ "coord": [ "x,x+1/2,z","-x,-x+1/2,z","-x+1/2,x,z","x+1/2,-x,z","-x+1/2,x,-z","x+1/2,-x,-z","x,x+1/2,-z","-x,-x+1/2,-z" ],"desc": "..m","geom": "plane","label": "g","mult": 8 },{ "coord": [ "x,y,0","-x,-y,0","-y,x,0","y,-x,0","-x+1/2,y+1/2,0","x+1/2,-y+1/2,0","y+1/2,x+1/2,0","-y+1/2,-x+1/2,0" ],"desc": "m..","geom": "plane","label": "f","mult": 8 },{ "coord": [ "x,x+1/2,0","-x,-x+1/2,0","-x+1/2,x,0","x+1/2,-x,0" ],"desc": "m.2m","geom": "line","label": "e","mult": 4 },{ "coord": [ "0,1/2,z","1/2,0,z","1/2,0,-z","0,1/2,-z" ],"desc": "2.mm","geom": "line","label": "d","mult": 4 },{ "coord": [ "0,0,z","1/2,1/2,-z","0,0,-z","1/2,1/2,z" ],"desc": "4..","geom": "line","label": "c","mult": 4 },{ "coord": [ "0,1/2,0","1/2,0,0" ],"desc": "m.mm","geom": "point","label": "b","mult": 2 },{ "coord": [ "0,0,0","1/2,1/2,0" ],"desc": "4/m..","geom": "point","label": "a","mult": 2 } ] } },{ "clegId": "l/64:a,b,c","det": 1.0,"gen": [ "x,y,z","-x+1/2,-y+1/2,z","-y+1/2,x,z","-x,y+1/2,-z","-x,-y,-z" ],"gp": [ "x,y,z","-x+1/2,-y+1/2,z","-y+1/2,x,z","y,-x+1/2,z","-x,y+1/2,-z","x+1/2,-y,-z","y+1/2,x+1/2,-z","-y,-x,-z","-x,-y,-z","x+1/2,y+1/2,-z","y+1/2,-x,-z","-y,x+1/2,-z","x,-y+1/2,z","-x+1/2,y,z","-y+1/2,-x+1/2,z","y,x,z" ],"hm": "l/p 4/n m m :2","id": "layer_p_4/n_m_m_2","set": 1,"sg": 64,"subtype": "layer","trm": "a,b,c","wpos": { "pos": [ { "desc": "1","geom": "general","label": "h","mult": 16 },{ "coord": [ "x,x,z","-x+1/2,-x+1/2,z","-x+1/2,x,z","x,-x+1/2,z","-x,x+1/2,-z","x+1/2,-x,-z","x+1/2,x+1/2,-z","-x,-x,-z" ],"desc": "..m","geom": "plane","label": "g","mult": 8 },{ "coord": [ "1/4,y,z","1/4,-y+1/2,z","-y+1/2,1/4,z","y,1/4,z","3/4,y+1/2,-z","3/4,-y,-z","y+1/2,3/4,-z","-y,3/4,-z" ],"desc": ".m.","geom": "plane","label": "f","mult": 8 },{ "coord": [ "x,-x,0","-x+1/2,x+1/2,0","x+1/2,x,0","-x,-x+1/2,0","-x,x,0","x+1/2,-x+1/2,0","-x+1/2,-x,0","x,x+1/2,0" ],"desc": "..2","geom": "line","label": "e","mult": 8 },{ "coord": [ "3/4,1/4,z","1/4,3/4,z","1/4,3/4,-z","3/4,1/4,-z" ],"desc": "2mm.","geom": "line","label": "d","mult": 4 },{ "coord": [ "0,0,0","1/2,1/2,0","1/2,0,0","0,1/2,0" ],"desc": "..2/m","geom": "point","label": "c","mult": 4 },{ "coord": [ "1/4,1/4,z","3/4,3/4,-z" ],"desc": "4mm","geom": "line","label": "b","mult": 2 },{ "coord": [ "3/4,1/4,0","1/4,3/4,0" ],"desc": "-4m2","geom": "point","label": "a","mult": 2 } ] } },{ "clegId": "l/64:a,b,c;-1/4,-1/4,0","det": 1.0,"gen": [ "x,y,z","-x,-y,z","-y,x,z","-x+1/2,y+1/2,-z","-x+1/2,-y+1/2,-z" ],"gp": [ "x,y,z","-x,-y,z","-y,x,z","y,-x,z","-x+1/2,y+1/2,-z","x+1/2,-y+1/2,-z","y+1/2,x+1/2,-z","-y+1/2,-x+1/2,-z","-x+1/2,-y+1/2,-z","x+1/2,y+1/2,-z","y+1/2,-x+1/2,-z","-y+1/2,x+1/2,-z","x,-y,z","-x,y,z","-y,-x,z","y,x,z" ],"hm": "l/p 4/n m m :1","id": "layer_p_4/n_m_m_1","set": 2,"sg": 64,"subtype": "layer","trm": "a,b,c;-1/4,-1/4,0","wpos": { "pos": [ { "desc": "1","geom": "general","label": "h","mult": 16 },{ "coord": [ "x+1/4,x+1/4,z","-x+3/4,-x+3/4,z","-x+3/4,x+1/4,z","x+1/4,-x+3/4,z","-x+1/4,x+3/4,-z","x+3/4,-x+1/4,-z","x+3/4,x+3/4,-z","-x+1/4,-x+1/4,-z" ],"desc": "..m","geom": "plane","label": "g","mult": 8 },{ "coord": [ "1/2,y+1/4,z","1/2,-y+3/4,z","-y+3/4,1/2,z","y+1/4,1/2,z","1,y+3/4,-z","1,-y+1/4,-z","y+3/4,1,-z","-y+1/4,1,-z" ],"desc": ".m.","geom": "plane","label": "f","mult": 8 },{ "coord": [ "x+1/4,-x+1/4,0","-x+3/4,x+3/4,0","x+3/4,x+1/4,0","-x+1/4,-x+3/4,0","-x+1/4,x+1/4,0","x+3/4,-x+3/4,0","-x+3/4,-x+1/4,0","x+1/4,x+3/4,0" ],"desc": "..2","geom": "line","label": "e","mult": 8 },{ "coord": [ "1,1/2,z","1/2,1,z","1/2,1,-z","1,1/2,-z" ],"desc": "2mm.","geom": "line","label": "d","mult": 4 },{ "coord": [ "1/4,1/4,0","3/4,3/4,0","3/4,1/4,0","1/4,3/4,0" ],"desc": "..2/m","geom": "point","label": "c","mult": 4 },{ "coord": [ "1/2,1/2,z","1,1,-z" ],"desc": "4mm","geom": "line","label": "b","mult": 2 },{ "coord": [ "1,1/2,0","1/2,1,0" ],"desc": "-4m2","geom": "point","label": "a","mult": 2 } ] } },{ "clegId": "l/65:a,b,c","det": 1.0,"gen": [ "x,y,z","-y,x-y,z" ],"gp": [ "x,y,z","-y,x-y,z","-x+y,-x,z" ],"hm": "l/p 3","id": "layer_p_3","set": 1,"sg": 65,"subtype": "layer","trm": "a,b,c","wpos": { "pos": [ { "desc": "1","geom": "general","label": "d","mult": 3 },{ "coord": [ "2/3,1/3,z" ],"desc": "3..","geom": "line","label": "c","mult": 1 },{ "coord": [ "1/3,2/3,z" ],"desc": "3..","geom": "line","label": "b","mult": 1 },{ "coord": [ "0,0,z" ],"desc": "3..","geom": "line","label": "a","mult": 1 } ] } },{ "clegId": "l/66:a,b,c","det": 1.0,"gen": [ "x,y,z","-y,x-y,z","-x,-y,-z" ],"gp": [ "x,y,z","-y,x-y,z","-x+y,-x,z","-x,-y,-z","y,-x+y,-z","x-y,x,-z" ],"hm": "l/p -3","id": "layer_p_-3","set": 1,"sg": 66,"subtype": "layer","trm": "a,b,c","wpos": { "pos": [ { "desc": "1","geom": "general","label": "e","mult": 6 },{ "coord": [ "1/2,0,0","0,1/2,0","1/2,1/2,0" ],"desc": "-1","geom": "point","label": "d","mult": 3 },{ "coord": [ "1/3,2/3,z","2/3,1/3,-z" ],"desc": "3..","geom": "line","label": "c","mult": 2 },{ "coord": [ "0,0,z","0,0,-z" ],"desc": "3..","geom": "line","label": "b","mult": 2 },{ "coord": [ "0,0,0" ],"desc": "-3..","geom": "point","label": "a","mult": 1 } ] } },{ "clegId": "l/67:a,b,c","det": 1.0,"gen": [ "x,y,z","-y,x-y,z","-y,-x,-z" ],"gp": [ "x,y,z","-y,x-y,z","-x+y,-x,z","-y,-x,-z","-x+y,y,-z","x,x-y,-z" ],"hm": "l/p 3 1 2","id": "layer_p_3_1_2","set": 1,"sg": 67,"subtype": "layer","trm": "a,b,c","wpos": { "pos": [ { "desc": "1","geom": "general","label": "h","mult": 6 },{ "coord": [ "x,-x,0","x,2x,0","-2x,-x,0" ],"desc": "..2","geom": "line","label": "g","mult": 3 },{ "coord": [ "2/3,1/3,z","2/3,1/3,-z" ],"desc": "3..","geom": "line","label": "f","mult": 2 },{ "coord": [ "1/3,2/3,z","1/3,2/3,-z" ],"desc": "3..","geom": "line","label": "e","mult": 2 },{ "coord": [ "0,0,z","0,0,-z" ],"desc": "3..","geom": "line","label": "d","mult": 2 },{ "coord": [ "2/3,1/3,0" ],"desc": "3.2","geom": "point","label": "c","mult": 1 },{ "coord": [ "1/3,2/3,0" ],"desc": "3.2","geom": "point","label": "b","mult": 1 },{ "coord": [ "0,0,0" ],"desc": "3.2","geom": "point","label": "a","mult": 1 } ] } },{ "clegId": "l/68:a,b,c","det": 1.0,"gen": [ "x,y,z","-y,x-y,z","y,x,-z" ],"gp": [ "x,y,z","-y,x-y,z","-x+y,-x,z","y,x,-z","x-y,-y,-z","-x,-x+y,-z" ],"hm": "l/p 3 2 1","id": "layer_p_3_2_1","set": 1,"sg": 68,"subtype": "layer","trm": "a,b,c","wpos": { "pos": [ { "desc": "1","geom": "general","label": "e","mult": 6 },{ "coord": [ "x,0,0","0,x,0","-x,-x,0" ],"desc": ".2.","geom": "line","label": "d","mult": 3 },{ "coord": [ "1/3,2/3,z","2/3,1/3,-z" ],"desc": "3..","geom": "line","label": "c","mult": 2 },{ "coord": [ "0,0,z","0,0,-z" ],"desc": "3..","geom": "line","label": "b","mult": 2 },{ "coord": [ "0,0,0" ],"desc": "32.","geom": "point","label": "a","mult": 1 } ] } },{ "clegId": "l/69:a,b,c","det": 1.0,"gen": [ "x,y,z","-y,x-y,z","-y,-x,z" ],"gp": [ "x,y,z","-y,x-y,z","-x+y,-x,z","-y,-x,z","-x+y,y,z","x,x-y,z" ],"hm": "l/p 3 m 1","id": "layer_p_3_m_1","set": 1,"sg": 69,"subtype": "layer","trm": "a,b,c","wpos": { "pos": [ { "desc": "1","geom": "general","label": "e","mult": 6 },{ "coord": [ "x,-x,z","x,2x,z","-2x,-x,z" ],"desc": ".m.","geom": "plane","label": "d","mult": 3 },{ "coord": [ "2/3,1/3,z" ],"desc": "3m.","geom": "line","label": "c","mult": 1 },{ "coord": [ "1/3,2/3,z" ],"desc": "3m.","geom": "line","label": "b","mult": 1 },{ "coord": [ "0,0,z" ],"desc": "3m.","geom": "line","label": "a","mult": 1 } ] } },{ "clegId": "l/70:a,b,c","det": 1.0,"gen": [ "x,y,z","-y,x-y,z","y,x,z" ],"gp": [ "x,y,z","-y,x-y,z","-x+y,-x,z","y,x,z","x-y,-y,z","-x,-x+y,z" ],"hm": "l/p 3 1 m","id": "layer_p_3_1_m","set": 1,"sg": 70,"subtype": "layer","trm": "a,b,c","wpos": { "pos": [ { "desc": "1","geom": "general","label": "d","mult": 6 },{ "coord": [ "x,0,z","0,x,z","-x,-x,z" ],"desc": "..m","geom": "plane","label": "c","mult": 3 },{ "coord": [ "1/3,2/3,z","2/3,1/3,z" ],"desc": "3..","geom": "line","label": "b","mult": 2 },{ "coord": [ "0,0,z" ],"desc": "3.m","geom": "line","label": "a","mult": 1 } ] } },{ "clegId": "l/71:a,b,c","det": 1.0,"gen": [ "x,y,z","-y,x-y,z","-y,-x,-z","-x,-y,-z" ],"gp": [ "x,y,z","-y,x-y,z","-x+y,-x,z","-y,-x,-z","-x+y,y,-z","x,x-y,-z","-x,-y,-z","y,-x+y,-z","x-y,x,-z","y,x,z","x-y,-y,z","-x,-x+y,z" ],"hm": "l/p -3 1 m","id": "layer_p_-3_1_m","set": 1,"sg": 71,"subtype": "layer","trm": "a,b,c","wpos": { "pos": [ { "desc": "1","geom": "general","label": "h","mult": 12 },{ "coord": [ "x,0,z","0,x,z","-x,-x,z","0,-x,-z","-x,0,-z","x,x,-z" ],"desc": "..m","geom": "plane","label": "g","mult": 6 },{ "coord": [ "x,-x,0","x,2x,0","-2x,-x,0","-x,x,0","-x,-2x,0","2x,x,0" ],"desc": "..2","geom": "line","label": "f","mult": 6 },{ "coord": [ "1/3,2/3,z","1/3,2/3,-z","2/3,1/3,-z","2/3,1/3,z" ],"desc": "3..","geom": "line","label": "e","mult": 4 },{ "coord": [ "1/2,0,0","0,1/2,0","1/2,1/2,0" ],"desc": "..2/m","geom": "point","label": "d","mult": 3 },{ "coord": [ "0,0,z","0,0,-z" ],"desc": "3.m","geom": "line","label": "c","mult": 2 },{ "coord": [ "1/3,2/3,0","2/3,1/3,0" ],"desc": "3.2","geom": "point","label": "b","mult": 2 },{ "coord": [ "0,0,0" ],"desc": "-3.m","geom": "point","label": "a","mult": 1 } ] } },{ "clegId": "l/72:a,b,c","det": 1.0,"gen": [ "x,y,z","-y,x-y,z","y,x,-z","-x,-y,-z" ],"gp": [ "x,y,z","-y,x-y,z","-x+y,-x,z","y,x,-z","x-y,-y,-z","-x,-x+y,-z","-x,-y,-z","y,-x+y,-z","x-y,x,-z","-y,-x,z","-x+y,y,z","x,x-y,z" ],"hm": "l/p -3 m 1","id": "layer_p_-3_m_1","set": 1,"sg": 72,"subtype": "layer","trm": "a,b,c","wpos": { "pos": [ { "desc": "1","geom": "general","label": "g","mult": 12 },{ "coord": [ "x,-x,z","x,2x,z","-2x,-x,z","-x,x,-z","2x,x,-z","-x,-2x,-z" ],"desc": ".m.","geom": "plane","label": "f","mult": 6 },{ "coord": [ "x,0,0","0,x,0","-x,-x,0","-x,0,0","0,-x,0","x,x,0" ],"desc": ".2.","geom": "line","label": "e","mult": 6 },{ "coord": [ "1/2,0,0","0,1/2,0","1/2,1/2,0" ],"desc": ".2/m.","geom": "point","label": "d","mult": 3 },{ "coord": [ "1/3,2/3,z","2/3,1/3,-z" ],"desc": "3m.","geom": "line","label": "c","mult": 2 },{ "coord": [ "0,0,z","0,0,-z" ],"desc": "3m.","geom": "line","label": "b","mult": 2 },{ "coord": [ "0,0,0" ],"desc": "-3m.","geom": "point","label": "a","mult": 1 } ] } },{ "clegId": "l/73:a,b,c","det": 1.0,"gen": [ "x,y,z","-y,x-y,z","-x,-y,z" ],"gp": [ "x,y,z","-y,x-y,z","-x+y,-x,z","-x,-y,z","y,-x+y,z","x-y,x,z" ],"hm": "l/p 6","id": "layer_p_6","set": 1,"sg": 73,"subtype": "layer","trm": "a,b,c","wpos": { "pos": [ { "desc": "1","geom": "general","label": "d","mult": 6 },{ "coord": [ "1/2,0,z","0,1/2,z","1/2,1/2,z" ],"desc": "2..","geom": "line","label": "c","mult": 3 },{ "coord": [ "1/3,2/3,z","2/3,1/3,z" ],"desc": "3..","geom": "line","label": "b","mult": 2 },{ "coord": [ "0,0,z" ],"desc": "6..","geom": "line","label": "a","mult": 1 } ] } },{ "clegId": "l/74:a,b,c","det": 1.0,"gen": [ "x,y,z","-y,x-y,z","x,y,-z" ],"gp": [ "x,y,z","-y,x-y,z","-x+y,-x,z","x,y,-z","-y,x-y,-z","-x+y,-x,-z" ],"hm": "l/p -6","id": "layer_p_-6","set": 1,"sg": 74,"subtype": "layer","trm": "a,b,c","wpos": { "pos": [ { "desc": "1","geom": "general","label": "h","mult": 6 },{ "coord": [ "x,y,0","-y,x-y,0","-x+y,-x,0" ],"desc": "m..","geom": "plane","label": "g","mult": 3 },{ "coord": [ "2/3,1/3,z","2/3,1/3,-z" ],"desc": "3..","geom": "line","label": "f","mult": 2 },{ "coord": [ "1/3,2/3,z","1/3,2/3,-z" ],"desc": "3..","geom": "line","label": "e","mult": 2 },{ "coord": [ "0,0,z","0,0,-z" ],"desc": "3..","geom": "line","label": "d","mult": 2 },{ "coord": [ "2/3,1/3,0" ],"desc": "-6..","geom": "point","label": "c","mult": 1 },{ "coord": [ "1/3,2/3,0" ],"desc": "-6..","geom": "point","label": "b","mult": 1 },{ "coord": [ "0,0,0" ],"desc": "-6..","geom": "point","label": "a","mult": 1 } ] } },{ "clegId": "l/75:a,b,c","det": 1.0,"gen": [ "x,y,z","-y,x-y,z","-x,-y,z","-x,-y,-z" ],"gp": [ "x,y,z","-y,x-y,z","-x+y,-x,z","-x,-y,z","y,-x+y,z","x-y,x,z","-x,-y,-z","y,-x+y,-z","x-y,x,-z","x,y,-z","-y,x-y,-z","-x+y,-x,-z" ],"hm": "l/p 6/m","id": "layer_p_6/m","set": 1,"sg": 75,"subtype": "layer","trm": "a,b,c","wpos": { "pos": [ { "desc": "1","geom": "general","label": "h","mult": 12 },{ "coord": [ "x,y,0","-y,x-y,0","-x+y,-x,0","-x,-y,0","y,-x+y,0","x-y,x,0" ],"desc": "m..","geom": "plane","label": "g","mult": 6 },{ "coord": [ "1/2,0,z","0,1/2,z","1/2,1/2,z","1/2,0,-z","0,1/2,-z","1/2,1/2,-z" ],"desc": "2..","geom": "line","label": "f","mult": 6 },{ "coord": [ "1/3,2/3,z","2/3,1/3,z","1/3,2/3,-z","2/3,1/3,-z" ],"desc": "3..","geom": "line","label": "e","mult": 4 },{ "coord": [ "1/2,0,0","0,1/2,0","1/2,1/2,0" ],"desc": "2/m..","geom": "point","label": "d","mult": 3 },{ "coord": [ "0,0,z","0,0,-z" ],"desc": "6..","geom": "line","label": "c","mult": 2 },{ "coord": [ "1/3,2/3,0","2/3,1/3,0" ],"desc": "-6..","geom": "point","label": "b","mult": 2 },{ "coord": [ "0,0,0" ],"desc": "6/m..","geom": "point","label": "a","mult": 1 } ] } },{ "clegId": "l/76:a,b,c","det": 1.0,"gen": [ "x,y,z","-y,x-y,z","-x,-y,z","y,x,-z" ],"gp": [ "x,y,z","-y,x-y,z","-x+y,-x,z","-x,-y,z","y,-x+y,z","x-y,x,z","y,x,-z","x-y,-y,-z","-x,-x+y,-z","-y,-x,-z","-x+y,y,-z","x,x-y,-z" ],"hm": "l/p 6 2 2","id": "layer_p_6_2_2","set": 1,"sg": 76,"subtype": "layer","trm": "a,b,c","wpos": { "pos": [ { "desc": "1","geom": "general","label": "i","mult": 12 },{ "coord": [ "x,-x,0","x,2x,0","-2x,-x,0","-x,x,0","-x,-2x,0","2x,x,0" ],"desc": "..2","geom": "line","label": "h","mult": 6 },{ "coord": [ "x,0,0","0,x,0","-x,-x,0","-x,0,0","0,-x,0","x,x,0" ],"desc": ".2.","geom": "line","label": "g","mult": 6 },{ "coord": [ "1/2,0,z","0,1/2,z","1/2,1/2,z","0,1/2,-z","1/2,0,-z","1/2,1/2,-z" ],"desc": "2..","geom": "line","label": "f","mult": 6 },{ "coord": [ "1/3,2/3,z","2/3,1/3,z","2/3,1/3,-z","1/3,2/3,-z" ],"desc": "3..","geom": "line","label": "e","mult": 4 },{ "coord": [ "1/2,0,0","0,1/2,0","1/2,1/2,0" ],"desc": "222","geom": "point","label": "d","mult": 3 },{ "coord": [ "0,0,z","0,0,-z" ],"desc": "6..","geom": "line","label": "c","mult": 2 },{ "coord": [ "1/3,2/3,0","2/3,1/3,0" ],"desc": "3.2","geom": "point","label": "b","mult": 2 },{ "coord": [ "0,0,0" ],"desc": "622","geom": "point","label": "a","mult": 1 } ] } },{ "clegId": "l/77:a,b,c","det": 1.0,"gen": [ "x,y,z","-y,x-y,z","-x,-y,z","-y,-x,z" ],"gp": [ "x,y,z","-y,x-y,z","-x+y,-x,z","-x,-y,z","y,-x+y,z","x-y,x,z","-y,-x,z","-x+y,y,z","x,x-y,z","y,x,z","x-y,-y,z","-x,-x+y,z" ],"hm": "l/p 6 m m","id": "layer_p_6_m_m","set": 1,"sg": 77,"subtype": "layer","trm": "a,b,c","wpos": { "pos": [ { "desc": "1","geom": "general","label": "f","mult": 12 },{ "coord": [ "x,-x,z","x,2x,z","-2x,-x,z","-x,x,z","-x,-2x,z","2x,x,z" ],"desc": ".m.","geom": "plane","label": "e","mult": 6 },{ "coord": [ "x,0,z","0,x,z","-x,-x,z","-x,0,z","0,-x,z","x,x,z" ],"desc": "..m","geom": "plane","label": "d","mult": 6 },{ "coord": [ "1/2,0,z","0,1/2,z","1/2,1/2,z" ],"desc": "2mm","geom": "line","label": "c","mult": 3 },{ "coord": [ "1/3,2/3,z","2/3,1/3,z" ],"desc": "3m.","geom": "line","label": "b","mult": 2 },{ "coord": [ "0,0,z" ],"desc": "6mm","geom": "line","label": "a","mult": 1 } ] } },{ "clegId": "l/78:a,b,c","det": 1.0,"gen": [ "x,y,z","-y,x-y,z","x,y,-z","-y,-x,z" ],"gp": [ "x,y,z","-y,x-y,z","-x+y,-x,z","x,y,-z","-y,x-y,-z","-x+y,-x,-z","-y,-x,z","-x+y,y,z","x,x-y,z","-y,-x,-z","-x+y,y,-z","x,x-y,-z" ],"hm": "l/p -6 m 2","id": "layer_p_-6_m_2","set": 1,"sg": 78,"subtype": "layer","trm": "a,b,c","wpos": { "pos": [ { "desc": "1","geom": "general","label": "j","mult": 12 },{ "coord": [ "x,-x,z","x,2x,z","-2x,-x,z","x,-x,-z","x,2x,-z","-2x,-x,-z" ],"desc": ".m.","geom": "plane","label": "i","mult": 6 },{ "coord": [ "x,y,0","-y,x-y,0","-x+y,-x,0","-y,-x,0","-x+y,y,0","x,x-y,0" ],"desc": "m..","geom": "plane","label": "h","mult": 6 },{ "coord": [ "x,-x,0","x,2x,0","-2x,-x,0" ],"desc": "mm2","geom": "line","label": "g","mult": 3 },{ "coord": [ "2/3,1/3,z","2/3,1/3,-z" ],"desc": "3m.","geom": "line","label": "f","mult": 2 },{ "coord": [ "1/3,2/3,z","1/3,2/3,-z" ],"desc": "3m.","geom": "line","label": "e","mult": 2 },{ "coord": [ "0,0,z","0,0,-z" ],"desc": "3m.","geom": "line","label": "d","mult": 2 },{ "coord": [ "2/3,1/3,0" ],"desc": "-6m2","geom": "point","label": "c","mult": 1 },{ "coord": [ "1/3,2/3,0" ],"desc": "-6m2","geom": "point","label": "b","mult": 1 },{ "coord": [ "0,0,0" ],"desc": "-6m2","geom": "point","label": "a","mult": 1 } ] } },{ "clegId": "l/79:a,b,c","det": 1.0,"gen": [ "x,y,z","-y,x-y,z","x,y,-z","y,x,-z" ],"gp": [ "x,y,z","-y,x-y,z","-x+y,-x,z","x,y,-z","-y,x-y,-z","-x+y,-x,-z","y,x,-z","x-y,-y,-z","-x,-x+y,-z","y,x,z","x-y,-y,z","-x,-x+y,z" ],"hm": "l/p -6 2 m","id": "layer_p_-6_2_m","set": 1,"sg": 79,"subtype": "layer","trm": "a,b,c","wpos": { "pos": [ { "desc": "1","geom": "general","label": "h","mult": 12 },{ "coord": [ "x,y,0","-y,x-y,0","-x+y,-x,0","y,x,0","x-y,-y,0","-x,-x+y,0" ],"desc": "m..","geom": "plane","label": "g","mult": 6 },{ "coord": [ "x,0,z","0,x,z","-x,-x,z","x,0,-z","0,x,-z","-x,-x,-z" ],"desc": "..m","geom": "plane","label": "f","mult": 6 },{ "coord": [ "1/3,2/3,z","1/3,2/3,-z","2/3,1/3,-z","2/3,1/3,z" ],"desc": "3..","geom": "line","label": "e","mult": 4 },{ "coord": [ "x,0,0","0,x,0","-x,-x,0" ],"desc": "m2m","geom": "line","label": "d","mult": 3 },{ "coord": [ "0,0,z","0,0,-z" ],"desc": "3.m","geom": "line","label": "c","mult": 2 },{ "coord": [ "1/3,2/3,0","2/3,1/3,0" ],"desc": "-6..","geom": "point","label": "b","mult": 2 },{ "coord": [ "0,0,0" ],"desc": "-62m","geom": "point","label": "a","mult": 1 } ] } },{ "clegId": "l/80:a,b,c","det": 1.0,"gen": [ "x,y,z","-y,x-y,z","-x,-y,z","y,x,-z","-x,-y,-z" ],"gp": [ "x,y,z","-y,x-y,z","-x+y,-x,z","-x,-y,z","y,-x+y,z","x-y,x,z","y,x,-z","x-y,-y,-z","-x,-x+y,-z","-y,-x,-z","-x+y,y,-z","x,x-y,-z","-x,-y,-z","y,-x+y,-z","x-y,x,-z","x,y,-z","-y,x-y,-z","-x+y,-x,-z","-y,-x,z","-x+y,y,z","x,x-y,z","y,x,z","x-y,-y,z","-x,-x+y,z" ],"hm": "l/p 6/m m m","id": "layer_p_6/m_m_m","set": 1,"sg": 80,"subtype": "layer","trm": "a,b,c","wpos": { "pos": [ { "desc": "1","geom": "general","label": "l","mult": 24 },{ "coord": [ "x,y,0","-y,x-y,0","-x+y,-x,0","-x,-y,0","y,-x+y,0","x-y,x,0","y,x,0","x-y,-y,0","-x,-x+y,0","-y,-x,0","-x+y,y,0","x,x-y,0" ],"desc": "m..","geom": "plane","label": "k","mult": 12 },{ "coord": [ "x,2x,z","-2x,-x,z","x,-x,z","-x,-2x,z","2x,x,z","-x,x,z","2x,x,-z","-x,-2x,-z","-x,x,-z","-2x,-x,-z","x,2x,-z","x,-x,-z" ],"desc": ".m.","geom": "plane","label": "j","mult": 12 },{ "coord": [ "x,0,z","0,x,z","-x,-x,z","-x,0,z","0,-x,z","x,x,z","0,x,-z","x,0,-z","-x,-x,-z","0,-x,-z","-x,0,-z","x,x,-z" ],"desc": "..m","geom": "plane","label": "i","mult": 12 },{ "coord": [ "x,2x,0","-2x,-x,0","x,-x,0","-x,-2x,0","2x,x,0","-x,x,0" ],"desc": "mm2","geom": "line","label": "h","mult": 6 },{ "coord": [ "x,0,0","0,x,0","-x,-x,0","-x,0,0","0,-x,0","x,x,0" ],"desc": "m2m","geom": "line","label": "g","mult": 6 },{ "coord": [ "1/2,0,z","0,1/2,z","1/2,1/2,z","0,1/2,-z","1/2,0,-z","1/2,1/2,-z" ],"desc": "2mm","geom": "line","label": "f","mult": 6 },{ "coord": [ "1/3,2/3,z","2/3,1/3,z","2/3,1/3,-z","1/3,2/3,-z" ],"desc": "3m.","geom": "line","label": "e","mult": 4 },{ "coord": [ "1/2,0,0","0,1/2,0","1/2,1/2,0" ],"desc": "mmm","geom": "point","label": "d","mult": 3 },{ "coord": [ "0,0,z","0,0,-z" ],"desc": "6mm","geom": "line","label": "c","mult": 2 },{ "coord": [ "1/3,2/3,0","2/3,1/3,0" ],"desc": "-6m2","geom": "point","label": "b","mult": 2 },{ "coord": [ "0,0,0" ],"desc": "6/mmm","geom": "point","label": "a","mult": 1 } ] } } ]