[ { "clegId": "f/1:a,b,c","det": 1.0,"gen": [ "x,y,z" ],"gp": [ "x,y,z" ],"hm": "f/pa 1","id": "frieze_pa_1","set": 1,"sg": 1,"subtype": "frieze","trm": "a,b,c","wpos": { "pos": [ { "desc": "1","geom": "general","label": "a","mult": 1 } ] } },{ "clegId": "f/1:b,-a,c","det": 1.0,"gen": [ "x,y,z" ],"gp": [ "x,y,z" ],"hm": "f/pb 1","id": "frieze_pb_1","set": 2,"sg": 1,"subtype": "frieze","trm": "b,-a,c","wpos": { "pos": [ { "desc": "1","geom": "general","label": "a","mult": 1 } ] } },{ "clegId": "f/2:a,b,c","det": 1.0,"gen": [ "-x,-y,z" ],"gp": [ "x,y,z","-x,-y,z" ],"hm": "f/pa 2 1 1","id": "frieze_pa_2_1_1","set": 1,"sg": 2,"subtype": "frieze","trm": "a,b,c","wpos": { "pos": [ { "desc": "1","geom": "general","label": "c","mult": 2 },{ "coord": [ "1/2,0,0" ],"desc": "2","geom": "point","label": "b","mult": 1 },{ "coord": [ "0,0,0" ],"desc": "2","geom": "point","label": "a","mult": 1 } ] } },{ "clegId": "f/2:b,-a,c","det": 1.0,"gen": [ "-x,-y,z" ],"gp": [ "x,y,z","-x,-y,z" ],"hm": "f/pb 2 1 1","id": "frieze_pb_2_1_1","set": 2,"sg": 2,"subtype": "frieze","trm": "b,-a,c","wpos": { "pos": [ { "desc": "1","geom": "general","label": "c","mult": 2 },{ "coord": [ "0,-1/2,0" ],"desc": "2","geom": "point","label": "b","mult": 1 },{ "coord": [ "0,0,0" ],"desc": "2","geom": "point","label": "a","mult": 1 } ] } },{ "clegId": "f/3:a,b,c","det": 1.0,"gen": [ "-x,y,z" ],"gp": [ "x,y,z","-x,y,z" ],"hm": "f/pa 1 m 1","id": "frieze_pa_1_m_1","set": 1,"sg": 3,"subtype": "frieze","trm": "a,b,c","wpos": { "pos": [ { "desc": "1","geom": "general","label": "c","mult": 2 },{ "coord": [ "1/2,y,0" ],"desc": ".m.","geom": "line","label": "b","mult": 1 },{ "coord": [ "0,y,0" ],"desc": ".m.","geom": "line","label": "a","mult": 1 } ] } },{ "clegId": "f/3:b,-a,c","det": 1.0,"gen": [ "x,-y,z" ],"gp": [ "x,y,z","x,-y,z" ],"hm": "f/pb 1 1 m","id": "frieze_pb_1_1_m","set": 2,"sg": 3,"subtype": "frieze","trm": "b,-a,c","wpos": { "pos": [ { "desc": "1","geom": "general","label": "c","mult": 2 },{ "coord": [ "y,-1/2,0" ],"desc": ".m.","geom": "line","label": "b","mult": 1 },{ "coord": [ "y,0,0" ],"desc": ".m.","geom": "line","label": "a","mult": 1 } ] } },{ "clegId": "f/4:a,b,c","det": 1.0,"gen": [ "x,-y,z" ],"gp": [ "x,y,z","x,-y,z" ],"hm": "f/pa 1 1 m","id": "frieze_pa_1_1_m","set": 1,"sg": 4,"subtype": "frieze","trm": "a,b,c","wpos": { "pos": [ { "desc": "1","geom": "general","label": "b","mult": 2 },{ "coord": [ "x,0,0" ],"desc": "..m","geom": "line","label": "a","mult": 1 } ] } },{ "clegId": "f/4:b,-a,c","det": 1.0,"gen": [ "-x,y,z" ],"gp": [ "x,y,z","-x,y,z" ],"hm": "f/pb 1 m 1","id": "frieze_pb_1_m_1","set": 2,"sg": 4,"subtype": "frieze","trm": "b,-a,c","wpos": { "pos": [ { "desc": "1","geom": "general","label": "b","mult": 2 },{ "coord": [ "0,-x,0" ],"desc": "..m","geom": "line","label": "a","mult": 1 } ] } },{ "clegId": "f/5:a,b,c","det": 1.0,"gen": [ "x+1/2,-y,z" ],"gp": [ "x,y,z","x+1/2,-y,z" ],"hm": "f/pa 1 1 g","id": "frieze_pa_1_1_g","set": 1,"sg": 5,"subtype": "frieze","trm": "a,b,c","wpos": { "pos": [ { "desc": "1","geom": "general","label": "a","mult": 2 } ] } },{ "clegId": "f/5:b,-a,c","det": 1.0,"gen": [ "-x,y+1/2,z" ],"gp": [ "x,y,z","-x,y+1/2,z" ],"hm": "f/pb 1 g 1","id": "frieze_pb_1_g_1","set": 2,"sg": 5,"subtype": "frieze","trm": "b,-a,c","wpos": { "pos": [ { "desc": "1","geom": "general","label": "a","mult": 2 } ] } },{ "clegId": "f/6:a,b,c","det": 1.0,"gen": [ "-x,-y,z","-x,y,z" ],"gp": [ "x,y,z","-x,-y,z","-x,y,z","x,-y,z" ],"hm": "f/pa 2 m m","id": "frieze_pa_2_m_m","set": 1,"sg": 6,"subtype": "frieze","trm": "a,b,c","wpos": { "pos": [ { "desc": "1","geom": "general","label": "f","mult": 4 },{ "coord": [ "1/2,y,0","1/2,-y,0" ],"desc": ".m.","geom": "line","label": "e","mult": 2 },{ "coord": [ "0,y,0","0,-y,0" ],"desc": ".m.","geom": "line","label": "d","mult": 2 },{ "coord": [ "x,0,0","-x,0,0" ],"desc": "..m","geom": "line","label": "c","mult": 2 },{ "coord": [ "1/2,0,0" ],"desc": "2mm","geom": "point","label": "b","mult": 1 },{ "coord": [ "0,0,0" ],"desc": "2mm","geom": "point","label": "a","mult": 1 } ] } },{ "clegId": "f/6:b,-a,c","det": 1.0,"gen": [ "-x,-y,z","x,-y,z" ],"gp": [ "x,y,z","-x,-y,z","x,-y,z","-x,y,z" ],"hm": "f/pb 2 m m","id": "frieze_pb_2_m_m","set": 2,"sg": 6,"subtype": "frieze","trm": "b,-a,c","wpos": { "pos": [ { "desc": "1","geom": "general","label": "f","mult": 4 },{ "coord": [ "y,-1/2,0","-y,-1/2,0" ],"desc": ".m.","geom": "line","label": "e","mult": 2 },{ "coord": [ "y,0,0","-y,0,0" ],"desc": ".m.","geom": "line","label": "d","mult": 2 },{ "coord": [ "0,-x,0","0,x,0" ],"desc": "..m","geom": "line","label": "c","mult": 2 },{ "coord": [ "0,-1/2,0" ],"desc": "2mm","geom": "point","label": "b","mult": 1 },{ "coord": [ "0,0,0" ],"desc": "2mm","geom": "point","label": "a","mult": 1 } ] } },{ "clegId": "f/7:a,b,c","det": 1.0,"gen": [ "-x,-y,z","-x+1/2,y,z" ],"gp": [ "x,y,z","-x,-y,z","-x+1/2,y,z","x+1/2,-y,z" ],"hm": "f/pa 2 m g","id": "frieze_pa_2_m_g","set": 1,"sg": 7,"subtype": "frieze","trm": "a,b,c","wpos": { "pos": [ { "desc": "1","geom": "general","label": "c","mult": 4 },{ "coord": [ "1/4,y,0","3/4,-y,0" ],"desc": ".m.","geom": "line","label": "b","mult": 2 },{ "coord": [ "0,0,0","1/2,0,0" ],"desc": "2..","geom": "point","label": "a","mult": 2 } ] } },{ "clegId": "f/7:b,-a,c","det": 1.0,"gen": [ "-x,-y,z","x,-y+1/2,z" ],"gp": [ "x,y,z","-x,-y,z","x,-y+1/2,z","-x,y+1/2,z" ],"hm": "f/pb 2 g m","id": "frieze_pb_2_g_m","set": 2,"sg": 7,"subtype": "frieze","trm": "b,-a,c","wpos": { "pos": [ { "desc": "1","geom": "general","label": "c","mult": 4 },{ "coord": [ "y,-1/4,0","-y,-3/4,0" ],"desc": ".m.","geom": "line","label": "b","mult": 2 },{ "coord": [ "0,0,0","0,-1/2,0" ],"desc": "2..","geom": "point","label": "a","mult": 2 } ] } } ]