{ "created": "Thu Oct 10 14:30:46 CDT 2024","hm": "P1","nSettings": 20,"nSubgroups": 2,"sg": 1,"subgroups": [ { "det": 2.0,"hm": "P1","i": 1,"n": 7,"sg": 1,"index": 2,"trSubtype": "eu","trType": "k","trms": [ { "conjClass": "a","trm": "2a,a+b,a+c" },{ "conjClass": "b","trm": "2a,a+b,c" },{ "conjClass": "c","trm": "2a,b,a+c" },{ "conjClass": "d","trm": "a,2b,b+c" },{ "conjClass": "e","trm": "a,b,2c" },{ "conjClass": "f","trm": "a,2b,c" },{ "conjClass": "g","trm": "2a,b,c" } ] },{ "det": 3.0,"hm": "P1","i": 2,"n": 13,"sg": 1,"index": 3,"trSubtype": "eu","trType": "k","trms": [ { "conjClass": "a","trm": "3a,2a+b,c" },{ "conjClass": "b","trm": "3a,a+b,c" },{ "conjClass": "c","trm": "3a,b,c" },{ "conjClass": "d","trm": "a,b,3c" },{ "conjClass": "e","trm": "a,3b,2b+c" },{ "conjClass": "f","trm": "a,3b,b+c" },{ "conjClass": "g","trm": "a,3b,c" },{ "conjClass": "h","trm": "3a,2a+b,2a+c" },{ "conjClass": "i","trm": "3a,a+b,2a+c" },{ "conjClass": "j","trm": "3a,2a+b,a+c" },{ "conjClass": "k","trm": "3a,a+b,a+c" },{ "conjClass": "l","trm": "3a,b,2a+c" },{ "conjClass": "m","trm": "3a,b,a+c" } ] } ] }