{ "created": "Thu Oct 10 14:30:46 CDT 2024","hm": "P2/c","nSettings": 30,"nSubgroups": 7,"sg": 13,"subgroups": [ { "det": 1.0,"hm": "P-1","i": 1,"n": 1,"sg": 2,"index": 2,"trSubtype": "","trType": "t","trms": [ { "conjClass": "a","trm": "a,b,c" } ] },{ "det": 1.0,"hm": "P2","i": 2,"n": 1,"sg": 3,"index": 2,"trSubtype": "","trType": "t","trms": [ { "conjClass": "a","trm": "a,b,c;0,0,1/4" } ] },{ "det": 1.0,"hm": "Pc","i": 3,"n": 1,"sg": 7,"index": 2,"trSubtype": "","trType": "t","trms": [ { "conjClass": "a","trm": "a,b,c" } ] },{ "det": 2.0,"hm": "P2/c","i": 4,"n": 6,"sg": 13,"index": 2,"trSubtype": "eu","trType": "k","trms": [ { "conjClass": "a","trm": "2a,b,-2a+c;1/2,0,0" },{ "conjClass": "b","trm": "2a,b,-2a+c" },{ "conjClass": "c","trm": "2a,b,c;1/2,0,0" },{ "conjClass": "d","trm": "2a,b,c" },{ "conjClass": "e","trm": "a,2b,c;0,1/2,0" },{ "conjClass": "f","trm": "a,2b,c" } ] },{ "det": 3.0,"hm": "P2/c","i": 5,"n": 15,"sg": 13,"index": 3,"trSubtype": "eu","trType": "k","trms": [ { "conjClass": "a","trm": "3a,b,-4a+c" },{ "conjClass": "a","trm": "3a,b,-4a+c;1,0,0" },{ "conjClass": "a","trm": "3a,b,-4a+c;2,0,0" },{ "conjClass": "b","trm": "3a,b,-2a+c" },{ "conjClass": "b","trm": "3a,b,-2a+c;1,0,0" },{ "conjClass": "b","trm": "3a,b,-2a+c;2,0,0" },{ "conjClass": "c","trm": "3a,b,c" },{ "conjClass": "c","trm": "3a,b,c;1,0,0" },{ "conjClass": "c","trm": "3a,b,c;2,0,0" },{ "conjClass": "d","trm": "a,b,3c" },{ "conjClass": "d","trm": "a,b,3c;0,0,1" },{ "conjClass": "d","trm": "a,b,3c;0,0,2" },{ "conjClass": "e","trm": "a,3b,c" },{ "conjClass": "e","trm": "a,3b,c;0,1,0" },{ "conjClass": "e","trm": "a,3b,c;0,2,0" } ] },{ "det": 2.0,"hm": "P21/c","i": 6,"n": 2,"sg": 14,"index": 2,"trSubtype": "eu","trType": "k","trms": [ { "conjClass": "a","trm": "a,2b,c;0,1/2,0" },{ "conjClass": "b","trm": "a,2b,c" } ] },{ "det": 4.0,"hm": "C2/c","i": 7,"n": 4,"sg": 15,"index": 2,"trSubtype": "eu","trType": "k","trms": [ { "conjClass": "a","trm": "2a,2b,c;1/2,1/2,0" },{ "conjClass": "b","trm": "2a,2b,c;1/2,0,0" },{ "conjClass": "c","trm": "2a,2b,c;0,1/2,0" },{ "conjClass": "d","trm": "2a,2b,c" } ] } ] }