{ "created": "Thu Oct 10 14:31:00 CDT 2024","hm": "P-3m1","nSettings": 20,"nSubgroups": 9,"sg": 164,"subgroups": [ { "det": 2.0,"hm": "C2/m","i": 1,"n": 3,"sg": 12,"index": 3,"trSubtype": "","trType": "t","trms": [ { "conjClass": "a","trm": "-a+b,-a-b,c" },{ "conjClass": "a","trm": "-a-2b,a,c" },{ "conjClass": "a","trm": "2a+b,b,c" } ] },{ "det": 1.0,"hm": "P-3","i": 2,"n": 1,"sg": 147,"index": 2,"trSubtype": "","trType": "t","trms": [ { "conjClass": "a","trm": "a,b,c" } ] },{ "det": 1.0,"hm": "P321","i": 3,"n": 1,"sg": 150,"index": 2,"trSubtype": "","trType": "t","trms": [ { "conjClass": "a","trm": "a,b,c" } ] },{ "det": 1.0,"hm": "P3m1","i": 4,"n": 1,"sg": 156,"index": 2,"trSubtype": "","trType": "t","trms": [ { "conjClass": "a","trm": "a,b,c" } ] },{ "det": 3.0,"hm": "P-31m","i": 5,"n": 3,"sg": 162,"index": 3,"trSubtype": "eu","trType": "k","trms": [ { "conjClass": "a","trm": "a-b,a+2b,c" },{ "conjClass": "a","trm": "a-b,a+2b,c;1,0,0" },{ "conjClass": "a","trm": "a-b,a+2b,c;1,1,0" } ] },{ "det": 2.0,"hm": "P-3m1","i": 6,"n": 2,"sg": 164,"index": 2,"trSubtype": "eu","trType": "k","trms": [ { "conjClass": "a","trm": "a,b,2c;0,0,1/2" },{ "conjClass": "b","trm": "a,b,2c" } ] },{ "det": 3.0,"hm": "P-3m1","i": 7,"n": 3,"sg": 164,"index": 3,"trSubtype": "eu","trType": "k","trms": [ { "conjClass": "a","trm": "a,b,3c" },{ "conjClass": "a","trm": "a,b,3c;0,0,1" },{ "conjClass": "a","trm": "a,b,3c;0,0,2" } ] },{ "det": 4.0,"hm": "P-3m1","i": 8,"n": 4,"sg": 164,"index": 4,"trSubtype": "eu","trType": "k","trms": [ { "conjClass": "a","trm": "2a,2b,c" },{ "conjClass": "a","trm": "2a,2b,c;1,0,0" },{ "conjClass": "a","trm": "2a,2b,c;0,1,0" },{ "conjClass": "a","trm": "2a,2b,c;1,1,0" } ] },{ "det": 2.0,"hm": "P-3c1","i": 9,"n": 2,"sg": 165,"index": 2,"trSubtype": "eu","trType": "k","trms": [ { "conjClass": "a","trm": "a,b,2c;0,0,1/2" },{ "conjClass": "b","trm": "a,b,2c" } ] } ] }