{ "created": "Thu Oct 10 14:31:01 CDT 2024","hm": "P6mm","nSettings": 18,"nSubgroups": 10,"sg": 183,"subgroups": [ { "det": 2.0,"hm": "Cmm2","i": 1,"n": 3,"sg": 35,"index": 3,"trSubtype": "","trType": "t","trms": [ { "conjClass": "a","trm": "-a+b,-a-b,c" },{ "conjClass": "a","trm": "-a-2b,a,c" },{ "conjClass": "a","trm": "2a+b,b,c" } ] },{ "det": 1.0,"hm": "P3m1","i": 2,"n": 1,"sg": 156,"index": 2,"trSubtype": "","trType": "t","trms": [ { "conjClass": "a","trm": "a,b,c" } ] },{ "det": 1.0,"hm": "P31m","i": 3,"n": 1,"sg": 157,"index": 2,"trSubtype": "","trType": "t","trms": [ { "conjClass": "a","trm": "a,b,c" } ] },{ "det": 1.0,"hm": "P6","i": 4,"n": 1,"sg": 168,"index": 2,"trSubtype": "","trType": "t","trms": [ { "conjClass": "a","trm": "a,b,c" } ] },{ "det": 2.0,"hm": "P6mm","i": 5,"n": 1,"sg": 183,"index": 2,"trSubtype": "eu","trType": "k","trms": [ { "conjClass": "a","trm": "a,b,2c" } ] },{ "det": 3.0,"hm": "P6mm","i": 6,"n": 4,"sg": 183,"index": 3,"trSubtype": "eu","trType": "k","trms": [ { "conjClass": "a","trm": "a-b,a+2b,c" },{ "conjClass": "a","trm": "a-b,a+2b,c;1,0,0" },{ "conjClass": "a","trm": "a-b,a+2b,c;2,0,0" },{ "conjClass": "b","trm": "a,b,3c" } ] },{ "det": 4.0,"hm": "P6mm","i": 7,"n": 4,"sg": 183,"index": 4,"trSubtype": "eu","trType": "k","trms": [ { "conjClass": "a","trm": "2a,2b,c" },{ "conjClass": "a","trm": "2a,2b,c;1,0,0" },{ "conjClass": "a","trm": "2a,2b,c;0,1,0" },{ "conjClass": "a","trm": "2a,2b,c;1,1,0" } ] },{ "det": 2.0,"hm": "P6cc","i": 8,"n": 1,"sg": 184,"index": 2,"trSubtype": "eu","trType": "k","trms": [ { "conjClass": "a","trm": "a,b,2c" } ] },{ "det": 2.0,"hm": "P63cm","i": 9,"n": 1,"sg": 185,"index": 2,"trSubtype": "eu","trType": "k","trms": [ { "conjClass": "a","trm": "a,b,2c" } ] },{ "det": 2.0,"hm": "P63mc","i": 10,"n": 1,"sg": 186,"index": 2,"trSubtype": "eu","trType": "k","trms": [ { "conjClass": "a","trm": "a,b,2c" } ] } ] }