{ "created": "Thu Oct 10 14:30:59 CDT 2024","hm": "P3c1","nSettings": 18,"nSubgroups": 5,"sg": 158,"subgroups": [ { "det": 2.0,"hm": "Cc","i": 1,"n": 3,"sg": 9,"index": 3,"trSubtype": "","trType": "t","trms": [ { "conjClass": "a","trm": "-a+b,-a-b,c" },{ "conjClass": "a","trm": "-a-2b,a,c" },{ "conjClass": "a","trm": "2a+b,b,c" } ] },{ "det": 1.0,"hm": "P3","i": 2,"n": 1,"sg": 143,"index": 2,"trSubtype": "","trType": "t","trms": [ { "conjClass": "a","trm": "a,b,c" } ] },{ "det": 3.0,"hm": "P3c1","i": 3,"n": 1,"sg": 158,"index": 3,"trSubtype": "eu","trType": "k","trms": [ { "conjClass": "a","trm": "a,b,3c" } ] },{ "det": 4.0,"hm": "P3c1","i": 4,"n": 4,"sg": 158,"index": 4,"trSubtype": "eu","trType": "k","trms": [ { "conjClass": "a","trm": "2a,2b,c" },{ "conjClass": "a","trm": "2a,2b,c;1,0,0" },{ "conjClass": "a","trm": "2a,2b,c;0,1,0" },{ "conjClass": "a","trm": "2a,2b,c;1,1,0" } ] },{ "det": 3.0,"hm": "P31c","i": 5,"n": 9,"sg": 159,"index": 3,"trSubtype": "eu","trType": "k","trms": [ { "conjClass": "a","trm": "a-b,a+2b,c;1/3,-1/3,0" },{ "conjClass": "a","trm": "a-b,a+2b,c;1/3,2/3,0" },{ "conjClass": "a","trm": "a-b,a+2b,c;4/3,2/3,0" },{ "conjClass": "b","trm": "a-b,a+2b,c;2/3,-2/3,0" },{ "conjClass": "b","trm": "a-b,a+2b,c;2/3,1/3,0" },{ "conjClass": "b","trm": "a-b,a+2b,c;2/3,4/3,0" },{ "conjClass": "c","trm": "a-b,a+2b,c" },{ "conjClass": "c","trm": "a-b,a+2b,c;1,0,0" },{ "conjClass": "c","trm": "a-b,a+2b,c;1,1,0" } ] } ] }