{ "created": "Thu Oct 10 14:30:47 CDT 2024","hm": "P2221","nSettings": 24,"nSubgroups": 6,"sg": 17,"subgroups": [ { "det": 1.0,"hm": "P2","i": 1,"n": 2,"sg": 3,"index": 2,"trSubtype": "","trType": "t","trms": [ { "conjClass": "a","trm": "c,a,b" },{ "conjClass": "b","trm": "a,b,c;0,0,1/4" } ] },{ "det": 1.0,"hm": "P21","i": 2,"n": 1,"sg": 4,"index": 2,"trSubtype": "","trType": "t","trms": [ { "conjClass": "a","trm": "b,c,a" } ] },{ "det": 2.0,"hm": "P2221","i": 3,"n": 4,"sg": 17,"index": 2,"trSubtype": "eu","trType": "k","trms": [ { "conjClass": "a","trm": "a,2b,c;0,1/2,0" },{ "conjClass": "b","trm": "a,2b,c" },{ "conjClass": "c","trm": "2a,b,c;1/2,0,0" },{ "conjClass": "d","trm": "2a,b,c" } ] },{ "det": 3.0,"hm": "P2221","i": 4,"n": 9,"sg": 17,"index": 3,"trSubtype": "eu","trType": "k","trms": [ { "conjClass": "a","trm": "a,b,3c" },{ "conjClass": "a","trm": "a,b,3c;0,0,1" },{ "conjClass": "a","trm": "a,b,3c;0,0,2" },{ "conjClass": "b","trm": "a,3b,c" },{ "conjClass": "b","trm": "a,3b,c;0,1,0" },{ "conjClass": "b","trm": "a,3b,c;0,2,0" },{ "conjClass": "c","trm": "3a,b,c" },{ "conjClass": "c","trm": "3a,b,c;1,0,0" },{ "conjClass": "c","trm": "3a,b,c;2,0,0" } ] },{ "det": 2.0,"hm": "P21212","i": 5,"n": 4,"sg": 18,"index": 2,"trSubtype": "eu","trType": "k","trms": [ { "conjClass": "a","trm": "2b,c,a" },{ "conjClass": "b","trm": "2b,c,a;0,1/2,0" },{ "conjClass": "c","trm": "c,2a,b;0,0,1/4" },{ "conjClass": "d","trm": "c,2a,b;1/2,0,1/4" } ] },{ "det": 4.0,"hm": "C2221","i": 6,"n": 4,"sg": 20,"index": 2,"trSubtype": "eu","trType": "k","trms": [ { "conjClass": "a","trm": "2a,2b,c;1/2,1/2,0" },{ "conjClass": "b","trm": "2a,2b,c;0,1/2,0" },{ "conjClass": "c","trm": "2a,2b,c;1/2,0,0" },{ "conjClass": "d","trm": "2a,2b,c" } ] } ] }