{ "created": "Thu Oct 10 14:31:01 CDT 2024","hm": "P6322","nSettings": 22,"nSubgroups": 8,"sg": 182,"subgroups": [ { "det": 2.0,"hm": "C2221","i": 1,"n": 3,"sg": 20,"index": 3,"trSubtype": "","trType": "t","trms": [ { "conjClass": "a","trm": "-a+b,-a-b,c;0,0,1/4" },{ "conjClass": "a","trm": "-a-2b,a,c;0,0,1/4" },{ "conjClass": "a","trm": "2a+b,b,c;0,0,1/4" } ] },{ "det": 1.0,"hm": "P312","i": 2,"n": 1,"sg": 149,"index": 2,"trSubtype": "","trType": "t","trms": [ { "conjClass": "a","trm": "a,b,c;0,0,1/4" } ] },{ "det": 1.0,"hm": "P321","i": 3,"n": 1,"sg": 150,"index": 2,"trSubtype": "","trType": "t","trms": [ { "conjClass": "a","trm": "a,b,c" } ] },{ "det": 1.0,"hm": "P63","i": 4,"n": 1,"sg": 173,"index": 2,"trSubtype": "","trType": "t","trms": [ { "conjClass": "a","trm": "a,b,c" } ] },{ "det": 3.0,"hm": "P6122","i": 5,"n": 3,"sg": 178,"index": 3,"trSubtype": "eu","trType": "k","trms": [ { "conjClass": "a","trm": "a,b,3c" },{ "conjClass": "a","trm": "a,b,3c;0,0,1" },{ "conjClass": "a","trm": "a,b,3c;0,0,2" } ] },{ "det": 3.0,"hm": "P6522","i": 6,"n": 3,"sg": 179,"index": 3,"trSubtype": "eu","trType": "k","trms": [ { "conjClass": "a","trm": "a,b,3c" },{ "conjClass": "a","trm": "a,b,3c;0,0,1" },{ "conjClass": "a","trm": "a,b,3c;0,0,2" } ] },{ "det": 3.0,"hm": "P6322","i": 7,"n": 6,"sg": 182,"index": 3,"trSubtype": "eu","trType": "k","trms": [ { "conjClass": "a","trm": "a-b,a+2b,c;0,0,1/4" },{ "conjClass": "a","trm": "a-b,a+2b,c;1,0,1/4" },{ "conjClass": "a","trm": "a-b,a+2b,c;2,0,1/4" },{ "conjClass": "b","trm": "a,b,3c" },{ "conjClass": "b","trm": "a,b,3c;0,0,1" },{ "conjClass": "b","trm": "a,b,3c;0,0,2" } ] },{ "det": 4.0,"hm": "P6322","i": 8,"n": 4,"sg": 182,"index": 4,"trSubtype": "eu","trType": "k","trms": [ { "conjClass": "a","trm": "2a,2b,c" },{ "conjClass": "a","trm": "2a,2b,c;1,0,0" },{ "conjClass": "a","trm": "2a,2b,c;0,1,0" },{ "conjClass": "a","trm": "2a,2b,c;1,1,0" } ] } ] }