{ "created": "Thu Oct 10 14:30:55 CDT 2024","hm": "P-42c","nSettings": 10,"nSubgroups": 6,"sg": 112,"subgroups": [ { "det": 1.0,"hm": "P222","i": 1,"n": 1,"sg": 16,"index": 2,"trSubtype": "","trType": "t","trms": [ { "conjClass": "a","trm": "a,b,c;0,0,1/4" } ] },{ "det": 2.0,"hm": "Ccc2","i": 2,"n": 1,"sg": 37,"index": 2,"trSubtype": "","trType": "t","trms": [ { "conjClass": "a","trm": "a-b,a+b,c" } ] },{ "det": 1.0,"hm": "P-4","i": 3,"n": 1,"sg": 81,"index": 2,"trSubtype": "","trType": "t","trms": [ { "conjClass": "a","trm": "a,b,c" } ] },{ "det": 3.0,"hm": "P-42c","i": 4,"n": 3,"sg": 112,"index": 3,"trSubtype": "eu","trType": "k","trms": [ { "conjClass": "a","trm": "a,b,3c" },{ "conjClass": "a","trm": "a,b,3c;0,0,1" },{ "conjClass": "a","trm": "a,b,3c;0,0,2" } ] },{ "det": 2.0,"hm": "P-4c2","i": 5,"n": 2,"sg": 116,"index": 2,"trSubtype": "eu","trType": "k","trms": [ { "conjClass": "a","trm": "a-b,a+b,c;1/2,1/2,0" },{ "conjClass": "b","trm": "a-b,a+b,c" } ] },{ "det": 2.0,"hm": "P-4n2","i": 6,"n": 2,"sg": 118,"index": 2,"trSubtype": "eu","trType": "k","trms": [ { "conjClass": "a","trm": "a-b,a+b,c;1/2,1/2,0" },{ "conjClass": "b","trm": "a-b,a+b,c" } ] } ] }