{ "created": "Thu Oct 10 14:30:55 CDT 2024","hm": "P-4n2","nSettings": 10,"nSubgroups": 5,"sg": 118,"subgroups": [ { "det": 2.0,"hm": "C222","i": 1,"n": 1,"sg": 21,"index": 2,"trSubtype": "","trType": "t","trms": [ { "conjClass": "a","trm": "a-b,a+b,c;0,1/2,1/4" } ] },{ "det": 1.0,"hm": "Pnn2","i": 2,"n": 1,"sg": 34,"index": 2,"trSubtype": "","trType": "t","trms": [ { "conjClass": "a","trm": "a,b,c" } ] },{ "det": 1.0,"hm": "P-4","i": 3,"n": 1,"sg": 81,"index": 2,"trSubtype": "","trType": "t","trms": [ { "conjClass": "a","trm": "a,b,c" } ] },{ "det": 3.0,"hm": "P-4n2","i": 4,"n": 3,"sg": 118,"index": 3,"trSubtype": "eu","trType": "k","trms": [ { "conjClass": "a","trm": "a,b,3c" },{ "conjClass": "a","trm": "a,b,3c;0,0,1" },{ "conjClass": "a","trm": "a,b,3c;0,0,2" } ] },{ "det": 4.0,"hm": "I-42d","i": 5,"n": 4,"sg": 122,"index": 2,"trSubtype": "eu","trType": "k","trms": [ { "conjClass": "a","trm": "a-b,a+b,2c;1/2,1/2,1/2" },{ "conjClass": "b","trm": "a-b,a+b,2c;1/2,1/2,0" },{ "conjClass": "c","trm": "a-b,a+b,2c;0,0,1/2" },{ "conjClass": "d","trm": "a-b,a+b,2c" } ] } ] }