{ "created": "Thu Oct 10 14:30:47 CDT 2024","hm": "P21212","nSettings": 16,"nSubgroups": 5,"sg": 18,"subgroups": [ { "det": 1.0,"hm": "P2","i": 1,"n": 1,"sg": 3,"index": 2,"trSubtype": "","trType": "t","trms": [ { "conjClass": "a","trm": "b,c,a" } ] },{ "det": 1.0,"hm": "P21","i": 2,"n": 2,"sg": 4,"index": 2,"trSubtype": "","trType": "t","trms": [ { "conjClass": "a","trm": "c,a,b;0,1/4,0" },{ "conjClass": "b","trm": "a,b,c;1/4,0,0" } ] },{ "det": 2.0,"hm": "P21212","i": 3,"n": 2,"sg": 18,"index": 2,"trSubtype": "eu","trType": "k","trms": [ { "conjClass": "a","trm": "a,b,2c;0,0,1/2" },{ "conjClass": "b","trm": "a,b,2c" } ] },{ "det": 3.0,"hm": "P21212","i": 4,"n": 9,"sg": 18,"index": 3,"trSubtype": "eu","trType": "k","trms": [ { "conjClass": "a","trm": "a,b,3c" },{ "conjClass": "a","trm": "a,b,3c;0,0,1" },{ "conjClass": "a","trm": "a,b,3c;0,0,2" },{ "conjClass": "b","trm": "a,3b,c" },{ "conjClass": "b","trm": "a,3b,c;0,1,0" },{ "conjClass": "b","trm": "a,3b,c;0,2,0" },{ "conjClass": "c","trm": "3a,b,c" },{ "conjClass": "c","trm": "3a,b,c;1,0,0" },{ "conjClass": "c","trm": "3a,b,c;2,0,0" } ] },{ "det": 2.0,"hm": "P212121","i": 5,"n": 2,"sg": 19,"index": 2,"trSubtype": "eu","trType": "k","trms": [ { "conjClass": "a","trm": "a,b,2c;1/4,0,0" },{ "conjClass": "b","trm": "a,b,2c;1/4,0,1/2" } ] } ] }