{ "created": "Thu Oct 10 14:30:59 CDT 2024","hm": "P3121","nSettings": 11,"nSubgroups": 5,"sg": 152,"subgroups": [ { "det": 2.0,"hm": "C2","i": 1,"n": 3,"sg": 5,"index": 3,"trSubtype": "","trType": "t","trms": [ { "conjClass": "a","trm": "-a+b,-a-b,c" },{ "conjClass": "a","trm": "-a-2b,a,c;0,0,1/3" },{ "conjClass": "a","trm": "2a+b,b,c;0,0,2/3" } ] },{ "det": 1.0,"hm": "P31","i": 2,"n": 1,"sg": 144,"index": 2,"trSubtype": "","trType": "t","trms": [ { "conjClass": "a","trm": "a,b,c" } ] },{ "det": 3.0,"hm": "P3112","i": 3,"n": 1,"sg": 151,"index": 3,"trSubtype": "eu","trType": "k","trms": [ { "conjClass": "a","trm": "a-b,a+2b,c;0,0,1/3" } ] },{ "det": 4.0,"hm": "P3121","i": 4,"n": 4,"sg": 152,"index": 4,"trSubtype": "eu","trType": "k","trms": [ { "conjClass": "a","trm": "2a,2b,c" },{ "conjClass": "a","trm": "2a,2b,c;1,0,0" },{ "conjClass": "a","trm": "2a,2b,c;0,1,0" },{ "conjClass": "a","trm": "2a,2b,c;1,1,0" } ] },{ "det": 2.0,"hm": "P3221","i": 5,"n": 2,"sg": 154,"index": 2,"trSubtype": "eu","trType": "k","trms": [ { "conjClass": "a","trm": "a,b,2c;0,0,1/2" },{ "conjClass": "b","trm": "a,b,2c" } ] } ] }