{ "created": "Thu Oct 10 14:30:57 CDT 2024","hm": "P42/mnm","nSettings": 10,"nSubgroups": 8,"sg": 136,"subgroups": [ { "det": 1.0,"hm": "Pnnm","i": 1,"n": 1,"sg": 58,"index": 2,"trSubtype": "","trType": "t","trms": [ { "conjClass": "a","trm": "a,b,c" } ] },{ "det": 2.0,"hm": "Cmmm","i": 2,"n": 1,"sg": 65,"index": 2,"trSubtype": "","trType": "t","trms": [ { "conjClass": "a","trm": "a-b,a+b,c" } ] },{ "det": 1.0,"hm": "P42/m","i": 3,"n": 1,"sg": 84,"index": 2,"trSubtype": "","trType": "t","trms": [ { "conjClass": "a","trm": "a,b,c;0,1/2,0" } ] },{ "det": 1.0,"hm": "P42212","i": 4,"n": 1,"sg": 94,"index": 2,"trSubtype": "","trType": "t","trms": [ { "conjClass": "a","trm": "a,b,c" } ] },{ "det": 1.0,"hm": "P42nm","i": 5,"n": 1,"sg": 102,"index": 2,"trSubtype": "","trType": "t","trms": [ { "conjClass": "a","trm": "a,b,c" } ] },{ "det": 1.0,"hm": "P-421m","i": 6,"n": 1,"sg": 113,"index": 2,"trSubtype": "","trType": "t","trms": [ { "conjClass": "a","trm": "a,b,c;0,1/2,1/4" } ] },{ "det": 1.0,"hm": "P-4n2","i": 7,"n": 1,"sg": 118,"index": 2,"trSubtype": "","trType": "t","trms": [ { "conjClass": "a","trm": "a,b,c;0,1/2,1/4" } ] },{ "det": 3.0,"hm": "P42/mnm","i": 8,"n": 3,"sg": 136,"index": 3,"trSubtype": "eu","trType": "k","trms": [ { "conjClass": "a","trm": "a,b,3c" },{ "conjClass": "a","trm": "a,b,3c;0,0,1" },{ "conjClass": "a","trm": "a,b,3c;0,0,2" } ] } ] }