{ "created": "Thu Oct 10 14:30:54 CDT 2024","hm": "I4cm","nSettings": 8,"nSubgroups": 8,"sg": 108,"subgroups": [ { "det": 2.0,"hm": "Fmm2","i": 1,"n": 1,"sg": 42,"index": 2,"trSubtype": "","trType": "t","trms": [ { "conjClass": "a","trm": "a-b,a+b,c;0,1/2,0" } ] },{ "det": 1.0,"hm": "Iba2","i": 2,"n": 1,"sg": 45,"index": 2,"trSubtype": "","trType": "t","trms": [ { "conjClass": "a","trm": "a,b,c" } ] },{ "det": 1.0,"hm": "I4","i": 3,"n": 1,"sg": 79,"index": 2,"trSubtype": "","trType": "t","trms": [ { "conjClass": "a","trm": "a,b,c" } ] },{ "det": 1.0,"hm": "P4bm","i": 4,"n": 1,"sg": 100,"index": 2,"trSubtype": "ct","trType": "k","trms": [ { "conjClass": "a","trm": "a,b,c" } ] },{ "det": 1.0,"hm": "P42cm","i": 5,"n": 1,"sg": 101,"index": 2,"trSubtype": "ct","trType": "k","trms": [ { "conjClass": "a","trm": "a,b,c;0,1/2,0" } ] },{ "det": 1.0,"hm": "P4cc","i": 6,"n": 1,"sg": 103,"index": 2,"trSubtype": "ct","trType": "k","trms": [ { "conjClass": "a","trm": "a,b,c" } ] },{ "det": 1.0,"hm": "P42bc","i": 7,"n": 1,"sg": 106,"index": 2,"trSubtype": "ct","trType": "k","trms": [ { "conjClass": "a","trm": "a,b,c;0,1/2,0" } ] },{ "det": 3.0,"hm": "I4cm","i": 8,"n": 1,"sg": 108,"index": 3,"trSubtype": "eu","trType": "k","trms": [ { "conjClass": "a","trm": "a,b,3c" } ] } ] }