{ "created": "Thu Oct 10 14:31:00 CDT 2024","hm": "P65","nSettings": 9,"nSubgroups": 4,"sg": 170,"subgroups": [ { "det": 1.0,"hm": "P21","i": 1,"n": 1,"sg": 4,"index": 3,"trSubtype": "","trType": "t","trms": [ { "conjClass": "a","trm": "b,c,a" } ] },{ "det": 1.0,"hm": "P32","i": 2,"n": 1,"sg": 145,"index": 2,"trSubtype": "","trType": "t","trms": [ { "conjClass": "a","trm": "a,b,c" } ] },{ "det": 3.0,"hm": "P65","i": 3,"n": 3,"sg": 170,"index": 3,"trSubtype": "eu","trType": "k","trms": [ { "conjClass": "a","trm": "a-b,a+2b,c" },{ "conjClass": "a","trm": "a-b,a+2b,c;1,0,0" },{ "conjClass": "a","trm": "a-b,a+2b,c;2,0,0" } ] },{ "det": 4.0,"hm": "P65","i": 4,"n": 4,"sg": 170,"index": 4,"trSubtype": "eu","trType": "k","trms": [ { "conjClass": "a","trm": "2a,2b,c" },{ "conjClass": "a","trm": "2a,2b,c;1,0,0" },{ "conjClass": "a","trm": "2a,2b,c;0,1,0" },{ "conjClass": "a","trm": "2a,2b,c;1,1,0" } ] } ] }