{ "created": "Thu Oct 10 14:30:58 CDT 2024","hm": "P3","nSettings": 18,"nSubgroups": 7,"sg": 143,"subgroups": [ { "det": 1.0,"hm": "P1","i": 1,"n": 1,"sg": 1,"index": 3,"trSubtype": "","trType": "t","trms": [ { "conjClass": "a","trm": "a,b,c" } ] },{ "det": 2.0,"hm": "P3","i": 2,"n": 1,"sg": 143,"index": 2,"trSubtype": "eu","trType": "k","trms": [ { "conjClass": "a","trm": "a,b,2c" } ] },{ "det": 3.0,"hm": "P3","i": 3,"n": 4,"sg": 143,"index": 3,"trSubtype": "eu","trType": "k","trms": [ { "conjClass": "a","trm": "a-b,a+2b,c;1/3,2/3,0" },{ "conjClass": "b","trm": "a-b,a+2b,c;2/3,1/3,0" },{ "conjClass": "c","trm": "a-b,a+2b,c" },{ "conjClass": "d","trm": "a,b,3c" } ] },{ "det": 4.0,"hm": "P3","i": 4,"n": 4,"sg": 143,"index": 4,"trSubtype": "eu","trType": "k","trms": [ { "conjClass": "a","trm": "2a,2b,c" },{ "conjClass": "a","trm": "2a,2b,c;1,0,0" },{ "conjClass": "a","trm": "2a,2b,c;0,1,0" },{ "conjClass": "a","trm": "2a,2b,c;1,1,0" } ] },{ "det": 3.0,"hm": "P31","i": 5,"n": 1,"sg": 144,"index": 3,"trSubtype": "eu","trType": "k","trms": [ { "conjClass": "a","trm": "a,b,3c" } ] },{ "det": 3.0,"hm": "P32","i": 6,"n": 1,"sg": 145,"index": 3,"trSubtype": "eu","trType": "k","trms": [ { "conjClass": "a","trm": "a,b,3c" } ] },{ "det": 9.0,"hm": "R3","i": 7,"n": 6,"sg": 146,"index": 3,"trSubtype": "eu","trType": "k","trms": [ { "conjClass": "a","trm": "2a+b,-a+b,3c;1/3,2/3,0" },{ "conjClass": "b","trm": "2a+b,-a+b,3c;2/3,1/3,0" },{ "conjClass": "c","trm": "2a+b,-a+b,3c" },{ "conjClass": "d","trm": "a-b,a+2b,3c;1/3,2/3,0" },{ "conjClass": "e","trm": "a-b,a+2b,3c;2/3,1/3,0" },{ "conjClass": "f","trm": "a-b,a+2b,3c" } ] } ] }