{ "created": "Thu Oct 10 14:30:54 CDT 2024","hm": "P4cc","nSettings": 8,"nSubgroups": 6,"sg": 103,"subgroups": [ { "det": 1.0,"hm": "Pcc2","i": 1,"n": 1,"sg": 27,"index": 2,"trSubtype": "","trType": "t","trms": [ { "conjClass": "a","trm": "a,b,c" } ] },{ "det": 2.0,"hm": "Ccc2","i": 2,"n": 1,"sg": 37,"index": 2,"trSubtype": "","trType": "t","trms": [ { "conjClass": "a","trm": "a-b,a+b,c" } ] },{ "det": 1.0,"hm": "P4","i": 3,"n": 1,"sg": 75,"index": 2,"trSubtype": "","trType": "t","trms": [ { "conjClass": "a","trm": "a,b,c" } ] },{ "det": 2.0,"hm": "P4cc","i": 4,"n": 2,"sg": 103,"index": 2,"trSubtype": "eu","trType": "k","trms": [ { "conjClass": "a","trm": "a-b,a+b,c;1/2,1/2,0" },{ "conjClass": "b","trm": "a-b,a+b,c" } ] },{ "det": 3.0,"hm": "P4cc","i": 5,"n": 1,"sg": 103,"index": 3,"trSubtype": "eu","trType": "k","trms": [ { "conjClass": "a","trm": "a,b,3c" } ] },{ "det": 2.0,"hm": "P4nc","i": 6,"n": 2,"sg": 104,"index": 2,"trSubtype": "eu","trType": "k","trms": [ { "conjClass": "a","trm": "a-b,a+b,c;1/2,1/2,0" },{ "conjClass": "b","trm": "a-b,a+b,c" } ] } ] }