{ "created": "Thu Oct 10 14:31:01 CDT 2024","hm": "P-6","nSettings": 14,"nSubgroups": 5,"sg": 174,"subgroups": [ { "det": 1.0,"hm": "Pm","i": 1,"n": 1,"sg": 6,"index": 3,"trSubtype": "","trType": "t","trms": [ { "conjClass": "a","trm": "b,c,a" } ] },{ "det": 1.0,"hm": "P3","i": 2,"n": 1,"sg": 143,"index": 2,"trSubtype": "","trType": "t","trms": [ { "conjClass": "a","trm": "a,b,c" } ] },{ "det": 2.0,"hm": "P-6","i": 3,"n": 2,"sg": 174,"index": 2,"trSubtype": "eu","trType": "k","trms": [ { "conjClass": "a","trm": "a,b,2c;0,0,1/2" },{ "conjClass": "b","trm": "a,b,2c" } ] },{ "det": 3.0,"hm": "P-6","i": 4,"n": 6,"sg": 174,"index": 3,"trSubtype": "eu","trType": "k","trms": [ { "conjClass": "a","trm": "a,b,3c" },{ "conjClass": "a","trm": "a,b,3c;0,0,1" },{ "conjClass": "a","trm": "a,b,3c;0,0,2" },{ "conjClass": "b","trm": "a-b,a+2b,c;1/3,2/3,0" },{ "conjClass": "c","trm": "a-b,a+2b,c;2/3,1/3,0" },{ "conjClass": "d","trm": "a-b,a+2b,c" } ] },{ "det": 4.0,"hm": "P-6","i": 5,"n": 4,"sg": 174,"index": 4,"trSubtype": "eu","trType": "k","trms": [ { "conjClass": "a","trm": "2a,2b,c" },{ "conjClass": "a","trm": "2a,2b,c;1,0,0" },{ "conjClass": "a","trm": "2a,2b,c;0,1,0" },{ "conjClass": "a","trm": "2a,2b,c;1,1,0" } ] } ] }