{ "created": "Thu Oct 10 14:30:59 CDT 2024","hm": "R3m","nSettings": 11,"nSubgroups": 6,"sg": 160,"subgroups": [ { "det": 0.6666666666666666,"hm": "Cm","i": 1,"n": 3,"sg": 8,"index": 3,"trSubtype": "","trType": "t","trms": [ { "conjClass": "a","trm": "-1/3a+1/3b-2/3c,-a-b,c" },{ "conjClass": "a","trm": "-1/3a-2/3b-2/3c,a,c" },{ "conjClass": "a","trm": "2/3a+1/3b-2/3c,b,c" } ] },{ "det": 1.0,"hm": "R3","i": 2,"n": 1,"sg": 146,"index": 2,"trSubtype": "","trType": "t","trms": [ { "conjClass": "a","trm": "a,b,c" } ] },{ "det": 1.0,"hm": "P3m1","i": 3,"n": 1,"sg": 156,"index": 3,"trSubtype": "ct","trType": "k","trms": [ { "conjClass": "a","trm": "a,b,c" } ] },{ "det": 2.0,"hm": "R3m","i": 4,"n": 1,"sg": 160,"index": 2,"trSubtype": "eu","trType": "k","trms": [ { "conjClass": "a","trm": "-b,a+b,2c" } ] },{ "det": 4.0,"hm": "R3m","i": 5,"n": 4,"sg": 160,"index": 4,"trSubtype": "eu","trType": "k","trms": [ { "conjClass": "a","trm": "-2b,2a+2b,c" },{ "conjClass": "a","trm": "-2b,2a+2b,c;1,0,0" },{ "conjClass": "a","trm": "-2b,2a+2b,c;0,1,0" },{ "conjClass": "a","trm": "-2b,2a+2b,c;1,1,0" } ] },{ "det": 2.0,"hm": "R3c","i": 6,"n": 1,"sg": 161,"index": 2,"trSubtype": "eu","trType": "k","trms": [ { "conjClass": "a","trm": "-b,a+b,2c" } ] } ] }