{ "created": "Thu Oct 10 14:30:57 CDT 2024","hm": "P42/mbc","nSettings": 10,"nSubgroups": 8,"sg": 135,"subgroups": [ { "det": 1.0,"hm": "Pbam","i": 1,"n": 1,"sg": 55,"index": 2,"trSubtype": "","trType": "t","trms": [ { "conjClass": "a","trm": "a,b,c" } ] },{ "det": 2.0,"hm": "Cccm","i": 2,"n": 1,"sg": 66,"index": 2,"trSubtype": "","trType": "t","trms": [ { "conjClass": "a","trm": "a-b,a+b,c;0,1/2,0" } ] },{ "det": 1.0,"hm": "P42/m","i": 3,"n": 1,"sg": 84,"index": 2,"trSubtype": "","trType": "t","trms": [ { "conjClass": "a","trm": "a,b,c" } ] },{ "det": 1.0,"hm": "P42212","i": 4,"n": 1,"sg": 94,"index": 2,"trSubtype": "","trType": "t","trms": [ { "conjClass": "a","trm": "a,b,c;0,1/2,1/4" } ] },{ "det": 1.0,"hm": "P42bc","i": 5,"n": 1,"sg": 106,"index": 2,"trSubtype": "","trType": "t","trms": [ { "conjClass": "a","trm": "a,b,c" } ] },{ "det": 1.0,"hm": "P-421c","i": 6,"n": 1,"sg": 114,"index": 2,"trSubtype": "","trType": "t","trms": [ { "conjClass": "a","trm": "a,b,c;0,0,1/4" } ] },{ "det": 1.0,"hm": "P-4b2","i": 7,"n": 1,"sg": 117,"index": 2,"trSubtype": "","trType": "t","trms": [ { "conjClass": "a","trm": "a,b,c;0,0,1/4" } ] },{ "det": 3.0,"hm": "P42/mbc","i": 8,"n": 3,"sg": 135,"index": 3,"trSubtype": "eu","trType": "k","trms": [ { "conjClass": "a","trm": "a,b,3c" },{ "conjClass": "a","trm": "a,b,3c;0,0,1" },{ "conjClass": "a","trm": "a,b,3c;0,0,2" } ] } ] }