{ "created": "Thu Oct 10 14:31:01 CDT 2024","hm": "P6422","nSettings": 17,"nSubgroups": 8,"sg": 181,"subgroups": [ { "det": 2.0,"hm": "C222","i": 1,"n": 3,"sg": 21,"index": 3,"trSubtype": "","trType": "t","trms": [ { "conjClass": "a","trm": "-a+b,-a-b,c;0,0,2/3" },{ "conjClass": "a","trm": "-a-2b,a,c" },{ "conjClass": "a","trm": "2a+b,b,c;0,0,1/3" } ] },{ "det": 1.0,"hm": "P3112","i": 2,"n": 1,"sg": 151,"index": 2,"trSubtype": "","trType": "t","trms": [ { "conjClass": "a","trm": "a,b,c;0,0,1/3" } ] },{ "det": 1.0,"hm": "P3121","i": 3,"n": 1,"sg": 152,"index": 2,"trSubtype": "","trType": "t","trms": [ { "conjClass": "a","trm": "a,b,c;0,0,1/6" } ] },{ "det": 1.0,"hm": "P64","i": 4,"n": 1,"sg": 172,"index": 2,"trSubtype": "","trType": "t","trms": [ { "conjClass": "a","trm": "a,b,c" } ] },{ "det": 2.0,"hm": "P6522","i": 5,"n": 2,"sg": 179,"index": 2,"trSubtype": "eu","trType": "k","trms": [ { "conjClass": "a","trm": "a,b,2c" },{ "conjClass": "b","trm": "a,b,2c;0,0,1/2" } ] },{ "det": 2.0,"hm": "P6222","i": 6,"n": 2,"sg": 180,"index": 2,"trSubtype": "eu","trType": "k","trms": [ { "conjClass": "a","trm": "a,b,2c;0,0,1/2" },{ "conjClass": "b","trm": "a,b,2c" } ] },{ "det": 3.0,"hm": "P6422","i": 7,"n": 3,"sg": 181,"index": 3,"trSubtype": "eu","trType": "k","trms": [ { "conjClass": "a","trm": "a-b,a+2b,c;0,0,1/6" },{ "conjClass": "a","trm": "a-b,a+2b,c;1,0,1/6" },{ "conjClass": "a","trm": "a-b,a+2b,c;2,0,1/6" } ] },{ "det": 4.0,"hm": "P6422","i": 8,"n": 4,"sg": 181,"index": 4,"trSubtype": "eu","trType": "k","trms": [ { "conjClass": "a","trm": "2a,2b,c" },{ "conjClass": "a","trm": "2a,2b,c;1,0,0" },{ "conjClass": "a","trm": "2a,2b,c;0,1,0" },{ "conjClass": "a","trm": "2a,2b,c;1,1,0" } ] } ] }