{ "created": "Thu Oct 10 14:31:01 CDT 2024","hm": "P63","nSettings": 12,"nSubgroups": 6,"sg": 173,"subgroups": [ { "det": 1.0,"hm": "P21","i": 1,"n": 1,"sg": 4,"index": 3,"trSubtype": "","trType": "t","trms": [ { "conjClass": "a","trm": "b,c,a" } ] },{ "det": 1.0,"hm": "P3","i": 2,"n": 1,"sg": 143,"index": 2,"trSubtype": "","trType": "t","trms": [ { "conjClass": "a","trm": "a,b,c" } ] },{ "det": 3.0,"hm": "P61","i": 3,"n": 1,"sg": 169,"index": 3,"trSubtype": "eu","trType": "k","trms": [ { "conjClass": "a","trm": "a,b,3c" } ] },{ "det": 3.0,"hm": "P65","i": 4,"n": 1,"sg": 170,"index": 3,"trSubtype": "eu","trType": "k","trms": [ { "conjClass": "a","trm": "a,b,3c" } ] },{ "det": 3.0,"hm": "P63","i": 5,"n": 4,"sg": 173,"index": 3,"trSubtype": "eu","trType": "k","trms": [ { "conjClass": "a","trm": "a-b,a+2b,c" },{ "conjClass": "a","trm": "a-b,a+2b,c;1,0,0" },{ "conjClass": "a","trm": "a-b,a+2b,c;2,0,0" },{ "conjClass": "b","trm": "a,b,3c" } ] },{ "det": 4.0,"hm": "P63","i": 6,"n": 4,"sg": 173,"index": 4,"trSubtype": "eu","trType": "k","trms": [ { "conjClass": "a","trm": "2a,2b,c" },{ "conjClass": "a","trm": "2a,2b,c;1,0,0" },{ "conjClass": "a","trm": "2a,2b,c;0,1,0" },{ "conjClass": "a","trm": "2a,2b,c;1,1,0" } ] } ] }