{ "created": "Thu Oct 10 14:30:58 CDT 2024","hm": "R3","nSettings": 9,"nSubgroups": 6,"sg": 146,"subgroups": [ { "det": 0.3333333333333333,"hm": "P1","i": 1,"n": 1,"sg": 1,"index": 3,"trSubtype": "","trType": "t","trms": [ { "conjClass": "a","trm": "a,b,-1/3a-2/3b+1/3c" } ] },{ "det": 1.0,"hm": "P3","i": 2,"n": 1,"sg": 143,"index": 3,"trSubtype": "ct","trType": "k","trms": [ { "conjClass": "a","trm": "a,b,c" } ] },{ "det": 1.0,"hm": "P31","i": 3,"n": 1,"sg": 144,"index": 3,"trSubtype": "ct","trType": "k","trms": [ { "conjClass": "a","trm": "a,b,c;1/3,1/3,0" } ] },{ "det": 1.0,"hm": "P32","i": 4,"n": 1,"sg": 145,"index": 3,"trSubtype": "ct","trType": "k","trms": [ { "conjClass": "a","trm": "a,b,c;0,1/3,0" } ] },{ "det": 2.0,"hm": "R3","i": 5,"n": 1,"sg": 146,"index": 2,"trSubtype": "eu","trType": "k","trms": [ { "conjClass": "a","trm": "-b,a+b,2c" } ] },{ "det": 4.0,"hm": "R3","i": 6,"n": 4,"sg": 146,"index": 4,"trSubtype": "eu","trType": "k","trms": [ { "conjClass": "a","trm": "-2b,2a+2b,c" },{ "conjClass": "a","trm": "-2b,2a+2b,c;1,0,0" },{ "conjClass": "a","trm": "-2b,2a+2b,c;0,1,0" },{ "conjClass": "a","trm": "-2b,2a+2b,c;1,1,0" } ] } ] }