{ "created": "Thu Oct 10 14:31:02 CDT 2024","hm": "P6cc","nSettings": 14,"nSubgroups": 6,"sg": 184,"subgroups": [ { "det": 2.0,"hm": "Ccc2","i": 1,"n": 3,"sg": 37,"index": 3,"trSubtype": "","trType": "t","trms": [ { "conjClass": "a","trm": "-a+b,-a-b,c" },{ "conjClass": "a","trm": "-a-2b,a,c" },{ "conjClass": "a","trm": "2a+b,b,c" } ] },{ "det": 1.0,"hm": "P3c1","i": 2,"n": 1,"sg": 158,"index": 2,"trSubtype": "","trType": "t","trms": [ { "conjClass": "a","trm": "a,b,c" } ] },{ "det": 1.0,"hm": "P31c","i": 3,"n": 1,"sg": 159,"index": 2,"trSubtype": "","trType": "t","trms": [ { "conjClass": "a","trm": "a,b,c" } ] },{ "det": 1.0,"hm": "P6","i": 4,"n": 1,"sg": 168,"index": 2,"trSubtype": "","trType": "t","trms": [ { "conjClass": "a","trm": "a,b,c" } ] },{ "det": 3.0,"hm": "P6cc","i": 5,"n": 4,"sg": 184,"index": 3,"trSubtype": "eu","trType": "k","trms": [ { "conjClass": "a","trm": "a-b,a+2b,c" },{ "conjClass": "a","trm": "a-b,a+2b,c;1,0,0" },{ "conjClass": "a","trm": "a-b,a+2b,c;2,0,0" },{ "conjClass": "b","trm": "a,b,3c" } ] },{ "det": 4.0,"hm": "P6cc","i": 6,"n": 4,"sg": 184,"index": 4,"trSubtype": "eu","trType": "k","trms": [ { "conjClass": "a","trm": "2a,2b,c" },{ "conjClass": "a","trm": "2a,2b,c;1,0,0" },{ "conjClass": "a","trm": "2a,2b,c;0,1,0" },{ "conjClass": "a","trm": "2a,2b,c;1,1,0" } ] } ] }