{ "created": "Thu Oct 10 14:30:59 CDT 2024","hm": "R32","nSettings": 19,"nSubgroups": 7,"sg": 155,"subgroups": [ { "det": 0.6666666666666666,"hm": "C2","i": 1,"n": 3,"sg": 5,"index": 3,"trSubtype": "","trType": "t","trms": [ { "conjClass": "a","trm": "-1/3a+1/3b-2/3c,-a-b,c" },{ "conjClass": "a","trm": "-1/3a-2/3b-2/3c,a,c" },{ "conjClass": "a","trm": "2/3a+1/3b-2/3c,b,c" } ] },{ "det": 1.0,"hm": "R3","i": 2,"n": 1,"sg": 146,"index": 2,"trSubtype": "","trType": "t","trms": [ { "conjClass": "a","trm": "a,b,c" } ] },{ "det": 1.0,"hm": "P321","i": 3,"n": 3,"sg": 150,"index": 3,"trSubtype": "ct","trType": "k","trms": [ { "conjClass": "a","trm": "a,b,c" },{ "conjClass": "a","trm": "a,b,c;2/3,1/3,1/3" },{ "conjClass": "a","trm": "a,b,c;1/3,2/3,2/3" } ] },{ "det": 1.0,"hm": "P3121","i": 4,"n": 3,"sg": 152,"index": 3,"trSubtype": "ct","trType": "k","trms": [ { "conjClass": "a","trm": "a,b,c;1/3,1/3,0" },{ "conjClass": "a","trm": "a,b,c;2/3,0,2/3" },{ "conjClass": "a","trm": "a,b,c;0,2/3,1/3" } ] },{ "det": 1.0,"hm": "P3221","i": 5,"n": 3,"sg": 154,"index": 3,"trSubtype": "ct","trType": "k","trms": [ { "conjClass": "a","trm": "a,b,c;2/3,2/3,0" },{ "conjClass": "a","trm": "a,b,c;1/3,0,1/3" },{ "conjClass": "a","trm": "a,b,c;0,1/3,2/3" } ] },{ "det": 2.0,"hm": "R32","i": 6,"n": 2,"sg": 155,"index": 2,"trSubtype": "eu","trType": "k","trms": [ { "conjClass": "a","trm": "-b,a+b,2c;0,0,1/2" },{ "conjClass": "b","trm": "-b,a+b,2c" } ] },{ "det": 4.0,"hm": "R32","i": 7,"n": 4,"sg": 155,"index": 4,"trSubtype": "eu","trType": "k","trms": [ { "conjClass": "a","trm": "-2b,2a+2b,c" },{ "conjClass": "a","trm": "-2b,2a+2b,c;1,0,0" },{ "conjClass": "a","trm": "-2b,2a+2b,c;0,1,0" },{ "conjClass": "a","trm": "-2b,2a+2b,c;1,1,0" } ] } ] }