{ "created": "Thu Oct 10 14:31:00 CDT 2024","hm": "P-31m","nSettings": 26,"nSubgroups": 10,"sg": 162,"subgroups": [ { "det": 2.0,"hm": "C2/m","i": 1,"n": 3,"sg": 12,"index": 3,"trSubtype": "","trType": "t","trms": [ { "conjClass": "a","trm": "-a-b,a-b,c" },{ "conjClass": "a","trm": "a,a+2b,c" },{ "conjClass": "a","trm": "b,-2a-b,c" } ] },{ "det": 1.0,"hm": "P-3","i": 2,"n": 1,"sg": 147,"index": 2,"trSubtype": "","trType": "t","trms": [ { "conjClass": "a","trm": "a,b,c" } ] },{ "det": 1.0,"hm": "P312","i": 3,"n": 1,"sg": 149,"index": 2,"trSubtype": "","trType": "t","trms": [ { "conjClass": "a","trm": "a,b,c" } ] },{ "det": 1.0,"hm": "P31m","i": 4,"n": 1,"sg": 157,"index": 2,"trSubtype": "","trType": "t","trms": [ { "conjClass": "a","trm": "a,b,c" } ] },{ "det": 2.0,"hm": "P-31m","i": 5,"n": 2,"sg": 162,"index": 2,"trSubtype": "eu","trType": "k","trms": [ { "conjClass": "a","trm": "a,b,2c;0,0,1/2" },{ "conjClass": "b","trm": "a,b,2c" } ] },{ "det": 3.0,"hm": "P-31m","i": 6,"n": 3,"sg": 162,"index": 3,"trSubtype": "eu","trType": "k","trms": [ { "conjClass": "a","trm": "a,b,3c" },{ "conjClass": "a","trm": "a,b,3c;0,0,1" },{ "conjClass": "a","trm": "a,b,3c;0,0,2" } ] },{ "det": 4.0,"hm": "P-31m","i": 7,"n": 4,"sg": 162,"index": 4,"trSubtype": "eu","trType": "k","trms": [ { "conjClass": "a","trm": "2a,2b,c" },{ "conjClass": "a","trm": "2a,2b,c;1,0,0" },{ "conjClass": "a","trm": "2a,2b,c;0,1,0" },{ "conjClass": "a","trm": "2a,2b,c;1,1,0" } ] },{ "det": 2.0,"hm": "P-31c","i": 8,"n": 2,"sg": 163,"index": 2,"trSubtype": "eu","trType": "k","trms": [ { "conjClass": "a","trm": "a,b,2c;0,0,1/2" },{ "conjClass": "b","trm": "a,b,2c" } ] },{ "det": 3.0,"hm": "P-3m1","i": 9,"n": 3,"sg": 164,"index": 3,"trSubtype": "eu","trType": "k","trms": [ { "conjClass": "a","trm": "a-b,a+2b,c" },{ "conjClass": "a","trm": "a-b,a+2b,c;1,0,0" },{ "conjClass": "a","trm": "a-b,a+2b,c;1,1,0" } ] },{ "det": 9.0,"hm": "R-3m","i": 10,"n": 6,"sg": 166,"index": 3,"trSubtype": "eu","trType": "k","trms": [ { "conjClass": "a","trm": "2a+b,-a+b,3c" },{ "conjClass": "a","trm": "2a+b,-a+b,3c;0,0,1" },{ "conjClass": "a","trm": "2a+b,-a+b,3c;0,0,2" },{ "conjClass": "b","trm": "a-b,a+2b,3c" },{ "conjClass": "b","trm": "a-b,a+2b,3c;0,0,1" },{ "conjClass": "b","trm": "a-b,a+2b,3c;0,0,2" } ] } ] }