{ "created": "Thu Oct 10 14:31:01 CDT 2024","hm": "P6/m","nSettings": 18,"nSubgroups": 8,"sg": 175,"subgroups": [ { "det": 1.0,"hm": "P2/m","i": 1,"n": 1,"sg": 10,"index": 3,"trSubtype": "","trType": "t","trms": [ { "conjClass": "a","trm": "b,c,a" } ] },{ "det": 1.0,"hm": "P-3","i": 2,"n": 1,"sg": 147,"index": 2,"trSubtype": "","trType": "t","trms": [ { "conjClass": "a","trm": "a,b,c" } ] },{ "det": 1.0,"hm": "P6","i": 3,"n": 1,"sg": 168,"index": 2,"trSubtype": "","trType": "t","trms": [ { "conjClass": "a","trm": "a,b,c" } ] },{ "det": 1.0,"hm": "P-6","i": 4,"n": 1,"sg": 174,"index": 2,"trSubtype": "","trType": "t","trms": [ { "conjClass": "a","trm": "a,b,c" } ] },{ "det": 2.0,"hm": "P6/m","i": 5,"n": 2,"sg": 175,"index": 2,"trSubtype": "eu","trType": "k","trms": [ { "conjClass": "a","trm": "a,b,2c;0,0,1/2" },{ "conjClass": "b","trm": "a,b,2c" } ] },{ "det": 3.0,"hm": "P6/m","i": 6,"n": 6,"sg": 175,"index": 3,"trSubtype": "eu","trType": "k","trms": [ { "conjClass": "a","trm": "a-b,a+2b,c" },{ "conjClass": "a","trm": "a-b,a+2b,c;1,0,0" },{ "conjClass": "a","trm": "a-b,a+2b,c;2,0,0" },{ "conjClass": "b","trm": "a,b,3c" },{ "conjClass": "b","trm": "a,b,3c;0,0,1" },{ "conjClass": "b","trm": "a,b,3c;0,0,2" } ] },{ "det": 4.0,"hm": "P6/m","i": 7,"n": 4,"sg": 175,"index": 4,"trSubtype": "eu","trType": "k","trms": [ { "conjClass": "a","trm": "2a,2b,c" },{ "conjClass": "a","trm": "2a,2b,c;1,0,0" },{ "conjClass": "a","trm": "2a,2b,c;0,1,0" },{ "conjClass": "a","trm": "2a,2b,c;1,1,0" } ] },{ "det": 2.0,"hm": "P63/m","i": 8,"n": 2,"sg": 176,"index": 2,"trSubtype": "eu","trType": "k","trms": [ { "conjClass": "a","trm": "a,b,2c;0,0,1/2" },{ "conjClass": "b","trm": "a,b,2c" } ] } ] }