{ "created": "Thu Oct 10 14:30:56 CDT 2024","hm": "P4/mmm","nSettings": 34,"nSubgroups": 17,"sg": 123,"subgroups": [ { "det": 1.0,"hm": "Pmmm","i": 1,"n": 1,"sg": 47,"index": 2,"trSubtype": "","trType": "t","trms": [ { "conjClass": "a","trm": "a,b,c" } ] },{ "det": 2.0,"hm": "Cmmm","i": 2,"n": 1,"sg": 65,"index": 2,"trSubtype": "","trType": "t","trms": [ { "conjClass": "a","trm": "a-b,a+b,c" } ] },{ "det": 1.0,"hm": "P4/m","i": 3,"n": 1,"sg": 83,"index": 2,"trSubtype": "","trType": "t","trms": [ { "conjClass": "a","trm": "a,b,c" } ] },{ "det": 1.0,"hm": "P422","i": 4,"n": 1,"sg": 89,"index": 2,"trSubtype": "","trType": "t","trms": [ { "conjClass": "a","trm": "a,b,c" } ] },{ "det": 1.0,"hm": "P4mm","i": 5,"n": 1,"sg": 99,"index": 2,"trSubtype": "","trType": "t","trms": [ { "conjClass": "a","trm": "a,b,c" } ] },{ "det": 1.0,"hm": "P-42m","i": 6,"n": 1,"sg": 111,"index": 2,"trSubtype": "","trType": "t","trms": [ { "conjClass": "a","trm": "a,b,c" } ] },{ "det": 1.0,"hm": "P-4m2","i": 7,"n": 1,"sg": 115,"index": 2,"trSubtype": "","trType": "t","trms": [ { "conjClass": "a","trm": "a,b,c" } ] },{ "det": 2.0,"hm": "P4/mmm","i": 8,"n": 4,"sg": 123,"index": 2,"trSubtype": "eu","trType": "k","trms": [ { "conjClass": "a","trm": "a-b,a+b,c;1/2,1/2,0" },{ "conjClass": "b","trm": "a-b,a+b,c" },{ "conjClass": "c","trm": "a,b,2c;0,0,1/2" },{ "conjClass": "d","trm": "a,b,2c" } ] },{ "det": 3.0,"hm": "P4/mmm","i": 9,"n": 3,"sg": 123,"index": 3,"trSubtype": "eu","trType": "k","trms": [ { "conjClass": "a","trm": "a,b,3c" },{ "conjClass": "a","trm": "a,b,3c;0,0,1" },{ "conjClass": "a","trm": "a,b,3c;0,0,2" } ] },{ "det": 2.0,"hm": "P4/mcc","i": 10,"n": 2,"sg": 124,"index": 2,"trSubtype": "eu","trType": "k","trms": [ { "conjClass": "a","trm": "a,b,2c;0,0,1/2" },{ "conjClass": "b","trm": "a,b,2c" } ] },{ "det": 2.0,"hm": "P4/nbm","i": 11,"n": 2,"sg": 125,"index": 2,"trSubtype": "eu","trType": "k","trms": [ { "conjClass": "a","trm": "a-b,a+b,c;0,1/2,0" },{ "conjClass": "b","trm": "a-b,a+b,c;1/2,0,0" } ] },{ "det": 2.0,"hm": "P4/mbm","i": 12,"n": 2,"sg": 127,"index": 2,"trSubtype": "eu","trType": "k","trms": [ { "conjClass": "a","trm": "a-b,a+b,c;1/2,1/2,0" },{ "conjClass": "b","trm": "a-b,a+b,c" } ] },{ "det": 2.0,"hm": "P4/nmm","i": 13,"n": 2,"sg": 129,"index": 2,"trSubtype": "eu","trType": "k","trms": [ { "conjClass": "a","trm": "a-b,a+b,c;0,1/2,0" },{ "conjClass": "b","trm": "a-b,a+b,c;1/2,0,0" } ] },{ "det": 2.0,"hm": "P42/mmc","i": 14,"n": 2,"sg": 131,"index": 2,"trSubtype": "eu","trType": "k","trms": [ { "conjClass": "a","trm": "a,b,2c;0,0,1/2" },{ "conjClass": "b","trm": "a,b,2c" } ] },{ "det": 2.0,"hm": "P42/mcm","i": 15,"n": 2,"sg": 132,"index": 2,"trSubtype": "eu","trType": "k","trms": [ { "conjClass": "a","trm": "a,b,2c;0,0,1/2" },{ "conjClass": "b","trm": "a,b,2c" } ] },{ "det": 4.0,"hm": "I4/mmm","i": 16,"n": 4,"sg": 139,"index": 2,"trSubtype": "eu","trType": "k","trms": [ { "conjClass": "a","trm": "a-b,a+b,2c;1/2,1/2,1/2" },{ "conjClass": "b","trm": "a-b,a+b,2c;1/2,1/2,0" },{ "conjClass": "c","trm": "a-b,a+b,2c;0,0,1/2" },{ "conjClass": "d","trm": "a-b,a+b,2c" } ] },{ "det": 4.0,"hm": "I4/mcm","i": 17,"n": 4,"sg": 140,"index": 2,"trSubtype": "eu","trType": "k","trms": [ { "conjClass": "a","trm": "a-b,a+b,2c;1/2,1/2,1/2" },{ "conjClass": "b","trm": "a-b,a+b,2c;1/2,1/2,0" },{ "conjClass": "c","trm": "a-b,a+b,2c;0,0,1/2" },{ "conjClass": "d","trm": "a-b,a+b,2c" } ] } ] }