{ "created": "Thu Oct 10 14:30:55 CDT 2024","hm": "I41md","nSettings": 4,"nSubgroups": 4,"sg": 109,"subgroups": [ { "det": 2.0,"hm": "Fdd2","i": 1,"n": 1,"sg": 43,"index": 2,"trSubtype": "","trType": "t","trms": [ { "conjClass": "a","trm": "a-b,a+b,c;0,1/2,0" } ] },{ "det": 1.0,"hm": "Imm2","i": 2,"n": 1,"sg": 44,"index": 2,"trSubtype": "","trType": "t","trms": [ { "conjClass": "a","trm": "a,b,c" } ] },{ "det": 1.0,"hm": "I41","i": 3,"n": 1,"sg": 80,"index": 2,"trSubtype": "","trType": "t","trms": [ { "conjClass": "a","trm": "a,b,c" } ] },{ "det": 3.0,"hm": "I41md","i": 4,"n": 1,"sg": 109,"index": 3,"trSubtype": "eu","trType": "k","trms": [ { "conjClass": "a","trm": "a,b,3c;1/2,0,0" } ] } ] }