{ "created": "Thu Oct 10 14:30:46 CDT 2024","hm": "P222","nSettings": 40,"nSubgroups": 6,"sg": 16,"subgroups": [ { "det": 1.0,"hm": "P2","i": 1,"n": 3,"sg": 3,"index": 2,"trSubtype": "","trType": "t","trms": [ { "conjClass": "a","trm": "c,a,b" },{ "conjClass": "b","trm": "a,b,c" },{ "conjClass": "c","trm": "b,c,a" } ] },{ "det": 2.0,"hm": "P222","i": 2,"n": 6,"sg": 16,"index": 2,"trSubtype": "eu","trType": "k","trms": [ { "conjClass": "a","trm": "a,b,2c;0,0,1/2" },{ "conjClass": "b","trm": "a,b,2c" },{ "conjClass": "c","trm": "a,2b,c;0,1/2,0" },{ "conjClass": "d","trm": "a,2b,c" },{ "conjClass": "e","trm": "2a,b,c;1/2,0,0" },{ "conjClass": "f","trm": "2a,b,c" } ] },{ "det": 3.0,"hm": "P222","i": 3,"n": 9,"sg": 16,"index": 3,"trSubtype": "eu","trType": "k","trms": [ { "conjClass": "a","trm": "a,b,3c" },{ "conjClass": "a","trm": "a,b,3c;0,0,1" },{ "conjClass": "a","trm": "a,b,3c;0,0,2" },{ "conjClass": "b","trm": "a,3b,c" },{ "conjClass": "b","trm": "a,3b,c;0,1,0" },{ "conjClass": "b","trm": "a,3b,c;0,2,0" },{ "conjClass": "c","trm": "3a,b,c" },{ "conjClass": "c","trm": "3a,b,c;1,0,0" },{ "conjClass": "c","trm": "3a,b,c;2,0,0" } ] },{ "det": 2.0,"hm": "P2221","i": 4,"n": 6,"sg": 17,"index": 2,"trSubtype": "eu","trType": "k","trms": [ { "conjClass": "a","trm": "a,b,2c" },{ "conjClass": "b","trm": "a,b,2c;0,0,1/2" },{ "conjClass": "c","trm": "c,a,2b;0,1/2,0" },{ "conjClass": "d","trm": "c,a,2b" },{ "conjClass": "e","trm": "b,c,2a;1/2,0,0" },{ "conjClass": "f","trm": "b,c,2a" } ] },{ "det": 4.0,"hm": "C222","i": 5,"n": 12,"sg": 21,"index": 2,"trSubtype": "eu","trType": "k","trms": [ { "conjClass": "a","trm": "2a,2b,c;1/2,0,0" },{ "conjClass": "b","trm": "2a,2b,c" },{ "conjClass": "c","trm": "2c,2a,b;1/2,0,1/2" },{ "conjClass": "d","trm": "2c,2a,b;1/2,0,0" },{ "conjClass": "e","trm": "2c,2a,b;0,0,1/2" },{ "conjClass": "f","trm": "2c,2a,b" },{ "conjClass": "g","trm": "2b,2c,a;0,1/2,1/2" },{ "conjClass": "h","trm": "2b,2c,a;0,0,1/2" },{ "conjClass": "i","trm": "2a,2b,c;1/2,1/2,0" },{ "conjClass": "j","trm": "2a,2b,c;0,1/2,0" },{ "conjClass": "k","trm": "2b,2c,a;0,1/2,0" },{ "conjClass": "l","trm": "2b,2c,a" } ] },{ "det": 8.0,"hm": "F222","i": 6,"n": 4,"sg": 22,"index": 2,"trSubtype": "eu","trType": "k","trms": [ { "conjClass": "a","trm": "2a,2b,2c;1/2,0,0" },{ "conjClass": "b","trm": "2a,2b,2c;0,0,1/2" },{ "conjClass": "c","trm": "2a,2b,2c;0,1/2,0" },{ "conjClass": "d","trm": "2a,2b,2c" } ] } ] }