{ "created": "Thu Oct 10 14:30:58 CDT 2024","hm": "I4/mmm","nSettings": 18,"nSubgroups": 16,"sg": 139,"subgroups": [ { "det": 2.0,"hm": "Fmmm","i": 1,"n": 1,"sg": 69,"index": 2,"trSubtype": "","trType": "t","trms": [ { "conjClass": "a","trm": "a-b,a+b,c" } ] },{ "det": 1.0,"hm": "Immm","i": 2,"n": 1,"sg": 71,"index": 2,"trSubtype": "","trType": "t","trms": [ { "conjClass": "a","trm": "a,b,c" } ] },{ "det": 1.0,"hm": "I4/m","i": 3,"n": 1,"sg": 87,"index": 2,"trSubtype": "","trType": "t","trms": [ { "conjClass": "a","trm": "a,b,c" } ] },{ "det": 1.0,"hm": "I422","i": 4,"n": 1,"sg": 97,"index": 2,"trSubtype": "","trType": "t","trms": [ { "conjClass": "a","trm": "a,b,c" } ] },{ "det": 1.0,"hm": "I4mm","i": 5,"n": 1,"sg": 107,"index": 2,"trSubtype": "","trType": "t","trms": [ { "conjClass": "a","trm": "a,b,c" } ] },{ "det": 1.0,"hm": "I-4m2","i": 6,"n": 1,"sg": 119,"index": 2,"trSubtype": "","trType": "t","trms": [ { "conjClass": "a","trm": "a,b,c" } ] },{ "det": 1.0,"hm": "I-42m","i": 7,"n": 1,"sg": 121,"index": 2,"trSubtype": "","trType": "t","trms": [ { "conjClass": "a","trm": "a,b,c" } ] },{ "det": 1.0,"hm": "P4/mmm","i": 8,"n": 1,"sg": 123,"index": 2,"trSubtype": "ct","trType": "k","trms": [ { "conjClass": "a","trm": "a,b,c" } ] },{ "det": 1.0,"hm": "P4/nnc","i": 9,"n": 1,"sg": 126,"index": 2,"trSubtype": "ct","trType": "k","trms": [ { "conjClass": "a","trm": "a,b,c;1/4,1/4,1/4" } ] },{ "det": 1.0,"hm": "P4/mnc","i": 10,"n": 1,"sg": 128,"index": 2,"trSubtype": "ct","trType": "k","trms": [ { "conjClass": "a","trm": "a,b,c" } ] },{ "det": 1.0,"hm": "P4/nmm","i": 11,"n": 1,"sg": 129,"index": 2,"trSubtype": "ct","trType": "k","trms": [ { "conjClass": "a","trm": "a,b,c;1/4,1/4,1/4" } ] },{ "det": 1.0,"hm": "P42/mmc","i": 12,"n": 1,"sg": 131,"index": 2,"trSubtype": "ct","trType": "k","trms": [ { "conjClass": "a","trm": "a,b,c;0,1/2,0" } ] },{ "det": 1.0,"hm": "P42/nnm","i": 13,"n": 1,"sg": 134,"index": 2,"trSubtype": "ct","trType": "k","trms": [ { "conjClass": "a","trm": "a,b,c;1/4,3/4,1/4" } ] },{ "det": 1.0,"hm": "P42/mnm","i": 14,"n": 1,"sg": 136,"index": 2,"trSubtype": "ct","trType": "k","trms": [ { "conjClass": "a","trm": "a,b,c" } ] },{ "det": 1.0,"hm": "P42/nmc","i": 15,"n": 1,"sg": 137,"index": 2,"trSubtype": "ct","trType": "k","trms": [ { "conjClass": "a","trm": "a,b,c;1/4,3/4,1/4" } ] },{ "det": 3.0,"hm": "I4/mmm","i": 16,"n": 3,"sg": 139,"index": 3,"trSubtype": "eu","trType": "k","trms": [ { "conjClass": "a","trm": "a,b,3c" },{ "conjClass": "a","trm": "a,b,3c;0,0,1" },{ "conjClass": "a","trm": "a,b,3c;0,0,2" } ] } ] }