{ "created": "Thu Oct 10 14:30:55 CDT 2024","hm": "P-42m","nSettings": 18,"nSubgroups": 10,"sg": 111,"subgroups": [ { "det": 1.0,"hm": "P222","i": 1,"n": 1,"sg": 16,"index": 2,"trSubtype": "","trType": "t","trms": [ { "conjClass": "a","trm": "a,b,c" } ] },{ "det": 2.0,"hm": "Cmm2","i": 2,"n": 1,"sg": 35,"index": 2,"trSubtype": "","trType": "t","trms": [ { "conjClass": "a","trm": "a-b,a+b,c" } ] },{ "det": 1.0,"hm": "P-4","i": 3,"n": 1,"sg": 81,"index": 2,"trSubtype": "","trType": "t","trms": [ { "conjClass": "a","trm": "a,b,c" } ] },{ "det": 2.0,"hm": "P-42m","i": 4,"n": 2,"sg": 111,"index": 2,"trSubtype": "eu","trType": "k","trms": [ { "conjClass": "a","trm": "a,b,2c;0,0,1/2" },{ "conjClass": "b","trm": "a,b,2c" } ] },{ "det": 3.0,"hm": "P-42m","i": 5,"n": 3,"sg": 111,"index": 3,"trSubtype": "eu","trType": "k","trms": [ { "conjClass": "a","trm": "a,b,3c" },{ "conjClass": "a","trm": "a,b,3c;0,0,1" },{ "conjClass": "a","trm": "a,b,3c;0,0,2" } ] },{ "det": 2.0,"hm": "P-42c","i": 6,"n": 2,"sg": 112,"index": 2,"trSubtype": "eu","trType": "k","trms": [ { "conjClass": "a","trm": "a,b,2c;0,0,1/2" },{ "conjClass": "b","trm": "a,b,2c" } ] },{ "det": 2.0,"hm": "P-4m2","i": 7,"n": 2,"sg": 115,"index": 2,"trSubtype": "eu","trType": "k","trms": [ { "conjClass": "a","trm": "a-b,a+b,c;1/2,1/2,0" },{ "conjClass": "b","trm": "a-b,a+b,c" } ] },{ "det": 2.0,"hm": "P-4b2","i": 8,"n": 2,"sg": 117,"index": 2,"trSubtype": "eu","trType": "k","trms": [ { "conjClass": "a","trm": "a-b,a+b,c;1/2,1/2,0" },{ "conjClass": "b","trm": "a-b,a+b,c" } ] },{ "det": 4.0,"hm": "I-4m2","i": 9,"n": 2,"sg": 119,"index": 2,"trSubtype": "eu","trType": "k","trms": [ { "conjClass": "a","trm": "a-b,a+b,2c;0,0,1/2" },{ "conjClass": "b","trm": "a-b,a+b,2c" } ] },{ "det": 4.0,"hm": "I-4c2","i": 10,"n": 2,"sg": 120,"index": 2,"trSubtype": "eu","trType": "k","trms": [ { "conjClass": "a","trm": "a-b,a+b,2c;0,0,1/2" },{ "conjClass": "b","trm": "a-b,a+b,2c" } ] } ] }