{ "created": "Thu Oct 10 14:31:00 CDT 2024","hm": "P-3c1","nSettings": 16,"nSubgroups": 7,"sg": 165,"subgroups": [ { "det": 2.0,"hm": "C2/c","i": 1,"n": 3,"sg": 15,"index": 3,"trSubtype": "","trType": "t","trms": [ { "conjClass": "a","trm": "-a+b,-a-b,c" },{ "conjClass": "a","trm": "-a-2b,a,c" },{ "conjClass": "a","trm": "2a+b,b,c" } ] },{ "det": 1.0,"hm": "P-3","i": 2,"n": 1,"sg": 147,"index": 2,"trSubtype": "","trType": "t","trms": [ { "conjClass": "a","trm": "a,b,c" } ] },{ "det": 1.0,"hm": "P321","i": 3,"n": 1,"sg": 150,"index": 2,"trSubtype": "","trType": "t","trms": [ { "conjClass": "a","trm": "a,b,c;0,0,1/4" } ] },{ "det": 1.0,"hm": "P3c1","i": 4,"n": 1,"sg": 158,"index": 2,"trSubtype": "","trType": "t","trms": [ { "conjClass": "a","trm": "a,b,c" } ] },{ "det": 3.0,"hm": "P-31c","i": 5,"n": 3,"sg": 163,"index": 3,"trSubtype": "eu","trType": "k","trms": [ { "conjClass": "a","trm": "a-b,a+2b,c" },{ "conjClass": "a","trm": "a-b,a+2b,c;1,0,0" },{ "conjClass": "a","trm": "a-b,a+2b,c;1,1,0" } ] },{ "det": 3.0,"hm": "P-3c1","i": 6,"n": 3,"sg": 165,"index": 3,"trSubtype": "eu","trType": "k","trms": [ { "conjClass": "a","trm": "a,b,3c" },{ "conjClass": "a","trm": "a,b,3c;0,0,1" },{ "conjClass": "a","trm": "a,b,3c;0,0,2" } ] },{ "det": 4.0,"hm": "P-3c1","i": 7,"n": 4,"sg": 165,"index": 4,"trSubtype": "eu","trType": "k","trms": [ { "conjClass": "a","trm": "2a,2b,c" },{ "conjClass": "a","trm": "2a,2b,c;1,0,0" },{ "conjClass": "a","trm": "2a,2b,c;0,1,0" },{ "conjClass": "a","trm": "2a,2b,c;1,1,0" } ] } ] }