{ "created": "Thu Oct 10 14:30:54 CDT 2024","hm": "I4mm","nSettings": 8,"nSubgroups": 8,"sg": 107,"subgroups": [ { "det": 2.0,"hm": "Fmm2","i": 1,"n": 1,"sg": 42,"index": 2,"trSubtype": "","trType": "t","trms": [ { "conjClass": "a","trm": "a-b,a+b,c" } ] },{ "det": 1.0,"hm": "Imm2","i": 2,"n": 1,"sg": 44,"index": 2,"trSubtype": "","trType": "t","trms": [ { "conjClass": "a","trm": "a,b,c" } ] },{ "det": 1.0,"hm": "I4","i": 3,"n": 1,"sg": 79,"index": 2,"trSubtype": "","trType": "t","trms": [ { "conjClass": "a","trm": "a,b,c" } ] },{ "det": 1.0,"hm": "P4mm","i": 4,"n": 1,"sg": 99,"index": 2,"trSubtype": "ct","trType": "k","trms": [ { "conjClass": "a","trm": "a,b,c" } ] },{ "det": 1.0,"hm": "P42nm","i": 5,"n": 1,"sg": 102,"index": 2,"trSubtype": "ct","trType": "k","trms": [ { "conjClass": "a","trm": "a,b,c" } ] },{ "det": 1.0,"hm": "P4nc","i": 6,"n": 1,"sg": 104,"index": 2,"trSubtype": "ct","trType": "k","trms": [ { "conjClass": "a","trm": "a,b,c" } ] },{ "det": 1.0,"hm": "P42mc","i": 7,"n": 1,"sg": 105,"index": 2,"trSubtype": "ct","trType": "k","trms": [ { "conjClass": "a","trm": "a,b,c;0,1/2,0" } ] },{ "det": 3.0,"hm": "I4mm","i": 8,"n": 1,"sg": 107,"index": 3,"trSubtype": "eu","trType": "k","trms": [ { "conjClass": "a","trm": "a,b,3c" } ] } ] }