{ "created": "Thu Oct 10 14:30:58 CDT 2024","hm": "I4/mcm","nSettings": 18,"nSubgroups": 16,"sg": 140,"subgroups": [ { "det": 2.0,"hm": "Fmmm","i": 1,"n": 1,"sg": 69,"index": 2,"trSubtype": "","trType": "t","trms": [ { "conjClass": "a","trm": "a-b,a+b,c;0,1/2,0" } ] },{ "det": 1.0,"hm": "Ibam","i": 2,"n": 1,"sg": 72,"index": 2,"trSubtype": "","trType": "t","trms": [ { "conjClass": "a","trm": "a,b,c" } ] },{ "det": 1.0,"hm": "I4/m","i": 3,"n": 1,"sg": 87,"index": 2,"trSubtype": "","trType": "t","trms": [ { "conjClass": "a","trm": "a,b,c" } ] },{ "det": 1.0,"hm": "I422","i": 4,"n": 1,"sg": 97,"index": 2,"trSubtype": "","trType": "t","trms": [ { "conjClass": "a","trm": "a,b,c;0,0,1/4" } ] },{ "det": 1.0,"hm": "I4cm","i": 5,"n": 1,"sg": 108,"index": 2,"trSubtype": "","trType": "t","trms": [ { "conjClass": "a","trm": "a,b,c" } ] },{ "det": 1.0,"hm": "I-4c2","i": 6,"n": 1,"sg": 120,"index": 2,"trSubtype": "","trType": "t","trms": [ { "conjClass": "a","trm": "a,b,c" } ] },{ "det": 1.0,"hm": "I-42m","i": 7,"n": 1,"sg": 121,"index": 2,"trSubtype": "","trType": "t","trms": [ { "conjClass": "a","trm": "a,b,c;0,1/2,1/4" } ] },{ "det": 1.0,"hm": "P4/mcc","i": 8,"n": 1,"sg": 124,"index": 2,"trSubtype": "ct","trType": "k","trms": [ { "conjClass": "a","trm": "a,b,c" } ] },{ "det": 1.0,"hm": "P4/nbm","i": 9,"n": 1,"sg": 125,"index": 2,"trSubtype": "ct","trType": "k","trms": [ { "conjClass": "a","trm": "a,b,c;1/4,1/4,1/4" } ] },{ "det": 1.0,"hm": "P4/mbm","i": 10,"n": 1,"sg": 127,"index": 2,"trSubtype": "ct","trType": "k","trms": [ { "conjClass": "a","trm": "a,b,c" } ] },{ "det": 1.0,"hm": "P4/ncc","i": 11,"n": 1,"sg": 130,"index": 2,"trSubtype": "ct","trType": "k","trms": [ { "conjClass": "a","trm": "a,b,c;1/4,1/4,1/4" } ] },{ "det": 1.0,"hm": "P42/mcm","i": 12,"n": 1,"sg": 132,"index": 2,"trSubtype": "ct","trType": "k","trms": [ { "conjClass": "a","trm": "a,b,c;0,1/2,0" } ] },{ "det": 1.0,"hm": "P42/nbc","i": 13,"n": 1,"sg": 133,"index": 2,"trSubtype": "ct","trType": "k","trms": [ { "conjClass": "a","trm": "a,b,c;1/4,3/4,1/4" } ] },{ "det": 1.0,"hm": "P42/mbc","i": 14,"n": 1,"sg": 135,"index": 2,"trSubtype": "ct","trType": "k","trms": [ { "conjClass": "a","trm": "a,b,c;0,1/2,0" } ] },{ "det": 1.0,"hm": "P42/ncm","i": 15,"n": 1,"sg": 138,"index": 2,"trSubtype": "ct","trType": "k","trms": [ { "conjClass": "a","trm": "a,b,c;1/4,3/4,1/4" } ] },{ "det": 3.0,"hm": "I4/mcm","i": 16,"n": 3,"sg": 140,"index": 3,"trSubtype": "eu","trType": "k","trms": [ { "conjClass": "a","trm": "a,b,3c" },{ "conjClass": "a","trm": "a,b,3c;0,0,1" },{ "conjClass": "a","trm": "a,b,3c;0,0,2" } ] } ] }