{ "created": "Thu Oct 10 14:31:01 CDT 2024","hm": "P6522","nSettings": 13,"nSubgroups": 6,"sg": 179,"subgroups": [ { "det": 2.0,"hm": "C2221","i": 1,"n": 3,"sg": 20,"index": 3,"trSubtype": "","trType": "t","trms": [ { "conjClass": "a","trm": "-a+b,-a-b,c;0,0,1/12" },{ "conjClass": "a","trm": "-a-2b,a,c;0,0,3/4" },{ "conjClass": "a","trm": "2a+b,b,c;0,0,5/12" } ] },{ "det": 1.0,"hm": "P3212","i": 2,"n": 1,"sg": 153,"index": 2,"trSubtype": "","trType": "t","trms": [ { "conjClass": "a","trm": "a,b,c;0,0,5/12" } ] },{ "det": 1.0,"hm": "P3221","i": 3,"n": 1,"sg": 154,"index": 2,"trSubtype": "","trType": "t","trms": [ { "conjClass": "a","trm": "a,b,c;0,0,1/3" } ] },{ "det": 1.0,"hm": "P65","i": 4,"n": 1,"sg": 170,"index": 2,"trSubtype": "","trType": "t","trms": [ { "conjClass": "a","trm": "a,b,c" } ] },{ "det": 3.0,"hm": "P6522","i": 5,"n": 3,"sg": 179,"index": 3,"trSubtype": "eu","trType": "k","trms": [ { "conjClass": "a","trm": "a-b,a+2b,c;0,0,7/12" },{ "conjClass": "a","trm": "a-b,a+2b,c;0,0,7/12" },{ "conjClass": "a","trm": "a-b,a+2b,c;0,0,7/12" } ] },{ "det": 4.0,"hm": "P6522","i": 6,"n": 4,"sg": 179,"index": 4,"trSubtype": "eu","trType": "k","trms": [ { "conjClass": "a","trm": "2a,2b,c" },{ "conjClass": "a","trm": "2a,2b,c;1,0,0" },{ "conjClass": "a","trm": "2a,2b,c;0,1,0" },{ "conjClass": "a","trm": "2a,2b,c;1,1,0" } ] } ] }