{ "created": "Thu Oct 10 14:30:54 CDT 2024","hm": "P4nc","nSettings": 4,"nSubgroups": 4,"sg": 104,"subgroups": [ { "det": 1.0,"hm": "Pnn2","i": 1,"n": 1,"sg": 34,"index": 2,"trSubtype": "","trType": "t","trms": [ { "conjClass": "a","trm": "a,b,c" } ] },{ "det": 2.0,"hm": "Ccc2","i": 2,"n": 1,"sg": 37,"index": 2,"trSubtype": "","trType": "t","trms": [ { "conjClass": "a","trm": "a-b,a+b,c;0,1/2,0" } ] },{ "det": 1.0,"hm": "P4","i": 3,"n": 1,"sg": 75,"index": 2,"trSubtype": "","trType": "t","trms": [ { "conjClass": "a","trm": "a,b,c" } ] },{ "det": 3.0,"hm": "P4nc","i": 4,"n": 1,"sg": 104,"index": 3,"trSubtype": "eu","trType": "k","trms": [ { "conjClass": "a","trm": "a,b,3c" } ] } ] }