<?xml version="1.0" encoding="UTF-8"?>
<PeakList>
  <PeakList1D>
    <PeakList1DHeader creator="chemist" date="2019-01-23T18:56:48.349+00:00" expNo="10" name="Z144382" owner="" procNo="1" source="f:\data\chemist\nmr\">
      <PeakPickDetails>F1=15.000ppm, F2=-0.100ppm, MI=0.50cm, MAXI=80.00cm, PC=1.000
      </PeakPickDetails>
    </PeakList1DHeader>
    <Peak1D F1="7.6792" intensity="2.987028e+000" type="0"/>
    <Peak1D F1="7.5992" intensity="1.837208e+000" type="0"/>
    <Peak1D F1="7.5960" intensity="2.044371e+000" type="0"/>
    <Peak1D F1="7.5812" intensity="2.273652e+000" type="0"/>
    <Peak1D F1="7.5769" intensity="2.765347e+000" type="0"/>
    <Peak1D F1="7.5725" intensity="1.961380e+000" type="0"/>
    <Peak1D F1="7.4819" intensity="1.975259e+000" type="0"/>
    <Peak1D F1="7.4627" intensity="2.493355e+000" type="0"/>
    <Peak1D F1="7.4433" intensity="1.064756e+000" type="0"/>
    <Peak1D F1="7.2850" intensity="2.722417e+000" type="0"/>
    <Peak1D F1="7.1079" intensity="3.844880e+000" type="0"/>
    <Peak1D F1="7.0866" intensity="4.590692e+000" type="0"/>
    <Peak1D F1="6.8951" intensity="7.691643e-001" type="0"/>
    <Peak1D F1="6.8880" intensity="5.023672e+000" type="0"/>
    <Peak1D F1="6.8666" intensity="4.015223e+000" type="0"/>
    <Peak1D F1="4.9280" intensity="7.742610e-001" type="0"/>
    <Peak1D F1="4.9155" intensity="8.777608e-001" type="0"/>
    <Peak1D F1="4.9084" intensity="8.849214e-001" type="0"/>
    <Peak1D F1="4.8956" intensity="7.619773e-001" type="0"/>
    <Peak1D F1="3.8354" intensity="1.503653e+000" type="0"/>
    <Peak1D F1="3.8242" intensity="2.000000e+001" type="0"/>
    <Peak1D F1="3.5062" intensity="6.495380e-001" type="0"/>
    <Peak1D F1="3.0293" intensity="8.995524e-001" type="0"/>
    <Peak1D F1="3.0173" intensity="9.231335e-001" type="0"/>
    <Peak1D F1="2.9948" intensity="1.754762e+000" type="0"/>
    <Peak1D F1="2.9828" intensity="1.685438e+000" type="0"/>
    <Peak1D F1="2.9283" intensity="1.807985e+000" type="0"/>
    <Peak1D F1="2.9071" intensity="1.746063e+000" type="0"/>
    <Peak1D F1="2.8939" intensity="9.345046e-001" type="0"/>
    <Peak1D F1="2.8725" intensity="9.288076e-001" type="0"/>
    <Peak1D F1="2.1043" intensity="1.373272e+000" type="0"/>
    <Peak1D F1="1.5924" intensity="5.144245e-001" type="0"/>
  </PeakList1D>
</PeakList>
