<?xml version="1.0" encoding="UTF-8"?>
<PeakList>
  <PeakList1D>
    <PeakList1DHeader creator="JRomeo" date="2020-01-07T15:21:43" expNo="1" name="2JR64_2" owner="" procNo="1" source="C:\Bruker\TOPSPIN">
      <PeakPickDetails>F1=7.997ppm, F2=7.661ppm, MI=0.47cm, MAXI=4.03cm, PC=1.000
      </PeakPickDetails>
    </PeakList1DHeader>
    <Peak1D F1="7.7829" intensity="2.39" type="0"/>
    <Peak1D F1="7.7654" intensity="2.14" type="0"/>
  </PeakList1D>
  <PeakList1D>
    <PeakList1DHeader creator="JRomeo" date="2020-01-07T15:21:43" expNo="1" name="2JR64_2" owner="" procNo="1" source="C:\Bruker\TOPSPIN">
      <PeakPickDetails>F1=7.274ppm, F2=7.070ppm, MI=3.37cm, MAXI=3.75cm, PC=1.000
      </PeakPickDetails>
    </PeakList1DHeader>
  </PeakList1D>
  <PeakList1D>
    <PeakList1DHeader creator="JRomeo" date="2020-01-07T15:21:43" expNo="1" name="2JR64_2" owner="" procNo="1" source="C:\Bruker\TOPSPIN">
      <PeakPickDetails>F1=6.937ppm, F2=6.510ppm, MI=0.67cm, MAXI=3.70cm, PC=1.000
      </PeakPickDetails>
    </PeakList1DHeader>
    <Peak1D F1="6.8342" intensity="2.07" type="0"/>
    <Peak1D F1="6.8167" intensity="1.97" type="0"/>
  </PeakList1D>
  <PeakList1D>
    <PeakList1DHeader creator="JRomeo" date="2020-01-07T15:21:43" expNo="1" name="2JR64_2" owner="" procNo="1" source="C:\Bruker\TOPSPIN">
      <PeakPickDetails>F1=4.625ppm, F2=2.801ppm, MI=3.04cm, MAXI=17.14cm, PC=1.000
      </PeakPickDetails>
    </PeakList1DHeader>
    <Peak1D F1="4.0106" intensity="15.0" type="0"/>
    <Peak1D F1="3.9616" intensity="11.93" type="0"/>
    <Peak1D F1="3.9425" intensity="14.86" type="0"/>
  </PeakList1D>
</PeakList>
