{"IFD.findingaid":{"type":"IFD.findingaid.fairspec",
"id":"acs.joc.0c00770",
"version":"IFD 0.0.2-alpha+2020.04.03",
"created":"3 Apr 2022 17:14:10 GMT",
"createdBy":"https://github.com/IUPAC/IUPAC-FAIRSpec/blob/main/src/main/java/com/integratedgraphics/ifd/Extractor.java 0.0.2-alpha+2002.04.02",
"statistics":{"collections":[{"collectionName":"samples",
"collectionSize":11,
"collectionType":"org.iupac.fairdata.sample.IFDSampleCollection"},
{"collectionName":"dataObjects",
"collectionSize":54,
"collectionType":"org.iupac.fairdata.dataobject.IFDDataObjectCollection"},
{"collectionName":"sampleDataAssociations",
"collectionSize":11,
"collectionType":"org.iupac.fairdata.derived.IFDSampleDataAssociationCollection"}],
"dataSources":1,
"publicationInfo":1},
"publicationInfo":[{"title":"[Total Synthesis of (+)-Pestalofone A and (+)-Iso-A82775C]",
"authors":"Geon Kim, Taewan Kim, Sunkyu Han",
"url":"https://pubs.acs.org/doi/pdf/10.1021/acs.joc.0c00770",
"metadataSource":{"registrationAgency":"Crossref",
"metadataUrl":"https://api.crossref.org/works/10.1021/acs.joc.0c00770"}}],
"dataSources":[{"ref":"https://ndownloader.figshare.com/files/22567817",
"len":24539323}],
"collection":{"samples":{"type":"org.iupac.fairdata.sample.IFDSampleCollection",
"name":"samples",
"id":"2",
"listCount":11,
"list":[{"type":"org.iupac.fairdata.sample.IFDSample",
"name":"1",
"id":"0",
"sourceIndex":0,
"path":"22567817",
"properties":{"IFD.property.sample.label":"1"}},
{"type":"org.iupac.fairdata.sample.IFDSample",
"name":"10",
"id":"1",
"sourceIndex":0,
"path":"22567817",
"properties":{"IFD.property.sample.label":"10"}},
{"type":"org.iupac.fairdata.sample.IFDSample",
"name":"11",
"id":"2",
"sourceIndex":0,
"path":"22567817",
"properties":{"IFD.property.sample.label":"11"}},
{"type":"org.iupac.fairdata.sample.IFDSample",
"name":"13",
"id":"3",
"sourceIndex":0,
"path":"22567817",
"properties":{"IFD.property.sample.label":"13"}},
{"type":"org.iupac.fairdata.sample.IFDSample",
"name":"16",
"id":"4",
"sourceIndex":0,
"path":"22567817",
"properties":{"IFD.property.sample.label":"16"}},
{"type":"org.iupac.fairdata.sample.IFDSample",
"name":"17",
"id":"5",
"sourceIndex":0,
"path":"22567817",
"properties":{"IFD.property.sample.label":"17"}},
{"type":"org.iupac.fairdata.sample.IFDSample",
"name":"2",
"id":"6",
"sourceIndex":0,
"path":"22567817",
"properties":{"IFD.property.sample.label":"2"}},
{"type":"org.iupac.fairdata.sample.IFDSample",
"name":"21",
"id":"7",
"sourceIndex":0,
"path":"22567817",
"properties":{"IFD.property.sample.label":"21"}},
{"type":"org.iupac.fairdata.sample.IFDSample",
"name":"3",
"id":"8",
"sourceIndex":0,
"path":"22567817",
"properties":{"IFD.property.sample.label":"3"}},
{"type":"org.iupac.fairdata.sample.IFDSample",
"name":"8",
"id":"9",
"sourceIndex":0,
"path":"22567817",
"properties":{"IFD.property.sample.label":"8"}},
{"type":"org.iupac.fairdata.sample.IFDSample",
"name":"9",
"id":"10",
"sourceIndex":0,
"path":"22567817",
"properties":{"IFD.property.sample.label":"9"}}]},
"dataObjects":{"type":"org.iupac.fairdata.dataobject.IFDDataObjectCollection",
"subtype":"IFD.data.spec.nmr",
"name":"dataObjects",
"id":"4",
"listCount":54,
"list":[{"type":"IFD.data.spec.nmr",
"name":"1_13C",
"id":"0",
"sourceIndex":0,
"path":"1.zip|1_13C/",
"properties":{"IFD.property.data.spec.nmr.expt.label":"1_13C",
"IFD.property.data.spec.nmr.expt.nucl.1":"13C",
"IFD.property.data.spec.nmr.expt.nucl.2":"1H",
"IFD.property.data.spec.nmr.expt.pulse.prog":"zgpg30",
"IFD.property.data.spec.nmr.expt.temperature.absolute":298.3149,
"IFD.property.data.spec.nmr.instr.freq.nominal":400,
"IFD.property.data.spec.nmr.instr.manufacturer.name":"Bruker",
"IFD.property.data.spec.nmr.instr.probe.type":"5 mm PABBO BB/19F-1H/D Z-GRD Z108618/0389"},
"listCount":3,
"list":[{"type":"IFD.representation.data.spec.nmr.vendor.dataset",
"subtype":"application/zip",
"len":629372,
"ref":{"origin":"1.zip|1_13C/",
"localPath":"1.zip|1_13C/",
"localName":"1.zip_1_13C_.zip"}},
{"type":"IFD.representation.data.spec.nmr.spectrum.image",
"subtype":"IFD.representation.data.spec.nmr.spectrum.image",
"len":3686,
"ref":{"origin":"1.zip_1_13C_pdata_1_thumb.png",
"localPath":"1.zip|1_13C/",
"localName":"1.zip_1_13C_pdata_1_thumb.png"}},
{"type":"unknown",
"subtype":"image/png",
"len":3686,
"ref":{"origin":"1.zip|1_13C/pdata/1/thumb.png",
"localPath":"1.zip|1_13C/",
"localName":"1.zip_1_13C_pdata_1_thumb.png"}}]},
{"type":"IFD.data.spec.nmr",
"name":"1_1H",
"id":"1",
"sourceIndex":0,
"path":"1.zip|1_1H/",
"properties":{"IFD.property.data.spec.nmr.expt.label":"1_1H",
"IFD.property.data.spec.nmr.expt.nucl.1":"1H",
"IFD.property.data.spec.nmr.expt.pulse.prog":"zg30",
"IFD.property.data.spec.nmr.expt.temperature.absolute":298.1983,
"IFD.property.data.spec.nmr.instr.freq.nominal":400,
"IFD.property.data.spec.nmr.instr.manufacturer.name":"Bruker",
"IFD.property.data.spec.nmr.instr.probe.type":"5 mm PABBO BB/19F-1H/D Z-GRD Z108618/0389"},
"listCount":3,
"list":[{"type":"IFD.representation.data.spec.nmr.vendor.dataset",
"subtype":"application/zip",
"len":590911,
"ref":{"origin":"1.zip|1_1H/",
"localPath":"1.zip|1_1H/",
"localName":"1.zip_1_1H_.zip"}},
{"type":"IFD.representation.data.spec.nmr.spectrum.image",
"subtype":"IFD.representation.data.spec.nmr.spectrum.image",
"len":2211,
"ref":{"origin":"1.zip_1_1H_pdata_1_thumb.png",
"localPath":"1.zip|1_1H/",
"localName":"1.zip_1_1H_pdata_1_thumb.png"}},
{"type":"unknown",
"subtype":"image/png",
"len":2211,
"ref":{"origin":"1.zip|1_1H/pdata/1/thumb.png",
"localPath":"1.zip|1_1H/",
"localName":"1.zip_1_1H_pdata_1_thumb.png"}}]},
{"type":"IFD.data.spec.nmr",
"name":"10_13C",
"id":"2",
"sourceIndex":0,
"path":"10.zip|10_13C/",
"properties":{"IFD.property.data.spec.nmr.expt.label":"10_13C",
"IFD.property.data.spec.nmr.expt.nucl.1":"13C",
"IFD.property.data.spec.nmr.expt.nucl.2":"1H",
"IFD.property.data.spec.nmr.expt.pulse.prog":"zgpg30",
"IFD.property.data.spec.nmr.expt.temperature.absolute":298.1081,
"IFD.property.data.spec.nmr.instr.freq.nominal":400,
"IFD.property.data.spec.nmr.instr.manufacturer.name":"Bruker",
"IFD.property.data.spec.nmr.instr.probe.type":"5 mm PABBO BB/19F-1H/D Z-GRD Z108618/0389"},
"listCount":3,
"list":[{"type":"IFD.representation.data.spec.nmr.vendor.dataset",
"subtype":"application/zip",
"len":635812,
"ref":{"origin":"10.zip|10_13C/",
"localPath":"10.zip|10_13C/",
"localName":"10.zip_10_13C_.zip"}},
{"type":"IFD.representation.data.spec.nmr.spectrum.image",
"subtype":"IFD.representation.data.spec.nmr.spectrum.image",
"len":3094,
"ref":{"origin":"10.zip_10_13C_pdata_1_thumb.png",
"localPath":"10.zip|10_13C/",
"localName":"10.zip_10_13C_pdata_1_thumb.png"}},
{"type":"unknown",
"subtype":"image/png",
"len":3094,
"ref":{"origin":"10.zip|10_13C/pdata/1/thumb.png",
"localPath":"10.zip|10_13C/",
"localName":"10.zip_10_13C_pdata_1_thumb.png"}}]},
{"type":"IFD.data.spec.nmr",
"name":"10_1H",
"id":"3",
"sourceIndex":0,
"path":"10.zip|10_1H/",
"properties":{"IFD.property.data.spec.nmr.expt.label":"10_1H",
"IFD.property.data.spec.nmr.expt.nucl.1":"1H",
"IFD.property.data.spec.nmr.expt.pulse.prog":"zg30",
"IFD.property.data.spec.nmr.expt.temperature.absolute":297.9889,
"IFD.property.data.spec.nmr.instr.freq.nominal":400,
"IFD.property.data.spec.nmr.instr.manufacturer.name":"Bruker",
"IFD.property.data.spec.nmr.instr.probe.type":"Z116098_0402 (PA BBO 400S1 BBF-H-D-05 Z SP)"},
"listCount":3,
"list":[{"type":"IFD.representation.data.spec.nmr.vendor.dataset",
"subtype":"application/zip",
"len":552050,
"ref":{"origin":"10.zip|10_1H/",
"localPath":"10.zip|10_1H/",
"localName":"10.zip_10_1H_.zip"}},
{"type":"IFD.representation.data.spec.nmr.spectrum.image",
"subtype":"IFD.representation.data.spec.nmr.spectrum.image",
"len":1272,
"ref":{"origin":"10.zip_10_1H_pdata_1_thumb.png",
"localPath":"10.zip|10_1H/",
"localName":"10.zip_10_1H_pdata_1_thumb.png"}},
{"type":"unknown",
"subtype":"image/png",
"len":1272,
"ref":{"origin":"10.zip|10_1H/pdata/1/thumb.png",
"localPath":"10.zip|10_1H/",
"localName":"10.zip_10_1H_pdata_1_thumb.png"}}]},
{"type":"IFD.data.spec.nmr",
"name":"11_13C",
"id":"4",
"sourceIndex":0,
"path":"11.zip|11_13C/",
"properties":{"IFD.property.data.spec.nmr.expt.label":"11_13C",
"IFD.property.data.spec.nmr.expt.nucl.1":"13C",
"IFD.property.data.spec.nmr.expt.nucl.2":"1H",
"IFD.property.data.spec.nmr.expt.pulse.prog":"zgpg30",
"IFD.property.data.spec.nmr.expt.temperature.absolute":298.1036,
"IFD.property.data.spec.nmr.instr.freq.nominal":400,
"IFD.property.data.spec.nmr.instr.manufacturer.name":"Bruker",
"IFD.property.data.spec.nmr.instr.probe.type":"Z116098_0402 (PA BBO 400S1 BBF-H-D-05 Z SP)"},
"listCount":3,
"list":[{"type":"IFD.representation.data.spec.nmr.vendor.dataset",
"subtype":"application/zip",
"len":415380,
"ref":{"origin":"11.zip|11_13C/",
"localPath":"11.zip|11_13C/",
"localName":"11.zip_11_13C_.zip"}},
{"type":"IFD.representation.data.spec.nmr.spectrum.image",
"subtype":"IFD.representation.data.spec.nmr.spectrum.image",
"len":3098,
"ref":{"origin":"11.zip_11_13C_pdata_1_thumb.png",
"localPath":"11.zip|11_13C/",
"localName":"11.zip_11_13C_pdata_1_thumb.png"}},
{"type":"unknown",
"subtype":"image/png",
"len":3098,
"ref":{"origin":"11.zip|11_13C/pdata/1/thumb.png",
"localPath":"11.zip|11_13C/",
"localName":"11.zip_11_13C_pdata_1_thumb.png"}}]},
{"type":"IFD.data.spec.nmr",
"name":"11_1H",
"id":"5",
"sourceIndex":0,
"path":"11.zip|11_1H/",
"properties":{"IFD.property.data.spec.nmr.expt.label":"11_1H",
"IFD.property.data.spec.nmr.expt.nucl.1":"1H",
"IFD.property.data.spec.nmr.expt.pulse.prog":"zg30",
"IFD.property.data.spec.nmr.expt.temperature.absolute":297.9903,
"IFD.property.data.spec.nmr.instr.freq.nominal":400,
"IFD.property.data.spec.nmr.instr.manufacturer.name":"Bruker",
"IFD.property.data.spec.nmr.instr.probe.type":"Z116098_0402 (PA BBO 400S1 BBF-H-D-05 Z SP)"},
"listCount":3,
"list":[{"type":"IFD.representation.data.spec.nmr.vendor.dataset",
"subtype":"application/zip",
"len":543740,
"ref":{"origin":"11.zip|11_1H/",
"localPath":"11.zip|11_1H/",
"localName":"11.zip_11_1H_.zip"}},
{"type":"IFD.representation.data.spec.nmr.spectrum.image",
"subtype":"IFD.representation.data.spec.nmr.spectrum.image",
"len":1664,
"ref":{"origin":"11.zip_11_1H_pdata_1_thumb.png",
"localPath":"11.zip|11_1H/",
"localName":"11.zip_11_1H_pdata_1_thumb.png"}},
{"type":"unknown",
"subtype":"image/png",
"len":1664,
"ref":{"origin":"11.zip|11_1H/pdata/1/thumb.png",
"localPath":"11.zip|11_1H/",
"localName":"11.zip_11_1H_pdata_1_thumb.png"}}]},
{"type":"IFD.data.spec.nmr",
"name":"13_13C",
"id":"6",
"sourceIndex":0,
"path":"13.zip|13_13C/",
"properties":{"IFD.property.data.spec.nmr.expt.label":"13_13C",
"IFD.property.data.spec.nmr.expt.nucl.1":"13C",
"IFD.property.data.spec.nmr.expt.nucl.2":"1H",
"IFD.property.data.spec.nmr.expt.pulse.prog":"zgpg30",
"IFD.property.data.spec.nmr.expt.temperature.absolute":298.1021,
"IFD.property.data.spec.nmr.instr.freq.nominal":400,
"IFD.property.data.spec.nmr.instr.manufacturer.name":"Bruker",
"IFD.property.data.spec.nmr.instr.probe.type":"Z116098_0402 (PA BBO 400S1 BBF-H-D-05 Z SP)"},
"listCount":3,
"list":[{"type":"IFD.representation.data.spec.nmr.vendor.dataset",
"subtype":"application/zip",
"len":409234,
"ref":{"origin":"13.zip|13_13C/",
"localPath":"13.zip|13_13C/",
"localName":"13.zip_13_13C_.zip"}},
{"type":"IFD.representation.data.spec.nmr.spectrum.image",
"subtype":"IFD.representation.data.spec.nmr.spectrum.image",
"len":3171,
"ref":{"origin":"13.zip_13_13C_pdata_1_thumb.png",
"localPath":"13.zip|13_13C/",
"localName":"13.zip_13_13C_pdata_1_thumb.png"}},
{"type":"unknown",
"subtype":"image/png",
"len":3171,
"ref":{"origin":"13.zip|13_13C/pdata/1/thumb.png",
"localPath":"13.zip|13_13C/",
"localName":"13.zip_13_13C_pdata_1_thumb.png"}}]},
{"type":"IFD.data.spec.nmr",
"name":"13_1H",
"id":"7",
"sourceIndex":0,
"path":"13.zip|13_1H/",
"properties":{"IFD.property.data.spec.nmr.expt.label":"13_1H",
"IFD.property.data.spec.nmr.expt.nucl.1":"1H",
"IFD.property.data.spec.nmr.expt.pulse.prog":"zg30",
"IFD.property.data.spec.nmr.expt.temperature.absolute":297.989,
"IFD.property.data.spec.nmr.instr.freq.nominal":400,
"IFD.property.data.spec.nmr.instr.manufacturer.name":"Bruker",
"IFD.property.data.spec.nmr.instr.probe.type":"Z116098_0402 (PA BBO 400S1 BBF-H-D-05 Z SP)"},
"listCount":3,
"list":[{"type":"IFD.representation.data.spec.nmr.vendor.dataset",
"subtype":"application/zip",
"len":549236,
"ref":{"origin":"13.zip|13_1H/",
"localPath":"13.zip|13_1H/",
"localName":"13.zip_13_1H_.zip"}},
{"type":"IFD.representation.data.spec.nmr.spectrum.image",
"subtype":"IFD.representation.data.spec.nmr.spectrum.image",
"len":1545,
"ref":{"origin":"13.zip_13_1H_pdata_1_thumb.png",
"localPath":"13.zip|13_1H/",
"localName":"13.zip_13_1H_pdata_1_thumb.png"}},
{"type":"unknown",
"subtype":"image/png",
"len":1545,
"ref":{"origin":"13.zip|13_1H/pdata/1/thumb.png",
"localPath":"13.zip|13_1H/",
"localName":"13.zip_13_1H_pdata_1_thumb.png"}}]},
{"type":"IFD.data.spec.nmr",
"name":"16_13C",
"id":"8",
"sourceIndex":0,
"path":"16.zip|16_13C/",
"properties":{"IFD.property.data.spec.nmr.expt.label":"16_13C",
"IFD.property.data.spec.nmr.expt.nucl.1":"13C",
"IFD.property.data.spec.nmr.expt.nucl.2":"1H",
"IFD.property.data.spec.nmr.expt.pulse.prog":"zgpg30",
"IFD.property.data.spec.nmr.expt.temperature.absolute":297.9998,
"IFD.property.data.spec.nmr.instr.freq.nominal":400,
"IFD.property.data.spec.nmr.instr.manufacturer.name":"Bruker",
"IFD.property.data.spec.nmr.instr.probe.type":"Z116098_0402 (PA BBO 400S1 BBF-H-D-05 Z SP)"},
"listCount":3,
"list":[{"type":"IFD.representation.data.spec.nmr.vendor.dataset",
"subtype":"application/zip",
"len":552595,
"ref":{"origin":"16.zip|16_13C/",
"localPath":"16.zip|16_13C/",
"localName":"16.zip_16_13C_.zip"}},
{"type":"IFD.representation.data.spec.nmr.spectrum.pdf",
"subtype":"IFD.representation.data.spec.nmr.spectrum.pdf",
"len":119992,
"ref":{"origin":"16.zip_16_13C_pdata_1_200326_KG16-31-P_13C_1_1.pdf",
"localPath":"16.zip|16_13C/",
"localName":"16.zip_16_13C_pdata_1_200326_KG16-31-P_13C_1_1.pdf"}},
{"type":"unknown",
"subtype":"application/pdf",
"len":119992,
"ref":{"origin":"16.zip|16_13C/pdata/1/200326_KG16-31-P_13C_1_1.pdf",
"localPath":"16.zip|16_13C/",
"localName":"16.zip_16_13C_pdata_1_200326_KG16-31-P_13C_1_1.pdf"}}]},
{"type":"IFD.data.spec.nmr",
"name":"16_1H",
"id":"9",
"sourceIndex":0,
"path":"16.zip|16_1H/",
"properties":{"IFD.property.data.spec.nmr.expt.label":"16_1H",
"IFD.property.data.spec.nmr.expt.nucl.1":"1H",
"IFD.property.data.spec.nmr.expt.pulse.prog":"zg30",
"IFD.property.data.spec.nmr.expt.temperature.absolute":297.9984,
"IFD.property.data.spec.nmr.instr.freq.nominal":400,
"IFD.property.data.spec.nmr.instr.manufacturer.name":"Bruker",
"IFD.property.data.spec.nmr.instr.probe.type":"Z116098_0402 (PA BBO 400S1 BBF-H-D-05 Z SP)"},
"listCount":3,
"list":[{"type":"IFD.representation.data.spec.nmr.vendor.dataset",
"subtype":"application/zip",
"len":699544,
"ref":{"origin":"16.zip|16_1H/",
"localPath":"16.zip|16_1H/",
"localName":"16.zip_16_1H_.zip"}},
{"type":"IFD.representation.data.spec.nmr.spectrum.pdf",
"subtype":"IFD.representation.data.spec.nmr.spectrum.pdf",
"len":119406,
"ref":{"origin":"16.zip_16_1H_pdata_1_200326_KG16-31-P_1H_1_1.pdf",
"localPath":"16.zip|16_1H/",
"localName":"16.zip_16_1H_pdata_1_200326_KG16-31-P_1H_1_1.pdf"}},
{"type":"unknown",
"subtype":"application/pdf",
"len":119406,
"ref":{"origin":"16.zip|16_1H/pdata/1/200326_KG16-31-P_1H_1_1.pdf",
"localPath":"16.zip|16_1H/",
"localName":"16.zip_16_1H_pdata_1_200326_KG16-31-P_1H_1_1.pdf"}}]},
{"type":"IFD.data.spec.nmr",
"name":"dia-16_13C",
"id":"10",
"sourceIndex":0,
"path":"16.zip|dia-16_13C/",
"properties":{"IFD.property.data.spec.nmr.expt.label":"dia-16_13C",
"IFD.property.data.spec.nmr.expt.nucl.1":"13C",
"IFD.property.data.spec.nmr.expt.nucl.2":"1H",
"IFD.property.data.spec.nmr.expt.pulse.prog":"zgpg30",
"IFD.property.data.spec.nmr.expt.temperature.absolute":298.0516,
"IFD.property.data.spec.nmr.instr.freq.nominal":400,
"IFD.property.data.spec.nmr.instr.manufacturer.name":"Bruker",
"IFD.property.data.spec.nmr.instr.probe.type":"5 mm PABBO BB/19F-1H/D Z-GRD Z108618/0389"},
"listCount":3,
"list":[{"type":"IFD.representation.data.spec.nmr.vendor.dataset",
"subtype":"application/zip",
"len":636281,
"ref":{"origin":"16.zip|dia-16_13C/",
"localPath":"16.zip|dia-16_13C/",
"localName":"16.zip_dia-16_13C_.zip"}},
{"type":"IFD.representation.data.spec.nmr.spectrum.image",
"subtype":"IFD.representation.data.spec.nmr.spectrum.image",
"len":3836,
"ref":{"origin":"16.zip_dia-16_13C_pdata_1_thumb.png",
"localPath":"16.zip|dia-16_13C/",
"localName":"16.zip_dia-16_13C_pdata_1_thumb.png"}},
{"type":"unknown",
"subtype":"image/png",
"len":3836,
"ref":{"origin":"16.zip|dia-16_13C/pdata/1/thumb.png",
"localPath":"16.zip|dia-16_13C/",
"localName":"16.zip_dia-16_13C_pdata_1_thumb.png"}}]},
{"type":"IFD.data.spec.nmr",
"name":"dia-16_1H",
"id":"11",
"sourceIndex":0,
"path":"16.zip|dia-16_1H/",
"properties":{"IFD.property.data.spec.nmr.expt.label":"dia-16_1H",
"IFD.property.data.spec.nmr.expt.nucl.1":"1H",
"IFD.property.data.spec.nmr.expt.pulse.prog":"zg30",
"IFD.property.data.spec.nmr.expt.temperature.absolute":297.9982,
"IFD.property.data.spec.nmr.instr.freq.nominal":400,
"IFD.property.data.spec.nmr.instr.manufacturer.name":"Bruker",
"IFD.property.data.spec.nmr.instr.probe.type":"5 mm PABBO BB/19F-1H/D Z-GRD Z108618/0389"},
"listCount":3,
"list":[{"type":"IFD.representation.data.spec.nmr.vendor.dataset",
"subtype":"application/zip",
"len":571121,
"ref":{"origin":"16.zip|dia-16_1H/",
"localPath":"16.zip|dia-16_1H/",
"localName":"16.zip_dia-16_1H_.zip"}},
{"type":"IFD.representation.data.spec.nmr.spectrum.image",
"subtype":"IFD.representation.data.spec.nmr.spectrum.image",
"len":1830,
"ref":{"origin":"16.zip_dia-16_1H_pdata_1_thumb.png",
"localPath":"16.zip|dia-16_1H/",
"localName":"16.zip_dia-16_1H_pdata_1_thumb.png"}},
{"type":"unknown",
"subtype":"image/png",
"len":1830,
"ref":{"origin":"16.zip|dia-16_1H/pdata/1/thumb.png",
"localPath":"16.zip|dia-16_1H/",
"localName":"16.zip_dia-16_1H_pdata_1_thumb.png"}}]},
{"type":"IFD.data.spec.nmr",
"name":"17_13C",
"id":"12",
"sourceIndex":0,
"path":"17.zip|17_13C/",
"properties":{"IFD.property.data.spec.nmr.expt.label":"17_13C",
"IFD.property.data.spec.nmr.expt.nucl.1":"13C",
"IFD.property.data.spec.nmr.expt.nucl.2":"1H",
"IFD.property.data.spec.nmr.expt.pulse.prog":"zgpg30",
"IFD.property.data.spec.nmr.expt.temperature.absolute":298.106,
"IFD.property.data.spec.nmr.instr.freq.nominal":400,
"IFD.property.data.spec.nmr.instr.manufacturer.name":"Bruker",
"IFD.property.data.spec.nmr.instr.probe.type":"5 mm PABBO BB/19F-1H/D Z-GRD Z108618/0389"},
"listCount":3,
"list":[{"type":"IFD.representation.data.spec.nmr.vendor.dataset",
"subtype":"application/zip",
"len":641298,
"ref":{"origin":"17.zip|17_13C/",
"localPath":"17.zip|17_13C/",
"localName":"17.zip_17_13C_.zip"}},
{"type":"IFD.representation.data.spec.nmr.spectrum.image",
"subtype":"IFD.representation.data.spec.nmr.spectrum.image",
"len":3288,
"ref":{"origin":"17.zip_17_13C_pdata_1_thumb.png",
"localPath":"17.zip|17_13C/",
"localName":"17.zip_17_13C_pdata_1_thumb.png"}},
{"type":"unknown",
"subtype":"image/png",
"len":3288,
"ref":{"origin":"17.zip|17_13C/pdata/1/thumb.png",
"localPath":"17.zip|17_13C/",
"localName":"17.zip_17_13C_pdata_1_thumb.png"}}]},
{"type":"IFD.data.spec.nmr",
"name":"17_1H",
"id":"13",
"sourceIndex":0,
"path":"17.zip|17_1H/",
"properties":{"IFD.property.data.spec.nmr.expt.label":"17_1H",
"IFD.property.data.spec.nmr.expt.nucl.1":"1H",
"IFD.property.data.spec.nmr.expt.pulse.prog":"zg30",
"IFD.property.data.spec.nmr.expt.temperature.absolute":297.9984,
"IFD.property.data.spec.nmr.instr.freq.nominal":400,
"IFD.property.data.spec.nmr.instr.manufacturer.name":"Bruker",
"IFD.property.data.spec.nmr.instr.probe.type":"5 mm PABBO BB/19F-1H/D Z-GRD Z108618/0389"},
"listCount":3,
"list":[{"type":"IFD.representation.data.spec.nmr.vendor.dataset",
"subtype":"application/zip",
"len":591233,
"ref":{"origin":"17.zip|17_1H/",
"localPath":"17.zip|17_1H/",
"localName":"17.zip_17_1H_.zip"}},
{"type":"IFD.representation.data.spec.nmr.spectrum.image",
"subtype":"IFD.representation.data.spec.nmr.spectrum.image",
"len":2365,
"ref":{"origin":"17.zip_17_1H_pdata_1_thumb.png",
"localPath":"17.zip|17_1H/",
"localName":"17.zip_17_1H_pdata_1_thumb.png"}},
{"type":"unknown",
"subtype":"image/png",
"len":2365,
"ref":{"origin":"17.zip|17_1H/pdata/1/thumb.png",
"localPath":"17.zip|17_1H/",
"localName":"17.zip_17_1H_pdata_1_thumb.png"}}]},
{"type":"IFD.data.spec.nmr",
"name":"2_13C",
"id":"14",
"sourceIndex":0,
"path":"2.zip|2_13C/",
"properties":{"IFD.property.data.spec.nmr.expt.label":"2_13C",
"IFD.property.data.spec.nmr.expt.nucl.1":"13C",
"IFD.property.data.spec.nmr.expt.nucl.2":"1H",
"IFD.property.data.spec.nmr.expt.pulse.prog":"zgpg30",
"IFD.property.data.spec.nmr.expt.temperature.absolute":298.0975,
"IFD.property.data.spec.nmr.instr.freq.nominal":400,
"IFD.property.data.spec.nmr.instr.manufacturer.name":"Bruker",
"IFD.property.data.spec.nmr.instr.probe.type":"Z116098_0402 (PA BBO 400S1 BBF-H-D-05 Z SP)"},
"listCount":3,
"list":[{"type":"IFD.representation.data.spec.nmr.vendor.dataset",
"subtype":"application/zip",
"len":427376,
"ref":{"origin":"2.zip|2_13C/",
"localPath":"2.zip|2_13C/",
"localName":"2.zip_2_13C_.zip"}},
{"type":"IFD.representation.data.spec.nmr.spectrum.image",
"subtype":"IFD.representation.data.spec.nmr.spectrum.image",
"len":3941,
"ref":{"origin":"2.zip_2_13C_pdata_1_thumb.png",
"localPath":"2.zip|2_13C/",
"localName":"2.zip_2_13C_pdata_1_thumb.png"}},
{"type":"unknown",
"subtype":"image/png",
"len":3941,
"ref":{"origin":"2.zip|2_13C/pdata/1/thumb.png",
"localPath":"2.zip|2_13C/",
"localName":"2.zip_2_13C_pdata_1_thumb.png"}}]},
{"type":"IFD.data.spec.nmr",
"name":"2_1H-13C_NUS_HSQC",
"id":"15",
"sourceIndex":0,
"path":"2.zip|2_1H-13C_NUS_HSQC/",
"properties":{"IFD.property.data.spec.nmr.expt.dim":"2D",
"IFD.property.data.spec.nmr.expt.label":"2_1H-13C_NUS_HSQC",
"IFD.property.data.spec.nmr.expt.nucl.1":"13C",
"IFD.property.data.spec.nmr.instr.freq.nominal":400,
"IFD.property.data.spec.nmr.instr.manufacturer.name":"Bruker"},
"listCount":5,
"list":[{"type":"IFD.representation.data.spec.nmr.vendor.dataset",
"subtype":"application/zip",
"len":182203,
"ref":{"origin":"2.zip|2_1H-13C_NUS_HSQC/",
"localPath":"2.zip|2_1H-13C_NUS_HSQC/",
"localName":"2.zip_2_1H-13C_NUS_HSQC_.zip"}},
{"type":"IFD.representation.data.spec.nmr.spectrum.image",
"subtype":"IFD.representation.data.spec.nmr.spectrum.image",
"len":787,
"ref":{"origin":"2.zip_2_1H-13C_NUS_HSQC_pdata_1_thumb.png",
"localPath":"2.zip|2_1H-13C_NUS_HSQC/",
"localName":"2.zip_2_1H-13C_NUS_HSQC_pdata_1_thumb.png"}},
{"type":"IFD.representation.data.spec.nmr.spectrum.image",
"subtype":"IFD.representation.data.spec.nmr.spectrum.image",
"len":4770,
"ref":{"origin":"2.zip_2_1H-13C_NUS_HSQC_pdata_999_thumb.png",
"localPath":"2.zip|2_1H-13C_NUS_HSQC/",
"localName":"2.zip_2_1H-13C_NUS_HSQC_pdata_999_thumb.png"}},
{"type":"unknown",
"subtype":"image/png",
"len":787,
"ref":{"origin":"2.zip|2_1H-13C_NUS_HSQC/pdata/1/thumb.png",
"localPath":"2.zip|2_1H-13C_NUS_HSQC/",
"localName":"2.zip_2_1H-13C_NUS_HSQC_pdata_1_thumb.png"}},
{"type":"unknown",
"subtype":"image/png",
"len":4770,
"ref":{"origin":"2.zip|2_1H-13C_NUS_HSQC/pdata/999/thumb.png",
"localPath":"2.zip|2_1H-13C_NUS_HSQC/",
"localName":"2.zip_2_1H-13C_NUS_HSQC_pdata_999_thumb.png"}}]},
{"type":"IFD.data.spec.nmr",
"name":"2_1H",
"id":"16",
"sourceIndex":0,
"path":"2.zip|2_1H/",
"properties":{"IFD.property.data.spec.nmr.expt.label":"2_1H",
"IFD.property.data.spec.nmr.expt.nucl.1":"1H",
"IFD.property.data.spec.nmr.expt.pulse.prog":"zg30",
"IFD.property.data.spec.nmr.expt.temperature.absolute":297.966,
"IFD.property.data.spec.nmr.instr.freq.nominal":400,
"IFD.property.data.spec.nmr.instr.manufacturer.name":"Bruker",
"IFD.property.data.spec.nmr.instr.probe.type":"Z116098_0402 (PA BBO 400S1 BBF-H-D-05 Z SP)"},
"listCount":3,
"list":[{"type":"IFD.representation.data.spec.nmr.vendor.dataset",
"subtype":"application/zip",
"len":574148,
"ref":{"origin":"2.zip|2_1H/",
"localPath":"2.zip|2_1H/",
"localName":"2.zip_2_1H_.zip"}},
{"type":"IFD.representation.data.spec.nmr.spectrum.image",
"subtype":"IFD.representation.data.spec.nmr.spectrum.image",
"len":2689,
"ref":{"origin":"2.zip_2_1H_pdata_1_thumb.png",
"localPath":"2.zip|2_1H/",
"localName":"2.zip_2_1H_pdata_1_thumb.png"}},
{"type":"unknown",
"subtype":"image/png",
"len":2689,
"ref":{"origin":"2.zip|2_1H/pdata/1/thumb.png",
"localPath":"2.zip|2_1H/",
"localName":"2.zip_2_1H_pdata_1_thumb.png"}}]},
{"type":"IFD.data.spec.nmr",
"name":"21_13C",
"id":"17",
"sourceIndex":0,
"path":"21.zip|21_13C/",
"properties":{"IFD.property.data.spec.nmr.expt.label":"21_13C",
"IFD.property.data.spec.nmr.expt.nucl.1":"13C",
"IFD.property.data.spec.nmr.expt.nucl.2":"1H",
"IFD.property.data.spec.nmr.expt.pulse.prog":"zgpg30",
"IFD.property.data.spec.nmr.expt.temperature.absolute":298.0914,
"IFD.property.data.spec.nmr.instr.freq.nominal":400,
"IFD.property.data.spec.nmr.instr.manufacturer.name":"Bruker",
"IFD.property.data.spec.nmr.instr.probe.type":"Z116098_0402 (PA BBO 400S1 BBF-H-D-05 Z SP)"},
"listCount":3,
"list":[{"type":"IFD.representation.data.spec.nmr.vendor.dataset",
"subtype":"application/zip",
"len":429884,
"ref":{"origin":"21.zip|21_13C/",
"localPath":"21.zip|21_13C/",
"localName":"21.zip_21_13C_.zip"}},
{"type":"IFD.representation.data.spec.nmr.spectrum.image",
"subtype":"IFD.representation.data.spec.nmr.spectrum.image",
"len":1996,
"ref":{"origin":"21.zip_21_13C_pdata_1_thumb.png",
"localPath":"21.zip|21_13C/",
"localName":"21.zip_21_13C_pdata_1_thumb.png"}},
{"type":"unknown",
"subtype":"image/png",
"len":1996,
"ref":{"origin":"21.zip|21_13C/pdata/1/thumb.png",
"localPath":"21.zip|21_13C/",
"localName":"21.zip_21_13C_pdata_1_thumb.png"}}]},
{"type":"IFD.data.spec.nmr",
"name":"21_1H",
"id":"18",
"sourceIndex":0,
"path":"21.zip|21_1H/",
"properties":{"IFD.property.data.spec.nmr.expt.label":"21_1H",
"IFD.property.data.spec.nmr.expt.nucl.1":"1H",
"IFD.property.data.spec.nmr.expt.pulse.prog":"zg30",
"IFD.property.data.spec.nmr.expt.temperature.absolute":298.0028,
"IFD.property.data.spec.nmr.instr.freq.nominal":400,
"IFD.property.data.spec.nmr.instr.manufacturer.name":"Bruker",
"IFD.property.data.spec.nmr.instr.probe.type":"Z116098_0402 (PA BBO 400S1 BBF-H-D-05 Z SP)"},
"listCount":3,
"list":[{"type":"IFD.representation.data.spec.nmr.vendor.dataset",
"subtype":"application/zip",
"len":562490,
"ref":{"origin":"21.zip|21_1H/",
"localPath":"21.zip|21_1H/",
"localName":"21.zip_21_1H_.zip"}},
{"type":"IFD.representation.data.spec.nmr.spectrum.image",
"subtype":"IFD.representation.data.spec.nmr.spectrum.image",
"len":2385,
"ref":{"origin":"21.zip_21_1H_pdata_1_thumb.png",
"localPath":"21.zip|21_1H/",
"localName":"21.zip_21_1H_pdata_1_thumb.png"}},
{"type":"unknown",
"subtype":"image/png",
"len":2385,
"ref":{"origin":"21.zip|21_1H/pdata/1/thumb.png",
"localPath":"21.zip|21_1H/",
"localName":"21.zip_21_1H_pdata_1_thumb.png"}}]},
{"type":"IFD.data.spec.nmr",
"name":"3_13C",
"id":"19",
"sourceIndex":0,
"path":"3.zip|3_13C/",
"properties":{"IFD.property.data.spec.nmr.expt.label":"3_13C",
"IFD.property.data.spec.nmr.expt.nucl.1":"13C",
"IFD.property.data.spec.nmr.expt.nucl.2":"1H",
"IFD.property.data.spec.nmr.expt.pulse.prog":"zgpg30",
"IFD.property.data.spec.nmr.expt.temperature.absolute":298.0786,
"IFD.property.data.spec.nmr.instr.freq.nominal":400,
"IFD.property.data.spec.nmr.instr.manufacturer.name":"Bruker",
"IFD.property.data.spec.nmr.instr.probe.type":"Z116098_0402 (PA BBO 400S1 BBF-H-D-05 Z SP)"},
"listCount":3,
"list":[{"type":"IFD.representation.data.spec.nmr.vendor.dataset",
"subtype":"application/zip",
"len":426899,
"ref":{"origin":"3.zip|3_13C/",
"localPath":"3.zip|3_13C/",
"localName":"3.zip_3_13C_.zip"}},
{"type":"IFD.representation.data.spec.nmr.spectrum.image",
"subtype":"IFD.representation.data.spec.nmr.spectrum.image",
"len":4019,
"ref":{"origin":"3.zip_3_13C_pdata_1_thumb.png",
"localPath":"3.zip|3_13C/",
"localName":"3.zip_3_13C_pdata_1_thumb.png"}},
{"type":"unknown",
"subtype":"image/png",
"len":4019,
"ref":{"origin":"3.zip|3_13C/pdata/1/thumb.png",
"localPath":"3.zip|3_13C/",
"localName":"3.zip_3_13C_pdata_1_thumb.png"}}]},
{"type":"IFD.data.spec.nmr",
"name":"3_1H-13C_NUS_HMBC",
"id":"20",
"sourceIndex":0,
"path":"3.zip|3_1H-13C_NUS_HMBC/",
"properties":{"IFD.property.data.spec.nmr.expt.dim":"2D",
"IFD.property.data.spec.nmr.expt.label":"3_1H-13C_NUS_HMBC",
"IFD.property.data.spec.nmr.expt.nucl.1":"13C",
"IFD.property.data.spec.nmr.instr.freq.nominal":400,
"IFD.property.data.spec.nmr.instr.manufacturer.name":"Bruker"},
"listCount":5,
"list":[{"type":"IFD.representation.data.spec.nmr.vendor.dataset",
"subtype":"application/zip",
"len":357052,
"ref":{"origin":"3.zip|3_1H-13C_NUS_HMBC/",
"localPath":"3.zip|3_1H-13C_NUS_HMBC/",
"localName":"3.zip_3_1H-13C_NUS_HMBC_.zip"}},
{"type":"IFD.representation.data.spec.nmr.spectrum.image",
"subtype":"IFD.representation.data.spec.nmr.spectrum.image",
"len":774,
"ref":{"origin":"3.zip_3_1H-13C_NUS_HMBC_pdata_1_thumb.png",
"localPath":"3.zip|3_1H-13C_NUS_HMBC/",
"localName":"3.zip_3_1H-13C_NUS_HMBC_pdata_1_thumb.png"}},
{"type":"IFD.representation.data.spec.nmr.spectrum.image",
"subtype":"IFD.representation.data.spec.nmr.spectrum.image",
"len":3617,
"ref":{"origin":"3.zip_3_1H-13C_NUS_HMBC_pdata_999_thumb.png",
"localPath":"3.zip|3_1H-13C_NUS_HMBC/",
"localName":"3.zip_3_1H-13C_NUS_HMBC_pdata_999_thumb.png"}},
{"type":"unknown",
"subtype":"image/png",
"len":774,
"ref":{"origin":"3.zip|3_1H-13C_NUS_HMBC/pdata/1/thumb.png",
"localPath":"3.zip|3_1H-13C_NUS_HMBC/",
"localName":"3.zip_3_1H-13C_NUS_HMBC_pdata_1_thumb.png"}},
{"type":"unknown",
"subtype":"image/png",
"len":3617,
"ref":{"origin":"3.zip|3_1H-13C_NUS_HMBC/pdata/999/thumb.png",
"localPath":"3.zip|3_1H-13C_NUS_HMBC/",
"localName":"3.zip_3_1H-13C_NUS_HMBC_pdata_999_thumb.png"}}]},
{"type":"IFD.data.spec.nmr",
"name":"3_1H-13C_NUS_HSQC",
"id":"21",
"sourceIndex":0,
"path":"3.zip|3_1H-13C_NUS_HSQC/",
"properties":{"IFD.property.data.spec.nmr.expt.dim":"2D",
"IFD.property.data.spec.nmr.expt.label":"3_1H-13C_NUS_HSQC",
"IFD.property.data.spec.nmr.expt.nucl.1":"13C",
"IFD.property.data.spec.nmr.instr.freq.nominal":400,
"IFD.property.data.spec.nmr.instr.manufacturer.name":"Bruker"},
"listCount":5,
"list":[{"type":"IFD.representation.data.spec.nmr.vendor.dataset",
"subtype":"application/zip",
"len":167986,
"ref":{"origin":"3.zip|3_1H-13C_NUS_HSQC/",
"localPath":"3.zip|3_1H-13C_NUS_HSQC/",
"localName":"3.zip_3_1H-13C_NUS_HSQC_.zip"}},
{"type":"IFD.representation.data.spec.nmr.spectrum.image",
"subtype":"IFD.representation.data.spec.nmr.spectrum.image",
"len":756,
"ref":{"origin":"3.zip_3_1H-13C_NUS_HSQC_pdata_1_thumb.png",
"localPath":"3.zip|3_1H-13C_NUS_HSQC/",
"localName":"3.zip_3_1H-13C_NUS_HSQC_pdata_1_thumb.png"}},
{"type":"IFD.representation.data.spec.nmr.spectrum.image",
"subtype":"IFD.representation.data.spec.nmr.spectrum.image",
"len":5947,
"ref":{"origin":"3.zip_3_1H-13C_NUS_HSQC_pdata_999_thumb.png",
"localPath":"3.zip|3_1H-13C_NUS_HSQC/",
"localName":"3.zip_3_1H-13C_NUS_HSQC_pdata_999_thumb.png"}},
{"type":"unknown",
"subtype":"image/png",
"len":756,
"ref":{"origin":"3.zip|3_1H-13C_NUS_HSQC/pdata/1/thumb.png",
"localPath":"3.zip|3_1H-13C_NUS_HSQC/",
"localName":"3.zip_3_1H-13C_NUS_HSQC_pdata_1_thumb.png"}},
{"type":"unknown",
"subtype":"image/png",
"len":5947,
"ref":{"origin":"3.zip|3_1H-13C_NUS_HSQC/pdata/999/thumb.png",
"localPath":"3.zip|3_1H-13C_NUS_HSQC/",
"localName":"3.zip_3_1H-13C_NUS_HSQC_pdata_999_thumb.png"}}]},
{"type":"IFD.data.spec.nmr",
"name":"3_1H",
"id":"22",
"sourceIndex":0,
"path":"3.zip|3_1H/",
"properties":{"IFD.property.data.spec.nmr.expt.label":"3_1H",
"IFD.property.data.spec.nmr.expt.nucl.1":"1H",
"IFD.property.data.spec.nmr.expt.pulse.prog":"zg30",
"IFD.property.data.spec.nmr.expt.temperature.absolute":298.0018,
"IFD.property.data.spec.nmr.instr.freq.nominal":400,
"IFD.property.data.spec.nmr.instr.manufacturer.name":"Bruker",
"IFD.property.data.spec.nmr.instr.probe.type":"Z116098_0402 (PA BBO 400S1 BBF-H-D-05 Z SP)"},
"listCount":3,
"list":[{"type":"IFD.representation.data.spec.nmr.vendor.dataset",
"subtype":"application/zip",
"len":590495,
"ref":{"origin":"3.zip|3_1H/",
"localPath":"3.zip|3_1H/",
"localName":"3.zip_3_1H_.zip"}},
{"type":"IFD.representation.data.spec.nmr.spectrum.image",
"subtype":"IFD.representation.data.spec.nmr.spectrum.image",
"len":1693,
"ref":{"origin":"3.zip_3_1H_pdata_1_thumb.png",
"localPath":"3.zip|3_1H/",
"localName":"3.zip_3_1H_pdata_1_thumb.png"}},
{"type":"unknown",
"subtype":"image/png",
"len":1693,
"ref":{"origin":"3.zip|3_1H/pdata/1/thumb.png",
"localPath":"3.zip|3_1H/",
"localName":"3.zip_3_1H_pdata_1_thumb.png"}}]},
{"type":"IFD.data.spec.nmr",
"name":"8_13C",
"id":"23",
"sourceIndex":0,
"path":"8.zip|8_13C/",
"properties":{"IFD.property.data.spec.nmr.expt.label":"8_13C",
"IFD.property.data.spec.nmr.expt.nucl.1":"13C",
"IFD.property.data.spec.nmr.expt.nucl.2":"1H",
"IFD.property.data.spec.nmr.expt.pulse.prog":"zgpg30",
"IFD.property.data.spec.nmr.expt.temperature.absolute":298.0001,
"IFD.property.data.spec.nmr.instr.freq.nominal":400,
"IFD.property.data.spec.nmr.instr.manufacturer.name":"Bruker",
"IFD.property.data.spec.nmr.instr.probe.type":"Z116098_0402 (PA BBO 400S1 BBF-H-D-05 Z SP)"},
"listCount":3,
"list":[{"type":"IFD.representation.data.spec.nmr.vendor.dataset",
"subtype":"application/zip",
"len":550201,
"ref":{"origin":"8.zip|8_13C/",
"localPath":"8.zip|8_13C/",
"localName":"8.zip_8_13C_.zip"}},
{"type":"IFD.representation.data.spec.nmr.spectrum.pdf",
"subtype":"IFD.representation.data.spec.nmr.spectrum.pdf",
"len":119190,
"ref":{"origin":"8.zip_8_13C_pdata_1_200114_KG15-74-P_13C_1_1.pdf",
"localPath":"8.zip|8_13C/",
"localName":"8.zip_8_13C_pdata_1_200114_KG15-74-P_13C_1_1.pdf"}},
{"type":"unknown",
"subtype":"application/pdf",
"len":119190,
"ref":{"origin":"8.zip|8_13C/pdata/1/200114_KG15-74-P_13C_1_1.pdf",
"localPath":"8.zip|8_13C/",
"localName":"8.zip_8_13C_pdata_1_200114_KG15-74-P_13C_1_1.pdf"}}]},
{"type":"IFD.data.spec.nmr",
"name":"8_1H",
"id":"24",
"sourceIndex":0,
"path":"8.zip|8_1H/",
"properties":{"IFD.property.data.spec.nmr.expt.label":"8_1H",
"IFD.property.data.spec.nmr.expt.nucl.1":"1H",
"IFD.property.data.spec.nmr.expt.pulse.prog":"zg30",
"IFD.property.data.spec.nmr.expt.temperature.absolute":297.9969,
"IFD.property.data.spec.nmr.instr.freq.nominal":400,
"IFD.property.data.spec.nmr.instr.manufacturer.name":"Bruker",
"IFD.property.data.spec.nmr.instr.probe.type":"Z116098_0402 (PA BBO 400S1 BBF-H-D-05 Z SP)"},
"listCount":3,
"list":[{"type":"IFD.representation.data.spec.nmr.vendor.dataset",
"subtype":"application/zip",
"len":670067,
"ref":{"origin":"8.zip|8_1H/",
"localPath":"8.zip|8_1H/",
"localName":"8.zip_8_1H_.zip"}},
{"type":"IFD.representation.data.spec.nmr.spectrum.pdf",
"subtype":"IFD.representation.data.spec.nmr.spectrum.pdf",
"len":115126,
"ref":{"origin":"8.zip_8_1H_pdata_1_200114_KG15-74-P_1H_1_1.pdf",
"localPath":"8.zip|8_1H/",
"localName":"8.zip_8_1H_pdata_1_200114_KG15-74-P_1H_1_1.pdf"}},
{"type":"unknown",
"subtype":"application/pdf",
"len":115126,
"ref":{"origin":"8.zip|8_1H/pdata/1/200114_KG15-74-P_1H_1_1.pdf",
"localPath":"8.zip|8_1H/",
"localName":"8.zip_8_1H_pdata_1_200114_KG15-74-P_1H_1_1.pdf"}}]},
{"type":"IFD.data.spec.nmr",
"name":"9_13C",
"id":"25",
"sourceIndex":0,
"path":"9.zip|9_13C/",
"properties":{"IFD.property.data.spec.nmr.expt.label":"9_13C",
"IFD.property.data.spec.nmr.expt.nucl.1":"13C",
"IFD.property.data.spec.nmr.expt.nucl.2":"1H",
"IFD.property.data.spec.nmr.expt.pulse.prog":"zgpg30",
"IFD.property.data.spec.nmr.expt.temperature.absolute":301.2862,
"IFD.property.data.spec.nmr.instr.freq.nominal":400,
"IFD.property.data.spec.nmr.instr.manufacturer.name":"Bruker",
"IFD.property.data.spec.nmr.instr.probe.type":"5 mm PABBO BB/19F-1H/D Z-GRD Z108618/0389"},
"listCount":3,
"list":[{"type":"IFD.representation.data.spec.nmr.vendor.dataset",
"subtype":"application/zip",
"len":642534,
"ref":{"origin":"9.zip|9_13C/",
"localPath":"9.zip|9_13C/",
"localName":"9.zip_9_13C_.zip"}},
{"type":"IFD.representation.data.spec.nmr.spectrum.image",
"subtype":"IFD.representation.data.spec.nmr.spectrum.image",
"len":2692,
"ref":{"origin":"9.zip_9_13C_pdata_1_thumb.png",
"localPath":"9.zip|9_13C/",
"localName":"9.zip_9_13C_pdata_1_thumb.png"}},
{"type":"unknown",
"subtype":"image/png",
"len":2692,
"ref":{"origin":"9.zip|9_13C/pdata/1/thumb.png",
"localPath":"9.zip|9_13C/",
"localName":"9.zip_9_13C_pdata_1_thumb.png"}}]},
{"type":"IFD.data.spec.nmr",
"name":"9_1H",
"id":"26",
"sourceIndex":0,
"path":"9.zip|9_1H/",
"properties":{"IFD.property.data.spec.nmr.expt.label":"9_1H",
"IFD.property.data.spec.nmr.expt.nucl.1":"1H",
"IFD.property.data.spec.nmr.expt.pulse.prog":"zg30",
"IFD.property.data.spec.nmr.expt.temperature.absolute":301.2278,
"IFD.property.data.spec.nmr.instr.freq.nominal":400,
"IFD.property.data.spec.nmr.instr.manufacturer.name":"Bruker",
"IFD.property.data.spec.nmr.instr.probe.type":"5 mm PABBO BB/19F-1H/D Z-GRD Z108618/0389"},
"listCount":3,
"list":[{"type":"IFD.representation.data.spec.nmr.vendor.dataset",
"subtype":"application/zip",
"len":550244,
"ref":{"origin":"9.zip|9_1H/",
"localPath":"9.zip|9_1H/",
"localName":"9.zip_9_1H_.zip"}},
{"type":"IFD.representation.data.spec.nmr.spectrum.image",
"subtype":"IFD.representation.data.spec.nmr.spectrum.image",
"len":2034,
"ref":{"origin":"9.zip_9_1H_pdata_1_thumb.png",
"localPath":"9.zip|9_1H/",
"localName":"9.zip_9_1H_pdata_1_thumb.png"}},
{"type":"unknown",
"subtype":"image/png",
"len":2034,
"ref":{"origin":"9.zip|9_1H/pdata/1/thumb.png",
"localPath":"9.zip|9_1H/",
"localName":"9.zip_9_1H_pdata_1_thumb.png"}}]},
{"type":"IFD.data.spec.nmr",
"name":"1.mnova",
"id":"76_page=1",
"properties":{"IFD.property.data.spec.nmr.expt.dim":"1D",
"IFD.property.data.spec.nmr.expt.freq.1":400.13280091,
"IFD.property.data.spec.nmr.expt.nucl.1":"1H",
"IFD.property.data.spec.nmr.expt.pulse.prog":"zg30",
"IFD.property.data.spec.nmr.expt.solvent":"Acetone",
"IFD.property.data.spec.nmr.expt.temperature.absolute":298.1983,
"IFD.property.data.spec.nmr.expt.title":"200311_pestalofone_A.1.fid",
"IFD.property.data.spec.nmr.instr.freq.nominal":400.0,
"IFD.property.data.spec.nmr.instr.manufacturer.name":"Bruker/Mestrelab",
"IFD.property.data.spec.nmr.instr.probe.type":"5 mm PABBO BB/19F-1H/D Z-GRD Z108618/0389"},
"parameters":{"Acquired Size":32768,
"Acquisition Date":"2020-03-11T11:45:30",
"Acquisition Time":4.543829333333334,
"Comment":"200311_pestalofone_A_1H acetone",
"Instrument":"spect",
"Lowest Frequency":-811.861491395572,
"Modification Date":"2020-03-11T12:03:47",
"Number of Scans":6,
"Origin":"Bruker BioSpin GmbH",
"Pulse Width":15.0,
"Purity":100.0,
"Receiver Gain":105.54,
"Relaxation Delay":5.0,
"Spectral Size":65536,
"Spectral Width":7211.53846153847,
"Spectrum Quality":0.0},
"listCount":1,
"list":[{"type":"IFD.representation.data.spec.nmr.vendor.dataset",
"subtype":"application/octet-stream (mnova)",
"len":765788,
"ref":{"origin":"1.zip|1.mnova",
"localName":"1.zip_1.mnova#page=1"}}]},
{"type":"IFD.data.spec.nmr",
"name":"1.mnova",
"id":"76_page=2",
"properties":{"IFD.property.data.spec.nmr.expt.dim":"1D",
"IFD.property.data.spec.nmr.expt.freq.1":100.622829328806,
"IFD.property.data.spec.nmr.expt.nucl.1":"13C",
"IFD.property.data.spec.nmr.expt.pulse.prog":"zgpg30",
"IFD.property.data.spec.nmr.expt.solvent":"Acetone",
"IFD.property.data.spec.nmr.expt.temperature.absolute":298.3149,
"IFD.property.data.spec.nmr.expt.title":"200311_pestalofone_A_13C.1.fid",
"IFD.property.data.spec.nmr.instr.freq.nominal":400.0,
"IFD.property.data.spec.nmr.instr.probe.type":"5 mm PABBO BB/19F-1H/D Z-GRD Z108618/0389"},
"parameters":{"Acquired Size":32768,
"Acquisition Date":"2020-03-11T11:47:59",
"Acquisition Time":1.3631488000000023,
"Comment":"200311_pestalofone_A_13C acetone",
"Instrument":"spect",
"Lowest Frequency":-1868.96689267844,
"Modification Date":"2020-03-11T12:03:44",
"Number of Scans":80,
"Origin":"Bruker BioSpin GmbH",
"Pulse Width":10.0,
"Purity":100.0,
"Receiver Gain":201.96,
"Relaxation Delay":2.0,
"Spectral Size":65536,
"Spectral Width":24038.4615384615,
"Spectrum Quality":0.0},
"listCount":1,
"list":[{"type":"IFD.representation.data.spec.nmr.vendor.dataset",
"subtype":"application/octet-stream (mnova)",
"len":765788,
"ref":{"origin":"1.zip|1.mnova",
"localName":"1.zip_1.mnova"}}]},
{"type":"IFD.data.spec.nmr",
"name":"10.mnova",
"id":"77_page=1",
"properties":{"IFD.property.data.spec.nmr.expt.dim":"1D",
"IFD.property.data.spec.nmr.expt.freq.1":400.122470741,
"IFD.property.data.spec.nmr.expt.nucl.1":"1H",
"IFD.property.data.spec.nmr.expt.pulse.prog":"zg30",
"IFD.property.data.spec.nmr.expt.solvent":"CDCl3",
"IFD.property.data.spec.nmr.expt.temperature.absolute":297.9889,
"IFD.property.data.spec.nmr.expt.title":"180817_KG10-93-P.4.fid",
"IFD.property.data.spec.nmr.instr.freq.nominal":400.0,
"IFD.property.data.spec.nmr.instr.manufacturer.name":"Bruker/Mestrelab",
"IFD.property.data.spec.nmr.instr.probe.type":"Z116098_0402 (PA BBO 400S1 BBF-H-D-05 Z SP)"},
"parameters":{"Acquired Size":32768,
"Acquisition Date":"2018-08-17T11:36:59",
"Acquisition Time":4.089446400000002,
"Comment":"180817_KG10-93-P 1H CDCl3",
"Instrument":"spect",
"Lowest Frequency":-1553.35443240429,
"Modification Date":"2018-08-17T11:52:36",
"Number of Scans":4,
"Origin":"Bruker BioSpin GmbH",
"Pulse Width":9.69,
"Purity":100.0,
"Receiver Gain":66.37,
"Relaxation Delay":5.0,
"Spectral Size":65536,
"Spectral Width":8012.82051282553,
"Spectrum Quality":0.0},
"listCount":1,
"list":[{"type":"IFD.representation.data.spec.nmr.vendor.dataset",
"subtype":"application/octet-stream (mnova)",
"len":733330,
"ref":{"origin":"10.zip|10.mnova",
"localName":"10.zip_10.mnova#page=1"}}]},
{"type":"IFD.data.spec.nmr",
"name":"10.mnova",
"id":"77_page=2",
"properties":{"IFD.property.data.spec.nmr.expt.dim":"1D",
"IFD.property.data.spec.nmr.expt.freq.1":100.622829328806,
"IFD.property.data.spec.nmr.expt.nucl.1":"13C",
"IFD.property.data.spec.nmr.expt.pulse.prog":"zgpg30",
"IFD.property.data.spec.nmr.expt.solvent":"CDCl3",
"IFD.property.data.spec.nmr.expt.temperature.absolute":298.1081,
"IFD.property.data.spec.nmr.expt.title":"191105_KG15-13-P_13C.1.fid",
"IFD.property.data.spec.nmr.instr.freq.nominal":400.0,
"IFD.property.data.spec.nmr.instr.probe.type":"5 mm PABBO BB/19F-1H/D Z-GRD Z108618/0389"},
"parameters":{"Acquired Size":32768,
"Acquisition Date":"2019-11-05T17:06:45",
"Acquisition Time":1.3631488000000023,
"Comment":"191105_KG15-13-P_13C AVHD400 CDCl3",
"Instrument":"spect",
"Lowest Frequency":-1939.66628736348,
"Modification Date":"2019-11-05T17:10:57",
"Number of Scans":32,
"Origin":"Bruker BioSpin GmbH",
"Pulse Width":10.0,
"Purity":100.0,
"Receiver Gain":201.96,
"Relaxation Delay":2.0,
"Spectral Size":65536,
"Spectral Width":24038.4615384615,
"Spectrum Quality":0.0},
"listCount":1,
"list":[{"type":"IFD.representation.data.spec.nmr.vendor.dataset",
"subtype":"application/octet-stream (mnova)",
"len":733330,
"ref":{"origin":"10.zip|10.mnova",
"localName":"10.zip_10.mnova"}}]},
{"type":"IFD.data.spec.nmr",
"name":"11.mnova",
"id":"78_page=1",
"properties":{"IFD.property.data.spec.nmr.expt.dim":"1D",
"IFD.property.data.spec.nmr.expt.freq.1":400.122470741,
"IFD.property.data.spec.nmr.expt.nucl.1":"1H",
"IFD.property.data.spec.nmr.expt.pulse.prog":"zg30",
"IFD.property.data.spec.nmr.expt.solvent":"CDCl3",
"IFD.property.data.spec.nmr.expt.temperature.absolute":297.9903,
"IFD.property.data.spec.nmr.expt.title":"200117_KG15-76-P_1H.17.fid",
"IFD.property.data.spec.nmr.instr.freq.nominal":400.0,
"IFD.property.data.spec.nmr.instr.manufacturer.name":"Bruker/Mestrelab",
"IFD.property.data.spec.nmr.instr.probe.type":"Z116098_0402 (PA BBO 400S1 BBF-H-D-05 Z SP)"},
"parameters":{"Acquired Size":32768,
"Acquisition Date":"2020-01-17T13:28:14",
"Acquisition Time":4.089446400000002,
"Comment":"200117_KG15-76-P_1H CDCl3",
"Instrument":"spect",
"Lowest Frequency":-1553.27440898366,
"Modification Date":"2020-01-17T14:53:42",
"Number of Scans":4,
"Origin":"Bruker BioSpin GmbH",
"Pulse Width":9.69,
"Purity":100.0,
"Receiver Gain":100.69,
"Relaxation Delay":5.0,
"Spectral Size":65536,
"Spectral Width":8012.82051282553,
"Spectrum Quality":0.0},
"listCount":1,
"list":[{"type":"IFD.representation.data.spec.nmr.vendor.dataset",
"subtype":"application/octet-stream (mnova)",
"len":756787,
"ref":{"origin":"11.zip|11.mnova",
"localName":"11.zip_11.mnova#page=1"}}]},
{"type":"IFD.data.spec.nmr",
"name":"11.mnova",
"id":"78_page=2",
"properties":{"IFD.property.data.spec.nmr.expt.dim":"1D",
"IFD.property.data.spec.nmr.expt.freq.1":100.62031505,
"IFD.property.data.spec.nmr.expt.nucl.1":"13C",
"IFD.property.data.spec.nmr.expt.pulse.prog":"zgpg30",
"IFD.property.data.spec.nmr.expt.solvent":"CDCl3",
"IFD.property.data.spec.nmr.expt.temperature.absolute":298.1036,
"IFD.property.data.spec.nmr.expt.title":"200117_KG15-76-P_13C.18.fid",
"IFD.property.data.spec.nmr.instr.freq.nominal":400.0,
"IFD.property.data.spec.nmr.instr.probe.type":"Z116098_0402 (PA BBO 400S1 BBF-H-D-05 Z SP)"},
"parameters":{"Acquired Size":32768,
"Acquisition Date":"2020-01-17T13:32:36",
"Acquisition Time":1.3631488000000023,
"Comment":"200117_KG15-76-P_13C CDCl3",
"Instrument":"spect",
"Lowest Frequency":-1938.19493511625,
"Modification Date":"2020-01-17T14:53:42",
"Number of Scans":48,
"Origin":"Bruker BioSpin GmbH",
"Pulse Width":10.0,
"Purity":100.0,
"Receiver Gain":207.08,
"Relaxation Delay":2.0,
"Spectral Size":65536,
"Spectral Width":24038.4615385692,
"Spectrum Quality":0.0},
"listCount":1,
"list":[{"type":"IFD.representation.data.spec.nmr.vendor.dataset",
"subtype":"application/octet-stream (mnova)",
"len":756787,
"ref":{"origin":"11.zip|11.mnova",
"localName":"11.zip_11.mnova"}}]},
{"type":"IFD.data.spec.nmr",
"name":"13.mnova",
"id":"79_page=1",
"properties":{"IFD.property.data.spec.nmr.expt.dim":"1D",
"IFD.property.data.spec.nmr.expt.freq.1":400.13280091,
"IFD.property.data.spec.nmr.expt.nucl.1":"1H",
"IFD.property.data.spec.nmr.expt.pulse.prog":"zg30",
"IFD.property.data.spec.nmr.expt.solvent":"C6D6",
"IFD.property.data.spec.nmr.expt.temperature.absolute":297.9944,
"IFD.property.data.spec.nmr.expt.title":"200121_KG15-78-P_1H.1.fid",
"IFD.property.data.spec.nmr.instr.freq.nominal":400.0,
"IFD.property.data.spec.nmr.instr.manufacturer.name":"Bruker/Mestrelab",
"IFD.property.data.spec.nmr.instr.probe.type":"5 mm PABBO BB/19F-1H/D Z-GRD Z108618/0389"},
"parameters":{"Acquired Size":32768,
"Acquisition Date":"2020-01-21T16:24:51",
"Acquisition Time":4.543829333333334,
"Comment":"200121_KG15-78-P_1H C6D6_1H",
"Instrument":"spect",
"Lowest Frequency":-801.618200955979,
"Modification Date":"2020-01-21T16:44:42",
"Number of Scans":4,
"Origin":"Bruker BioSpin GmbH",
"Pulse Width":15.0,
"Purity":100.0,
"Receiver Gain":89.04,
"Relaxation Delay":5.0,
"Spectral Size":65536,
"Spectral Width":7211.53846153847,
"Spectrum Quality":0.0},
"listCount":1,
"list":[{"type":"IFD.representation.data.spec.nmr.vendor.dataset",
"subtype":"application/octet-stream (mnova)",
"len":804199,
"ref":{"origin":"13.zip|13.mnova",
"localName":"13.zip_13.mnova#page=1"}}]},
{"type":"IFD.data.spec.nmr",
"name":"13.mnova",
"id":"79_page=2",
"properties":{"IFD.property.data.spec.nmr.expt.dim":"1D",
"IFD.property.data.spec.nmr.expt.freq.1":100.622829328806,
"IFD.property.data.spec.nmr.expt.nucl.1":"13C",
"IFD.property.data.spec.nmr.expt.pulse.prog":"zgpg30",
"IFD.property.data.spec.nmr.expt.solvent":"C6D6",
"IFD.property.data.spec.nmr.expt.temperature.absolute":298.064,
"IFD.property.data.spec.nmr.expt.title":"200121_KG15-78-P_13C_2.1.fid",
"IFD.property.data.spec.nmr.instr.freq.nominal":400.0,
"IFD.property.data.spec.nmr.instr.probe.type":"5 mm PABBO BB/19F-1H/D Z-GRD Z108618/0389"},
"parameters":{"Acquired Size":32768,
"Acquisition Date":"2020-01-21T16:31:38",
"Acquisition Time":1.3631488000000023,
"Comment":"200121_KG15-78-P_13C_2 C6D6",
"Instrument":"spect",
"Lowest Frequency":-1921.35808570319,
"Modification Date":"2020-01-21T16:44:38",
"Number of Scans":111,
"Origin":"Bruker BioSpin GmbH",
"Pulse Width":10.0,
"Purity":100.0,
"Receiver Gain":201.96,
"Relaxation Delay":2.0,
"Spectral Size":65536,
"Spectral Width":24038.4615384615,
"Spectrum Quality":0.0},
"listCount":1,
"list":[{"type":"IFD.representation.data.spec.nmr.vendor.dataset",
"subtype":"application/octet-stream (mnova)",
"len":804199,
"ref":{"origin":"13.zip|13.mnova",
"localName":"13.zip_13.mnova"}}]},
{"type":"IFD.data.spec.nmr",
"name":"16.mnova",
"id":"80_page=1",
"properties":{"IFD.property.data.spec.nmr.expt.dim":"1D",
"IFD.property.data.spec.nmr.expt.freq.1":400.132818,
"IFD.property.data.spec.nmr.expt.nucl.1":"1H",
"IFD.property.data.spec.nmr.expt.pulse.prog":"zg30",
"IFD.property.data.spec.nmr.expt.solvent":"CDCl3",
"IFD.property.data.spec.nmr.expt.temperature.absolute":294.16,
"IFD.property.data.spec.nmr.expt.title":"200326_KG16-31-P.1.fid",
"IFD.property.data.spec.nmr.instr.freq.nominal":400.0,
"IFD.property.data.spec.nmr.instr.manufacturer.name":"Bruker/Mestrelab",
"IFD.property.data.spec.nmr.instr.probe.type":"5 mm Dual 13C/1H Z8246/0025"},
"parameters":{"Acquired Size":16384,
"Acquisition Date":"2020-03-26T20:22:17",
"Acquisition Time":2.2020096000000002,
"Comment":"200326_KG16-31-P AV400_CDCl3",
"Instrument":"spect",
"Lowest Frequency":-919.245666696731,
"Modification Date":"2020-03-26T20:33:49",
"Number of Scans":29,
"Origin":"UXNMR, Bruker Analytische Messtechnik GmbH",
"Pulse Width":11.9,
"Purity":100.0,
"Receiver Gain":128.0,
"Relaxation Delay":3.0,
"Spectral Size":65536,
"Spectral Width":7440.47619047618,
"Spectrum Quality":0.0},
"listCount":1,
"list":[{"type":"IFD.representation.data.spec.nmr.vendor.dataset",
"subtype":"application/octet-stream (mnova)",
"len":674439,
"ref":{"origin":"16.zip|16.mnova",
"localName":"16.zip_16.mnova#page=1"}}]},
{"type":"IFD.data.spec.nmr",
"name":"16.mnova",
"id":"80_page=2",
"properties":{"IFD.property.data.spec.nmr.expt.dim":"1D",
"IFD.property.data.spec.nmr.expt.freq.1":100.622829328806,
"IFD.property.data.spec.nmr.expt.nucl.1":"13C",
"IFD.property.data.spec.nmr.expt.pulse.prog":"zgpg30",
"IFD.property.data.spec.nmr.expt.solvent":"CDCl3",
"IFD.property.data.spec.nmr.expt.temperature.absolute":298.0833,
"IFD.property.data.spec.nmr.expt.title":"200109_KG15-58-up_13C.1.fid",
"IFD.property.data.spec.nmr.instr.freq.nominal":400.0,
"IFD.property.data.spec.nmr.instr.probe.type":"5 mm PABBO BB/19F-1H/D Z-GRD Z108618/0389"},
"parameters":{"Acquired Size":32768,
"Acquisition Date":"2020-01-09T12:40:24",
"Acquisition Time":1.3631488000000023,
"Comment":"200109_KG15-58-up CDCl3_13C",
"Instrument":"spect",
"Lowest Frequency":-1938.55963237144,
"Modification Date":"2020-01-09T16:35:00",
"Number of Scans":34,
"Origin":"Bruker BioSpin GmbH",
"Pulse Width":10.0,
"Purity":100.0,
"Receiver Gain":201.96,
"Relaxation Delay":2.0,
"Spectral Size":65536,
"Spectral Width":24038.4615384615,
"Spectrum Quality":0.0},
"listCount":1,
"list":[{"type":"IFD.representation.data.spec.nmr.vendor.dataset",
"subtype":"application/octet-stream (mnova)",
"len":674439,
"ref":{"origin":"16.zip|16.mnova",
"localName":"16.zip_16.mnova"}}]},
{"type":"IFD.data.spec.nmr",
"name":"dia-16.mnova",
"id":"81_page=1",
"properties":{"IFD.property.data.spec.nmr.expt.dim":"1D",
"IFD.property.data.spec.nmr.expt.freq.1":400.122470741,
"IFD.property.data.spec.nmr.expt.nucl.1":"1H",
"IFD.property.data.spec.nmr.expt.pulse.prog":"zg30",
"IFD.property.data.spec.nmr.expt.solvent":"CDCl3",
"IFD.property.data.spec.nmr.expt.temperature.absolute":297.9945,
"IFD.property.data.spec.nmr.expt.title":"200113_KG15-58-down.15.fid",
"IFD.property.data.spec.nmr.instr.freq.nominal":400.0,
"IFD.property.data.spec.nmr.instr.manufacturer.name":"Bruker/Mestrelab",
"IFD.property.data.spec.nmr.instr.probe.type":"Z116098_0402 (PA BBO 400S1 BBF-H-D-05 Z SP)"},
"parameters":{"Acquired Size":32768,
"Acquisition Date":"2020-01-13T14:53:18",
"Acquisition Time":4.089446400000002,
"Comment":"200113_KG15-58-down CDCl3",
"Instrument":"spect",
"Lowest Frequency":-1553.19438556303,
"Modification Date":"2020-01-13T15:54:46",
"Number of Scans":4,
"Origin":"Bruker BioSpin GmbH",
"Pulse Width":9.69,
"Purity":100.0,
"Receiver Gain":130.7,
"Relaxation Delay":5.0,
"Spectral Size":65536,
"Spectral Width":8012.82051282553,
"Spectrum Quality":0.0},
"listCount":1,
"list":[{"type":"IFD.representation.data.spec.nmr.vendor.dataset",
"subtype":"application/octet-stream (mnova)",
"len":819967,
"ref":{"origin":"16.zip|dia-16.mnova",
"localName":"16.zip_dia-16.mnova#page=1"}}]},
{"type":"IFD.data.spec.nmr",
"name":"dia-16.mnova",
"id":"81_page=2",
"properties":{"IFD.property.data.spec.nmr.expt.dim":"1D",
"IFD.property.data.spec.nmr.expt.freq.1":100.622829328806,
"IFD.property.data.spec.nmr.expt.nucl.1":"13C",
"IFD.property.data.spec.nmr.expt.pulse.prog":"zgpg30",
"IFD.property.data.spec.nmr.expt.solvent":"CDCl3",
"IFD.property.data.spec.nmr.expt.temperature.absolute":298.0516,
"IFD.property.data.spec.nmr.expt.title":"200109_KG15-58-down_13C.1.fid",
"IFD.property.data.spec.nmr.instr.freq.nominal":400.0,
"IFD.property.data.spec.nmr.instr.probe.type":"5 mm PABBO BB/19F-1H/D Z-GRD Z108618/0389"},
"parameters":{"Acquired Size":32768,
"Acquisition Date":"2020-01-09T12:47:57",
"Acquisition Time":1.3631488000000023,
"Comment":"200109_KG15-58-down_13C CDCl3_1H",
"Instrument":"spect",
"Lowest Frequency":-1940.9137893545,
"Modification Date":"2020-01-09T16:35:00",
"Number of Scans":15,
"Origin":"Bruker BioSpin GmbH",
"Pulse Width":10.0,
"Purity":100.0,
"Receiver Gain":201.96,
"Relaxation Delay":2.0,
"Spectral Size":65536,
"Spectral Width":24038.4615384615,
"Spectrum Quality":0.0},
"listCount":1,
"list":[{"type":"IFD.representation.data.spec.nmr.vendor.dataset",
"subtype":"application/octet-stream (mnova)",
"len":819967,
"ref":{"origin":"16.zip|dia-16.mnova",
"localName":"16.zip_dia-16.mnova"}}]},
{"type":"IFD.data.spec.nmr",
"name":"17.mnova",
"id":"82_page=1",
"properties":{"IFD.property.data.spec.nmr.expt.dim":"1D",
"IFD.property.data.spec.nmr.expt.freq.1":400.13280091,
"IFD.property.data.spec.nmr.expt.nucl.1":"1H",
"IFD.property.data.spec.nmr.expt.pulse.prog":"zg30",
"IFD.property.data.spec.nmr.expt.solvent":"CDCl3",
"IFD.property.data.spec.nmr.expt.temperature.absolute":297.9984,
"IFD.property.data.spec.nmr.expt.title":"200112_KG15-72-P_from_down.1.fid",
"IFD.property.data.spec.nmr.instr.freq.nominal":400.0,
"IFD.property.data.spec.nmr.instr.manufacturer.name":"Bruker/Mestrelab",
"IFD.property.data.spec.nmr.instr.probe.type":"5 mm PABBO BB/19F-1H/D Z-GRD Z108618/0389"},
"parameters":{"Acquired Size":32768,
"Acquisition Date":"2020-01-13T13:00:19",
"Acquisition Time":4.543829333333334,
"Comment":"200112_KG15-72-P_from_down CDCl3_1H",
"Instrument":"spect",
"Lowest Frequency":-823.825255436157,
"Modification Date":"2020-01-13T13:14:20",
"Number of Scans":4,
"Origin":"Bruker BioSpin GmbH",
"Pulse Width":15.0,
"Purity":100.0,
"Receiver Gain":143.69,
"Relaxation Delay":1.0,
"Spectral Size":65536,
"Spectral Width":7211.53846153847,
"Spectrum Quality":0.0},
"listCount":1,
"list":[{"type":"IFD.representation.data.spec.nmr.vendor.dataset",
"subtype":"application/octet-stream (mnova)",
"len":744846,
"ref":{"origin":"17.zip|17.mnova",
"localName":"17.zip_17.mnova#page=1"}}]},
{"type":"IFD.data.spec.nmr",
"name":"17.mnova",
"id":"82_page=2",
"properties":{"IFD.property.data.spec.nmr.expt.dim":"1D",
"IFD.property.data.spec.nmr.expt.freq.1":100.622829328806,
"IFD.property.data.spec.nmr.expt.nucl.1":"13C",
"IFD.property.data.spec.nmr.expt.pulse.prog":"zgpg30",
"IFD.property.data.spec.nmr.expt.solvent":"CDCl3",
"IFD.property.data.spec.nmr.expt.temperature.absolute":298.106,
"IFD.property.data.spec.nmr.expt.title":"200112_KG15-72-P_from_down_13C.1.fid",
"IFD.property.data.spec.nmr.instr.freq.nominal":400.0,
"IFD.property.data.spec.nmr.instr.probe.type":"5 mm PABBO BB/19F-1H/D Z-GRD Z108618/0389"},
"parameters":{"Acquired Size":32768,
"Acquisition Date":"2020-01-13T13:02:29",
"Acquisition Time":1.3631488000000023,
"Comment":"200112_KG15-72-P_from_down_13C CDCl3",
"Instrument":"spect",
"Lowest Frequency":-1938.63005587093,
"Modification Date":"2020-01-13T13:14:19",
"Number of Scans":64,
"Origin":"Bruker BioSpin GmbH",
"Pulse Width":10.0,
"Purity":100.0,
"Receiver Gain":201.96,
"Relaxation Delay":2.0,
"Spectral Size":65536,
"Spectral Width":24038.4615384615,
"Spectrum Quality":0.0},
"listCount":1,
"list":[{"type":"IFD.representation.data.spec.nmr.vendor.dataset",
"subtype":"application/octet-stream (mnova)",
"len":744846,
"ref":{"origin":"17.zip|17.mnova",
"localName":"17.zip_17.mnova"}}]},
{"type":"IFD.data.spec.nmr",
"name":"2.mnova",
"id":"83_page=1",
"properties":{"IFD.property.data.spec.nmr.expt.dim":"1D",
"IFD.property.data.spec.nmr.expt.freq.1":400.122470741,
"IFD.property.data.spec.nmr.expt.nucl.1":"1H",
"IFD.property.data.spec.nmr.expt.pulse.prog":"zg30",
"IFD.property.data.spec.nmr.expt.solvent":"Acetone",
"IFD.property.data.spec.nmr.expt.temperature.absolute":297.966,
"IFD.property.data.spec.nmr.expt.title":"200220_Iso-A82775C_1H.1.fid",
"IFD.property.data.spec.nmr.instr.freq.nominal":400.0,
"IFD.property.data.spec.nmr.instr.manufacturer.name":"Bruker/Mestrelab",
"IFD.property.data.spec.nmr.instr.probe.type":"Z116098_0402 (PA BBO 400S1 BBF-H-D-05 Z SP)"},
"parameters":{"Acquired Size":32768,
"Acquisition Date":"2020-02-20T10:51:48",
"Acquisition Time":4.089446400000002,
"Comment":"200220_Iso-A82775C_1H acetone d6",
"Instrument":"spect",
"Lowest Frequency":-1542.51129441878,
"Modification Date":"2020-02-20T11:02:54",
"Number of Scans":4,
"Origin":"Bruker BioSpin GmbH",
"Pulse Width":9.69,
"Purity":100.0,
"Receiver Gain":207.08,
"Relaxation Delay":5.0,
"Spectral Size":65536,
"Spectral Width":8012.82051282553,
"Spectrum Quality":0.0},
"listCount":1,
"list":[{"type":"IFD.representation.data.spec.nmr.vendor.dataset",
"subtype":"application/octet-stream (mnova)",
"len":2659212,
"ref":{"origin":"2.zip|2.mnova",
"localName":"2.zip_2.mnova#page=1"}}]},
{"type":"IFD.data.spec.nmr",
"name":"2.mnova",
"id":"83_page=2",
"properties":{"IFD.property.data.spec.nmr.expt.dim":"1D",
"IFD.property.data.spec.nmr.expt.freq.1":100.62031505,
"IFD.property.data.spec.nmr.expt.nucl.1":"13C",
"IFD.property.data.spec.nmr.expt.pulse.prog":"zgpg30",
"IFD.property.data.spec.nmr.expt.solvent":"Acetone",
"IFD.property.data.spec.nmr.expt.temperature.absolute":298.0975,
"IFD.property.data.spec.nmr.expt.title":"200219_Iso-A82775C_13C.2.fid",
"IFD.property.data.spec.nmr.instr.freq.nominal":400.0,
"IFD.property.data.spec.nmr.instr.manufacturer.name":"Bruker/Mestrelab",
"IFD.property.data.spec.nmr.instr.probe.type":"Z116098_0402 (PA BBO 400S1 BBF-H-D-05 Z SP)"},
"parameters":{"Acquired Size":32768,
"Acquisition Date":"2020-02-19T14:35:01",
"Acquisition Time":1.3631488000000023,
"Comment":"200219_Iso-A82775C_13C acetone_d6 rg=203",
"Instrument":"spect",
"Lowest Frequency":-1868.31218970626,
"Modification Date":"2020-02-20T11:03:03",
"Number of Scans":260,
"Origin":"Bruker BioSpin GmbH",
"Pulse Width":10.0,
"Purity":100.0,
"Receiver Gain":207.08,
"Relaxation Delay":2.0,
"Spectral Size":65536,
"Spectral Width":24038.4615385692,
"Spectrum Quality":0.0},
"listCount":1,
"list":[{"type":"IFD.representation.data.spec.nmr.vendor.dataset",
"subtype":"application/octet-stream (mnova)",
"len":2659212,
"ref":{"origin":"2.zip|2.mnova",
"localName":"2.zip_2.mnova#page=2"}}]},
{"type":"IFD.data.spec.nmr",
"name":"2.mnova",
"id":"83_page=3",
"properties":{"IFD.property.data.spec.nmr.expt.dim":"HSQC-EDITED",
"IFD.property.data.spec.nmr.expt.freq.1":400.122470741,
"IFD.property.data.spec.nmr.expt.freq.2":100.617799793,
"IFD.property.data.spec.nmr.expt.nucl.1":"1H",
"IFD.property.data.spec.nmr.expt.nucl.2":"13C",
"IFD.property.data.spec.nmr.expt.pulse.prog":"hsqcedetgp",
"IFD.property.data.spec.nmr.expt.solvent":"Acetone",
"IFD.property.data.spec.nmr.expt.temperature.absolute":298.0,
"IFD.property.data.spec.nmr.expt.title":"200220_Iso-A82775C_HSQC.3.ser",
"IFD.property.data.spec.nmr.instr.freq.nominal":400.0,
"IFD.property.data.spec.nmr.instr.probe.type":"Z116098_0402 (PA BBO 400S1 BBF-H-D-05 Z SP)"},
"parameters":{"Acquired Size":512,
"Acquisition Date":"2020-02-20T10:36:44",
"Acquisition Time":0.09850879999999995,
"Comment":"200220_Iso-A82775C_HSQC acetone_d6",
"Instrument":"spect",
"Lowest Frequency":-125.486002245871,
"Modification Date":"2020-02-20T11:02:55",
"Number of Scans":8,
"Origin":"Bruker BioSpin GmbH",
"Pulse Width":9.69,
"Receiver Gain":207.08,
"Relaxation Delay":1.5,
"Spectral Size":512,
"Spectral Width":5197.50519750193,
"Spectrum Quality":0.0},
"listCount":1,
"list":[{"type":"IFD.representation.data.spec.nmr.vendor.dataset",
"subtype":"application/octet-stream (mnova)",
"len":2659212,
"ref":{"origin":"2.zip|2.mnova",
"localName":"2.zip_2.mnova"}}]},
{"type":"IFD.data.spec.nmr",
"name":"21.mnova",
"id":"84_page=1",
"properties":{"IFD.property.data.spec.nmr.expt.dim":"1D",
"IFD.property.data.spec.nmr.expt.freq.1":400.122470741,
"IFD.property.data.spec.nmr.expt.nucl.1":"1H",
"IFD.property.data.spec.nmr.expt.pulse.prog":"zg30",
"IFD.property.data.spec.nmr.expt.solvent":"CDCl3",
"IFD.property.data.spec.nmr.expt.temperature.absolute":298.0028,
"IFD.property.data.spec.nmr.expt.title":"200120_KG15-77-P_1H.1.fid",
"IFD.property.data.spec.nmr.instr.freq.nominal":400.0,
"IFD.property.data.spec.nmr.instr.manufacturer.name":"Bruker/Mestrelab",
"IFD.property.data.spec.nmr.instr.probe.type":"Z116098_0402 (PA BBO 400S1 BBF-H-D-05 Z SP)"},
"parameters":{"Acquired Size":32768,
"Acquisition Date":"2020-01-20T11:39:44",
"Acquisition Time":4.089446400000002,
"Comment":"200120_KG15-77-P_1H CDCl3",
"Instrument":"spect",
"Lowest Frequency":-1553.35443240429,
"Modification Date":"2020-01-20T12:45:58",
"Number of Scans":8,
"Origin":"Bruker BioSpin GmbH",
"Pulse Width":9.69,
"Purity":100.0,
"Receiver Gain":207.08,
"Relaxation Delay":5.0,
"Spectral Size":65536,
"Spectral Width":8012.82051282553,
"Spectrum Quality":0.0},
"listCount":1,
"list":[{"type":"IFD.representation.data.spec.nmr.vendor.dataset",
"subtype":"application/octet-stream (mnova)",
"len":744607,
"ref":{"origin":"21.zip|21.mnova",
"localName":"21.zip_21.mnova#page=1"}}]},
{"type":"IFD.data.spec.nmr",
"name":"21.mnova",
"id":"84_page=2",
"properties":{"IFD.property.data.spec.nmr.expt.dim":"1D",
"IFD.property.data.spec.nmr.expt.freq.1":100.62031505,
"IFD.property.data.spec.nmr.expt.nucl.1":"13C",
"IFD.property.data.spec.nmr.expt.pulse.prog":"zgpg30",
"IFD.property.data.spec.nmr.expt.solvent":"CDCl3",
"IFD.property.data.spec.nmr.expt.temperature.absolute":298.0914,
"IFD.property.data.spec.nmr.expt.title":"200120_KG15-77-P_13C.2.fid",
"IFD.property.data.spec.nmr.instr.freq.nominal":400.0,
"IFD.property.data.spec.nmr.instr.probe.type":"Z116098_0402 (PA BBO 400S1 BBF-H-D-05 Z SP)"},
"parameters":{"Acquired Size":32768,
"Acquisition Date":"2020-01-20T12:38:31",
"Acquisition Time":1.3631488000000023,
"Comment":"200120_KG15-77-P_13C CDCl3",
"Instrument":"spect",
"Lowest Frequency":-1937.31969350115,
"Modification Date":"2020-01-20T12:45:58",
"Number of Scans":1000,
"Origin":"Bruker BioSpin GmbH",
"Pulse Width":10.0,
"Purity":100.0,
"Receiver Gain":207.08,
"Relaxation Delay":2.0,
"Spectral Size":65536,
"Spectral Width":24038.4615385692,
"Spectrum Quality":0.0},
"listCount":1,
"list":[{"type":"IFD.representation.data.spec.nmr.vendor.dataset",
"subtype":"application/octet-stream (mnova)",
"len":744607,
"ref":{"origin":"21.zip|21.mnova",
"localName":"21.zip_21.mnova"}}]},
{"type":"IFD.data.spec.nmr",
"name":"3.mnova",
"id":"85_page=1",
"properties":{"IFD.property.data.spec.nmr.expt.dim":"1D",
"IFD.property.data.spec.nmr.expt.freq.1":400.122470741,
"IFD.property.data.spec.nmr.expt.nucl.1":"1H",
"IFD.property.data.spec.nmr.expt.pulse.prog":"zg30",
"IFD.property.data.spec.nmr.expt.solvent":"CDCl3",
"IFD.property.data.spec.nmr.expt.temperature.absolute":298.0018,
"IFD.property.data.spec.nmr.expt.title":"200304_KG16-06-P_1H.2.fid",
"IFD.property.data.spec.nmr.instr.freq.nominal":400.0,
"IFD.property.data.spec.nmr.instr.manufacturer.name":"Bruker/Mestrelab",
"IFD.property.data.spec.nmr.instr.probe.type":"Z116098_0402 (PA BBO 400S1 BBF-H-D-05 Z SP)"},
"parameters":{"Acquired Size":32768,
"Acquisition Date":"2020-03-04T11:51:39",
"Acquisition Time":4.089446400000002,
"Comment":"200304_KG16-06-P CDCl3_1H",
"Instrument":"spect",
"Lowest Frequency":-1553.47446753523,
"Modification Date":"2020-03-04T12:42:37",
"Number of Scans":4,
"Origin":"Bruker BioSpin GmbH",
"Pulse Width":9.69,
"Purity":100.0,
"Receiver Gain":207.08,
"Relaxation Delay":5.0,
"Spectral Size":65536,
"Spectral Width":8012.82051282553,
"Spectrum Quality":0.0},
"listCount":1,
"list":[{"type":"IFD.representation.data.spec.nmr.vendor.dataset",
"subtype":"application/octet-stream (mnova)",
"len":5875433,
"ref":{"origin":"3.zip|3.mnova",
"localName":"3.zip_3.mnova#page=1"}}]},
{"type":"IFD.data.spec.nmr",
"name":"3.mnova",
"id":"85_page=2",
"properties":{"IFD.property.data.spec.nmr.expt.dim":"1D",
"IFD.property.data.spec.nmr.expt.freq.1":100.62031505,
"IFD.property.data.spec.nmr.expt.nucl.1":"13C",
"IFD.property.data.spec.nmr.expt.pulse.prog":"zgpg30",
"IFD.property.data.spec.nmr.expt.solvent":"CDCl3",
"IFD.property.data.spec.nmr.expt.temperature.absolute":298.0786,
"IFD.property.data.spec.nmr.expt.title":"200304_KG16-06-P_13C.3.fid",
"IFD.property.data.spec.nmr.instr.freq.nominal":400.0,
"IFD.property.data.spec.nmr.instr.manufacturer.name":"Bruker/Mestrelab",
"IFD.property.data.spec.nmr.instr.probe.type":"Z116098_0402 (PA BBO 400S1 BBF-H-D-05 Z SP)"},
"parameters":{"Acquired Size":32768,
"Acquisition Date":"2020-03-04T12:09:43",
"Acquisition Time":1.3631488000000023,
"Comment":"200304_KG16-06-P_13C CDCl3",
"Instrument":"spect",
"Lowest Frequency":-1938.1848748678,
"Modification Date":"2020-03-04T12:42:35",
"Number of Scans":280,
"Origin":"Bruker BioSpin GmbH",
"Pulse Width":10.0,
"Purity":100.0,
"Receiver Gain":207.08,
"Relaxation Delay":2.0,
"Spectral Size":65536,
"Spectral Width":24038.4615385692,
"Spectrum Quality":0.0},
"listCount":1,
"list":[{"type":"IFD.representation.data.spec.nmr.vendor.dataset",
"subtype":"application/octet-stream (mnova)",
"len":5875433,
"ref":{"origin":"3.zip|3.mnova",
"localName":"3.zip_3.mnova#page=2"}}]},
{"type":"IFD.data.spec.nmr",
"name":"3.mnova",
"id":"85_page=3",
"properties":{"IFD.property.data.spec.nmr.expt.dim":"HMBC",
"IFD.property.data.spec.nmr.expt.freq.1":400.12240072,
"IFD.property.data.spec.nmr.expt.freq.2":100.62031505,
"IFD.property.data.spec.nmr.expt.nucl.1":"1H",
"IFD.property.data.spec.nmr.expt.nucl.2":"13C",
"IFD.property.data.spec.nmr.expt.pulse.prog":"hmbcgpndqf",
"IFD.property.data.spec.nmr.expt.solvent":"CDCl3",
"IFD.property.data.spec.nmr.expt.temperature.absolute":297.9857,
"IFD.property.data.spec.nmr.expt.title":"200304_KG16-06-P_HMBC.4.ser",
"IFD.property.data.spec.nmr.instr.freq.nominal":400.0,
"IFD.property.data.spec.nmr.instr.manufacturer.name":"Bruker/Mestrelab",
"IFD.property.data.spec.nmr.instr.probe.type":"Z116098_0402 (PA BBO 400S1 BBF-H-D-05 Z SP)"},
"parameters":{"Acquired Size":2048,
"Acquisition Date":"2020-03-04T12:11:21",
"Acquisition Time":0.3940351999999998,
"Comment":"200304_KG16-06-P_HMBC CDCl3",
"Instrument":"spect",
"Lowest Frequency":-198.758852840714,
"Modification Date":"2020-03-04T12:42:33",
"Number of Scans":12,
"Origin":"Bruker BioSpin GmbH",
"Pulse Width":9.69,
"Receiver Gain":207.08,
"Relaxation Delay":1.5,
"Spectral Size":2048,
"Spectral Width":5197.50519750518,
"Spectrum Quality":0.0},
"listCount":1,
"list":[{"type":"IFD.representation.data.spec.nmr.vendor.dataset",
"subtype":"application/octet-stream (mnova)",
"len":5875433,
"ref":{"origin":"3.zip|3.mnova",
"localName":"3.zip_3.mnova#page=3"}}]},
{"type":"IFD.data.spec.nmr",
"name":"3.mnova",
"id":"85_page=4",
"properties":{"IFD.property.data.spec.nmr.expt.dim":"HSQC-EDITED",
"IFD.property.data.spec.nmr.expt.freq.1":400.122470741,
"IFD.property.data.spec.nmr.expt.freq.2":100.617799793,
"IFD.property.data.spec.nmr.expt.nucl.1":"1H",
"IFD.property.data.spec.nmr.expt.nucl.2":"13C",
"IFD.property.data.spec.nmr.expt.pulse.prog":"hsqcedetgp",
"IFD.property.data.spec.nmr.expt.solvent":"CDCl3",
"IFD.property.data.spec.nmr.expt.temperature.absolute":298.0749,
"IFD.property.data.spec.nmr.expt.title":"200304_KG16-06-P_HSQC.5.ser",
"IFD.property.data.spec.nmr.instr.freq.nominal":400.0,
"IFD.property.data.spec.nmr.instr.probe.type":"Z116098_0402 (PA BBO 400S1 BBF-H-D-05 Z SP)"},
"parameters":{"Acquired Size":512,
"Acquisition Date":"2020-03-04T12:24:24",
"Acquisition Time":0.09850879999999995,
"Comment":"200304_KG16-06-P_HSQC CDCl3",
"Instrument":"spect",
"Lowest Frequency":-130.030840978978,
"Modification Date":"2020-03-04T12:42:29",
"Number of Scans":2,
"Origin":"Bruker BioSpin GmbH",
"Pulse Width":9.69,
"Receiver Gain":207.08,
"Relaxation Delay":1.5,
"Spectral Size":512,
"Spectral Width":5197.50519750193,
"Spectrum Quality":0.0},
"listCount":1,
"list":[{"type":"IFD.representation.data.spec.nmr.vendor.dataset",
"subtype":"application/octet-stream (mnova)",
"len":5875433,
"ref":{"origin":"3.zip|3.mnova",
"localName":"3.zip_3.mnova"}}]},
{"type":"IFD.data.spec.nmr",
"name":"8.mnova",
"id":"86_page=1",
"properties":{"IFD.property.data.spec.nmr.expt.dim":"1D",
"IFD.property.data.spec.nmr.expt.freq.1":400.122470741,
"IFD.property.data.spec.nmr.expt.nucl.1":"1H",
"IFD.property.data.spec.nmr.expt.pulse.prog":"zg30",
"IFD.property.data.spec.nmr.expt.solvent":"CDCl3",
"IFD.property.data.spec.nmr.expt.temperature.absolute":297.9969,
"IFD.property.data.spec.nmr.expt.title":"200114_KG15-74-P_1H.1.fid",
"IFD.property.data.spec.nmr.instr.freq.nominal":400.0,
"IFD.property.data.spec.nmr.instr.manufacturer.name":"Bruker/Mestrelab",
"IFD.property.data.spec.nmr.instr.probe.type":"Z116098_0402 (PA BBO 400S1 BBF-H-D-05 Z SP)"},
"parameters":{"Acquired Size":32768,
"Acquisition Date":"2020-01-14T20:56:53",
"Acquisition Time":4.0894465,
"Comment":"PROTON CDCl3 /opt/topspin3.5pl7/data/geon0202 geon0202 22",
"Instrument":"spect",
"Lowest Frequency":-1553.27689355357,
"Modification Date":"2020-01-15T11:46:18",
"Number of Scans":8,
"Origin":"Bruker BioSpin GmbH",
"Pulse Width":9.69,
"Purity":100.0,
"Receiver Gain":130.7,
"Relaxation Delay":5.0,
"Spectral Size":65536,
"Spectral Width":8012.82051282553,
"Spectrum Quality":0.0},
"listCount":1,
"list":[{"type":"IFD.representation.data.spec.nmr.vendor.dataset",
"subtype":"application/octet-stream (mnova)",
"len":750349,
"ref":{"origin":"8.zip|8.mnova",
"localName":"8.zip_8.mnova#page=1"}}]},
{"type":"IFD.data.spec.nmr",
"name":"8.mnova",
"id":"86_page=2",
"properties":{"IFD.property.data.spec.nmr.expt.dim":"1D",
"IFD.property.data.spec.nmr.expt.freq.1":100.62031505,
"IFD.property.data.spec.nmr.expt.nucl.1":"13C",
"IFD.property.data.spec.nmr.expt.pulse.prog":"zgpg30",
"IFD.property.data.spec.nmr.expt.solvent":"CDCl3",
"IFD.property.data.spec.nmr.expt.temperature.absolute":298.0001,
"IFD.property.data.spec.nmr.expt.title":"200114_KG15-74-P_13C.1.fid",
"IFD.property.data.spec.nmr.instr.freq.nominal":400.0,
"IFD.property.data.spec.nmr.instr.probe.type":"Z116098_0402 (PA BBO 400S1 BBF-H-D-05 Z SP)"},
"parameters":{"Acquired Size":32768,
"Acquisition Date":"2020-01-14T21:21:04",
"Acquisition Time":1.3631488,
"Comment":"C13CPD CDCl3 /opt/topspin3.5pl7/data/geon0202 geon0202 22",
"Instrument":"spect",
"Lowest Frequency":-1938.00379039571,
"Modification Date":"2020-01-15T11:46:18",
"Number of Scans":400,
"Origin":"Bruker BioSpin GmbH",
"Pulse Width":10.0,
"Purity":100.0,
"Receiver Gain":207.08,
"Relaxation Delay":2.0,
"Spectral Size":65536,
"Spectral Width":24038.4615385692,
"Spectrum Quality":0.0},
"listCount":1,
"list":[{"type":"IFD.representation.data.spec.nmr.vendor.dataset",
"subtype":"application/octet-stream (mnova)",
"len":750349,
"ref":{"origin":"8.zip|8.mnova",
"localName":"8.zip_8.mnova"}}]},
{"type":"IFD.data.spec.nmr",
"name":"9.mnova",
"id":"87_page=1",
"properties":{"IFD.property.data.spec.nmr.expt.dim":"1D",
"IFD.property.data.spec.nmr.expt.freq.1":400.13280091,
"IFD.property.data.spec.nmr.expt.nucl.1":"1H",
"IFD.property.data.spec.nmr.expt.pulse.prog":"zg30",
"IFD.property.data.spec.nmr.expt.solvent":"CDCl3",
"IFD.property.data.spec.nmr.expt.temperature.absolute":301.2278,
"IFD.property.data.spec.nmr.expt.title":"200119_KG15-49-P.1.fid",
"IFD.property.data.spec.nmr.instr.freq.nominal":400.0,
"IFD.property.data.spec.nmr.instr.manufacturer.name":"Bruker/Mestrelab",
"IFD.property.data.spec.nmr.instr.probe.type":"5 mm PABBO BB/19F-1H/D Z-GRD Z108618/0389"},
"parameters":{"Acquired Size":32768,
"Acquisition Date":"2020-01-19T21:12:39",
"Acquisition Time":4.543829333333334,
"Comment":"200119_KG15-49-P CDCl3_1H",
"Instrument":"spect",
"Lowest Frequency":-822.424810575408,
"Modification Date":"2020-01-19T23:06:05",
"Number of Scans":8,
"Origin":"Bruker BioSpin GmbH",
"Pulse Width":15.0,
"Purity":100.0,
"Receiver Gain":89.04,
"Relaxation Delay":5.0,
"Spectral Size":65536,
"Spectral Width":7211.53846153847,
"Spectrum Quality":0.0},
"listCount":1,
"list":[{"type":"IFD.representation.data.spec.nmr.vendor.dataset",
"subtype":"application/octet-stream (mnova)",
"len":744066,
"ref":{"origin":"9.zip|9.mnova",
"localName":"9.zip_9.mnova#page=1"}}]},
{"type":"IFD.data.spec.nmr",
"name":"9.mnova",
"id":"87_page=2",
"properties":{"IFD.property.data.spec.nmr.expt.dim":"1D",
"IFD.property.data.spec.nmr.expt.freq.1":100.622829328806,
"IFD.property.data.spec.nmr.expt.nucl.1":"13C",
"IFD.property.data.spec.nmr.expt.pulse.prog":"zgpg30",
"IFD.property.data.spec.nmr.expt.solvent":"CDCl3",
"IFD.property.data.spec.nmr.expt.temperature.absolute":301.2862,
"IFD.property.data.spec.nmr.expt.title":"200118_KG15-49-P_13C.1.fid",
"IFD.property.data.spec.nmr.instr.freq.nominal":400.0,
"IFD.property.data.spec.nmr.instr.probe.type":"5 mm PABBO BB/19F-1H/D Z-GRD Z108618/0389"},
"parameters":{"Acquired Size":32768,
"Acquisition Date":"2020-01-18T19:32:25",
"Acquisition Time":1.3631488000000023,
"Comment":"200118_KG15-49-P_13C CDCl3_1H",
"Instrument":"spect",
"Lowest Frequency":-1936.52741138607,
"Modification Date":"2020-01-19T19:02:51",
"Number of Scans":64,
"Origin":"Bruker BioSpin GmbH",
"Pulse Width":10.0,
"Purity":100.0,
"Receiver Gain":201.96,
"Relaxation Delay":2.0,
"Spectral Size":65536,
"Spectral Width":24038.4615384615,
"Spectrum Quality":0.0},
"listCount":1,
"list":[{"type":"IFD.representation.data.spec.nmr.vendor.dataset",
"subtype":"application/octet-stream (mnova)",
"len":744066,
"ref":{"origin":"9.zip|9.mnova",
"localName":"9.zip_9.mnova"}}]}]},
"sampleDataAssociations":{"type":"org.iupac.fairdata.derived.IFDSampleDataAssociationCollection",
"name":"sampleDataAssociations",
"id":"6",
"types":["org.iupac.fairdata.sample.IFDSampleCollection",
"org.iupac.fairdata.dataobject.IFDDataObjectCollection"],
"listCount":11,
"list":[[[0],
[0,1,76]],
[[1],
[2,3,77]],
[[2],
[4,5,78]],
[[3],
[6,7,79]],
[[4],
[8,9,10,11,80,81]],
[[5],
[12,13,82]],
[[6],
[14,15,16,83]],
[[7],
[17,18,84]],
[[8],
[19,20,21,22,85]],
[[9],
[23,24,86]],
[[10],
[25,26,87]]]}}}}