<?xml version="1.0" encoding="UTF-8"?>
<PeakList modified="2020-02-01T17:30:25">
  <PeakList1D>
    <PeakList1DHeader creator="Dell" date="2020-02-01T17:30:25" expNo="2" name="SDT331A" owner="" procNo="1" source="C:/Users/Dell/Desktop/NMR/Z-synthesis">
      <PeakPickDetails>F1=181.520706ppm, F2=99.955383ppm, MI=0.14cm, MAXI=3.25cm, PC=1.400
      </PeakPickDetails>
    </PeakList1DHeader>
    <Peak1D F1="148.454834" intensity="0.5135715" type="0"/>
    <Peak1D F1="144.020203" intensity="0.4100173" type="0"/>
    <Peak1D F1="130.431488" intensity="0.6589166" type="0"/>
    <Peak1D F1="123.950363" intensity="1.284139" type="0"/>
    <Peak1D F1="122.739662" intensity="0.5193802" type="0"/>
    <Peak1D F1="120.668129" intensity="1.180626" type="0"/>
    <Peak1D F1="119.035652" intensity="1.201799" type="0"/>
    <Peak1D F1="110.593697" intensity="1.201862" type="0"/>
  </PeakList1D>
  <PeakList1D>
    <PeakList1DHeader creator="Dell" date="2020-02-01T17:30:25" expNo="2" name="SDT331A" owner="" procNo="1" source="C:/Users/Dell/Desktop/NMR/Z-synthesis">
      <PeakPickDetails>F1=81.132614ppm, F2=73.343887ppm, MI=3.95cm, MAXI=20.28cm, PC=1.400
      </PeakPickDetails>
    </PeakList1DHeader>
    <Peak1D F1="77.381065" intensity="14.66419" type="0"/>
    <Peak1D F1="77.199608" intensity="15.0" type="0"/>
    <Peak1D F1="77.018127" intensity="14.8489" type="0"/>
  </PeakList1D>
  <PeakList1D>
    <PeakList1DHeader creator="Dell" date="2020-02-01T17:30:25" expNo="2" name="SDT331A" owner="" procNo="1" source="C:/Users/Dell/Desktop/NMR/Z-synthesis">
      <PeakPickDetails>F1=70.531288ppm, F2=50.410400ppm, MI=0.32cm, MAXI=2.43cm, PC=1.400
      </PeakPickDetails>
    </PeakList1DHeader>
    <Peak1D F1="68.737625" intensity="1.260175" type="0"/>
    <Peak1D F1="63.246243" intensity="1.304495" type="0"/>
    <Peak1D F1="56.073822" intensity="1.391215" type="0"/>
  </PeakList1D>
  <PeakList1D>
    <PeakList1DHeader creator="Dell" date="2020-02-01T17:30:25" expNo="2" name="SDT331A" owner="" procNo="1" source="C:/Users/Dell/Desktop/NMR/Z-synthesis">
      <PeakPickDetails>F1=37.212826ppm, F2=31.154924ppm, MI=0.32cm, MAXI=1.73cm, PC=1.400
      </PeakPickDetails>
    </PeakList1DHeader>
    <Peak1D F1="33.516716" intensity="1.277196" type="0"/>
    <Peak1D F1="33.02877" intensity="1.293952" type="0"/>
  </PeakList1D>
  <PeakList1D>
    <PeakList1DHeader creator="Dell" date="2020-02-01T17:30:25" expNo="2" name="SDT331A" owner="" procNo="1" source="C:/Users/Dell/Desktop/NMR/Z-synthesis">
      <PeakPickDetails>F1=31.154924ppm, F2=20.986303ppm, MI=1.53cm, MAXI=4.89cm, PC=1.400
      </PeakPickDetails>
    </PeakList1DHeader>
    <Peak1D F1="26.139095" intensity="4.288806" type="0"/>
  </PeakList1D>
  <PeakList1D>
    <PeakList1DHeader creator="Dell" date="2020-02-01T17:30:25" expNo="2" name="SDT331A" owner="" procNo="1" source="C:/Users/Dell/Desktop/NMR/Z-synthesis">
      <PeakPickDetails>F1=20.986303ppm, F2=15.577462ppm, MI=0.19cm, MAXI=1.29cm, PC=1.400
      </PeakPickDetails>
    </PeakList1DHeader>
    <Peak1D F1="18.566105" intensity="0.5877683" type="0"/>
  </PeakList1D>
  <PeakList1D>
    <PeakList1DHeader creator="Dell" date="2020-02-01T17:30:25" expNo="2" name="SDT331A" owner="" procNo="1" source="C:/Users/Dell/Desktop/NMR/Z-synthesis">
      <PeakPickDetails>F1=-1.298122ppm, F2=-10.601329ppm, MI=1.57cm, MAXI=2.87cm, PC=1.400
      </PeakPickDetails>
    </PeakList1DHeader>
    <Peak1D F1="-5.045724" intensity="2.227627" type="0"/>
  </PeakList1D>
</PeakList>
