<?xml version="1.0" encoding="UTF-8"?>
<PeakList>
  <PeakList1D>
    <PeakList1DHeader creator="chemist" date="2019-01-21T12:31:03.480+00:00" expNo="10" name="Z144149" owner="" procNo="1" source="f:\data\chemist\nmr\">
      <PeakPickDetails>F1=15.000ppm, F2=-0.100ppm, MI=0.50cm, MAXI=80.00cm, PC=1.000
      </PeakPickDetails>
    </PeakList1DHeader>
    <Peak1D F1="8.5727" intensity="1.346637e+000" type="0"/>
    <Peak1D F1="8.5608" intensity="1.335471e+000" type="0"/>
    <Peak1D F1="7.6696" intensity="8.123761e-001" type="0"/>
    <Peak1D F1="7.6653" intensity="8.082423e-001" type="0"/>
    <Peak1D F1="7.6504" intensity="1.623756e+000" type="0"/>
    <Peak1D F1="7.6461" intensity="1.584589e+000" type="0"/>
    <Peak1D F1="7.6312" intensity="9.506228e-001" type="0"/>
    <Peak1D F1="7.6269" intensity="9.107072e-001" type="0"/>
    <Peak1D F1="7.2840" intensity="4.400763e+000" type="0"/>
    <Peak1D F1="7.2287" intensity="9.856550e-001" type="0"/>
    <Peak1D F1="7.2270" intensity="9.908096e-001" type="0"/>
    <Peak1D F1="7.2145" intensity="1.064367e+000" type="0"/>
    <Peak1D F1="7.2102" intensity="9.988708e-001" type="0"/>
    <Peak1D F1="7.1978" intensity="8.861741e-001" type="0"/>
    <Peak1D F1="7.1541" intensity="1.834958e+000" type="0"/>
    <Peak1D F1="7.1344" intensity="1.685027e+000" type="0"/>
    <Peak1D F1="7.0957" intensity="3.494179e+000" type="0"/>
    <Peak1D F1="7.0742" intensity="4.061521e+000" type="0"/>
    <Peak1D F1="6.8500" intensity="6.232153e-001" type="0"/>
    <Peak1D F1="6.8428" intensity="4.562611e+000" type="0"/>
    <Peak1D F1="6.8376" intensity="1.555434e+000" type="0"/>
    <Peak1D F1="6.8260" intensity="1.396509e+000" type="0"/>
    <Peak1D F1="6.8212" intensity="3.769840e+000" type="0"/>
    <Peak1D F1="4.9518" intensity="7.212339e-001" type="0"/>
    <Peak1D F1="3.9191" intensity="7.840498e-001" type="0"/>
    <Peak1D F1="3.9079" intensity="7.415366e-001" type="0"/>
    <Peak1D F1="3.8065" intensity="2.000000e+001" type="0"/>
    <Peak1D F1="3.1070" intensity="7.409456e-001" type="0"/>
    <Peak1D F1="3.0937" intensity="7.672216e-001" type="0"/>
    <Peak1D F1="3.0727" intensity="1.680528e+000" type="0"/>
    <Peak1D F1="3.0592" intensity="1.620771e+000" type="0"/>
    <Peak1D F1="3.0210" intensity="1.676786e+000" type="0"/>
    <Peak1D F1="3.0025" intensity="1.630424e+000" type="0"/>
    <Peak1D F1="2.9867" intensity="7.802462e-001" type="0"/>
    <Peak1D F1="2.9681" intensity="7.662910e-001" type="0"/>
    <Peak1D F1="1.2642" intensity="1.021506e+000" type="0"/>
  </PeakList1D>
</PeakList>
