<?xml version="1.0" encoding="UTF-8"?>
<PeakList>
  <PeakList1D>
    <PeakList1DHeader creator="nmrsu" date="2023-06-15T12:22:31.411-05:00" expNo="1203210" name="Jun15-2023" owner="" procNo="1" source="G:/data/chem-synthesis-a-team6/nmr">
      <PeakPickDetails>F1=16.187771ppm, F2=-3.837772ppm, MI=0.00cm, MAXI=10000.00cm, PC=1.000
      </PeakPickDetails>
    </PeakList1DHeader>
    <Peak1D F1="14.334610" intensity="1.592898e-003" type="0"/>
    <Peak1D F1="10.458047" intensity="8.285083e-003" type="0"/>
    <Peak1D F1="10.404856" intensity="1.786568e-003" type="0"/>
    <Peak1D F1="9.925910" intensity="1.997238e-003" type="0"/>
    <Peak1D F1="9.865140" intensity="3.287687e-003" type="0"/>
    <Peak1D F1="8.358151" intensity="1.541856e-003" type="0"/>
    <Peak1D F1="8.332830" intensity="1.684185e-003" type="0"/>
    <Peak1D F1="8.254184" intensity="1.566527e-003" type="0"/>
    <Peak1D F1="8.206587" intensity="2.273085e-003" type="0"/>
    <Peak1D F1="8.194971" intensity="4.412538e-003" type="0"/>
    <Peak1D F1="8.174376" intensity="4.965765e-003" type="0"/>
    <Peak1D F1="8.113895" intensity="6.497358e-003" type="0"/>
    <Peak1D F1="8.072036" intensity="2.710671e-003" type="0"/>
    <Peak1D F1="8.046975" intensity="2.884902e-003" type="0"/>
    <Peak1D F1="8.005604" intensity="3.290575e-003" type="0"/>
    <Peak1D F1="7.978446" intensity="3.286016e-003" type="0"/>
    <Peak1D F1="7.891445" intensity="5.055034e-003" type="0"/>
    <Peak1D F1="7.845319" intensity="7.639209e-003" type="0"/>
    <Peak1D F1="7.824282" intensity="8.559360e-003" type="0"/>
    <Peak1D F1="7.800711" intensity="1.146748e-002" type="0"/>
    <Peak1D F1="7.794001" intensity="1.194468e-002" type="0"/>
    <Peak1D F1="7.598249" intensity="6.709652e-002" type="0"/>
    <Peak1D F1="7.505455" intensity="7.419390e-001" type="0"/>
    <Peak1D F1="7.402829" intensity="3.674443e+000" type="0"/>
    <Peak1D F1="7.382142" intensity="4.062181e+000" type="0"/>
    <Peak1D F1="7.329351" intensity="6.816421e-002" type="0"/>
    <Peak1D F1="7.308126" intensity="6.637187e-002" type="0"/>
    <Peak1D F1="7.282954" intensity="1.045929e+000" type="0"/>
    <Peak1D F1="7.198786" intensity="1.544605e-001" type="0"/>
    <Peak1D F1="7.184728" intensity="1.637743e-001" type="0"/>
    <Peak1D F1="7.177465" intensity="1.594571e-001" type="0"/>
    <Peak1D F1="7.135493" intensity="3.858894e+000" type="0"/>
    <Peak1D F1="7.115162" intensity="3.197316e+000" type="0"/>
    <Peak1D F1="7.054585" intensity="8.984614e-002" type="0"/>
    <Peak1D F1="6.965360" intensity="1.085347e-002" type="0"/>
    <Peak1D F1="6.937902" intensity="2.197303e-002" type="0"/>
    <Peak1D F1="6.919415" intensity="1.772679e-002" type="0"/>
    <Peak1D F1="6.894501" intensity="3.624334e-003" type="0"/>
    <Peak1D F1="6.854076" intensity="3.200393e-003" type="0"/>
    <Peak1D F1="6.807051" intensity="2.052660e-003" type="0"/>
    <Peak1D F1="6.779744" intensity="1.610563e-003" type="0"/>
    <Peak1D F1="4.960461" intensity="2.139540e-003" type="0"/>
    <Peak1D F1="4.890551" intensity="1.624582e-003" type="0"/>
    <Peak1D F1="4.761558" intensity="1.723790e-003" type="0"/>
    <Peak1D F1="4.470131" intensity="1.880414e-003" type="0"/>
    <Peak1D F1="4.126544" intensity="2.240702e-003" type="0"/>
    <Peak1D F1="4.108189" intensity="5.095490e-003" type="0"/>
    <Peak1D F1="4.092390" intensity="8.285466e-003" type="0"/>
    <Peak1D F1="4.076798" intensity="4.822523e-003" type="0"/>
    <Peak1D F1="3.886001" intensity="1.739186e-003" type="0"/>
    <Peak1D F1="3.858656" intensity="2.219693e-003" type="0"/>
    <Peak1D F1="3.833860" intensity="1.624026e-003" type="0"/>
    <Peak1D F1="3.802998" intensity="2.881960e-003" type="0"/>
    <Peak1D F1="3.787488" intensity="2.185418e-003" type="0"/>
    <Peak1D F1="3.752887" intensity="1.776396e-003" type="0"/>
    <Peak1D F1="3.726129" intensity="1.774910e-003" type="0"/>
    <Peak1D F1="3.683174" intensity="3.149095e-003" type="0"/>
    <Peak1D F1="3.599412" intensity="1.728315e-003" type="0"/>
    <Peak1D F1="3.582943" intensity="1.932132e-003" type="0"/>
    <Peak1D F1="3.561806" intensity="2.389205e-003" type="0"/>
    <Peak1D F1="3.501407" intensity="1.866511e-003" type="0"/>
    <Peak1D F1="3.484909" intensity="2.152818e-003" type="0"/>
    <Peak1D F1="3.388671" intensity="1.607458e-003" type="0"/>
    <Peak1D F1="3.280549" intensity="1.548511e-003" type="0"/>
    <Peak1D F1="3.254737" intensity="1.708290e-003" type="0"/>
    <Peak1D F1="3.205502" intensity="1.580764e-003" type="0"/>
    <Peak1D F1="3.188389" intensity="1.732162e-003" type="0"/>
    <Peak1D F1="3.147794" intensity="1.573595e-003" type="0"/>
    <Peak1D F1="3.052647" intensity="2.615670e-003" type="0"/>
    <Peak1D F1="2.979437" intensity="3.161783e-003" type="0"/>
    <Peak1D F1="2.956372" intensity="3.743737e-003" type="0"/>
    <Peak1D F1="2.939939" intensity="3.717231e-003" type="0"/>
    <Peak1D F1="2.921693" intensity="3.752136e-003" type="0"/>
    <Peak1D F1="2.895053" intensity="3.667704e-003" type="0"/>
    <Peak1D F1="2.878361" intensity="3.947784e-003" type="0"/>
    <Peak1D F1="2.798937" intensity="4.953937e-003" type="0"/>
    <Peak1D F1="2.767294" intensity="5.786008e-003" type="0"/>
    <Peak1D F1="2.758147" intensity="5.897899e-003" type="0"/>
    <Peak1D F1="2.723741" intensity="6.583161e-003" type="0"/>
    <Peak1D F1="2.674382" intensity="9.026260e-003" type="0"/>
    <Peak1D F1="2.627472" intensity="1.071398e-002" type="0"/>
    <Peak1D F1="2.604656" intensity="1.660675e-002" type="0"/>
    <Peak1D F1="2.580761" intensity="1.488589e-002" type="0"/>
    <Peak1D F1="2.482307" intensity="1.019896e-001" type="0"/>
    <Peak1D F1="2.326144" intensity="1.326839e+001" type="0"/>
    <Peak1D F1="2.243758" intensity="1.339159e-001" type="0"/>
    <Peak1D F1="2.167710" intensity="1.500000e+001" type="0"/>
    <Peak1D F1="2.092589" intensity="1.143330e-001" type="0"/>
    <Peak1D F1="2.059711" intensity="6.532446e-002" type="0"/>
    <Peak1D F1="2.025819" intensity="1.653724e-001" type="0"/>
    <Peak1D F1="2.006065" intensity="1.438251e-001" type="0"/>
    <Peak1D F1="1.936062" intensity="7.689173e-003" type="0"/>
    <Peak1D F1="1.917088" intensity="4.865419e-003" type="0"/>
    <Peak1D F1="1.883106" intensity="5.171703e-003" type="0"/>
    <Peak1D F1="1.872041" intensity="6.555086e-003" type="0"/>
    <Peak1D F1="1.855056" intensity="6.948353e-003" type="0"/>
    <Peak1D F1="1.834498" intensity="5.647453e-003" type="0"/>
    <Peak1D F1="1.791973" intensity="2.205578e-003" type="0"/>
    <Peak1D F1="1.768691" intensity="2.435905e-003" type="0"/>
    <Peak1D F1="1.734706" intensity="2.303870e-003" type="0"/>
    <Peak1D F1="1.719678" intensity="2.247922e-003" type="0"/>
    <Peak1D F1="1.670264" intensity="3.113875e-003" type="0"/>
    <Peak1D F1="1.647463" intensity="3.621899e-003" type="0"/>
    <Peak1D F1="1.633596" intensity="3.180061e-003" type="0"/>
    <Peak1D F1="1.618043" intensity="3.362697e-003" type="0"/>
    <Peak1D F1="1.584006" intensity="2.982858e-003" type="0"/>
    <Peak1D F1="1.568192" intensity="5.315507e-003" type="0"/>
    <Peak1D F1="1.550276" intensity="6.559912e-003" type="0"/>
    <Peak1D F1="1.532352" intensity="6.418134e-003" type="0"/>
    <Peak1D F1="1.480647" intensity="3.147417e-003" type="0"/>
    <Peak1D F1="1.462195" intensity="2.868974e-003" type="0"/>
    <Peak1D F1="1.438650" intensity="2.669123e-003" type="0"/>
    <Peak1D F1="1.385756" intensity="3.804102e-003" type="0"/>
    <Peak1D F1="1.367696" intensity="4.775384e-003" type="0"/>
    <Peak1D F1="1.278609" intensity="1.417279e-001" type="0"/>
    <Peak1D F1="1.161348" intensity="2.744058e-003" type="0"/>
    <Peak1D F1="1.143303" intensity="3.438967e-003" type="0"/>
    <Peak1D F1="1.035750" intensity="7.773592e-003" type="0"/>
    <Peak1D F1="1.016381" intensity="1.421212e-002" type="0"/>
    <Peak1D F1="0.997447" intensity="7.525180e-003" type="0"/>
    <Peak1D F1="0.955517" intensity="3.205257e-003" type="0"/>
    <Peak1D F1="0.903941" intensity="1.519300e-002" type="0"/>
    <Peak1D F1="0.888083" intensity="8.721097e-003" type="0"/>
    <Peak1D F1="0.857668" intensity="4.736413e-003" type="0"/>
    <Peak1D F1="0.828433" intensity="2.185900e-003" type="0"/>
    <Peak1D F1="0.095652" intensity="1.545000e-003" type="0"/>
  </PeakList1D>
</PeakList>
