<?xml version="1.0" encoding="UTF-8"?>
<PeakList>
  <PeakList1D>
    <PeakList1DHeader creator="nmrsu" date="2023-07-25T12:12:52.293-05:00" expNo="1265010" name="Jul25-2023" owner="" procNo="1" source="G:/data/chem-synthesis-summer-a-team1/nmr">
      <PeakPickDetails>F1=219.460297ppm, F2=-19.460289ppm, MI=0.00cm, MAXI=10000.00cm, PC=1.400
      </PeakPickDetails>
    </PeakList1DHeader>
    <Peak1D F1="129.534836" intensity="5.681485e-001" type="0"/>
    <Peak1D F1="127.054703" intensity="9.270309e-001" type="0"/>
    <Peak1D F1="77.286690" intensity="8.290707e+000" type="0"/>
    <Peak1D F1="77.168205" intensity="4.249902e-001" type="0"/>
    <Peak1D F1="76.969582" intensity="8.456126e+000" type="0"/>
    <Peak1D F1="76.651878" intensity="8.192121e+000" type="0"/>
    <Peak1D F1="60.338772" intensity="1.067872e+000" type="0"/>
    <Peak1D F1="41.979862" intensity="8.067638e-001" type="0"/>
    <Peak1D F1="41.360130" intensity="1.385960e+000" type="0"/>
    <Peak1D F1="36.090218" intensity="2.419598e+000" type="0"/>
    <Peak1D F1="34.659431" intensity="5.197183e+000" type="0"/>
    <Peak1D F1="34.518848" intensity="1.556676e+000" type="0"/>
    <Peak1D F1="31.587683" intensity="1.479730e+001" type="0"/>
    <Peak1D F1="29.055202" intensity="5.622804e+000" type="0"/>
    <Peak1D F1="27.668722" intensity="9.617249e-001" type="0"/>
    <Peak1D F1="25.262358" intensity="4.253790e+000" type="0"/>
    <Peak1D F1="22.638067" intensity="1.500000e+001" type="0"/>
    <Peak1D F1="22.557678" intensity="2.344478e+000" type="0"/>
    <Peak1D F1="20.944754" intensity="6.946335e-001" type="0"/>
    <Peak1D F1="20.638165" intensity="2.311538e+000" type="0"/>
    <Peak1D F1="20.427729" intensity="9.972181e-001" type="0"/>
    <Peak1D F1="19.376944" intensity="4.244096e-001" type="0"/>
    <Peak1D F1="18.703041" intensity="2.785453e+000" type="0"/>
    <Peak1D F1="14.248284" intensity="9.707173e-001" type="0"/>
    <Peak1D F1="14.144526" intensity="1.541659e+000" type="0"/>
    <Peak1D F1="14.042178" intensity="1.323542e+001" type="0"/>
    <Peak1D F1="11.357848" intensity="4.556840e+000" type="0"/>
  </PeakList1D>
</PeakList>
