<?xml version="1.0" encoding="UTF-8"?>
<PeakList modified="2020-02-06T09:17:03">
  <PeakList1D>
    <PeakList1DHeader creator="tanpures" date="2020-02-06T09:16:16" expNo="1" name="SDT326" owner="" procNo="1" source="/opt/osu/chemistry/data/tanpures/nmr">
      <PeakPickDetails>F1=7.287067ppm, F2=7.239590ppm, MI=0.79cm, MAXI=4.68cm, PC=1.000
      </PeakPickDetails>
    </PeakList1DHeader>
    <Peak1D F1="7.259725" intensity="1.607387" type="0"/>
  </PeakList1D>
  <PeakList1D>
    <PeakList1DHeader creator="tanpures" date="2020-02-06T09:16:16" expNo="1" name="SDT326" owner="" procNo="1" source="/opt/osu/chemistry/data/tanpures/nmr">
      <PeakPickDetails>F1=6.967293ppm, F2=6.923307ppm, MI=1.16cm, MAXI=5.54cm, PC=1.000
      </PeakPickDetails>
    </PeakList1DHeader>
    <Peak1D F1="6.950942" intensity="2.020977" type="0"/>
    <Peak1D F1="6.939934" intensity="2.533401" type="0"/>
  </PeakList1D>
  <PeakList1D>
    <PeakList1DHeader creator="tanpures" date="2020-02-06T09:16:16" expNo="1" name="SDT326" owner="" procNo="1" source="/opt/osu/chemistry/data/tanpures/nmr">
      <PeakPickDetails>F1=6.872339ppm, F2=6.777384ppm, MI=0.37cm, MAXI=5.34cm, PC=1.000
      </PeakPickDetails>
    </PeakList1DHeader>
    <Peak1D F1="6.863039" intensity="1.093095" type="0"/>
    <Peak1D F1="6.851803" intensity="2.587398" type="0"/>
    <Peak1D F1="6.840674" intensity="1.632624" type="0"/>
    <Peak1D F1="6.821813" intensity="2.892604" type="0"/>
    <Peak1D F1="6.810466" intensity="1.52241" type="0"/>
  </PeakList1D>
  <PeakList1D>
    <PeakList1DHeader creator="tanpures" date="2020-02-06T09:16:16" expNo="1" name="SDT326" owner="" procNo="1" source="/opt/osu/chemistry/data/tanpures/nmr">
      <PeakPickDetails>F1=5.998896ppm, F2=5.702861ppm, MI=0.42cm, MAXI=4.46cm, PC=1.000
      </PeakPickDetails>
    </PeakList1DHeader>
    <Peak1D F1="5.877467" intensity="2.519088" type="0"/>
  </PeakList1D>
  <PeakList1D>
    <PeakList1DHeader creator="tanpures" date="2020-02-06T09:16:16" expNo="1" name="SDT326" owner="" procNo="1" source="/opt/osu/chemistry/data/tanpures/nmr">
      <PeakPickDetails>F1=4.470322ppm, F2=4.410941ppm, MI=0.16cm, MAXI=2.91cm, PC=1.000
      </PeakPickDetails>
    </PeakList1DHeader>
    <Peak1D F1="4.458335" intensity="0.591601" type="0"/>
    <Peak1D F1="4.452941" intensity="1.222857" type="0"/>
    <Peak1D F1="4.447286" intensity="0.692325" type="0"/>
    <Peak1D F1="4.442887" intensity="0.7934258" type="0"/>
    <Peak1D F1="4.437291" intensity="1.457394" type="0"/>
    <Peak1D F1="4.431937" intensity="0.7367611" type="0"/>
  </PeakList1D>
  <PeakList1D>
    <PeakList1DHeader creator="tanpures" date="2020-02-06T09:16:16" expNo="1" name="SDT326" owner="" procNo="1" source="/opt/osu/chemistry/data/tanpures/nmr">
      <PeakPickDetails>F1=4.298270ppm, F2=4.238889ppm, MI=0.26cm, MAXI=3.19cm, PC=1.000
      </PeakPickDetails>
    </PeakList1DHeader>
    <Peak1D F1="4.284549" intensity="0.8547062" type="0"/>
    <Peak1D F1="4.271384" intensity="1.4525" type="0"/>
    <Peak1D F1="4.268469" intensity="1.505441" type="0"/>
    <Peak1D F1="4.255474" intensity="0.7147687" type="0"/>
  </PeakList1D>
  <PeakList1D>
    <PeakList1DHeader creator="tanpures" date="2020-02-06T09:16:16" expNo="1" name="SDT326" owner="" procNo="1" source="/opt/osu/chemistry/data/tanpures/nmr">
      <PeakPickDetails>F1=3.927661ppm, F2=3.805773ppm, MI=9.16cm, MAXI=20.88cm, PC=1.000
      </PeakPickDetails>
    </PeakList1DHeader>
    <Peak1D F1="3.876289" intensity="15.0" type="0"/>
  </PeakList1D>
  <PeakList1D>
    <PeakList1DHeader creator="tanpures" date="2020-02-06T09:16:16" expNo="1" name="SDT326" owner="" procNo="1" source="/opt/osu/chemistry/data/tanpures/nmr">
      <PeakPickDetails>F1=2.537413ppm, F2=1.984821ppm, MI=0.32cm, MAXI=4.31cm, PC=1.000
      </PeakPickDetails>
    </PeakList1DHeader>
    <Peak1D F1="2.252026" intensity="0.4033867" type="0"/>
    <Peak1D F1="2.23635" intensity="0.7952674" type="0"/>
    <Peak1D F1="2.231038" intensity="1.089511" type="0"/>
    <Peak1D F1="2.226108" intensity="0.5443414" type="0"/>
    <Peak1D F1="2.220425" intensity="0.5843979" type="0"/>
    <Peak1D F1="2.214865" intensity="1.000724" type="0"/>
    <Peak1D F1="2.208865" intensity="0.5717928" type="0"/>
    <Peak1D F1="2.200175" intensity="1.466727" type="0"/>
    <Peak1D F1="2.195405" intensity="1.538955" type="0"/>
    <Peak1D F1="2.179275" intensity="0.5854532" type="0"/>
    <Peak1D F1="2.17445" intensity="0.5427174" type="0"/>
  </PeakList1D>
  <PeakList1D>
    <PeakList1DHeader creator="tanpures" date="2020-02-06T09:16:16" expNo="1" name="SDT326" owner="" procNo="1" source="/opt/osu/chemistry/data/tanpures/nmr">
      <PeakPickDetails>F1=1.263068ppm, F2=0.958578ppm, MI=0.84cm, MAXI=5.00cm, PC=1.000
      </PeakPickDetails>
    </PeakList1DHeader>
    <Peak1D F1="1.196348" intensity="3.760478" type="0"/>
    <Peak1D F1="1.098444" intensity="1.52995" type="0"/>
  </PeakList1D>
  <PeakList1D>
    <PeakList1DHeader creator="tanpures@lpsc175-unix5.science.oregonstate.edu" date="2020-02-06T09:17:10" expNo="1" name="SDT326" owner="tanpures" procNo="1" source="/opt/osu/chemistry/data/tanpures/nmr">
      <PeakPickDetails>Manually picked peaks
</PeakPickDetails>
    </PeakList1DHeader>
    <Peak1D F1="5.882486489531849" intensity="1.2852409160135272" type="1"/>
    <Peak1D F1="5.872823960230068" intensity="1.337567071243792" type="1"/>
    <Peak1D F1="4.287476772022234" intensity="0.7726216805413326" type="1"/>
    <Peak1D F1="4.252530450905395" intensity="0.6940011432350294" type="1"/>
    <Peak1D F1="4.158612212903889" intensity="0.29114716224473397" type="1"/>
    <Peak1D F1="3.656258846849323" intensity="0.3085525261505572" type="1"/>
  </PeakList1D>
</PeakList>
