<?xml version="1.0" encoding="UTF-8"?>
<PeakList>
  <PeakList1D>
    <PeakList1DHeader creator="chemist" date="2019-01-22T18:20:13.803+00:00" expNo="10" name="Z144277" owner="" procNo="1" source="f:\data\chemist\nmr\">
      <PeakPickDetails>F1=15.000ppm, F2=-0.100ppm, MI=0.50cm, MAXI=80.00cm, PC=1.000
      </PeakPickDetails>
    </PeakList1DHeader>
    <Peak1D F1="7.6238" intensity="1.376968e+000" type="0"/>
    <Peak1D F1="7.6199" intensity="1.408766e+000" type="0"/>
    <Peak1D F1="7.6044" intensity="1.622834e+000" type="0"/>
    <Peak1D F1="7.6004" intensity="1.625793e+000" type="0"/>
    <Peak1D F1="7.5803" intensity="1.700034e+000" type="0"/>
    <Peak1D F1="7.5777" intensity="1.707901e+000" type="0"/>
    <Peak1D F1="7.5603" intensity="1.872660e+000" type="0"/>
    <Peak1D F1="7.5577" intensity="1.861879e+000" type="0"/>
    <Peak1D F1="7.3930" intensity="9.110369e-001" type="0"/>
    <Peak1D F1="7.3909" intensity="8.990063e-001" type="0"/>
    <Peak1D F1="7.3737" intensity="1.768091e+000" type="0"/>
    <Peak1D F1="7.3553" intensity="9.342820e-001" type="0"/>
    <Peak1D F1="7.2847" intensity="1.880557e+000" type="0"/>
    <Peak1D F1="7.2577" intensity="3.691574e+000" type="0"/>
    <Peak1D F1="7.2363" intensity="4.151200e+000" type="0"/>
    <Peak1D F1="7.2293" intensity="5.399911e-001" type="0"/>
    <Peak1D F1="7.1953" intensity="1.016633e+000" type="0"/>
    <Peak1D F1="7.1910" intensity="1.022497e+000" type="0"/>
    <Peak1D F1="7.1760" intensity="1.468864e+000" type="0"/>
    <Peak1D F1="7.1721" intensity="1.437642e+000" type="0"/>
    <Peak1D F1="7.1571" intensity="7.582686e-001" type="0"/>
    <Peak1D F1="7.1528" intensity="7.221371e-001" type="0"/>
    <Peak1D F1="6.9232" intensity="5.938045e-001" type="0"/>
    <Peak1D F1="6.9159" intensity="4.610184e+000" type="0"/>
    <Peak1D F1="6.9109" intensity="1.566996e+000" type="0"/>
    <Peak1D F1="6.8993" intensity="1.442737e+000" type="0"/>
    <Peak1D F1="6.8944" intensity="4.013572e+000" type="0"/>
    <Peak1D F1="5.2542" intensity="6.250616e-001" type="0"/>
    <Peak1D F1="5.2465" intensity="1.191028e+000" type="0"/>
    <Peak1D F1="5.2386" intensity="6.865958e-001" type="0"/>
    <Peak1D F1="5.2311" intensity="6.905794e-001" type="0"/>
    <Peak1D F1="5.2232" intensity="1.202379e+000" type="0"/>
    <Peak1D F1="5.2155" intensity="6.273524e-001" type="0"/>
    <Peak1D F1="3.8342" intensity="2.000000e+001" type="0"/>
    <Peak1D F1="3.1961" intensity="1.128420e+000" type="0"/>
    <Peak1D F1="3.1885" intensity="1.122642e+000" type="0"/>
    <Peak1D F1="3.1611" intensity="1.302125e+000" type="0"/>
    <Peak1D F1="3.1535" intensity="1.280408e+000" type="0"/>
    <Peak1D F1="2.7337" intensity="1.450134e+000" type="0"/>
    <Peak1D F1="2.7105" intensity="1.439826e+000" type="0"/>
    <Peak1D F1="2.6988" intensity="1.265999e+000" type="0"/>
    <Peak1D F1="2.6755" intensity="1.231202e+000" type="0"/>
    <Peak1D F1="2.0501" intensity="2.861761e+000" type="0"/>
    <Peak1D F1="2.0420" intensity="2.811576e+000" type="0"/>
    <Peak1D F1="1.5824" intensity="1.242818e+000" type="0"/>
  </PeakList1D>
</PeakList>
