<?xml version="1.0" encoding="UTF-8"?>
<PeakList>
  <PeakList1D>
    <PeakList1DHeader creator="JRomeo" date="2019-11-15T17:51:44" expNo="4" name="2JR72_3" owner="" procNo="1" source="C:\Bruker\TOPSPIN">
      <PeakPickDetails>F1=161.245ppm, F2=132.214ppm, MI=0.10cm, MAXI=0.67cm, PC=1.400
      </PeakPickDetails>
    </PeakList1DHeader>
    <Peak1D F1="154.9278" intensity="0.18" type="0"/>
    <Peak1D F1="151.4734" intensity="0.26" type="0"/>
    <Peak1D F1="137.3035" intensity="0.29" type="0"/>
    <Peak1D F1="133.6109" intensity="0.24" type="0"/>
    <Peak1D F1="133.1555" intensity="0.26" type="0"/>
  </PeakList1D>
  <PeakList1D>
    <PeakList1DHeader creator="JRomeo" date="2019-11-15T17:51:44" expNo="4" name="2JR72_3" owner="" procNo="1" source="C:\Bruker\TOPSPIN">
      <PeakPickDetails>F1=127.008ppm, F2=110.915ppm, MI=0.08cm, MAXI=1.27cm, PC=1.400
      </PeakPickDetails>
    </PeakList1DHeader>
    <Peak1D F1="126.4558" intensity="0.46" type="0"/>
    <Peak1D F1="126.416" intensity="0.45" type="0"/>
    <Peak1D F1="125.7581" intensity="0.48" type="0"/>
    <Peak1D F1="125.4659" intensity="0.36" type="0"/>
    <Peak1D F1="117.6452" intensity="0.91" type="0"/>
    <Peak1D F1="114.5688" intensity="0.96" type="0"/>
  </PeakList1D>
  <PeakList1D>
    <PeakList1DHeader creator="JRomeo" date="2019-11-15T17:51:44" expNo="4" name="2JR72_3" owner="" procNo="1" source="C:\Bruker\TOPSPIN">
      <PeakPickDetails>F1=107.759ppm, F2=91.351ppm, MI=0.13cm, MAXI=0.83cm, PC=1.400
      </PeakPickDetails>
    </PeakList1DHeader>
    <Peak1D F1="99.6525" intensity="0.42" type="0"/>
    <Peak1D F1="99.4705" intensity="0.41" type="0"/>
    <Peak1D F1="98.2429" intensity="0.41" type="0"/>
    <Peak1D F1="97.2419" intensity="0.3" type="0"/>
  </PeakList1D>
  <PeakList1D>
    <PeakList1DHeader creator="JRomeo" date="2019-11-15T17:51:44" expNo="4" name="2JR72_3" owner="" procNo="1" source="C:\Bruker\TOPSPIN">
      <PeakPickDetails>F1=84.567ppm, F2=62.321ppm, MI=0.09cm, MAXI=0.94cm, PC=1.400
      </PeakPickDetails>
    </PeakList1DHeader>
    <Peak1D F1="77.2569" intensity="0.31" type="0"/>
    <Peak1D F1="76.5284" intensity="0.31" type="0"/>
    <Peak1D F1="76.1964" intensity="0.24" type="0"/>
    <Peak1D F1="75.2749" intensity="0.29" type="0"/>
    <Peak1D F1="74.9794" intensity="0.32" type="0"/>
    <Peak1D F1="74.4319" intensity="0.37" type="0"/>
    <Peak1D F1="73.9681" intensity="0.28" type="0"/>
    <Peak1D F1="73.3724" intensity="0.29" type="0"/>
    <Peak1D F1="68.0672" intensity="0.35" type="0"/>
    <Peak1D F1="67.8062" intensity="0.27" type="0"/>
    <Peak1D F1="67.5224" intensity="0.34" type="0"/>
    <Peak1D F1="67.0058" intensity="0.54" type="0"/>
  </PeakList1D>
  <PeakList1D>
    <PeakList1DHeader creator="JRomeo" date="2019-11-15T17:51:44" expNo="4" name="2JR72_3" owner="" procNo="1" source="C:\Bruker\TOPSPIN">
      <PeakPickDetails>F1=60.112ppm, F2=49.068ppm, MI=0.13cm, MAXI=0.82cm, PC=1.400
      </PeakPickDetails>
    </PeakList1DHeader>
    <Peak1D F1="55.7547" intensity="0.48" type="0"/>
    <Peak1D F1="55.7247" intensity="0.45" type="0"/>
    <Peak1D F1="55.3936" intensity="0.41" type="0"/>
    <Peak1D F1="54.8043" intensity="0.58" type="0"/>
  </PeakList1D>
  <PeakList1D>
    <PeakList1DHeader creator="JRomeo" date="2019-11-15T17:51:44" expNo="4" name="2JR72_3" owner="" procNo="1" source="C:\Bruker\TOPSPIN">
      <PeakPickDetails>F1=40.548ppm, F2=13.253ppm, MI=0.09cm, MAXI=2.13cm, PC=1.400
      </PeakPickDetails>
    </PeakList1DHeader>
    <Peak1D F1="34.3608" intensity="0.27" type="0"/>
    <Peak1D F1="31.4042" intensity="0.32" type="0"/>
    <Peak1D F1="31.3783" intensity="0.31" type="0"/>
    <Peak1D F1="30.5783" intensity="0.28" type="0"/>
    <Peak1D F1="26.2031" intensity="1.71" type="0"/>
    <Peak1D F1="18.5466" intensity="0.26" type="0"/>
    <Peak1D F1="17.9126" intensity="0.43" type="0"/>
    <Peak1D F1="17.8459" intensity="0.42" type="0"/>
    <Peak1D F1="17.6114" intensity="0.45" type="0"/>
    <Peak1D F1="17.2384" intensity="0.45" type="0"/>
  </PeakList1D>
  <PeakList1D>
    <PeakList1DHeader creator="JRomeo" date="2019-11-15T17:51:44" expNo="4" name="2JR72_3" owner="" procNo="1" source="C:\Bruker\TOPSPIN">
      <PeakPickDetails>F1=-3.629ppm, F2=-10.729ppm, MI=0.09cm, MAXI=1.13cm, PC=1.400
      </PeakPickDetails>
    </PeakList1DHeader>
    <Peak1D F1="-4.2978" intensity="0.51" type="0"/>
    <Peak1D F1="-4.9018" intensity="0.55" type="0"/>
  </PeakList1D>
</PeakList>
