<?xml version="1.0" encoding="UTF-8"?>
<PeakList>
  <PeakList1D>
    <PeakList1DHeader creator="chemist" date="2019-03-20T01:55:05.355+00:00" expNo="10" name="Y1767" owner="" procNo="1" source="d:\">
      <PeakPickDetails>F1=245.691ppm, F2=-23.691ppm, MI=0.00cm, MAXI=10000.00cm, PC=1.400
      </PeakPickDetails>
    </PeakList1DHeader>
    <Peak1D F1="159.6662" intensity="0.15" type="0"/>
    <Peak1D F1="159.4744" intensity="0.24" type="0"/>
    <Peak1D F1="132.3781" intensity="0.92" type="0"/>
    <Peak1D F1="129.6734" intensity="0.22" type="0"/>
    <Peak1D F1="129.6168" intensity="0.24" type="0"/>
    <Peak1D F1="129.4986" intensity="0.26" type="0"/>
    <Peak1D F1="128.4799" intensity="0.23" type="0"/>
    <Peak1D F1="128.4504" intensity="0.16" type="0"/>
    <Peak1D F1="124.9916" intensity="0.26" type="0"/>
    <Peak1D F1="124.9698" intensity="0.24" type="0"/>
    <Peak1D F1="116.9005" intensity="0.24" type="0"/>
    <Peak1D F1="116.7418" intensity="0.26" type="0"/>
    <Peak1D F1="114.6063" intensity="1.15" type="0"/>
    <Peak1D F1="78.2220" intensity="13.27" type="0"/>
    <Peak1D F1="78.0104" intensity="13.50" type="0"/>
    <Peak1D F1="77.7987" intensity="13.30" type="0"/>
    <Peak1D F1="74.5691" intensity="0.25" type="0"/>
    <Peak1D F1="74.5405" intensity="0.20" type="0"/>
    <Peak1D F1="56.1599" intensity="0.63" type="0"/>
    <Peak1D F1="48.0809" intensity="0.20" type="0"/>
    <Peak1D F1="48.0538" intensity="0.27" type="0"/>
    <Peak1D F1="29.1424" intensity="0.21" type="0"/>
    <Peak1D F1="29.1174" intensity="0.32" type="0"/>
  </PeakList1D>
</PeakList>
