<?xml version="1.0" encoding="UTF-8"?>
<PeakList>
  <PeakList1D>
    <PeakList1DHeader creator="nmrsu" date="2023-07-27T11:33:16.193-05:00" expNo="1273910" name="Jul27-2023" owner="" procNo="1" source="G:/data/chem-synthesis-summer-a-team2/nmr">
      <PeakPickDetails>F1=219.460297ppm, F2=-19.460289ppm, MI=0.00cm, MAXI=10000.00cm, PC=1.400
      </PeakPickDetails>
    </PeakList1DHeader>
    <Peak1D F1="190.680923" intensity="1.396905e+000" type="0"/>
    <Peak1D F1="144.950989" intensity="3.511314e+000" type="0"/>
    <Peak1D F1="141.091064" intensity="1.661171e+000" type="0"/>
    <Peak1D F1="138.412170" intensity="1.445082e+000" type="0"/>
    <Peak1D F1="132.652054" intensity="3.286353e+000" type="0"/>
    <Peak1D F1="132.202133" intensity="1.988149e+000" type="0"/>
    <Peak1D F1="129.719757" intensity="8.791823e+000" type="0"/>
    <Peak1D F1="128.594528" intensity="9.418577e+000" type="0"/>
    <Peak1D F1="128.484818" intensity="1.500000e+001" type="0"/>
    <Peak1D F1="121.177162" intensity="3.384368e+000" type="0"/>
    <Peak1D F1="77.341316" intensity="1.856182e+001" type="0"/>
    <Peak1D F1="77.023369" intensity="1.919567e+001" type="0"/>
    <Peak1D F1="76.706207" intensity="1.881895e+001" type="0"/>
    <Peak1D F1="21.533367" intensity="2.756553e+000" type="0"/>
  </PeakList1D>
</PeakList>
