<?xml version="1.0" encoding="UTF-8"?>
<PeakList>
  <PeakList1D>
    <PeakList1DHeader creator="nmrsu" date="2023-07-27T11:25:27.343-05:00" expNo="1273710" name="Jul27-2023" owner="" procNo="1" source="G:/data/chem-synthesis-summer-a-team2/nmr">
      <PeakPickDetails>F1=16.187771ppm, F2=-3.837772ppm, MI=0.00cm, MAXI=10000.00cm, PC=1.000
      </PeakPickDetails>
    </PeakList1DHeader>
    <Peak1D F1="9.990766" intensity="3.915396e-003" type="0"/>
    <Peak1D F1="8.517328" intensity="3.139211e-003" type="0"/>
    <Peak1D F1="8.512844" intensity="3.384702e-003" type="0"/>
    <Peak1D F1="8.493184" intensity="3.177973e-003" type="0"/>
    <Peak1D F1="8.459151" intensity="3.764878e-003" type="0"/>
    <Peak1D F1="8.379693" intensity="5.480279e-003" type="0"/>
    <Peak1D F1="8.363639" intensity="5.959202e-003" type="0"/>
    <Peak1D F1="8.347079" intensity="7.174898e-003" type="0"/>
    <Peak1D F1="8.250776" intensity="2.925815e-002" type="0"/>
    <Peak1D F1="8.232443" intensity="3.184928e-002" type="0"/>
    <Peak1D F1="8.201734" intensity="1.632291e-002" type="0"/>
    <Peak1D F1="8.052080" intensity="4.053007e+000" type="0"/>
    <Peak1D F1="8.033717" intensity="4.206085e+000" type="0"/>
    <Peak1D F1="7.995416" intensity="5.655351e-002" type="0"/>
    <Peak1D F1="7.982843" intensity="6.112267e-002" type="0"/>
    <Peak1D F1="7.963979" intensity="5.763444e-002" type="0"/>
    <Peak1D F1="7.842966" intensity="2.334669e+000" type="0"/>
    <Peak1D F1="7.803724" intensity="3.000555e+000" type="0"/>
    <Peak1D F1="7.758013" intensity="5.644219e-002" type="0"/>
    <Peak1D F1="7.728981" intensity="8.228725e-002" type="0"/>
    <Peak1D F1="7.710674" intensity="5.982305e-002" type="0"/>
    <Peak1D F1="7.689625" intensity="6.547747e-002" type="0"/>
    <Peak1D F1="7.626149" intensity="8.455185e-001" type="0"/>
    <Peak1D F1="7.607778" intensity="2.330359e+000" type="0"/>
    <Peak1D F1="7.584336" intensity="5.005620e+000" type="0"/>
    <Peak1D F1="7.563937" intensity="5.042212e+000" type="0"/>
    <Peak1D F1="7.547078" intensity="3.629473e+000" type="0"/>
    <Peak1D F1="7.538713" intensity="4.314514e+000" type="0"/>
    <Peak1D F1="7.528080" intensity="4.521285e+000" type="0"/>
    <Peak1D F1="7.509716" intensity="1.902492e+000" type="0"/>
    <Peak1D F1="7.499499" intensity="2.855970e+000" type="0"/>
    <Peak1D F1="7.463655" intensity="9.568410e-002" type="0"/>
    <Peak1D F1="7.444867" intensity="5.586441e-002" type="0"/>
    <Peak1D F1="7.419536" intensity="3.503266e-002" type="0"/>
    <Peak1D F1="7.402369" intensity="3.876562e-002" type="0"/>
    <Peak1D F1="7.383337" intensity="4.975042e-002" type="0"/>
    <Peak1D F1="7.361996" intensity="5.651741e-002" type="0"/>
    <Peak1D F1="7.342435" intensity="7.062248e-002" type="0"/>
    <Peak1D F1="7.283827" intensity="1.668372e+000" type="0"/>
    <Peak1D F1="7.264838" intensity="4.425189e+000" type="0"/>
    <Peak1D F1="7.245111" intensity="3.834693e+000" type="0"/>
    <Peak1D F1="7.203873" intensity="4.379821e-002" type="0"/>
    <Peak1D F1="7.183465" intensity="3.946898e-002" type="0"/>
    <Peak1D F1="7.115682" intensity="2.677933e-002" type="0"/>
    <Peak1D F1="7.095559" intensity="1.856131e-002" type="0"/>
    <Peak1D F1="7.081853" intensity="1.164170e-002" type="0"/>
    <Peak1D F1="7.064670" intensity="2.777428e-002" type="0"/>
    <Peak1D F1="7.048069" intensity="2.120709e-002" type="0"/>
    <Peak1D F1="7.019617" intensity="1.238863e-002" type="0"/>
    <Peak1D F1="6.989370" intensity="7.429740e-003" type="0"/>
    <Peak1D F1="6.979390" intensity="8.029796e-003" type="0"/>
    <Peak1D F1="6.961245" intensity="5.756518e-003" type="0"/>
    <Peak1D F1="6.875449" intensity="6.021816e-003" type="0"/>
    <Peak1D F1="6.624931" intensity="3.981546e-003" type="0"/>
    <Peak1D F1="4.494871" intensity="3.935385e-003" type="0"/>
    <Peak1D F1="4.072274" intensity="5.740979e-003" type="0"/>
    <Peak1D F1="4.053822" intensity="7.632529e-003" type="0"/>
    <Peak1D F1="4.035414" intensity="5.816651e-003" type="0"/>
    <Peak1D F1="3.838831" intensity="3.016048e-003" type="0"/>
    <Peak1D F1="3.778296" intensity="6.138287e-003" type="0"/>
    <Peak1D F1="3.762312" intensity="1.753916e-002" type="0"/>
    <Peak1D F1="3.745440" intensity="2.057581e-002" type="0"/>
    <Peak1D F1="3.731416" intensity="1.728115e-002" type="0"/>
    <Peak1D F1="3.714926" intensity="7.796014e-003" type="0"/>
    <Peak1D F1="3.695460" intensity="1.115392e-002" type="0"/>
    <Peak1D F1="3.628440" intensity="4.152250e-003" type="0"/>
    <Peak1D F1="3.619872" intensity="5.115245e-003" type="0"/>
    <Peak1D F1="3.583255" intensity="5.082088e-003" type="0"/>
    <Peak1D F1="3.530504" intensity="1.270945e-002" type="0"/>
    <Peak1D F1="3.520450" intensity="7.573578e-003" type="0"/>
    <Peak1D F1="3.512024" intensity="1.269290e-002" type="0"/>
    <Peak1D F1="3.487890" intensity="1.785422e-002" type="0"/>
    <Peak1D F1="3.471155" intensity="1.817144e-002" type="0"/>
    <Peak1D F1="3.414827" intensity="4.598487e-003" type="0"/>
    <Peak1D F1="3.380070" intensity="1.536577e-002" type="0"/>
    <Peak1D F1="3.361860" intensity="1.399051e-002" type="0"/>
    <Peak1D F1="3.338485" intensity="1.068506e-002" type="0"/>
    <Peak1D F1="3.320672" intensity="8.577707e-003" type="0"/>
    <Peak1D F1="2.877186" intensity="3.017147e-003" type="0"/>
    <Peak1D F1="2.827116" intensity="4.758664e-003" type="0"/>
    <Peak1D F1="2.801841" intensity="4.154315e-003" type="0"/>
    <Peak1D F1="2.751571" intensity="4.377418e-003" type="0"/>
    <Peak1D F1="2.728041" intensity="4.963789e-003" type="0"/>
    <Peak1D F1="2.718514" intensity="4.785233e-003" type="0"/>
    <Peak1D F1="2.706560" intensity="4.355201e-003" type="0"/>
    <Peak1D F1="2.636342" intensity="1.857959e-002" type="0"/>
    <Peak1D F1="2.578816" intensity="9.400668e-002" type="0"/>
    <Peak1D F1="2.422073" intensity="1.500000e+001" type="0"/>
    <Peak1D F1="2.309162" intensity="8.176026e-002" type="0"/>
    <Peak1D F1="2.275377" intensity="1.956972e-002" type="0"/>
    <Peak1D F1="2.262058" intensity="8.666322e-002" type="0"/>
    <Peak1D F1="2.232694" intensity="8.482759e-003" type="0"/>
    <Peak1D F1="2.217151" intensity="1.325742e-002" type="0"/>
    <Peak1D F1="2.195093" intensity="7.705003e-003" type="0"/>
    <Peak1D F1="2.174565" intensity="1.194381e-002" type="0"/>
    <Peak1D F1="2.130100" intensity="4.599706e-003" type="0"/>
    <Peak1D F1="2.085712" intensity="4.126991e-003" type="0"/>
    <Peak1D F1="2.068603" intensity="5.398424e-003" type="0"/>
    <Peak1D F1="2.046446" intensity="4.857959e-003" type="0"/>
    <Peak1D F1="2.021597" intensity="4.016146e-003" type="0"/>
    <Peak1D F1="1.964403" intensity="3.868984e-003" type="0"/>
    <Peak1D F1="1.890217" intensity="4.164838e-003" type="0"/>
    <Peak1D F1="1.863846" intensity="4.295944e-003" type="0"/>
    <Peak1D F1="1.841012" intensity="4.312306e-003" type="0"/>
    <Peak1D F1="1.742075" intensity="9.674543e-003" type="0"/>
    <Peak1D F1="1.623109" intensity="3.666016e+000" type="0"/>
    <Peak1D F1="1.547961" intensity="8.257801e-003" type="0"/>
    <Peak1D F1="1.489746" intensity="5.291943e-003" type="0"/>
    <Peak1D F1="1.411235" intensity="4.908541e-003" type="0"/>
    <Peak1D F1="1.392011" intensity="4.106738e-003" type="0"/>
    <Peak1D F1="1.286100" intensity="5.767466e-002" type="0"/>
    <Peak1D F1="1.268568" intensity="7.146287e-002" type="0"/>
    <Peak1D F1="1.251335" intensity="3.441114e-002" type="0"/>
    <Peak1D F1="1.190563" intensity="3.488022e-003" type="0"/>
    <Peak1D F1="1.152453" intensity="6.846217e-003" type="0"/>
    <Peak1D F1="1.134784" intensity="8.988703e-003" type="0"/>
    <Peak1D F1="1.117769" intensity="5.707066e-003" type="0"/>
    <Peak1D F1="1.101499" intensity="3.491662e-003" type="0"/>
    <Peak1D F1="1.000431" intensity="3.469746e-003" type="0"/>
    <Peak1D F1="0.926174" intensity="7.291160e-003" type="0"/>
    <Peak1D F1="0.909988" intensity="1.260045e-002" type="0"/>
    <Peak1D F1="0.892275" intensity="8.597943e-003" type="0"/>
    <Peak1D F1="0.882169" intensity="7.247810e-003" type="0"/>
    <Peak1D F1="0.861477" intensity="4.073496e-003" type="0"/>
  </PeakList1D>
</PeakList>
