<?xml version="1.0" encoding="UTF-8"?>
<PeakList>
  <PeakList1D>
    <PeakList1DHeader creator="Lijin_Xu" date="2004-04-21T02:58:12.890+08:00" expNo="2" name="zhq-10266" owner="" procNo="1" source="D:">
      <PeakPickDetails>F1=235.494ppm, F2=-15.494ppm, MI=0.00cm, MAXI=10000.00cm, PC=1.400
      </PeakPickDetails>
    </PeakList1DHeader>
    <Peak1D F1="164.0000" intensity="1.13" type="0"/>
    <Peak1D F1="151.7631" intensity="1.02" type="0"/>
    <Peak1D F1="149.8634" intensity="3.13" type="0"/>
    <Peak1D F1="149.7483" intensity="1.74" type="0"/>
    <Peak1D F1="140.2637" intensity="3.25" type="0"/>
    <Peak1D F1="138.5900" intensity="3.32" type="0"/>
    <Peak1D F1="124.0573" intensity="3.99" type="0"/>
    <Peak1D F1="124.0105" intensity="3.81" type="0"/>
    <Peak1D F1="118.4825" intensity="3.33" type="0"/>
    <Peak1D F1="105.0974" intensity="3.70" type="0"/>
    <Peak1D F1="77.3987" intensity="14.60" type="0"/>
    <Peak1D F1="77.0811" intensity="15.00" type="0"/>
    <Peak1D F1="76.7628" intensity="14.69" type="0"/>
    <Peak1D F1="34.8943" intensity="3.53" type="0"/>
    <Peak1D F1="20.9998" intensity="3.97" type="0"/>
    <Peak1D F1="13.6328" intensity="3.66" type="0"/>
  </PeakList1D>
</PeakList>
