<?xml version="1.0" encoding="UTF-8"?>
<PeakList>
  <PeakList1D>
    <PeakList1DHeader creator="nmr600" date="2019-10-04T17:34:19.160+02:00" expNo="106" name="6Oct0419" owner="" procNo="1" source="/opt/topspin3.0/data/nmr600/nmr">
      <PeakPickDetails>F1=18.562969ppm, F2=-218.562988ppm, MI=0.00cm, MAXI=10000.00cm, PC=1.000
      </PeakPickDetails>
    </PeakList1DHeader>
    <Peak1D F1="-78.028114" intensity="5.658805e-02" type="0"/>
    <Peak1D F1="-78.183708" intensity="1.500000e+01" type="0"/>
    <Peak1D F1="-78.596443" intensity="6.978381e-02" type="0"/>
    <Peak1D F1="-92.642105" intensity="7.967561e-03" type="0"/>
    <Peak1D F1="-94.434235" intensity="8.146192e-03" type="0"/>
    <Peak1D F1="-96.083611" intensity="7.909314e-03" type="0"/>
    <Peak1D F1="-96.775131" intensity="8.538286e-03" type="0"/>
    <Peak1D F1="-96.879120" intensity="8.792045e-03" type="0"/>
    <Peak1D F1="-96.945030" intensity="9.039404e-03" type="0"/>
    <Peak1D F1="-96.995064" intensity="8.284700e-03" type="0"/>
    <Peak1D F1="-97.432510" intensity="8.642353e-03" type="0"/>
    <Peak1D F1="-97.559738" intensity="8.713920e-03" type="0"/>
    <Peak1D F1="-97.860237" intensity="8.763376e-03" type="0"/>
    <Peak1D F1="-97.910042" intensity="8.718203e-03" type="0"/>
    <Peak1D F1="-98.105598" intensity="8.891166e-03" type="0"/>
    <Peak1D F1="-98.247177" intensity="9.416449e-03" type="0"/>
    <Peak1D F1="-98.464203" intensity="8.044014e-03" type="0"/>
    <Peak1D F1="-98.525917" intensity="7.921520e-03" type="0"/>
    <Peak1D F1="-98.583321" intensity="8.199382e-03" type="0"/>
    <Peak1D F1="-98.729675" intensity="9.075988e-03" type="0"/>
    <Peak1D F1="-98.995888" intensity="9.941434e-03" type="0"/>
    <Peak1D F1="-99.144249" intensity="8.477137e-03" type="0"/>
    <Peak1D F1="-99.187653" intensity="8.547037e-03" type="0"/>
    <Peak1D F1="-99.349098" intensity="8.106153e-03" type="0"/>
    <Peak1D F1="-99.505096" intensity="9.740511e-03" type="0"/>
    <Peak1D F1="-99.563728" intensity="8.705019e-03" type="0"/>
    <Peak1D F1="-99.643356" intensity="9.320453e-03" type="0"/>
    <Peak1D F1="-99.752403" intensity="9.859914e-03" type="0"/>
    <Peak1D F1="-99.856865" intensity="9.153321e-03" type="0"/>
    <Peak1D F1="-99.986816" intensity="1.015874e-02" type="0"/>
    <Peak1D F1="-100.298439" intensity="9.186771e-03" type="0"/>
    <Peak1D F1="-100.460991" intensity="9.058918e-03" type="0"/>
    <Peak1D F1="-100.667519" intensity="1.093999e-02" type="0"/>
    <Peak1D F1="-100.830040" intensity="1.033588e-02" type="0"/>
    <Peak1D F1="-100.949051" intensity="1.001412e-02" type="0"/>
    <Peak1D F1="-100.970619" intensity="9.787723e-03" type="0"/>
    <Peak1D F1="-101.253334" intensity="1.008612e-02" type="0"/>
    <Peak1D F1="-101.427620" intensity="9.663720e-03" type="0"/>
    <Peak1D F1="-101.666100" intensity="9.865241e-03" type="0"/>
    <Peak1D F1="-101.713020" intensity="9.674176e-03" type="0"/>
    <Peak1D F1="-102.263084" intensity="9.866126e-03" type="0"/>
    <Peak1D F1="-102.401085" intensity="1.223341e-02" type="0"/>
    <Peak1D F1="-102.679268" intensity="1.055209e-02" type="0"/>
    <Peak1D F1="-102.777763" intensity="9.077538e-03" type="0"/>
    <Peak1D F1="-103.049294" intensity="9.663599e-03" type="0"/>
    <Peak1D F1="-103.165298" intensity="8.530894e-03" type="0"/>
    <Peak1D F1="-103.236084" intensity="9.565175e-03" type="0"/>
    <Peak1D F1="-103.493378" intensity="1.079591e-02" type="0"/>
    <Peak1D F1="-103.579956" intensity="9.322446e-03" type="0"/>
    <Peak1D F1="-103.692505" intensity="9.374745e-03" type="0"/>
    <Peak1D F1="-103.875961" intensity="9.959091e-03" type="0"/>
    <Peak1D F1="-103.988708" intensity="1.000123e-02" type="0"/>
    <Peak1D F1="-104.184265" intensity="1.019864e-02" type="0"/>
    <Peak1D F1="-104.239075" intensity="1.052503e-02" type="0"/>
    <Peak1D F1="-104.365089" intensity="1.069990e-02" type="0"/>
    <Peak1D F1="-104.456154" intensity="1.041450e-02" type="0"/>
    <Peak1D F1="-104.484734" intensity="9.186265e-03" type="0"/>
    <Peak1D F1="-104.580956" intensity="9.319858e-03" type="0"/>
    <Peak1D F1="-104.720596" intensity="9.695899e-03" type="0"/>
    <Peak1D F1="-104.781982" intensity="1.059784e-02" type="0"/>
    <Peak1D F1="-104.866730" intensity="1.082016e-02" type="0"/>
    <Peak1D F1="-105.019447" intensity="1.027985e-02" type="0"/>
    <Peak1D F1="-105.164261" intensity="1.075085e-02" type="0"/>
    <Peak1D F1="-105.218872" intensity="1.044029e-02" type="0"/>
    <Peak1D F1="-105.260086" intensity="9.929506e-03" type="0"/>
    <Peak1D F1="-105.316704" intensity="1.101224e-02" type="0"/>
    <Peak1D F1="-105.425407" intensity="1.032096e-02" type="0"/>
    <Peak1D F1="-105.464096" intensity="1.019930e-02" type="0"/>
    <Peak1D F1="-105.725670" intensity="9.811205e-03" type="0"/>
    <Peak1D F1="-105.794922" intensity="9.429442e-03" type="0"/>
    <Peak1D F1="-105.961349" intensity="1.010161e-02" type="0"/>
    <Peak1D F1="-106.113274" intensity="9.252606e-03" type="0"/>
    <Peak1D F1="-106.241257" intensity="1.012554e-02" type="0"/>
    <Peak1D F1="-106.413208" intensity="1.002332e-02" type="0"/>
    <Peak1D F1="-106.503540" intensity="9.555898e-03" type="0"/>
    <Peak1D F1="-106.554436" intensity="8.221044e-03" type="0"/>
    <Peak1D F1="-106.826660" intensity="9.323339e-03" type="0"/>
    <Peak1D F1="-106.857887" intensity="9.487599e-03" type="0"/>
    <Peak1D F1="-106.999123" intensity="1.049446e-02" type="0"/>
    <Peak1D F1="-107.046867" intensity="9.795060e-03" type="0"/>
    <Peak1D F1="-107.107857" intensity="1.013647e-02" type="0"/>
    <Peak1D F1="-107.387581" intensity="1.184200e-02" type="0"/>
    <Peak1D F1="-107.551826" intensity="9.994900e-03" type="0"/>
    <Peak1D F1="-107.737068" intensity="1.036994e-02" type="0"/>
    <Peak1D F1="-107.831886" intensity="9.380441e-03" type="0"/>
    <Peak1D F1="-108.001450" intensity="1.021900e-02" type="0"/>
    <Peak1D F1="-108.124725" intensity="9.585670e-03" type="0"/>
    <Peak1D F1="-108.208397" intensity="9.193156e-03" type="0"/>
    <Peak1D F1="-108.537605" intensity="8.720485e-03" type="0"/>
    <Peak1D F1="-108.814514" intensity="9.167480e-03" type="0"/>
    <Peak1D F1="-109.119156" intensity="9.654032e-03" type="0"/>
    <Peak1D F1="-109.504112" intensity="9.008921e-03" type="0"/>
    <Peak1D F1="-109.835754" intensity="8.249422e-03" type="0"/>
    <Peak1D F1="-109.887878" intensity="9.797973e-03" type="0"/>
    <Peak1D F1="-109.923988" intensity="8.606142e-03" type="0"/>
    <Peak1D F1="-110.096481" intensity="8.973728e-03" type="0"/>
    <Peak1D F1="-110.265884" intensity="8.837741e-03" type="0"/>
    <Peak1D F1="-110.351326" intensity="7.873418e-03" type="0"/>
    <Peak1D F1="-110.520142" intensity="7.948994e-03" type="0"/>
    <Peak1D F1="-110.881706" intensity="7.997287e-03" type="0"/>
    <Peak1D F1="-111.156258" intensity="7.999498e-03" type="0"/>
    <Peak1D F1="-111.383690" intensity="9.589024e-03" type="0"/>
    <Peak1D F1="-111.985275" intensity="9.198965e-03" type="0"/>
    <Peak1D F1="-112.748459" intensity="8.695339e-03" type="0"/>
    <Peak1D F1="-210.517776" intensity="7.967764e-03" type="0"/>
    <Peak1D F1="-210.782059" intensity="9.265693e-03" type="0"/>
    <Peak1D F1="-210.869308" intensity="9.371889e-03" type="0"/>
    <Peak1D F1="-210.944366" intensity="9.538858e-03" type="0"/>
    <Peak1D F1="-211.079178" intensity="1.003623e-02" type="0"/>
    <Peak1D F1="-211.371185" intensity="1.075400e-02" type="0"/>
    <Peak1D F1="-211.533752" intensity="1.081750e-02" type="0"/>
    <Peak1D F1="-211.588577" intensity="1.134910e-02" type="0"/>
    <Peak1D F1="-212.110535" intensity="1.292468e-02" type="0"/>
    <Peak1D F1="-212.207886" intensity="1.296652e-02" type="0"/>
    <Peak1D F1="-212.514420" intensity="1.567608e-02" type="0"/>
    <Peak1D F1="-212.659363" intensity="1.450183e-02" type="0"/>
    <Peak1D F1="-212.743103" intensity="1.471477e-02" type="0"/>
    <Peak1D F1="-212.977905" intensity="1.592227e-02" type="0"/>
    <Peak1D F1="-213.428711" intensity="1.790098e-02" type="0"/>
    <Peak1D F1="-213.803970" intensity="1.871645e-02" type="0"/>
    <Peak1D F1="-213.912521" intensity="1.753783e-02" type="0"/>
    <Peak1D F1="-213.999374" intensity="1.978572e-02" type="0"/>
    <Peak1D F1="-214.335693" intensity="2.066355e-02" type="0"/>
    <Peak1D F1="-214.410934" intensity="2.122070e-02" type="0"/>
    <Peak1D F1="-214.740005" intensity="2.284232e-02" type="0"/>
    <Peak1D F1="-214.841339" intensity="2.334081e-02" type="0"/>
    <Peak1D F1="-214.988052" intensity="2.381938e-02" type="0"/>
    <Peak1D F1="-215.109970" intensity="2.435976e-02" type="0"/>
    <Peak1D F1="-215.224884" intensity="2.506533e-02" type="0"/>
    <Peak1D F1="-215.280441" intensity="2.478688e-02" type="0"/>
    <Peak1D F1="-215.468155" intensity="2.784853e-02" type="0"/>
    <Peak1D F1="-215.865509" intensity="3.001007e-02" type="0"/>
    <Peak1D F1="-216.111847" intensity="3.260140e-02" type="0"/>
    <Peak1D F1="-216.245621" intensity="3.581323e-02" type="0"/>
    <Peak1D F1="-216.411880" intensity="3.684838e-02" type="0"/>
    <Peak1D F1="-216.433502" intensity="3.764063e-02" type="0"/>
    <Peak1D F1="-216.595993" intensity="4.033845e-02" type="0"/>
    <Peak1D F1="-217.185974" intensity="5.040138e-02" type="0"/>
    <Peak1D F1="-217.519028" intensity="5.707925e-02" type="0"/>
  </PeakList1D>
</PeakList>
