<?xml version="1.0" encoding="UTF-8"?>
<PeakList modified="2019-12-06T19:46:25">
  <PeakList1D>
    <PeakList1DHeader creator="riometm92" date="2019-12-06T19:46:25" expNo="51" name="mari-0302-carac" owner="" procNo="1" source="\\fs.univie.ac.at\homedirs\riometm92\Desktop\mari">
      <PeakPickDetails>F1=168.579910ppm, F2=163.086853ppm, MI=-10.61cm, MAXI=-2.00cm, PC=1.400
      </PeakPickDetails>
    </PeakList1DHeader>
  </PeakList1D>
  <PeakList1D>
    <PeakList1DHeader creator="riometm92" date="2019-12-06T19:46:25" expNo="51" name="mari-0302-carac" owner="" procNo="1" source="\\fs.univie.ac.at\homedirs\riometm92\Desktop\mari">
      <PeakPickDetails>F1=163.086853ppm, F2=163.086868ppm, MI=-10.61cm, MAXI=0.00cm, PC=1.400
      </PeakPickDetails>
    </PeakList1DHeader>
  </PeakList1D>
  <PeakList1D>
    <PeakList1DHeader creator="riometm92" date="2019-12-06T19:46:25" expNo="51" name="mari-0302-carac" owner="" procNo="1" source="\\fs.univie.ac.at\homedirs\riometm92\Desktop\mari">
      <PeakPickDetails>F1=163.086853ppm, F2=159.109116ppm, MI=-3.69cm, MAXI=-1.38cm, PC=1.400
      </PeakPickDetails>
    </PeakList1DHeader>
    <Peak1D F1="161.523743" intensity="-1.961083" type="0"/>
  </PeakList1D>
  <PeakList1D>
    <PeakList1DHeader creator="riometm92" date="2019-12-06T19:46:25" expNo="51" name="mari-0302-carac" owner="" procNo="1" source="\\fs.univie.ac.at\homedirs\riometm92\Desktop\mari">
      <PeakPickDetails>F1=159.109116ppm, F2=133.159180ppm, MI=-10.61cm, MAXI=-2.00cm, PC=1.400
      </PeakPickDetails>
    </PeakList1DHeader>
    <Peak1D F1="135.347733" intensity="-2.402123" type="0"/>
  </PeakList1D>
  <PeakList1D>
    <PeakList1DHeader creator="riometm92" date="2019-12-06T19:46:25" expNo="51" name="mari-0302-carac" owner="" procNo="1" source="\\fs.univie.ac.at\homedirs\riometm92\Desktop\mari">
      <PeakPickDetails>F1=133.159180ppm, F2=133.159195ppm, MI=-10.61cm, MAXI=0.00cm, PC=1.400
      </PeakPickDetails>
    </PeakList1DHeader>
  </PeakList1D>
  <PeakList1D>
    <PeakList1DHeader creator="riometm92" date="2019-12-06T19:46:25" expNo="51" name="mari-0302-carac" owner="" procNo="1" source="\\fs.univie.ac.at\homedirs\riometm92\Desktop\mari">
      <PeakPickDetails>F1=133.159180ppm, F2=132.056412ppm, MI=3.23cm, MAXI=20.30cm, PC=1.400
      </PeakPickDetails>
    </PeakList1DHeader>
  </PeakList1D>
  <PeakList1D>
    <PeakList1DHeader creator="riometm92" date="2019-12-06T19:46:25" expNo="51" name="mari-0302-carac" owner="" procNo="1" source="\\fs.univie.ac.at\homedirs\riometm92\Desktop\mari">
      <PeakPickDetails>F1=132.056412ppm, F2=131.594070ppm, MI=-7.23cm, MAXI=-2.15cm, PC=1.400
      </PeakPickDetails>
    </PeakList1DHeader>
    <Peak1D F1="131.818481" intensity="-2.709695" type="0"/>
  </PeakList1D>
  <PeakList1D>
    <PeakList1DHeader creator="riometm92" date="2019-12-06T19:46:25" expNo="51" name="mari-0302-carac" owner="" procNo="1" source="\\fs.univie.ac.at\homedirs\riometm92\Desktop\mari">
      <PeakPickDetails>F1=131.594070ppm, F2=130.467117ppm, MI=3.23cm, MAXI=20.30cm, PC=1.400
      </PeakPickDetails>
    </PeakList1DHeader>
  </PeakList1D>
  <PeakList1D>
    <PeakList1DHeader creator="riometm92" date="2019-12-06T19:46:25" expNo="51" name="mari-0302-carac" owner="" procNo="1" source="\\fs.univie.ac.at\homedirs\riometm92\Desktop\mari">
      <PeakPickDetails>F1=130.467117ppm, F2=130.438217ppm, MI=7.54cm, MAXI=22.46cm, PC=1.400
      </PeakPickDetails>
    </PeakList1DHeader>
  </PeakList1D>
  <PeakList1D>
    <PeakList1DHeader creator="riometm92" date="2019-12-06T19:46:25" expNo="51" name="mari-0302-carac" owner="" procNo="1" source="\\fs.univie.ac.at\homedirs\riometm92\Desktop\mari">
      <PeakPickDetails>F1=130.438217ppm, F2=129.816940ppm, MI=12.46cm, MAXI=20.46cm, PC=1.400
      </PeakPickDetails>
    </PeakList1DHeader>
    <Peak1D F1="130.02002" intensity="14.74525" type="0"/>
  </PeakList1D>
  <PeakList1D>
    <PeakList1DHeader creator="riometm92" date="2019-12-06T19:46:25" expNo="51" name="mari-0302-carac" owner="" procNo="1" source="\\fs.univie.ac.at\homedirs\riometm92\Desktop\mari">
      <PeakPickDetails>F1=129.816940ppm, F2=129.816956ppm, MI=-3.69cm, MAXI=-2.00cm, PC=1.400
      </PeakPickDetails>
    </PeakList1DHeader>
  </PeakList1D>
  <PeakList1D>
    <PeakList1DHeader creator="riometm92" date="2019-12-06T19:46:25" expNo="51" name="mari-0302-carac" owner="" procNo="1" source="\\fs.univie.ac.at\homedirs\riometm92\Desktop\mari">
      <PeakPickDetails>F1=129.816940ppm, F2=129.816940ppm, MI=-3.69cm, MAXI=0.00cm, PC=1.400
      </PeakPickDetails>
    </PeakList1DHeader>
  </PeakList1D>
  <PeakList1D>
    <PeakList1DHeader creator="riometm92" date="2019-12-06T19:46:25" expNo="51" name="mari-0302-carac" owner="" procNo="1" source="\\fs.univie.ac.at\homedirs\riometm92\Desktop\mari">
      <PeakPickDetails>F1=129.701355ppm, F2=129.412399ppm, MI=-6.46cm, MAXI=-1.69cm, PC=1.400
      </PeakPickDetails>
    </PeakList1DHeader>
    <Peak1D F1="129.622009" intensity="-2.681798" type="0"/>
  </PeakList1D>
  <PeakList1D>
    <PeakList1DHeader creator="riometm92" date="2019-12-06T19:46:25" expNo="51" name="mari-0302-carac" owner="" procNo="1" source="\\fs.univie.ac.at\homedirs\riometm92\Desktop\mari">
      <PeakPickDetails>F1=128.892258ppm, F2=128.892273ppm, MI=-3.69cm, MAXI=0.00cm, PC=1.400
      </PeakPickDetails>
    </PeakList1DHeader>
  </PeakList1D>
  <PeakList1D>
    <PeakList1DHeader creator="riometm92" date="2019-12-06T19:46:25" expNo="51" name="mari-0302-carac" owner="" procNo="1" source="\\fs.univie.ac.at\homedirs\riometm92\Desktop\mari">
      <PeakPickDetails>F1=128.892258ppm, F2=128.545502ppm, MI=4.46cm, MAXI=13.23cm, PC=1.400
      </PeakPickDetails>
    </PeakList1DHeader>
    <Peak1D F1="128.725861" intensity="6.796747" type="0"/>
    <Peak1D F1="128.646454" intensity="6.972412" type="0"/>
  </PeakList1D>
  <PeakList1D>
    <PeakList1DHeader creator="riometm92" date="2019-12-06T19:46:25" expNo="51" name="mari-0302-carac" owner="" procNo="1" source="\\fs.univie.ac.at\homedirs\riometm92\Desktop\mari">
      <PeakPickDetails>F1=128.545502ppm, F2=128.423798ppm, MI=-3.69cm, MAXI=-2.00cm, PC=1.400
      </PeakPickDetails>
    </PeakList1DHeader>
  </PeakList1D>
  <PeakList1D>
    <PeakList1DHeader creator="riometm92" date="2019-12-06T19:46:25" expNo="51" name="mari-0302-carac" owner="" procNo="1" source="\\fs.univie.ac.at\homedirs\riometm92\Desktop\mari">
      <PeakPickDetails>F1=128.423798ppm, F2=122.173073ppm, MI=3.23cm, MAXI=20.30cm, PC=1.400
      </PeakPickDetails>
    </PeakList1DHeader>
    <Peak1D F1="128.333084" intensity="7.070567" type="0"/>
    <Peak1D F1="127.629913" intensity="7.249666" type="0"/>
    <Peak1D F1="126.516815" intensity="15.0" type="0"/>
    <Peak1D F1="126.358856" intensity="7.208249" type="0"/>
  </PeakList1D>
  <PeakList1D>
    <PeakList1DHeader creator="riometm92" date="2019-12-06T19:46:25" expNo="51" name="mari-0302-carac" owner="" procNo="1" source="\\fs.univie.ac.at\homedirs\riometm92\Desktop\mari">
      <PeakPickDetails>F1=122.173073ppm, F2=116.869438ppm, MI=-10.61cm, MAXI=-2.00cm, PC=1.400
      </PeakPickDetails>
    </PeakList1DHeader>
  </PeakList1D>
  <PeakList1D>
    <PeakList1DHeader creator="riometm92" date="2019-12-06T19:46:25" expNo="51" name="mari-0302-carac" owner="" procNo="1" source="\\fs.univie.ac.at\homedirs\riometm92\Desktop\mari">
      <PeakPickDetails>F1=61.324364ppm, F2=48.846455ppm, MI=-18.92cm, MAXI=-10.15cm, PC=1.400
      </PeakPickDetails>
    </PeakList1DHeader>
    <Peak1D F1="49.780094" intensity="-10.55569" type="0"/>
    <Peak1D F1="49.344837" intensity="-10.59742" type="0"/>
  </PeakList1D>
  <PeakList1D>
    <PeakList1DHeader creator="riometm92" date="2019-12-06T19:46:25" expNo="51" name="mari-0302-carac" owner="" procNo="1" source="\\fs.univie.ac.at\homedirs\riometm92\Desktop\mari">
      <PeakPickDetails>F1=48.846455ppm, F2=48.846462ppm, MI=-18.92cm, MAXI=0.00cm, PC=1.400
      </PeakPickDetails>
    </PeakList1DHeader>
  </PeakList1D>
  <PeakList1D>
    <PeakList1DHeader creator="riometm92" date="2019-12-06T19:46:25" expNo="51" name="mari-0302-carac" owner="" procNo="1" source="\\fs.univie.ac.at\homedirs\riometm92\Desktop\mari">
      <PeakPickDetails>F1=48.846455ppm, F2=47.020416ppm, MI=5.54cm, MAXI=9.84cm, PC=1.400
      </PeakPickDetails>
    </PeakList1DHeader>
    <Peak1D F1="47.705887" intensity="7.985193" type="0"/>
  </PeakList1D>
  <PeakList1D>
    <PeakList1DHeader creator="riometm92" date="2019-12-06T19:46:25" expNo="51" name="mari-0302-carac" owner="" procNo="1" source="\\fs.univie.ac.at\homedirs\riometm92\Desktop\mari">
      <PeakPickDetails>F1=47.020416ppm, F2=45.955231ppm, MI=-18.92cm, MAXI=-10.15cm, PC=1.400
      </PeakPickDetails>
    </PeakList1DHeader>
  </PeakList1D>
  <PeakList1D>
    <PeakList1DHeader creator="riometm92" date="2019-12-06T19:46:25" expNo="51" name="mari-0302-carac" owner="" procNo="1" source="\\fs.univie.ac.at\homedirs\riometm92\Desktop\mari">
      <PeakPickDetails>F1=45.955231ppm, F2=45.955242ppm, MI=-18.92cm, MAXI=0.00cm, PC=1.400
      </PeakPickDetails>
    </PeakList1DHeader>
  </PeakList1D>
  <PeakList1D>
    <PeakList1DHeader creator="riometm92" date="2019-12-06T19:46:25" expNo="51" name="mari-0302-carac" owner="" procNo="1" source="\\fs.univie.ac.at\homedirs\riometm92\Desktop\mari">
      <PeakPickDetails>F1=45.955231ppm, F2=43.672688ppm, MI=-12.61cm, MAXI=-3.54cm, PC=1.400
      </PeakPickDetails>
    </PeakList1DHeader>
    <Peak1D F1="45.210506" intensity="-9.884786" type="0"/>
  </PeakList1D>
  <PeakList1D>
    <PeakList1DHeader creator="riometm92" date="2019-12-06T19:46:25" expNo="51" name="mari-0302-carac" owner="" procNo="1" source="\\fs.univie.ac.at\homedirs\riometm92\Desktop\mari">
      <PeakPickDetails>F1=43.672688ppm, F2=40.172783ppm, MI=-18.92cm, MAXI=-10.15cm, PC=1.400
      </PeakPickDetails>
    </PeakList1DHeader>
  </PeakList1D>
  <PeakList1D>
    <PeakList1DHeader creator="riometm92" date="2019-12-06T19:46:25" expNo="51" name="mari-0302-carac" owner="" procNo="1" source="\\fs.univie.ac.at\homedirs\riometm92\Desktop\mari">
      <PeakPickDetails>F1=25.497824ppm, F2=24.498585ppm, MI=-21.07cm, MAXI=-3.38cm, PC=1.400
      </PeakPickDetails>
    </PeakList1DHeader>
    <Peak1D F1="25.296122" intensity="-10.29099" type="0"/>
    <Peak1D F1="24.746008" intensity="-10.63707" type="0"/>
  </PeakList1D>
</PeakList>
