<?xml version="1.0" encoding="UTF-8"?>
<PeakList>
  <PeakList1D>
    <PeakList1DHeader creator="nmrsu" date="2019-10-15T21:46:46.781+08:00" expNo="10" name="WZH-H01-CDCl3-C13-2019-10-15" owner="" procNo="1" source="E:/nmrsu">
      <PeakPickDetails>F1=228.744797ppm, F2=-28.744745ppm, MI=0.00cm, MAXI=10000.00cm, PC=1.400
      </PeakPickDetails>
    </PeakList1DHeader>
    <Peak1D F1="199.257370" intensity="1.321188e-01" type="0"/>
    <Peak1D F1="197.852173" intensity="1.307962e-01" type="0"/>
    <Peak1D F1="197.473892" intensity="1.304227e-01" type="0"/>
    <Peak1D F1="195.934097" intensity="1.321495e-01" type="0"/>
    <Peak1D F1="194.851257" intensity="2.068438e+00" type="0"/>
    <Peak1D F1="194.559494" intensity="2.358169e+00" type="0"/>
    <Peak1D F1="151.898422" intensity="1.750635e-01" type="0"/>
    <Peak1D F1="150.570053" intensity="1.445834e-01" type="0"/>
    <Peak1D F1="150.356171" intensity="2.545099e+00" type="0"/>
    <Peak1D F1="144.378479" intensity="1.854142e-01" type="0"/>
    <Peak1D F1="143.858917" intensity="1.221467e-01" type="0"/>
    <Peak1D F1="143.678818" intensity="2.026903e-01" type="0"/>
    <Peak1D F1="143.134277" intensity="2.666189e+00" type="0"/>
    <Peak1D F1="142.893753" intensity="1.383891e-01" type="0"/>
    <Peak1D F1="142.494110" intensity="2.194811e+00" type="0"/>
    <Peak1D F1="141.988113" intensity="1.354754e-01" type="0"/>
    <Peak1D F1="141.242432" intensity="2.688516e+00" type="0"/>
    <Peak1D F1="137.346268" intensity="2.665711e+00" type="0"/>
    <Peak1D F1="137.168091" intensity="2.414033e+00" type="0"/>
    <Peak1D F1="135.954010" intensity="1.580513e-01" type="0"/>
    <Peak1D F1="135.409027" intensity="2.008856e-01" type="0"/>
    <Peak1D F1="135.207947" intensity="2.391097e-01" type="0"/>
    <Peak1D F1="135.159897" intensity="2.473362e-01" type="0"/>
    <Peak1D F1="135.033951" intensity="2.731314e-01" type="0"/>
    <Peak1D F1="134.813431" intensity="4.648462e+00" type="0"/>
    <Peak1D F1="134.776382" intensity="4.521536e+00" type="0"/>
    <Peak1D F1="134.516998" intensity="1.443161e-01" type="0"/>
    <Peak1D F1="134.413666" intensity="3.171538e+00" type="0"/>
    <Peak1D F1="133.999420" intensity="1.510150e-01" type="0"/>
    <Peak1D F1="133.439636" intensity="1.563286e-01" type="0"/>
    <Peak1D F1="131.498184" intensity="1.087646e-01" type="0"/>
    <Peak1D F1="131.128662" intensity="1.293752e-01" type="0"/>
    <Peak1D F1="129.815994" intensity="5.899994e-01" type="0"/>
    <Peak1D F1="129.622986" intensity="1.271781e+01" type="0"/>
    <Peak1D F1="128.965836" intensity="2.252358e-01" type="0"/>
    <Peak1D F1="128.854736" intensity="4.147031e-01" type="0"/>
    <Peak1D F1="128.548325" intensity="3.925116e+00" type="0"/>
    <Peak1D F1="128.026642" intensity="7.988947e+00" type="0"/>
    <Peak1D F1="127.623085" intensity="2.335035e-01" type="0"/>
    <Peak1D F1="127.569504" intensity="5.364000e-01" type="0"/>
    <Peak1D F1="127.398331" intensity="2.505058e-01" type="0"/>
    <Peak1D F1="127.231384" intensity="6.470058e-01" type="0"/>
    <Peak1D F1="127.156418" intensity="8.442131e+00" type="0"/>
    <Peak1D F1="126.979088" intensity="1.973632e-01" type="0"/>
    <Peak1D F1="126.637672" intensity="2.012945e-01" type="0"/>
    <Peak1D F1="126.095016" intensity="4.381262e+00" type="0"/>
    <Peak1D F1="125.927513" intensity="5.486487e-01" type="0"/>
    <Peak1D F1="125.628632" intensity="4.469180e+00" type="0"/>
    <Peak1D F1="125.530464" intensity="3.997802e-01" type="0"/>
    <Peak1D F1="125.117912" intensity="5.978556e+00" type="0"/>
    <Peak1D F1="124.898308" intensity="2.114620e-01" type="0"/>
    <Peak1D F1="124.731758" intensity="2.712154e+00" type="0"/>
    <Peak1D F1="124.198639" intensity="1.854353e-01" type="0"/>
    <Peak1D F1="123.133415" intensity="1.660266e-01" type="0"/>
    <Peak1D F1="122.682487" intensity="2.822217e-01" type="0"/>
    <Peak1D F1="122.627716" intensity="2.599710e-01" type="0"/>
    <Peak1D F1="122.388329" intensity="4.116960e+00" type="0"/>
    <Peak1D F1="122.307648" intensity="4.164457e+00" type="0"/>
    <Peak1D F1="122.114113" intensity="1.961833e-01" type="0"/>
    <Peak1D F1="118.133865" intensity="2.115672e-01" type="0"/>
    <Peak1D F1="117.330254" intensity="1.331037e-01" type="0"/>
    <Peak1D F1="77.379189" intensity="1.621902e+01" type="0"/>
    <Peak1D F1="77.263428" intensity="7.547060e-01" type="0"/>
    <Peak1D F1="77.060699" intensity="1.643930e+01" type="0"/>
    <Peak1D F1="76.743607" intensity="1.648142e+01" type="0"/>
    <Peak1D F1="59.763645" intensity="2.217931e-01" type="0"/>
    <Peak1D F1="57.197182" intensity="1.796696e-01" type="0"/>
    <Peak1D F1="55.252380" intensity="1.904459e-01" type="0"/>
    <Peak1D F1="53.469360" intensity="1.768866e+00" type="0"/>
    <Peak1D F1="48.599163" intensity="3.567257e+00" type="0"/>
    <Peak1D F1="47.662361" intensity="3.072819e+00" type="0"/>
    <Peak1D F1="45.359474" intensity="4.340145e+00" type="0"/>
    <Peak1D F1="39.627155" intensity="2.308689e-01" type="0"/>
    <Peak1D F1="35.306355" intensity="4.137505e+00" type="0"/>
    <Peak1D F1="34.714031" intensity="1.724149e-01" type="0"/>
    <Peak1D F1="34.515831" intensity="3.755446e+00" type="0"/>
    <Peak1D F1="31.350119" intensity="1.500000e+01" type="0"/>
    <Peak1D F1="31.277876" intensity="1.365306e+00" type="0"/>
    <Peak1D F1="21.619127" intensity="4.384313e+00" type="0"/>
    <Peak1D F1="21.483654" intensity="2.098743e-01" type="0"/>
    <Peak1D F1="0.024801" intensity="3.572448e-01" type="0"/>
  </PeakList1D>
</PeakList>
