<?xml version="1.0" encoding="UTF-8"?>
<PeakList>
  <PeakList1D>
    <PeakList1DHeader creator="chemist" date="2019-02-03T23:39:54.297+00:00" expNo="10" name="Z145168" owner="" procNo="1" source="f:\data\chemist\nmr\">
      <PeakPickDetails>F1=250.000ppm, F2=-10.000ppm, MI=1.00cm, MAXI=2000.00cm, PC=1.000
      </PeakPickDetails>
    </PeakList1DHeader>
    <Peak1D F1="141.9477" intensity="3.622729e+000" type="0"/>
    <Peak1D F1="135.9679" intensity="4.194408e+000" type="0"/>
    <Peak1D F1="133.4311" intensity="2.818104e+000" type="0"/>
    <Peak1D F1="132.6146" intensity="3.390415e+000" type="0"/>
    <Peak1D F1="130.8824" intensity="1.559084e+001" type="0"/>
    <Peak1D F1="128.6196" intensity="2.084023e+001" type="0"/>
    <Peak1D F1="128.6127" intensity="2.074731e+001" type="0"/>
    <Peak1D F1="127.2818" intensity="1.599627e+001" type="0"/>
    <Peak1D F1="77.3370" intensity="1.528714e+002" type="0"/>
    <Peak1D F1="77.2243" intensity="5.134413e+000" type="0"/>
    <Peak1D F1="77.0190" intensity="1.555512e+002" type="0"/>
    <Peak1D F1="76.7011" intensity="1.524913e+002" type="0"/>
    <Peak1D F1="74.5715" intensity="6.763808e+000" type="0"/>
    <Peak1D F1="45.2296" intensity="7.421389e+000" type="0"/>
  </PeakList1D>
</PeakList>
