<?xml version="1.0" encoding="UTF-8"?>
<PeakList>
  <PeakList1D>
    <PeakList1DHeader creator="nmrsu" date="2023-07-25T12:19:36.190-05:00" expNo="1265210" name="Jul25-2023" owner="" procNo="1" source="G:/data/chem-synthesis-summer-a-team2/nmr">
      <PeakPickDetails>F1=16.187771ppm, F2=-3.837772ppm, MI=0.00cm, MAXI=10000.00cm, PC=1.000
      </PeakPickDetails>
    </PeakList1DHeader>
    <Peak1D F1="15.222423" intensity="3.510365e-003" type="0"/>
    <Peak1D F1="14.964739" intensity="3.330532e-003" type="0"/>
    <Peak1D F1="8.515712" intensity="3.578169e-003" type="0"/>
    <Peak1D F1="8.495886" intensity="3.657632e-003" type="0"/>
    <Peak1D F1="8.445226" intensity="3.670110e-003" type="0"/>
    <Peak1D F1="8.404226" intensity="3.662557e-003" type="0"/>
    <Peak1D F1="8.391778" intensity="3.653066e-003" type="0"/>
    <Peak1D F1="8.366273" intensity="4.066500e-003" type="0"/>
    <Peak1D F1="8.325000" intensity="4.589271e-003" type="0"/>
    <Peak1D F1="8.263701" intensity="5.691210e-003" type="0"/>
    <Peak1D F1="8.203273" intensity="6.378149e-003" type="0"/>
    <Peak1D F1="8.140533" intensity="9.134822e-003" type="0"/>
    <Peak1D F1="8.128401" intensity="9.088465e-003" type="0"/>
    <Peak1D F1="8.106940" intensity="1.048982e-002" type="0"/>
    <Peak1D F1="7.713805" intensity="1.915806e+000" type="0"/>
    <Peak1D F1="7.694367" intensity="1.318708e+000" type="0"/>
    <Peak1D F1="7.571361" intensity="8.169923e-002" type="0"/>
    <Peak1D F1="7.548388" intensity="9.505366e-002" type="0"/>
    <Peak1D F1="7.532816" intensity="9.669779e-002" type="0"/>
    <Peak1D F1="7.523128" intensity="9.911192e-002" type="0"/>
    <Peak1D F1="7.302074" intensity="2.276273e+000" type="0"/>
    <Peak1D F1="7.282665" intensity="1.654803e+000" type="0"/>
    <Peak1D F1="7.256786" intensity="3.946280e-001" type="0"/>
    <Peak1D F1="7.207911" intensity="5.687546e-001" type="0"/>
    <Peak1D F1="7.192248" intensity="5.900802e-001" type="0"/>
    <Peak1D F1="7.166305" intensity="2.852484e-001" type="0"/>
    <Peak1D F1="7.148615" intensity="1.624651e-001" type="0"/>
    <Peak1D F1="7.100773" intensity="2.360756e-002" type="0"/>
    <Peak1D F1="7.028120" intensity="9.229455e-003" type="0"/>
    <Peak1D F1="7.009606" intensity="1.058071e-002" type="0"/>
    <Peak1D F1="6.993058" intensity="8.438675e-003" type="0"/>
    <Peak1D F1="6.934063" intensity="5.944234e-003" type="0"/>
    <Peak1D F1="6.868444" intensity="5.268933e-003" type="0"/>
    <Peak1D F1="6.848085" intensity="4.495925e-003" type="0"/>
    <Peak1D F1="6.744535" intensity="1.168965e-002" type="0"/>
    <Peak1D F1="6.720963" intensity="1.479921e-002" type="0"/>
    <Peak1D F1="6.713140" intensity="1.830404e-002" type="0"/>
    <Peak1D F1="6.702496" intensity="2.342591e-002" type="0"/>
    <Peak1D F1="6.682183" intensity="1.557053e-002" type="0"/>
    <Peak1D F1="4.374146" intensity="4.391626e-003" type="0"/>
    <Peak1D F1="4.340545" intensity="7.576627e-003" type="0"/>
    <Peak1D F1="4.247705" intensity="3.588403e-002" type="0"/>
    <Peak1D F1="4.233497" intensity="3.703902e-002" type="0"/>
    <Peak1D F1="4.206693" intensity="1.606192e-002" type="0"/>
    <Peak1D F1="4.158847" intensity="2.804416e-002" type="0"/>
    <Peak1D F1="4.140434" intensity="3.484217e-002" type="0"/>
    <Peak1D F1="4.123910" intensity="2.684666e-002" type="0"/>
    <Peak1D F1="3.992545" intensity="4.136771e-003" type="0"/>
    <Peak1D F1="3.955504" intensity="5.196746e-003" type="0"/>
    <Peak1D F1="3.941235" intensity="5.745032e-003" type="0"/>
    <Peak1D F1="3.873814" intensity="1.352693e-002" type="0"/>
    <Peak1D F1="3.783979" intensity="6.966919e-002" type="0"/>
    <Peak1D F1="3.726592" intensity="4.413854e-002" type="0"/>
    <Peak1D F1="3.565910" intensity="3.016867e-001" type="0"/>
    <Peak1D F1="3.262353" intensity="2.967822e+000" type="0"/>
    <Peak1D F1="3.244874" intensity="3.609015e+000" type="0"/>
    <Peak1D F1="3.227129" intensity="2.642390e+000" type="0"/>
    <Peak1D F1="3.209637" intensity="8.692856e-001" type="0"/>
    <Peak1D F1="3.140793" intensity="3.048861e-002" type="0"/>
    <Peak1D F1="3.106584" intensity="2.732173e-002" type="0"/>
    <Peak1D F1="3.076376" intensity="3.058812e-002" type="0"/>
    <Peak1D F1="2.972252" intensity="4.640935e-003" type="0"/>
    <Peak1D F1="2.941604" intensity="4.359950e-003" type="0"/>
    <Peak1D F1="2.868366" intensity="5.329804e-003" type="0"/>
    <Peak1D F1="2.795176" intensity="1.090673e-002" type="0"/>
    <Peak1D F1="2.698713" intensity="5.499844e-002" type="0"/>
    <Peak1D F1="2.424539" intensity="4.290267e+000" type="0"/>
    <Peak1D F1="2.376181" intensity="1.109425e+000" type="0"/>
    <Peak1D F1="2.264302" intensity="4.057156e-002" type="0"/>
    <Peak1D F1="2.212363" intensity="2.802768e-002" type="0"/>
    <Peak1D F1="2.175379" intensity="3.110637e-002" type="0"/>
    <Peak1D F1="2.051619" intensity="1.575609e-001" type="0"/>
    <Peak1D F1="1.911033" intensity="4.954298e-001" type="0"/>
    <Peak1D F1="1.893501" intensity="5.608106e-001" type="0"/>
    <Peak1D F1="1.876166" intensity="5.306568e-001" type="0"/>
    <Peak1D F1="1.857604" intensity="4.448065e-001" type="0"/>
    <Peak1D F1="1.837432" intensity="3.993364e-001" type="0"/>
    <Peak1D F1="1.745515" intensity="1.155327e+000" type="0"/>
    <Peak1D F1="1.698037" intensity="9.520043e-001" type="0"/>
    <Peak1D F1="1.669416" intensity="1.202948e+000" type="0"/>
    <Peak1D F1="1.634238" intensity="1.252275e+000" type="0"/>
    <Peak1D F1="1.536843" intensity="1.455583e+000" type="0"/>
    <Peak1D F1="1.527370" intensity="1.444459e+000" type="0"/>
    <Peak1D F1="1.295598" intensity="1.171469e+001" type="0"/>
    <Peak1D F1="1.285953" intensity="1.208737e+001" type="0"/>
    <Peak1D F1="1.152240" intensity="7.500648e+000" type="0"/>
    <Peak1D F1="1.134694" intensity="7.687242e+000" type="0"/>
    <Peak1D F1="1.117208" intensity="4.527066e+000" type="0"/>
    <Peak1D F1="1.086517" intensity="2.362013e+000" type="0"/>
    <Peak1D F1="0.985402" intensity="5.508644e+000" type="0"/>
    <Peak1D F1="0.968746" intensity="5.890676e+000" type="0"/>
    <Peak1D F1="0.910247" intensity="1.376978e+001" type="0"/>
    <Peak1D F1="0.895304" intensity="1.500000e+001" type="0"/>
    <Peak1D F1="0.869019" intensity="8.077511e+000" type="0"/>
    <Peak1D F1="0.755129" intensity="1.859891e-001" type="0"/>
    <Peak1D F1="0.739438" intensity="1.850343e-001" type="0"/>
    <Peak1D F1="0.577436" intensity="4.000067e-002" type="0"/>
    <Peak1D F1="0.521645" intensity="3.494648e-002" type="0"/>
    <Peak1D F1="0.496002" intensity="3.249380e-002" type="0"/>
    <Peak1D F1="0.373816" intensity="2.171412e-002" type="0"/>
    <Peak1D F1="0.345584" intensity="2.046476e-002" type="0"/>
    <Peak1D F1="0.281368" intensity="1.801515e-002" type="0"/>
    <Peak1D F1="0.212606" intensity="1.486247e-002" type="0"/>
    <Peak1D F1="0.169523" intensity="1.438982e-002" type="0"/>
    <Peak1D F1="0.138065" intensity="1.291063e-002" type="0"/>
    <Peak1D F1="0.107831" intensity="1.296606e-002" type="0"/>
    <Peak1D F1="0.092313" intensity="1.193759e-002" type="0"/>
    <Peak1D F1="0.047621" intensity="1.123472e-002" type="0"/>
    <Peak1D F1="-0.023924" intensity="9.719249e-003" type="0"/>
    <Peak1D F1="-0.050096" intensity="9.960344e-003" type="0"/>
    <Peak1D F1="-0.060196" intensity="9.708691e-003" type="0"/>
    <Peak1D F1="-0.064823" intensity="9.460685e-003" type="0"/>
    <Peak1D F1="-0.130830" intensity="9.337595e-003" type="0"/>
    <Peak1D F1="-0.205930" intensity="7.189398e-003" type="0"/>
    <Peak1D F1="-0.259584" intensity="6.922698e-003" type="0"/>
    <Peak1D F1="-0.285056" intensity="6.599022e-003" type="0"/>
    <Peak1D F1="-0.306763" intensity="5.941300e-003" type="0"/>
    <Peak1D F1="-0.347123" intensity="6.252687e-003" type="0"/>
    <Peak1D F1="-0.374008" intensity="5.119658e-003" type="0"/>
    <Peak1D F1="-0.395217" intensity="5.398412e-003" type="0"/>
    <Peak1D F1="-0.436057" intensity="4.585565e-003" type="0"/>
    <Peak1D F1="-0.518333" intensity="4.099436e-003" type="0"/>
    <Peak1D F1="-0.576637" intensity="4.645576e-003" type="0"/>
    <Peak1D F1="-0.591126" intensity="4.956192e-003" type="0"/>
    <Peak1D F1="-0.636429" intensity="3.607540e-003" type="0"/>
    <Peak1D F1="-0.647790" intensity="3.846780e-003" type="0"/>
    <Peak1D F1="-0.746819" intensity="3.455479e-003" type="0"/>
    <Peak1D F1="-0.777555" intensity="4.132337e-003" type="0"/>
    <Peak1D F1="-2.663027" intensity="3.290858e-003" type="0"/>
    <Peak1D F1="-3.035313" intensity="3.615742e-003" type="0"/>
    <Peak1D F1="-3.092536" intensity="3.424948e-003" type="0"/>
    <Peak1D F1="-3.171414" intensity="3.462216e-003" type="0"/>
    <Peak1D F1="-3.203275" intensity="3.705615e-003" type="0"/>
    <Peak1D F1="-3.245470" intensity="3.508511e-003" type="0"/>
    <Peak1D F1="-3.303688" intensity="3.847306e-003" type="0"/>
    <Peak1D F1="-3.348223" intensity="3.840445e-003" type="0"/>
    <Peak1D F1="-3.391188" intensity="3.541265e-003" type="0"/>
    <Peak1D F1="-3.422396" intensity="4.191091e-003" type="0"/>
    <Peak1D F1="-3.473383" intensity="4.070655e-003" type="0"/>
    <Peak1D F1="-3.518468" intensity="4.161492e-003" type="0"/>
    <Peak1D F1="-3.536372" intensity="3.906728e-003" type="0"/>
    <Peak1D F1="-3.552017" intensity="3.563468e-003" type="0"/>
    <Peak1D F1="-3.621241" intensity="3.969733e-003" type="0"/>
    <Peak1D F1="-3.760440" intensity="3.821053e-003" type="0"/>
  </PeakList1D>
</PeakList>
