{"IFD.version":"0.1.0-beta+2025.07.24",
"FAIRSpec.extractor.version":"0.1.0-beta+2025.07.24",
"FAIRSpec.extractor.code":"https://github.com/IUPAC/IUPAC-FAIRSpec/blob/main/src/main/java/com/integratedgraphics/extractor/IFDExtractor.java",
"FAIRSpec.extractor.creation_date":"17 Aug 2025 02:50:03 GMT",
"FAIRSpec.extractor.script":"IFD-extract.json",
"FAIRSpec.extractor.sources":
["file:///c:/temp/iupac/acs/zip/acs.orglett.9b02307.NMR.rar",
"file:/C:/Users/hanso/git/IUPAC-FAIRSpec/./extract/acs.orgLett.9b02307/structures/"
],
"FAIRSpec.extractor.list_type":"manifest",
"FAIRSpec.extractor.list_fileCount":358,
"FAIRSpec.extractor.list_byteCount":49694842,
"FAIRSpec.extractor.list":
[
"acs.orglett.9b02307.NMR/NMR_3a_13C.zip",
"acs.orglett.9b02307.NMR/NMR_3a_1H.zip",
"acs.orglett.9b02307.NMR/NMR_3a_1H_pdata_1_Z143374-1H-zg30.pdf",
"acs.orglett.9b02307.NMR/NMR_3a_DEPT.zip",
"acs.orglett.9b02307.NMR/NMR_3aa_13C.zip",
"acs.orglett.9b02307.NMR/NMR_3aa_1H.zip",
"acs.orglett.9b02307.NMR/NMR_3aa_1H_pdata_1_Z144149-1H-zg30.pdf",
"acs.orglett.9b02307.NMR/NMR_3aa_DEPT.zip",
"acs.orglett.9b02307.NMR/NMR_3ab_13C.zip",
"acs.orglett.9b02307.NMR/NMR_3ab_1H.zip",
"acs.orglett.9b02307.NMR/NMR_3ab_1H_pdata_1_Z144085-1H-zg30.pdf",
"acs.orglett.9b02307.NMR/NMR_3ab_DEPT.zip",
"acs.orglett.9b02307.NMR/NMR_3ac_13C.zip",
"acs.orglett.9b02307.NMR/NMR_3ac_1H.zip",
"acs.orglett.9b02307.NMR/NMR_3ac_DEPT.zip",
"acs.orglett.9b02307.NMR/NMR_3ad_13C.zip",
"acs.orglett.9b02307.NMR/NMR_3ad_13C_pdata_1_thumb.png",
"acs.orglett.9b02307.NMR/NMR_3ad_1H.zip",
"acs.orglett.9b02307.NMR/NMR_3ae_13C.zip",
"acs.orglett.9b02307.NMR/NMR_3ae_1H.zip",
"acs.orglett.9b02307.NMR/NMR_3ae_1H_pdata_1_Z144537-1H-zg30.pdf",
"acs.orglett.9b02307.NMR/NMR_3ae_DEPT.zip",
"acs.orglett.9b02307.NMR/NMR_3af_13C.zip",
"acs.orglett.9b02307.NMR/NMR_3af_1H.zip",
"acs.orglett.9b02307.NMR/NMR_3af_1H_pdata_1_Z144560-1H-zg30.pdf",
"acs.orglett.9b02307.NMR/NMR_3af_DEPT.zip",
"acs.orglett.9b02307.NMR/NMR_3ag_13C.zip",
"acs.orglett.9b02307.NMR/NMR_3ag_1H.zip",
"acs.orglett.9b02307.NMR/NMR_3ag_1H_pdata_1_Z144479-1H-zg30.pdf",
"acs.orglett.9b02307.NMR/NMR_3ag_DEPT.zip",
"acs.orglett.9b02307.NMR/NMR_3ah_13C.zip",
"acs.orglett.9b02307.NMR/NMR_3ah_1H.zip",
"acs.orglett.9b02307.NMR/NMR_3ah_1H_pdata_1_Z144334-1H-zg30.pdf",
"acs.orglett.9b02307.NMR/NMR_3ah_DEPT.zip",
"acs.orglett.9b02307.NMR/NMR_3ai_13C.zip",
"acs.orglett.9b02307.NMR/NMR_3ai_19F.zip",
"acs.orglett.9b02307.NMR/NMR_3ai_19F_pdata_1_Z146985-19F-zgfhigqn.pdf",
"acs.orglett.9b02307.NMR/NMR_3ai_1H.zip",
"acs.orglett.9b02307.NMR/NMR_3aj_13C.zip",
"acs.orglett.9b02307.NMR/NMR_3aj_13C_pdata_1_thumb.png",
"acs.orglett.9b02307.NMR/NMR_3aj_1H.zip",
"acs.orglett.9b02307.NMR/NMR_3aj_1H_pdata_1_thumb.png",
"acs.orglett.9b02307.NMR/NMR_3aj_DEPT.zip",
"acs.orglett.9b02307.NMR/NMR_3ak_13C.zip",
"acs.orglett.9b02307.NMR/NMR_3ak_1H.zip",
"acs.orglett.9b02307.NMR/NMR_3ak_DEPT.zip",
"acs.orglett.9b02307.NMR/NMR_3b_13C.zip",
"acs.orglett.9b02307.NMR/NMR_3b_1H.zip",
"acs.orglett.9b02307.NMR/NMR_3b_1H_pdata_1_Z144158-1H-zg30.pdf",
"acs.orglett.9b02307.NMR/NMR_3b_DEPT.zip",
"acs.orglett.9b02307.NMR/NMR_3c_13C.zip",
"acs.orglett.9b02307.NMR/NMR_3c_1H.zip",
"acs.orglett.9b02307.NMR/NMR_3c_1H_pdata_1_Z145332-1H-zg30.pdf",
"acs.orglett.9b02307.NMR/NMR_3c_DEPT.zip",
"acs.orglett.9b02307.NMR/NMR_3c_DEPT_pdata_1_thumb.png",
"acs.orglett.9b02307.NMR/NMR_3d_13C.zip",
"acs.orglett.9b02307.NMR/NMR_3d_1H.zip",
"acs.orglett.9b02307.NMR/NMR_3e_13C.zip",
"acs.orglett.9b02307.NMR/NMR_3e_1H.zip",
"acs.orglett.9b02307.NMR/NMR_3e_1H_pdata_1_Z144111-1H-zg30.pdf",
"acs.orglett.9b02307.NMR/NMR_3e_DEPT.zip",
"acs.orglett.9b02307.NMR/NMR_3f_13C.zip",
"acs.orglett.9b02307.NMR/NMR_3f_13C_pdata_1_thumb.png",
"acs.orglett.9b02307.NMR/NMR_3f_19F.zip",
"acs.orglett.9b02307.NMR/NMR_3f_22.zip",
"acs.orglett.9b02307.NMR/NMR_3f_DEPT.zip",
"acs.orglett.9b02307.NMR/NMR_3g_13C.zip",
"acs.orglett.9b02307.NMR/NMR_3g_13C_pdata_1_thumb.png",
"acs.orglett.9b02307.NMR/NMR_3g_1H.zip",
"acs.orglett.9b02307.NMR/NMR_3g_DEPT.zip",
"acs.orglett.9b02307.NMR/NMR_3h_13C.zip",
"acs.orglett.9b02307.NMR/NMR_3h_13C_pdata_1_thumb.png",
"acs.orglett.9b02307.NMR/NMR_3h_19F.zip",
"acs.orglett.9b02307.NMR/NMR_3h_19F_pdata_1_Z145172-19F-zgfhigqn.pdf",
"acs.orglett.9b02307.NMR/NMR_3h_1H.zip",
"acs.orglett.9b02307.NMR/NMR_3i_13C.zip",
"acs.orglett.9b02307.NMR/NMR_3i_1H.zip",
"acs.orglett.9b02307.NMR/NMR_3j_13C.zip",
"acs.orglett.9b02307.NMR/NMR_3j_13C_pdata_1_thumb.png",
"acs.orglett.9b02307.NMR/NMR_3j_1H.zip",
"acs.orglett.9b02307.NMR/NMR_3k_13C.zip",
"acs.orglett.9b02307.NMR/NMR_3k_1H.zip",
"acs.orglett.9b02307.NMR/NMR_3k_1H_pdata_1_Z144057-1H-zg30.pdf",
"acs.orglett.9b02307.NMR/NMR_3k_DEPT.zip",
"acs.orglett.9b02307.NMR/NMR_3k_DEPT_pdata_1_thumb.png",
"acs.orglett.9b02307.NMR/NMR_3l_13C.zip",
"acs.orglett.9b02307.NMR/NMR_3l_1H.zip",
"acs.orglett.9b02307.NMR/NMR_3l_1H_pdata_1_Z144277-1H-zg30.pdf",
"acs.orglett.9b02307.NMR/NMR_3l_DEPT.zip",
"acs.orglett.9b02307.NMR/NMR_3m_13C.zip",
"acs.orglett.9b02307.NMR/NMR_3m_1H.zip",
"acs.orglett.9b02307.NMR/NMR_3m_1H_pdata_1_Z145453-1H-zg30.pdf",
"acs.orglett.9b02307.NMR/NMR_3m_DEPT.zip",
"acs.orglett.9b02307.NMR/NMR_3n_13C.zip",
"acs.orglett.9b02307.NMR/NMR_3n_1H.zip",
"acs.orglett.9b02307.NMR/NMR_3n_1H_pdata_1_Z144382-1H-zg30.pdf",
"acs.orglett.9b02307.NMR/NMR_3n_DEPT.zip",
"acs.orglett.9b02307.NMR/NMR_3o_13C.zip",
"acs.orglett.9b02307.NMR/NMR_3o_13C_pdata_1_thumb.png",
"acs.orglett.9b02307.NMR/NMR_3o_1H.zip",
"acs.orglett.9b02307.NMR/NMR_3o_DEPT.zip",
"acs.orglett.9b02307.NMR/NMR_3p_13C.zip",
"acs.orglett.9b02307.NMR/NMR_3p_1H.zip",
"acs.orglett.9b02307.NMR/NMR_3p_1H_pdata_1_Z144888-1H-zg30.pdf",
"acs.orglett.9b02307.NMR/NMR_3p_DEPT.zip",
"acs.orglett.9b02307.NMR/NMR_3q_13C.zip",
"acs.orglett.9b02307.NMR/NMR_3q_1H.zip",
"acs.orglett.9b02307.NMR/NMR_3q_1H_pdata_1_Z144483-1H-zg30.pdf",
"acs.orglett.9b02307.NMR/NMR_3q_DEPT.zip",
"acs.orglett.9b02307.NMR/NMR_3r_13C.zip",
"acs.orglett.9b02307.NMR/NMR_3r_13C_pdata_1_thumb.png",
"acs.orglett.9b02307.NMR/NMR_3r_19F.zip",
"acs.orglett.9b02307.NMR/NMR_3r_19F_pdata_1_V347620-19F-zgfhigqn.pdf",
"acs.orglett.9b02307.NMR/NMR_3r_1H.zip",
"acs.orglett.9b02307.NMR/NMR_3r_DEPT.zip",
"acs.orglett.9b02307.NMR/NMR_3s_13C.zip",
"acs.orglett.9b02307.NMR/NMR_3s_1H.zip",
"acs.orglett.9b02307.NMR/NMR_3s_1H_pdata_1_Z144418-1H-zg30.pdf",
"acs.orglett.9b02307.NMR/NMR_3s_DEPT.zip",
"acs.orglett.9b02307.NMR/NMR_3t_13C.zip",
"acs.orglett.9b02307.NMR/NMR_3t_1H.zip",
"acs.orglett.9b02307.NMR/NMR_3t_1H_pdata_1_Z145354-1H-zg30.pdf",
"acs.orglett.9b02307.NMR/NMR_3t_DEPT.zip",
"acs.orglett.9b02307.NMR/NMR_3u_13C.zip",
"acs.orglett.9b02307.NMR/NMR_3u_1H.zip",
"acs.orglett.9b02307.NMR/NMR_3u_1H_pdata_1_Z145546-1H-zg30.pdf",
"acs.orglett.9b02307.NMR/NMR_3u_DEPT.zip",
"acs.orglett.9b02307.NMR/NMR_3v_13C.zip",
"acs.orglett.9b02307.NMR/NMR_3v_13C_pdata_1_thumb.png",
"acs.orglett.9b02307.NMR/NMR_3v_1H.zip",
"acs.orglett.9b02307.NMR/NMR_3v_DEPT.zip",
"acs.orglett.9b02307.NMR/NMR_3w_13C.zip",
"acs.orglett.9b02307.NMR/NMR_3w_1H.zip",
"acs.orglett.9b02307.NMR/NMR_3w_1H_pdata_1_Z144900-1H-zg30.pdf",
"acs.orglett.9b02307.NMR/NMR_3w_DEPT.zip",
"acs.orglett.9b02307.NMR/NMR_3x_13C.zip",
"acs.orglett.9b02307.NMR/NMR_3x_13C_pdata_1_thumb.png",
"acs.orglett.9b02307.NMR/NMR_3x_1H.zip",
"acs.orglett.9b02307.NMR/NMR_3x_1H_pdata_1_thumb.png",
"acs.orglett.9b02307.NMR/NMR_3x_DEPT.zip",
"acs.orglett.9b02307.NMR/NMR_3y_13C.zip",
"acs.orglett.9b02307.NMR/NMR_3y_13C_pdata_1_thumb.png",
"acs.orglett.9b02307.NMR/NMR_3y_19F.zip",
"acs.orglett.9b02307.NMR/NMR_3y_19F_pdata_1_V347844-19F-zgfhigqn.pdf",
"acs.orglett.9b02307.NMR/NMR_3y_1H.zip",
"acs.orglett.9b02307.NMR/NMR_3z_13C.zip",
"acs.orglett.9b02307.NMR/NMR_3z_1H.zip",
"acs.orglett.9b02307.NMR/NMR_3z_1H_pdata_1_Z145176-1H-zg30.pdf",
"acs.orglett.9b02307.NMR/NMR_3z_DEPT.zip",
"acs.orglett.9b02307.NMR/NMR_3z_DEPT_pdata_1_thumb.png",
"acs.orglett.9b02307.NMR/NMR_5a_13C.zip",
"acs.orglett.9b02307.NMR/NMR_5a_1H.zip",
"acs.orglett.9b02307.NMR/NMR_5a_1H_pdata_1_Z145361-1H-zg30.pdf",
"acs.orglett.9b02307.NMR/NMR_5a_DEPT.zip",
"acs.orglett.9b02307.NMR/NMR_5a_DEPT_pdata_1_thumb.png",
"acs.orglett.9b02307.NMR/NMR_5b_13C.zip",
"acs.orglett.9b02307.NMR/NMR_5b_19F.zip",
"acs.orglett.9b02307.NMR/NMR_5b_19F_pdata_1_Z147468-19F-zgfhigqn.pdf",
"acs.orglett.9b02307.NMR/NMR_5b_1H.zip",
"acs.orglett.9b02307.NMR/NMR_5b_1H_pdata_1_thumb.png",
"acs.orglett.9b02307.NMR/NMR_5b_DEPT.zip",
"acs.orglett.9b02307.NMR/NMR_5c_13C.zip",
"acs.orglett.9b02307.NMR/NMR_5c_19F.zip",
"acs.orglett.9b02307.NMR/NMR_5c_19F_pdata_1_Z148886-19F-zgfhigqn.pdf",
"acs.orglett.9b02307.NMR/NMR_5c_1H.zip",
"acs.orglett.9b02307.NMR/NMR_5c_DEPT.zip",
"acs.orglett.9b02307.NMR/NMR_5d_13C.zip",
"acs.orglett.9b02307.NMR/NMR_5d_19F.zip",
"acs.orglett.9b02307.NMR/NMR_5d_19F_pdata_1_Z149033-19F-zgfhigqn.pdf",
"acs.orglett.9b02307.NMR/NMR_5d_1H.zip",
"acs.orglett.9b02307.NMR/NMR_5d_1H_pdata_1_thumb.png",
"acs.orglett.9b02307.NMR/NMR_5d_DEPT.zip",
"acs.orglett.9b02307.NMR/NMR_5e_13C.zip",
"acs.orglett.9b02307.NMR/NMR_5e_1H.zip",
"acs.orglett.9b02307.NMR/NMR_5e_DEPT.zip",
"acs.orglett.9b02307.NMR/NMR_5f_13C.zip",
"acs.orglett.9b02307.NMR/NMR_5f_1H.zip",
"acs.orglett.9b02307.NMR/NMR_5f_DEPT.zip",
"acs.orglett.9b02307.NMR/NMR_5g_13C.zip",
"acs.orglett.9b02307.NMR/NMR_5g_19F.zip",
"acs.orglett.9b02307.NMR/NMR_5g_19F_pdata_1_Z147469-19F-zgfhigqn.pdf",
"acs.orglett.9b02307.NMR/NMR_5g_1H.zip",
"acs.orglett.9b02307.NMR/NMR_5g_DEPT.zip",
"acs.orglett.9b02307.NMR/NMR_5h_13C.zip",
"acs.orglett.9b02307.NMR/NMR_5h_1H.zip",
"acs.orglett.9b02307.NMR/NMR_5h_1H_pdata_1_Z147429-1H-zg30.pdf",
"acs.orglett.9b02307.NMR/NMR_5h_DEPT.zip",
"acs.orglett.9b02307.NMR/NMR_5i_13C.zip",
"acs.orglett.9b02307.NMR/NMR_5i_1H.zip",
"acs.orglett.9b02307.NMR/NMR_5j_13C.zip",
"acs.orglett.9b02307.NMR/NMR_5j_1H.zip",
"acs.orglett.9b02307.NMR/NMR_5j_DEPT.zip",
"acs.orglett.9b02307.NMR/NMR_5k_13C.zip",
"acs.orglett.9b02307.NMR/NMR_5k_1H.zip",
"acs.orglett.9b02307.NMR/NMR_5k_DEPT.zip",
"acs.orglett.9b02307.NMR/NMR_5l_13C.zip",
"acs.orglett.9b02307.NMR/NMR_5l_1H.zip",
"acs.orglett.9b02307.NMR/NMR_5l_DEPT.zip",
"acs.orglett.9b02307.NMR/NMR_5m_13C.zip",
"acs.orglett.9b02307.NMR/NMR_5m_1H.zip",
"acs.orglett.9b02307.NMR/NMR_5m_DEPT.zip",
"acs.orglett.9b02307.NMR/NMR_5n_11.zip",
"acs.orglett.9b02307.NMR/NMR_5n_1H.zip"
,"structures/3a.cdxml",
"structures/3a.cdxml.mol",
"structures/3a.cdxml.png",
"structures/3aa.cdxml",
"structures/3aa.cdxml.mol",
"structures/3aa.cdxml.png",
"structures/3ab.cdxml",
"structures/3ab.cdxml.mol",
"structures/3ab.cdxml.png",
"structures/3ac.cdxml",
"structures/3ac.cdxml.mol",
"structures/3ac.cdxml.png",
"structures/3ad.cdxml",
"structures/3ad.cdxml.mol",
"structures/3ad.cdxml.png",
"structures/3ae.cdxml",
"structures/3ae.cdxml.mol",
"structures/3ae.cdxml.png",
"structures/3af.cdxml",
"structures/3af.cdxml.mol",
"structures/3af.cdxml.png",
"structures/3ag.cdxml",
"structures/3ag.cdxml.mol",
"structures/3ag.cdxml.png",
"structures/3ah.cdxml",
"structures/3ah.cdxml.mol",
"structures/3ah.cdxml.png",
"structures/3ai.cdxml",
"structures/3ai.cdxml.mol",
"structures/3ai.cdxml.png",
"structures/3aj.cdxml",
"structures/3aj.cdxml.mol",
"structures/3aj.cdxml.png",
"structures/3ak.cdxml",
"structures/3ak.cdxml.mol",
"structures/3ak.cdxml.png",
"structures/3b.cdxml",
"structures/3b.cdxml.mol",
"structures/3b.cdxml.png",
"structures/3c.cdxml",
"structures/3c.cdxml.mol",
"structures/3c.cdxml.png",
"structures/3d.cdxml",
"structures/3d.cdxml.mol",
"structures/3d.cdxml.png",
"structures/3e.cdxml",
"structures/3e.cdxml.mol",
"structures/3e.cdxml.png",
"structures/3f.cdxml",
"structures/3f.cdxml.mol",
"structures/3f.cdxml.png",
"structures/3g.cdxml",
"structures/3g.cdxml.mol",
"structures/3g.cdxml.png",
"structures/3h.cdxml",
"structures/3h.cdxml.mol",
"structures/3h.cdxml.png",
"structures/3i-NOT.cdxml",
"structures/3i-NOT.cdxml.mol",
"structures/3i.cdxml",
"structures/3i.cdxml.mol",
"structures/3i.cdxml.png",
"structures/3j.cdxml",
"structures/3j.cdxml.mol",
"structures/3j.cdxml.png",
"structures/3k.cdxml",
"structures/3k.cdxml.mol",
"structures/3k.cdxml.png",
"structures/3l.cdxml",
"structures/3l.cdxml.mol",
"structures/3l.cdxml.png",
"structures/3m.cdxml",
"structures/3m.cdxml.mol",
"structures/3m.cdxml.png",
"structures/3n.cdxml",
"structures/3n.cdxml.mol",
"structures/3n.cdxml.png",
"structures/3o.cdxml",
"structures/3o.cdxml.mol",
"structures/3o.cdxml.png",
"structures/3p.cdxml",
"structures/3p.cdxml.mol",
"structures/3p.cdxml.png",
"structures/3q.cdxml",
"structures/3q.cdxml.mol",
"structures/3q.cdxml.png",
"structures/3r.cdxml",
"structures/3r.cdxml.mol",
"structures/3r.cdxml.png",
"structures/3s.cdxml",
"structures/3s.cdxml.mol",
"structures/3s.cdxml.png",
"structures/3t.cdxml",
"structures/3t.cdxml.mol",
"structures/3t.cdxml.png",
"structures/3u.cdxml",
"structures/3u.cdxml.mol",
"structures/3u.cdxml.png",
"structures/3v.cdxml",
"structures/3v.cdxml.mol",
"structures/3v.cdxml.png",
"structures/3w.cdxml",
"structures/3w.cdxml.mol",
"structures/3w.cdxml.png",
"structures/3x.cdxml",
"structures/3x.cdxml.mol",
"structures/3x.cdxml.png",
"structures/3y.cdxml",
"structures/3y.cdxml.mol",
"structures/3y.cdxml.png",
"structures/3z.cdxml",
"structures/3z.cdxml.mol",
"structures/3z.cdxml.png",
"structures/5a.cdxml",
"structures/5a.cdxml.mol",
"structures/5a.cdxml.png",
"structures/5b.cdxml",
"structures/5b.cdxml.mol",
"structures/5b.cdxml.png",
"structures/5c.cdxml",
"structures/5c.cdxml.mol",
"structures/5c.cdxml.png",
"structures/5d.cdxml",
"structures/5d.cdxml.mol",
"structures/5d.cdxml.png",
"structures/5e.cdxml",
"structures/5e.cdxml.mol",
"structures/5e.cdxml.png",
"structures/5f.cdxml",
"structures/5f.cdxml.mol",
"structures/5f.cdxml.png",
"structures/5g.cdxml",
"structures/5g.cdxml.mol",
"structures/5g.cdxml.png",
"structures/5h.cdxml",
"structures/5h.cdxml.mol",
"structures/5h.cdxml.png",
"structures/5i.cdxml",
"structures/5i.cdxml.mol",
"structures/5i.cdxml.png",
"structures/5j.cdxml",
"structures/5j.cdxml.mol",
"structures/5j.cdxml.png",
"structures/5k.cdxml",
"structures/5k.cdxml.mol",
"structures/5k.cdxml.png",
"structures/5l.cdxml",
"structures/5l.cdxml.mol",
"structures/5l.cdxml.png",
"structures/5m.cdxml",
"structures/5m.cdxml.mol",
"structures/5m.cdxml.png",
"structures/5n.cdxml",
"structures/5n.cdxml.mol",
"structures/5n.cdxml.png"
]
}
