<?xml version="1.0" encoding="UTF-8"?>
<PeakList>
  <PeakList1D>
    <PeakList1DHeader creator="nmrsu" date="2023-06-15T12:43:40.556-05:00" expNo="1203610" name="Jun15-2023" owner="" procNo="1" source="G:/data/chem-synthesis-a-team4/nmr">
      <PeakPickDetails>F1=16.187771ppm, F2=-3.837772ppm, MI=0.00cm, MAXI=10000.00cm, PC=1.000
      </PeakPickDetails>
    </PeakList1DHeader>
    <Peak1D F1="14.045784" intensity="3.348977e-004" type="0"/>
    <Peak1D F1="11.112067" intensity="2.954915e-004" type="0"/>
    <Peak1D F1="8.894641" intensity="3.543846e-004" type="0"/>
    <Peak1D F1="8.867807" intensity="3.918626e-004" type="0"/>
    <Peak1D F1="8.831967" intensity="6.572891e-004" type="0"/>
    <Peak1D F1="8.746556" intensity="1.435587e-003" type="0"/>
    <Peak1D F1="8.665860" intensity="1.980049e-003" type="0"/>
    <Peak1D F1="8.646326" intensity="2.119441e-003" type="0"/>
    <Peak1D F1="8.629549" intensity="2.177937e-003" type="0"/>
    <Peak1D F1="8.619987" intensity="2.272675e-003" type="0"/>
    <Peak1D F1="8.578510" intensity="2.653076e-003" type="0"/>
    <Peak1D F1="8.499446" intensity="1.634250e-002" type="0"/>
    <Peak1D F1="8.492892" intensity="1.814579e-002" type="0"/>
    <Peak1D F1="8.475968" intensity="2.069882e-002" type="0"/>
    <Peak1D F1="8.439329" intensity="9.092817e-003" type="0"/>
    <Peak1D F1="8.419492" intensity="2.259157e-002" type="0"/>
    <Peak1D F1="8.400700" intensity="2.634648e-002" type="0"/>
    <Peak1D F1="8.395817" intensity="2.522650e-002" type="0"/>
    <Peak1D F1="8.376895" intensity="1.556906e-002" type="0"/>
    <Peak1D F1="8.285996" intensity="2.748284e+000" type="0"/>
    <Peak1D F1="8.264079" intensity="4.831442e+000" type="0"/>
    <Peak1D F1="8.209489" intensity="4.893168e+000" type="0"/>
    <Peak1D F1="8.187481" intensity="2.758640e+000" type="0"/>
    <Peak1D F1="8.067692" intensity="1.836932e-002" type="0"/>
    <Peak1D F1="8.049853" intensity="1.348282e-002" type="0"/>
    <Peak1D F1="8.044231" intensity="1.191969e-002" type="0"/>
    <Peak1D F1="8.026105" intensity="1.635811e-003" type="0"/>
    <Peak1D F1="7.997753" intensity="1.956883e-002" type="0"/>
    <Peak1D F1="7.979253" intensity="1.493522e-002" type="0"/>
    <Peak1D F1="7.973593" intensity="1.259843e-002" type="0"/>
    <Peak1D F1="7.961230" intensity="1.246284e-003" type="0"/>
    <Peak1D F1="7.900439" intensity="5.842113e-004" type="0"/>
    <Peak1D F1="7.890800" intensity="6.142903e-004" type="0"/>
    <Peak1D F1="7.873535" intensity="5.569698e-004" type="0"/>
    <Peak1D F1="7.841980" intensity="3.588134e-004" type="0"/>
    <Peak1D F1="7.807576" intensity="3.312028e-004" type="0"/>
    <Peak1D F1="7.771618" intensity="2.702529e-004" type="0"/>
    <Peak1D F1="7.760368" intensity="3.248047e-004" type="0"/>
    <Peak1D F1="7.731441" intensity="2.808842e-004" type="0"/>
    <Peak1D F1="7.670635" intensity="3.639648e-004" type="0"/>
    <Peak1D F1="7.627967" intensity="2.873787e-004" type="0"/>
    <Peak1D F1="7.586730" intensity="3.103414e-004" type="0"/>
    <Peak1D F1="7.542541" intensity="9.438382e-004" type="0"/>
    <Peak1D F1="7.534455" intensity="3.025846e-004" type="0"/>
    <Peak1D F1="7.487402" intensity="2.924631e-004" type="0"/>
    <Peak1D F1="7.469708" intensity="4.240780e-004" type="0"/>
    <Peak1D F1="7.451158" intensity="3.261268e-004" type="0"/>
    <Peak1D F1="7.435894" intensity="2.712527e-004" type="0"/>
    <Peak1D F1="7.401900" intensity="4.051156e-004" type="0"/>
    <Peak1D F1="7.386121" intensity="3.643682e-004" type="0"/>
    <Peak1D F1="7.355722" intensity="5.564655e-004" type="0"/>
    <Peak1D F1="7.283032" intensity="1.510695e-001" type="0"/>
    <Peak1D F1="7.018735" intensity="8.566279e-004" type="0"/>
    <Peak1D F1="4.847085" intensity="3.105019e-004" type="0"/>
    <Peak1D F1="4.831394" intensity="2.880227e-004" type="0"/>
    <Peak1D F1="4.807673" intensity="3.302524e-004" type="0"/>
    <Peak1D F1="4.788588" intensity="2.779467e-004" type="0"/>
    <Peak1D F1="4.746368" intensity="2.735930e-004" type="0"/>
    <Peak1D F1="4.708134" intensity="2.760066e-004" type="0"/>
    <Peak1D F1="4.680600" intensity="3.148396e-004" type="0"/>
    <Peak1D F1="4.643892" intensity="3.796339e-004" type="0"/>
    <Peak1D F1="4.633839" intensity="4.510057e-004" type="0"/>
    <Peak1D F1="4.611958" intensity="6.214119e-004" type="0"/>
    <Peak1D F1="4.568054" intensity="7.178502e-004" type="0"/>
    <Peak1D F1="4.545969" intensity="8.082109e-004" type="0"/>
    <Peak1D F1="4.444972" intensity="1.891009e-003" type="0"/>
    <Peak1D F1="4.435484" intensity="1.945541e-003" type="0"/>
    <Peak1D F1="4.332839" intensity="2.238957e-003" type="0"/>
    <Peak1D F1="4.281322" intensity="2.672169e-003" type="0"/>
    <Peak1D F1="4.245199" intensity="3.620497e-003" type="0"/>
    <Peak1D F1="4.222962" intensity="4.018552e-003" type="0"/>
    <Peak1D F1="4.212762" intensity="4.434408e-003" type="0"/>
    <Peak1D F1="4.158064" intensity="9.380914e-002" type="0"/>
    <Peak1D F1="4.113375" intensity="9.296739e-003" type="0"/>
    <Peak1D F1="4.088581" intensity="1.463022e-002" type="0"/>
    <Peak1D F1="3.975909" intensity="1.500000e+001" type="0"/>
    <Peak1D F1="3.947402" intensity="3.772423e-002" type="0"/>
    <Peak1D F1="3.930246" intensity="1.361540e-002" type="0"/>
    <Peak1D F1="3.908149" intensity="4.772532e-003" type="0"/>
    <Peak1D F1="3.899712" intensity="4.249185e-003" type="0"/>
    <Peak1D F1="3.891571" intensity="3.302791e-003" type="0"/>
    <Peak1D F1="3.880219" intensity="2.712631e-003" type="0"/>
    <Peak1D F1="3.872737" intensity="2.695267e-003" type="0"/>
    <Peak1D F1="3.843581" intensity="2.258254e-003" type="0"/>
    <Peak1D F1="3.830240" intensity="1.594158e-003" type="0"/>
    <Peak1D F1="3.814982" intensity="1.513676e-003" type="0"/>
    <Peak1D F1="3.788733" intensity="8.817483e-002" type="0"/>
    <Peak1D F1="3.756494" intensity="6.814135e-004" type="0"/>
    <Peak1D F1="3.745050" intensity="6.426222e-004" type="0"/>
    <Peak1D F1="3.732227" intensity="4.526814e-004" type="0"/>
    <Peak1D F1="3.724607" intensity="3.888402e-004" type="0"/>
    <Peak1D F1="3.689946" intensity="3.344339e-004" type="0"/>
    <Peak1D F1="3.666069" intensity="7.704307e-004" type="0"/>
    <Peak1D F1="3.478634" intensity="2.733505e-004" type="0"/>
    <Peak1D F1="2.343870" intensity="3.289459e-004" type="0"/>
    <Peak1D F1="2.087614" intensity="3.466758e-004" type="0"/>
    <Peak1D F1="2.035953" intensity="4.608411e-004" type="0"/>
    <Peak1D F1="1.970384" intensity="3.583099e-004" type="0"/>
    <Peak1D F1="1.916303" intensity="5.791676e-004" type="0"/>
    <Peak1D F1="1.751826" intensity="2.394749e-002" type="0"/>
    <Peak1D F1="1.531599" intensity="3.411039e-004" type="0"/>
    <Peak1D F1="1.515632" intensity="3.237662e-004" type="0"/>
    <Peak1D F1="1.436531" intensity="2.805140e-004" type="0"/>
    <Peak1D F1="1.423681" intensity="2.694686e-004" type="0"/>
    <Peak1D F1="1.405308" intensity="2.642268e-004" type="0"/>
    <Peak1D F1="1.350305" intensity="3.088893e-004" type="0"/>
    <Peak1D F1="1.239578" intensity="5.182717e-003" type="0"/>
    <Peak1D F1="0.937028" intensity="2.667291e-004" type="0"/>
    <Peak1D F1="0.876254" intensity="6.251000e-004" type="0"/>
    <Peak1D F1="0.862000" intensity="1.362857e-003" type="0"/>
    <Peak1D F1="0.845310" intensity="8.114537e-004" type="0"/>
    <Peak1D F1="0.835559" intensity="5.960637e-004" type="0"/>
    <Peak1D F1="0.076778" intensity="3.399822e-004" type="0"/>
    <Peak1D F1="-1.780261" intensity="3.054063e-004" type="0"/>
  </PeakList1D>
</PeakList>
