<?xml version="1.0" encoding="UTF-8"?>
<PeakList modified="2020-02-01T17:45:15">
  <PeakList1D>
    <PeakList1DHeader creator="Dell" date="2020-02-01T17:22:27" expNo="1" name="SDT331A" owner="" procNo="1" source="C:/Users/Dell/Desktop/NMR/Z-synthesis">
      <PeakPickDetails>F1=7.106826ppm, F2=7.042161ppm, MI=0.38cm, MAXI=0.95cm, PC=1.000
      </PeakPickDetails>
    </PeakList1DHeader>
    <Peak1D F1="7.077841" intensity="0.5748416" type="0"/>
    <Peak1D F1="7.068274" intensity="0.613389" type="0"/>
  </PeakList1D>
  <PeakList1D>
    <PeakList1DHeader creator="Dell" date="2020-02-01T17:22:27" expNo="1" name="SDT331A" owner="" procNo="1" source="C:/Users/Dell/Desktop/NMR/Z-synthesis">
      <PeakPickDetails>F1=6.852718ppm, F2=6.757086ppm, MI=0.25cm, MAXI=1.21cm, PC=1.000
      </PeakPickDetails>
    </PeakList1DHeader>
    <Peak1D F1="6.831818" intensity="0.3638357" type="0"/>
    <Peak1D F1="6.820455" intensity="0.8694158" type="0"/>
    <Peak1D F1="6.809359" intensity="0.707875" type="0"/>
    <Peak1D F1="6.797418" intensity="0.8460549" type="0"/>
    <Peak1D F1="6.787627" intensity="0.4227464" type="0"/>
  </PeakList1D>
  <PeakList1D>
    <PeakList1DHeader creator="Dell" date="2020-02-01T17:22:27" expNo="1" name="SDT331A" owner="" procNo="1" source="C:/Users/Dell/Desktop/NMR/Z-synthesis">
      <PeakPickDetails>F1=5.515691ppm, F2=5.267959ppm, MI=0.17cm, MAXI=0.88cm, PC=1.000
      </PeakPickDetails>
    </PeakList1DHeader>
    <Peak1D F1="5.409266" intensity="0.3568049" type="0"/>
    <Peak1D F1="5.399137" intensity="0.6501316" type="0"/>
    <Peak1D F1="5.388966" intensity="0.3653838" type="0"/>
  </PeakList1D>
  <PeakList1D>
    <PeakList1DHeader creator="Dell" date="2020-02-01T17:22:27" expNo="1" name="SDT331A" owner="" procNo="1" source="C:/Users/Dell/Desktop/NMR/Z-synthesis">
      <PeakPickDetails>F1=4.639879ppm, F2=4.210757ppm, MI=0.32cm, MAXI=1.45cm, PC=1.000
      </PeakPickDetails>
    </PeakList1DHeader>
    <Peak1D F1="4.420495" intensity="0.9096659" type="0"/>
    <Peak1D F1="4.412655" intensity="1.224999" type="0"/>
    <Peak1D F1="4.404642" intensity="0.925162" type="0"/>
  </PeakList1D>
  <PeakList1D>
    <PeakList1DHeader creator="Dell" date="2020-02-01T17:22:27" expNo="1" name="SDT331A" owner="" procNo="1" source="C:/Users/Dell/Desktop/NMR/Z-synthesis">
      <PeakPickDetails>F1=4.210757ppm, F2=3.848686ppm, MI=2.35cm, MAXI=7.90cm, PC=1.000
      </PeakPickDetails>
    </PeakList1DHeader>
    <Peak1D F1="3.87615" intensity="5.246898" type="0"/>
  </PeakList1D>
  <PeakList1D>
    <PeakList1DHeader creator="Dell" date="2020-02-01T17:22:27" expNo="1" name="SDT331A" owner="" procNo="1" source="C:/Users/Dell/Desktop/NMR/Z-synthesis">
      <PeakPickDetails>F1=3.848686ppm, F2=3.446384ppm, MI=0.30cm, MAXI=2.62cm, PC=1.000
      </PeakPickDetails>
    </PeakList1DHeader>
    <Peak1D F1="3.756522" intensity="0.8672327" type="0"/>
    <Peak1D F1="3.747097" intensity="1.678896" type="0"/>
    <Peak1D F1="3.737623" intensity="0.8923944" type="0"/>
  </PeakList1D>
  <PeakList1D>
    <PeakList1DHeader creator="Dell" date="2020-02-01T17:22:27" expNo="1" name="SDT331A" owner="" procNo="1" source="C:/Users/Dell/Desktop/NMR/Z-synthesis">
      <PeakPickDetails>F1=2.789292ppm, F2=2.279709ppm, MI=0.18cm, MAXI=1.49cm, PC=1.000
      </PeakPickDetails>
    </PeakList1DHeader>
    <Peak1D F1="2.67811" intensity="0.4201103" type="0"/>
    <Peak1D F1="2.668494" intensity="0.9936985" type="0"/>
    <Peak1D F1="2.658798" intensity="0.9789419" type="0"/>
    <Peak1D F1="2.649182" intensity="0.403923" type="0"/>
    <Peak1D F1="2.57216" intensity="0.7231129" type="0"/>
    <Peak1D F1="2.564447" intensity="1.017664" type="0"/>
    <Peak1D F1="2.55675" intensity="0.6945161" type="0"/>
  </PeakList1D>
  <PeakList1D>
    <PeakList1DHeader creator="Dell" date="2020-02-01T17:22:27" expNo="1" name="SDT331A" owner="" procNo="1" source="C:/Users/Dell/Desktop/NMR/Z-synthesis">
      <PeakPickDetails>F1=1.122641ppm, F2=0.689815ppm, MI=4.47cm, MAXI=26.40cm, PC=1.000
      </PeakPickDetails>
    </PeakList1DHeader>
    <Peak1D F1="0.898683" intensity="15.0" type="0"/>
  </PeakList1D>
  <PeakList1D>
    <PeakList1DHeader creator="Dell" date="2020-02-01T17:22:27" expNo="1" name="SDT331A" owner="" procNo="1" source="C:/Users/Dell/Desktop/NMR/Z-synthesis">
      <PeakPickDetails>F1=0.216413ppm, F2=-0.114969ppm, MI=2.89cm, MAXI=17.60cm, PC=1.000
      </PeakPickDetails>
    </PeakList1DHeader>
    <Peak1D F1="0.066821" intensity="10.38576" type="0"/>
  </PeakList1D>
  <PeakList1D>
    <PeakList1DHeader creator="Dell@Dell-PC" date="2020-02-01T17:45:17" expNo="1" name="SDT331A" owner="Dell" procNo="1" source="C:/Users/Dell/Desktop/NMR/Z-synthesis">
      <PeakPickDetails>Manually picked peaks
</PeakPickDetails>
    </PeakList1DHeader>
    <Peak1D F1="7.079608121430079" intensity="0.5545038396793597" type="1"/>
    <Peak1D F1="7.066599627818293" intensity="0.6061313668407042" type="1"/>
  </PeakList1D>
</PeakList>
