<?xml version="1.0" encoding="UTF-8"?>
<PeakList>
  <PeakList1D>
    <PeakList1DHeader creator="nmr600" date="2019-07-24T11:10:35.345+02:00" expNo="22" name="6Jul2419" owner="" procNo="1" source="/opt/topspin3.0/data/nmr600/nmr">
      <PeakPickDetails>F1=18.562969ppm, F2=-218.562988ppm, MI=0.00cm, MAXI=10000.00cm, PC=1.000
      </PeakPickDetails>
    </PeakList1DHeader>
    <Peak1D F1="-73.450592" intensity="2.014894e-03" type="0"/>
    <Peak1D F1="-73.545555" intensity="2.164012e-03" type="0"/>
    <Peak1D F1="-73.718864" intensity="2.108583e-03" type="0"/>
    <Peak1D F1="-76.277016" intensity="3.040224e-03" type="0"/>
    <Peak1D F1="-77.127579" intensity="9.030456e-03" type="0"/>
    <Peak1D F1="-77.315887" intensity="9.243311e-03" type="0"/>
    <Peak1D F1="-77.383797" intensity="9.312214e-03" type="0"/>
    <Peak1D F1="-78.075233" intensity="9.368784e-02" type="0"/>
    <Peak1D F1="-78.158401" intensity="2.943918e-02" type="0"/>
    <Peak1D F1="-78.196190" intensity="1.009609e-01" type="0"/>
    <Peak1D F1="-78.230682" intensity="1.500000e+01" type="0"/>
    <Peak1D F1="-78.476944" intensity="1.638527e-02" type="0"/>
    <Peak1D F1="-78.639557" intensity="1.563340e-01" type="0"/>
    <Peak1D F1="-79.200294" intensity="3.544172e-03" type="0"/>
    <Peak1D F1="-99.870598" intensity="2.011356e-03" type="0"/>
    <Peak1D F1="-102.545212" intensity="2.187944e-03" type="0"/>
    <Peak1D F1="-102.603188" intensity="2.004579e-03" type="0"/>
    <Peak1D F1="-103.251556" intensity="2.029323e-03" type="0"/>
    <Peak1D F1="-103.363426" intensity="2.004576e-03" type="0"/>
    <Peak1D F1="-105.722786" intensity="2.092924e-03" type="0"/>
    <Peak1D F1="-106.308968" intensity="2.092390e-03" type="0"/>
    <Peak1D F1="-106.344360" intensity="2.019447e-03" type="0"/>
    <Peak1D F1="-106.748985" intensity="2.034060e-03" type="0"/>
    <Peak1D F1="-110.411560" intensity="2.021140e-03" type="0"/>
    <Peak1D F1="-191.417450" intensity="2.344739e-03" type="0"/>
    <Peak1D F1="-191.627884" intensity="2.535741e-03" type="0"/>
    <Peak1D F1="-191.803467" intensity="3.117020e-03" type="0"/>
    <Peak1D F1="-191.854050" intensity="3.206463e-03" type="0"/>
    <Peak1D F1="-191.883377" intensity="3.149294e-03" type="0"/>
    <Peak1D F1="-192.014297" intensity="3.614984e-03" type="0"/>
    <Peak1D F1="-192.414200" intensity="4.828348e-03" type="0"/>
    <Peak1D F1="-192.813324" intensity="5.489310e-03" type="0"/>
    <Peak1D F1="-192.878128" intensity="6.026188e-03" type="0"/>
    <Peak1D F1="-192.922516" intensity="5.916174e-03" type="0"/>
    <Peak1D F1="-193.018661" intensity="6.060130e-03" type="0"/>
    <Peak1D F1="-193.154465" intensity="6.399006e-03" type="0"/>
    <Peak1D F1="-193.692856" intensity="7.341661e-03" type="0"/>
    <Peak1D F1="-193.804855" intensity="7.498367e-03" type="0"/>
    <Peak1D F1="-194.079575" intensity="8.003290e-03" type="0"/>
    <Peak1D F1="-194.271393" intensity="7.946478e-03" type="0"/>
    <Peak1D F1="-194.330750" intensity="8.384342e-03" type="0"/>
    <Peak1D F1="-194.500214" intensity="8.593218e-03" type="0"/>
    <Peak1D F1="-194.577255" intensity="8.540667e-03" type="0"/>
    <Peak1D F1="-194.774567" intensity="9.000768e-03" type="0"/>
    <Peak1D F1="-194.857468" intensity="8.936345e-03" type="0"/>
    <Peak1D F1="-194.886765" intensity="8.971979e-03" type="0"/>
    <Peak1D F1="-195.090469" intensity="9.093045e-03" type="0"/>
    <Peak1D F1="-195.426956" intensity="9.495846e-03" type="0"/>
    <Peak1D F1="-195.683075" intensity="9.623232e-03" type="0"/>
    <Peak1D F1="-195.918106" intensity="1.007284e-02" type="0"/>
    <Peak1D F1="-195.994492" intensity="1.006687e-02" type="0"/>
    <Peak1D F1="-196.163361" intensity="1.006969e-02" type="0"/>
    <Peak1D F1="-196.356049" intensity="1.012971e-02" type="0"/>
    <Peak1D F1="-196.555161" intensity="1.050099e-02" type="0"/>
    <Peak1D F1="-196.608414" intensity="1.025686e-02" type="0"/>
    <Peak1D F1="-196.870285" intensity="1.025339e-02" type="0"/>
    <Peak1D F1="-197.082779" intensity="1.021589e-02" type="0"/>
    <Peak1D F1="-197.452591" intensity="1.026132e-02" type="0"/>
    <Peak1D F1="-197.564682" intensity="1.001295e-02" type="0"/>
    <Peak1D F1="-197.948227" intensity="1.001086e-02" type="0"/>
    <Peak1D F1="-198.059708" intensity="9.886108e-03" type="0"/>
    <Peak1D F1="-198.143692" intensity="9.849052e-03" type="0"/>
    <Peak1D F1="-198.190002" intensity="9.870258e-03" type="0"/>
    <Peak1D F1="-198.260162" intensity="9.884711e-03" type="0"/>
    <Peak1D F1="-198.317490" intensity="9.748933e-03" type="0"/>
    <Peak1D F1="-199.232269" intensity="9.401751e-03" type="0"/>
    <Peak1D F1="-199.401886" intensity="9.154908e-03" type="0"/>
    <Peak1D F1="-199.471603" intensity="9.149516e-03" type="0"/>
    <Peak1D F1="-199.732910" intensity="8.922864e-03" type="0"/>
    <Peak1D F1="-199.764755" intensity="8.952473e-03" type="0"/>
    <Peak1D F1="-199.832870" intensity="8.804098e-03" type="0"/>
    <Peak1D F1="-199.990952" intensity="8.625764e-03" type="0"/>
    <Peak1D F1="-200.094421" intensity="8.378688e-03" type="0"/>
    <Peak1D F1="-200.239014" intensity="8.211049e-03" type="0"/>
    <Peak1D F1="-200.307495" intensity="8.240386e-03" type="0"/>
    <Peak1D F1="-200.545578" intensity="7.880394e-03" type="0"/>
    <Peak1D F1="-200.993805" intensity="7.232025e-03" type="0"/>
    <Peak1D F1="-201.024109" intensity="7.228388e-03" type="0"/>
    <Peak1D F1="-201.273697" intensity="7.010881e-03" type="0"/>
    <Peak1D F1="-201.396866" intensity="6.868579e-03" type="0"/>
    <Peak1D F1="-201.576355" intensity="6.547988e-03" type="0"/>
    <Peak1D F1="-201.671097" intensity="6.565112e-03" type="0"/>
    <Peak1D F1="-201.945343" intensity="6.076223e-03" type="0"/>
    <Peak1D F1="-201.968994" intensity="6.137278e-03" type="0"/>
    <Peak1D F1="-202.122757" intensity="5.805151e-03" type="0"/>
    <Peak1D F1="-202.144684" intensity="5.554527e-03" type="0"/>
    <Peak1D F1="-202.203033" intensity="5.815848e-03" type="0"/>
    <Peak1D F1="-202.318726" intensity="5.273690e-03" type="0"/>
    <Peak1D F1="-202.402664" intensity="5.229278e-03" type="0"/>
    <Peak1D F1="-203.104797" intensity="4.382990e-03" type="0"/>
    <Peak1D F1="-203.199173" intensity="4.492589e-03" type="0"/>
    <Peak1D F1="-203.347473" intensity="4.037086e-03" type="0"/>
    <Peak1D F1="-203.360138" intensity="4.262146e-03" type="0"/>
    <Peak1D F1="-203.626328" intensity="3.619410e-03" type="0"/>
    <Peak1D F1="-203.688400" intensity="3.497491e-03" type="0"/>
    <Peak1D F1="-203.779861" intensity="3.177502e-03" type="0"/>
    <Peak1D F1="-203.874863" intensity="3.118164e-03" type="0"/>
    <Peak1D F1="-204.040710" intensity="3.020534e-03" type="0"/>
    <Peak1D F1="-204.073746" intensity="2.722758e-03" type="0"/>
    <Peak1D F1="-204.266769" intensity="2.411341e-03" type="0"/>
  </PeakList1D>
</PeakList>
