<?xml version="1.0" encoding="UTF-8"?>
<PeakList>
  <PeakList1D>
    <PeakList1DHeader creator="nmrsu" date="2023-07-20T14:05:45.166-05:00" expNo="1258310" name="Jul20-2023" owner="" procNo="1" source="G:/data/chem-synthesis-summer-a-team2/nmr">
      <PeakPickDetails>F1=16.187771ppm, F2=-3.837772ppm, MI=0.00cm, MAXI=10000.00cm, PC=1.000
      </PeakPickDetails>
    </PeakList1DHeader>
    <Peak1D F1="14.058924" intensity="2.527451e-004" type="0"/>
    <Peak1D F1="11.726758" intensity="2.381409e-004" type="0"/>
    <Peak1D F1="10.475108" intensity="2.864526e-004" type="0"/>
    <Peak1D F1="8.398610" intensity="2.396936e-004" type="0"/>
    <Peak1D F1="8.368231" intensity="2.805264e-004" type="0"/>
    <Peak1D F1="8.360339" intensity="2.631487e-004" type="0"/>
    <Peak1D F1="8.287905" intensity="3.855432e-004" type="0"/>
    <Peak1D F1="8.262893" intensity="2.820028e-004" type="0"/>
    <Peak1D F1="8.209408" intensity="3.445940e-004" type="0"/>
    <Peak1D F1="8.180920" intensity="3.367185e-004" type="0"/>
    <Peak1D F1="8.171425" intensity="7.273288e-004" type="0"/>
    <Peak1D F1="8.137412" intensity="5.916397e-004" type="0"/>
    <Peak1D F1="8.075050" intensity="3.394791e-002" type="0"/>
    <Peak1D F1="8.070925" intensity="2.765512e-002" type="0"/>
    <Peak1D F1="8.020124" intensity="1.249323e-003" type="0"/>
    <Peak1D F1="7.999489" intensity="1.005086e-003" type="0"/>
    <Peak1D F1="7.927506" intensity="1.007373e-003" type="0"/>
    <Peak1D F1="7.875968" intensity="1.505758e-003" type="0"/>
    <Peak1D F1="7.815685" intensity="1.055572e-001" type="0"/>
    <Peak1D F1="7.796303" intensity="1.232761e-001" type="0"/>
    <Peak1D F1="7.776849" intensity="1.926368e-002" type="0"/>
    <Peak1D F1="7.744807" intensity="3.255457e-003" type="0"/>
    <Peak1D F1="7.703075" intensity="5.656823e-003" type="0"/>
    <Peak1D F1="7.592371" intensity="4.032689e+000" type="0"/>
    <Peak1D F1="7.570783" intensity="3.936368e+000" type="0"/>
    <Peak1D F1="7.500246" intensity="1.523568e-003" type="0"/>
    <Peak1D F1="7.488828" intensity="2.329078e-003" type="0"/>
    <Peak1D F1="7.467429" intensity="1.746305e-003" type="0"/>
    <Peak1D F1="7.454941" intensity="2.633561e-003" type="0"/>
    <Peak1D F1="7.430998" intensity="1.553479e-003" type="0"/>
    <Peak1D F1="7.413799" intensity="2.239868e-003" type="0"/>
    <Peak1D F1="7.385257" intensity="1.825743e-002" type="0"/>
    <Peak1D F1="7.356533" intensity="5.913445e-002" type="0"/>
    <Peak1D F1="7.336185" intensity="9.907407e-002" type="0"/>
    <Peak1D F1="7.317293" intensity="5.826975e-002" type="0"/>
    <Peak1D F1="7.282842" intensity="9.764478e-002" type="0"/>
    <Peak1D F1="7.249854" intensity="1.163371e-003" type="0"/>
    <Peak1D F1="7.231589" intensity="5.519745e-004" type="0"/>
    <Peak1D F1="7.215999" intensity="6.524501e-004" type="0"/>
    <Peak1D F1="7.187153" intensity="1.201217e-003" type="0"/>
    <Peak1D F1="7.167982" intensity="1.106809e-003" type="0"/>
    <Peak1D F1="7.150565" intensity="9.236205e-004" type="0"/>
    <Peak1D F1="7.135535" intensity="1.023307e-003" type="0"/>
    <Peak1D F1="7.116098" intensity="9.174486e-004" type="0"/>
    <Peak1D F1="7.100296" intensity="8.143910e-004" type="0"/>
    <Peak1D F1="7.058911" intensity="1.358357e-003" type="0"/>
    <Peak1D F1="7.039786" intensity="1.531667e-003" type="0"/>
    <Peak1D F1="7.019985" intensity="1.408885e-003" type="0"/>
    <Peak1D F1="7.004336" intensity="1.357276e-003" type="0"/>
    <Peak1D F1="6.963487" intensity="2.387794e-003" type="0"/>
    <Peak1D F1="6.940798" intensity="3.874992e-003" type="0"/>
    <Peak1D F1="6.921735" intensity="1.625727e-002" type="0"/>
    <Peak1D F1="6.913713" intensity="1.756765e-002" type="0"/>
    <Peak1D F1="6.897866" intensity="1.909516e-002" type="0"/>
    <Peak1D F1="6.892610" intensity="1.992005e-002" type="0"/>
    <Peak1D F1="6.861677" intensity="1.188387e-001" type="0"/>
    <Peak1D F1="6.841117" intensity="1.105413e-001" type="0"/>
    <Peak1D F1="6.761107" intensity="8.949752e-002" type="0"/>
    <Peak1D F1="6.741966" intensity="1.742447e-001" type="0"/>
    <Peak1D F1="6.718206" intensity="4.263295e+000" type="0"/>
    <Peak1D F1="6.696566" intensity="3.787116e+000" type="0"/>
    <Peak1D F1="6.638284" intensity="2.008060e-003" type="0"/>
    <Peak1D F1="6.625794" intensity="7.215297e-004" type="0"/>
    <Peak1D F1="6.612440" intensity="2.274198e-003" type="0"/>
    <Peak1D F1="6.597734" intensity="2.667194e-002" type="0"/>
    <Peak1D F1="6.576205" intensity="2.509969e-002" type="0"/>
    <Peak1D F1="6.555704" intensity="6.656019e-004" type="0"/>
    <Peak1D F1="6.536123" intensity="1.616202e-003" type="0"/>
    <Peak1D F1="6.518373" intensity="1.541101e-002" type="0"/>
    <Peak1D F1="6.512486" intensity="1.312726e-002" type="0"/>
    <Peak1D F1="6.498082" intensity="1.541359e-002" type="0"/>
    <Peak1D F1="6.489023" intensity="1.178814e-002" type="0"/>
    <Peak1D F1="5.752950" intensity="1.255510e-003" type="0"/>
    <Peak1D F1="5.723300" intensity="1.164744e-003" type="0"/>
    <Peak1D F1="5.486120" intensity="4.255532e-004" type="0"/>
    <Peak1D F1="5.433510" intensity="4.245997e-004" type="0"/>
    <Peak1D F1="5.232686" intensity="2.357794e-004" type="0"/>
    <Peak1D F1="5.123570" intensity="2.662903e-004" type="0"/>
    <Peak1D F1="5.103461" intensity="2.876064e-004" type="0"/>
    <Peak1D F1="5.087939" intensity="3.400703e-004" type="0"/>
    <Peak1D F1="5.061055" intensity="2.716095e-004" type="0"/>
    <Peak1D F1="5.002032" intensity="2.819572e-004" type="0"/>
    <Peak1D F1="4.988350" intensity="4.086916e-004" type="0"/>
    <Peak1D F1="4.977833" intensity="4.792290e-004" type="0"/>
    <Peak1D F1="4.947861" intensity="4.938632e-004" type="0"/>
    <Peak1D F1="4.938052" intensity="3.493797e-004" type="0"/>
    <Peak1D F1="4.901071" intensity="8.670657e-004" type="0"/>
    <Peak1D F1="4.884764" intensity="3.957262e-004" type="0"/>
    <Peak1D F1="4.871568" intensity="3.698912e-004" type="0"/>
    <Peak1D F1="4.817589" intensity="4.289159e-004" type="0"/>
    <Peak1D F1="4.789685" intensity="5.072691e-004" type="0"/>
    <Peak1D F1="4.757956" intensity="6.623581e-004" type="0"/>
    <Peak1D F1="4.734562" intensity="1.519453e-003" type="0"/>
    <Peak1D F1="4.706290" intensity="5.747492e-004" type="0"/>
    <Peak1D F1="4.685233" intensity="6.248306e-004" type="0"/>
    <Peak1D F1="4.645672" intensity="7.013670e-004" type="0"/>
    <Peak1D F1="4.612976" intensity="1.524488e-003" type="0"/>
    <Peak1D F1="4.594413" intensity="1.699767e-003" type="0"/>
    <Peak1D F1="4.549182" intensity="9.362529e-004" type="0"/>
    <Peak1D F1="4.529751" intensity="1.155288e-003" type="0"/>
    <Peak1D F1="4.480082" intensity="1.161562e-003" type="0"/>
    <Peak1D F1="4.463394" intensity="1.086766e-003" type="0"/>
    <Peak1D F1="4.429916" intensity="1.149141e-003" type="0"/>
    <Peak1D F1="4.396046" intensity="1.949461e-003" type="0"/>
    <Peak1D F1="4.372879" intensity="2.543894e-003" type="0"/>
    <Peak1D F1="4.352548" intensity="1.571626e-003" type="0"/>
    <Peak1D F1="4.315148" intensity="1.526488e-003" type="0"/>
    <Peak1D F1="4.256974" intensity="2.064310e-003" type="0"/>
    <Peak1D F1="4.245698" intensity="2.199949e-003" type="0"/>
    <Peak1D F1="4.233929" intensity="2.258956e-003" type="0"/>
    <Peak1D F1="4.211694" intensity="2.466442e-003" type="0"/>
    <Peak1D F1="4.177394" intensity="2.741945e-003" type="0"/>
    <Peak1D F1="4.143277" intensity="3.142493e-003" type="0"/>
    <Peak1D F1="4.115079" intensity="5.852930e-003" type="0"/>
    <Peak1D F1="4.075655" intensity="8.275052e-003" type="0"/>
    <Peak1D F1="4.040679" intensity="5.896134e-003" type="0"/>
    <Peak1D F1="4.008436" intensity="6.795096e-003" type="0"/>
    <Peak1D F1="3.971625" intensity="1.026650e-001" type="0"/>
    <Peak1D F1="3.897321" intensity="8.763548e-001" type="0"/>
    <Peak1D F1="3.882462" intensity="3.064730e-002" type="0"/>
    <Peak1D F1="3.861708" intensity="1.965424e-001" type="0"/>
    <Peak1D F1="3.793905" intensity="1.500000e+001" type="0"/>
    <Peak1D F1="3.754879" intensity="8.386904e-003" type="0"/>
    <Peak1D F1="3.746996" intensity="1.087571e-002" type="0"/>
    <Peak1D F1="3.738070" intensity="3.747710e-003" type="0"/>
    <Peak1D F1="3.713804" intensity="3.385998e-003" type="0"/>
    <Peak1D F1="3.704794" intensity="7.716573e-003" type="0"/>
    <Peak1D F1="3.611634" intensity="8.603416e-002" type="0"/>
    <Peak1D F1="3.588011" intensity="4.975551e-004" type="0"/>
    <Peak1D F1="3.545243" intensity="1.103798e-002" type="0"/>
    <Peak1D F1="3.508299" intensity="1.608000e-002" type="0"/>
    <Peak1D F1="3.482621" intensity="3.831521e-002" type="0"/>
    <Peak1D F1="3.460023" intensity="2.756642e-003" type="0"/>
    <Peak1D F1="3.450886" intensity="2.161394e-003" type="0"/>
    <Peak1D F1="3.431496" intensity="1.424843e-003" type="0"/>
    <Peak1D F1="3.406642" intensity="3.975862e-002" type="0"/>
    <Peak1D F1="3.387532" intensity="2.888492e-003" type="0"/>
    <Peak1D F1="3.369308" intensity="6.638773e-003" type="0"/>
    <Peak1D F1="3.363225" intensity="5.657031e-003" type="0"/>
    <Peak1D F1="3.345546" intensity="5.735446e-003" type="0"/>
    <Peak1D F1="3.332983" intensity="9.055220e-004" type="0"/>
    <Peak1D F1="3.306385" intensity="2.143609e-002" type="0"/>
    <Peak1D F1="3.262535" intensity="4.609063e-002" type="0"/>
    <Peak1D F1="3.252310" intensity="5.581755e-003" type="0"/>
    <Peak1D F1="3.147006" intensity="3.907355e-002" type="0"/>
    <Peak1D F1="3.116002" intensity="4.511078e-003" type="0"/>
    <Peak1D F1="3.089304" intensity="4.527334e-003" type="0"/>
    <Peak1D F1="3.069051" intensity="3.840912e-003" type="0"/>
    <Peak1D F1="2.719441" intensity="8.034905e-004" type="0"/>
    <Peak1D F1="2.429118" intensity="6.214485e-003" type="0"/>
    <Peak1D F1="2.354833" intensity="3.723683e-004" type="0"/>
    <Peak1D F1="2.200596" intensity="4.395123e-003" type="0"/>
    <Peak1D F1="2.161382" intensity="2.640543e-004" type="0"/>
    <Peak1D F1="2.063903" intensity="3.961445e-004" type="0"/>
    <Peak1D F1="1.997794" intensity="5.856288e-004" type="0"/>
    <Peak1D F1="1.962072" intensity="1.290024e-003" type="0"/>
    <Peak1D F1="1.946157" intensity="2.782977e-003" type="0"/>
    <Peak1D F1="1.927480" intensity="4.670748e-003" type="0"/>
    <Peak1D F1="1.909042" intensity="5.054899e-003" type="0"/>
    <Peak1D F1="1.891652" intensity="3.688278e-003" type="0"/>
    <Peak1D F1="1.874074" intensity="2.254435e-003" type="0"/>
    <Peak1D F1="1.854649" intensity="1.655016e-003" type="0"/>
    <Peak1D F1="1.801102" intensity="5.415075e-003" type="0"/>
    <Peak1D F1="1.791304" intensity="6.313764e-003" type="0"/>
    <Peak1D F1="1.779272" intensity="7.746255e-003" type="0"/>
    <Peak1D F1="1.760696" intensity="8.650020e-003" type="0"/>
    <Peak1D F1="1.749354" intensity="8.093467e-003" type="0"/>
    <Peak1D F1="1.732905" intensity="7.326363e-003" type="0"/>
    <Peak1D F1="1.695561" intensity="9.745632e-003" type="0"/>
    <Peak1D F1="1.632873" intensity="7.752479e-002" type="0"/>
    <Peak1D F1="1.573154" intensity="9.815909e-003" type="0"/>
    <Peak1D F1="1.561730" intensity="1.035733e-002" type="0"/>
    <Peak1D F1="1.553803" intensity="1.057013e-002" type="0"/>
    <Peak1D F1="1.542526" intensity="9.652765e-003" type="0"/>
    <Peak1D F1="1.509786" intensity="4.570895e-003" type="0"/>
    <Peak1D F1="1.473635" intensity="1.483339e-002" type="0"/>
    <Peak1D F1="1.392785" intensity="2.678413e-002" type="0"/>
    <Peak1D F1="1.349198" intensity="3.261498e-002" type="0"/>
    <Peak1D F1="1.330859" intensity="6.469891e-002" type="0"/>
    <Peak1D F1="1.307737" intensity="1.585277e-001" type="0"/>
    <Peak1D F1="1.258366" intensity="9.196400e-003" type="0"/>
    <Peak1D F1="1.240171" intensity="7.292266e-003" type="0"/>
    <Peak1D F1="1.222572" intensity="6.740135e-003" type="0"/>
    <Peak1D F1="1.204275" intensity="7.115305e-003" type="0"/>
    <Peak1D F1="1.186476" intensity="6.814558e-003" type="0"/>
    <Peak1D F1="1.170723" intensity="6.969977e-003" type="0"/>
    <Peak1D F1="1.153012" intensity="6.619338e-003" type="0"/>
    <Peak1D F1="1.140983" intensity="7.542767e-003" type="0"/>
    <Peak1D F1="1.123428" intensity="9.782553e-003" type="0"/>
    <Peak1D F1="1.104055" intensity="9.517289e-003" type="0"/>
    <Peak1D F1="1.092999" intensity="9.371509e-003" type="0"/>
    <Peak1D F1="1.074184" intensity="8.010102e-003" type="0"/>
    <Peak1D F1="1.055998" intensity="4.900103e-003" type="0"/>
    <Peak1D F1="1.022194" intensity="3.639717e-002" type="0"/>
    <Peak1D F1="1.005668" intensity="3.507637e-002" type="0"/>
    <Peak1D F1="0.948279" intensity="5.553337e-002" type="0"/>
    <Peak1D F1="0.931985" intensity="1.111774e-001" type="0"/>
    <Peak1D F1="0.914194" intensity="7.856023e-002" type="0"/>
    <Peak1D F1="0.904945" intensity="5.868115e-002" type="0"/>
    <Peak1D F1="0.885063" intensity="3.388949e-002" type="0"/>
    <Peak1D F1="0.865883" intensity="1.062871e-002" type="0"/>
    <Peak1D F1="0.840619" intensity="3.621141e-003" type="0"/>
    <Peak1D F1="0.822550" intensity="2.391523e-003" type="0"/>
    <Peak1D F1="0.795986" intensity="1.092836e-003" type="0"/>
    <Peak1D F1="0.773227" intensity="7.760761e-004" type="0"/>
    <Peak1D F1="-1.191896" intensity="2.417259e-004" type="0"/>
    <Peak1D F1="-1.396788" intensity="2.400473e-004" type="0"/>
    <Peak1D F1="-1.466155" intensity="2.556121e-004" type="0"/>
    <Peak1D F1="-1.540800" intensity="2.417413e-004" type="0"/>
    <Peak1D F1="-1.569434" intensity="3.154259e-004" type="0"/>
    <Peak1D F1="-1.618125" intensity="2.421068e-004" type="0"/>
    <Peak1D F1="-1.664159" intensity="2.543926e-004" type="0"/>
    <Peak1D F1="-1.822779" intensity="2.403443e-004" type="0"/>
    <Peak1D F1="-1.942483" intensity="2.407072e-004" type="0"/>
    <Peak1D F1="-1.961861" intensity="2.454007e-004" type="0"/>
    <Peak1D F1="-2.026586" intensity="2.605623e-004" type="0"/>
    <Peak1D F1="-2.071566" intensity="2.930221e-004" type="0"/>
    <Peak1D F1="-2.225545" intensity="2.620524e-004" type="0"/>
    <Peak1D F1="-2.370622" intensity="2.523262e-004" type="0"/>
  </PeakList1D>
</PeakList>
