<?xml version="1.0" encoding="UTF-8"?>
<PeakList>
  <PeakList1D>
    <PeakList1DHeader creator="nmrsu" date="2019-03-16T12:13:54.019+08:00" expNo="220" name="pyx" owner="" procNo="1" source="D:/data2019/data/fanqinghua/nmr">
      <PeakPickDetails>F1=218.325500ppm, F2=-18.335028ppm, MI=0.00cm, MAXI=10000.00cm, PC=1.400
      </PeakPickDetails>
    </PeakList1DHeader>
    <Peak1D F1="199.551254" intensity="2.298887e+000" type="0"/>
    <Peak1D F1="199.408630" intensity="2.162122e+000" type="0"/>
    <Peak1D F1="171.174850" intensity="1.384306e+000" type="0"/>
    <Peak1D F1="171.082794" intensity="1.826811e+000" type="0"/>
    <Peak1D F1="170.741699" intensity="1.493325e+000" type="0"/>
    <Peak1D F1="164.235443" intensity="4.007383e+000" type="0"/>
    <Peak1D F1="152.205902" intensity="1.526010e+000" type="0"/>
    <Peak1D F1="150.115784" intensity="1.965682e+000" type="0"/>
    <Peak1D F1="149.648376" intensity="2.789446e+000" type="0"/>
    <Peak1D F1="139.408356" intensity="3.046449e+000" type="0"/>
    <Peak1D F1="137.790390" intensity="1.941651e+000" type="0"/>
    <Peak1D F1="129.928009" intensity="3.375130e+000" type="0"/>
    <Peak1D F1="129.891876" intensity="2.904863e+000" type="0"/>
    <Peak1D F1="125.997360" intensity="2.265228e+000" type="0"/>
    <Peak1D F1="123.898705" intensity="1.183659e+001" type="0"/>
    <Peak1D F1="118.622108" intensity="2.866691e+000" type="0"/>
    <Peak1D F1="106.545700" intensity="2.654236e+000" type="0"/>
    <Peak1D F1="77.286331" intensity="2.748685e+002" type="0"/>
    <Peak1D F1="77.032433" intensity="2.842105e+002" type="0"/>
    <Peak1D F1="76.778694" intensity="2.800762e+002" type="0"/>
    <Peak1D F1="60.409607" intensity="3.542716e+000" type="0"/>
    <Peak1D F1="55.574780" intensity="3.066919e+000" type="0"/>
    <Peak1D F1="55.398357" intensity="2.811382e+000" type="0"/>
    <Peak1D F1="53.712807" intensity="2.995484e+000" type="0"/>
    <Peak1D F1="53.355007" intensity="4.133335e+000" type="0"/>
    <Peak1D F1="51.711029" intensity="2.715755e+000" type="0"/>
    <Peak1D F1="45.051964" intensity="2.582484e+000" type="0"/>
    <Peak1D F1="43.880074" intensity="2.685256e+000" type="0"/>
    <Peak1D F1="38.622658" intensity="3.588319e+000" type="0"/>
    <Peak1D F1="38.540478" intensity="7.511875e+000" type="0"/>
    <Peak1D F1="37.900288" intensity="2.847100e+000" type="0"/>
    <Peak1D F1="37.820869" intensity="4.515859e+000" type="0"/>
    <Peak1D F1="35.951649" intensity="2.118268e+000" type="0"/>
    <Peak1D F1="35.888962" intensity="1.299156e+001" type="0"/>
    <Peak1D F1="35.728813" intensity="5.871033e+000" type="0"/>
    <Peak1D F1="35.638847" intensity="1.113493e+001" type="0"/>
    <Peak1D F1="33.955963" intensity="3.386447e+000" type="0"/>
    <Peak1D F1="33.905422" intensity="1.127000e+001" type="0"/>
    <Peak1D F1="32.815403" intensity="3.065432e+000" type="0"/>
    <Peak1D F1="32.709255" intensity="8.404816e+000" type="0"/>
    <Peak1D F1="31.930714" intensity="4.898127e+000" type="0"/>
    <Peak1D F1="31.735161" intensity="4.372369e+000" type="0"/>
    <Peak1D F1="29.784321" intensity="5.183358e+000" type="0"/>
    <Peak1D F1="29.703859" intensity="4.275596e+000" type="0"/>
    <Peak1D F1="29.661201" intensity="3.435403e+000" type="0"/>
    <Peak1D F1="29.610491" intensity="5.571138e+000" type="0"/>
    <Peak1D F1="29.560442" intensity="5.332833e+000" type="0"/>
    <Peak1D F1="29.531595" intensity="5.140225e+000" type="0"/>
    <Peak1D F1="29.485300" intensity="3.707516e+000" type="0"/>
    <Peak1D F1="29.370659" intensity="2.472565e+000" type="0"/>
    <Peak1D F1="29.329159" intensity="1.039569e+001" type="0"/>
    <Peak1D F1="29.283993" intensity="2.183571e+000" type="0"/>
    <Peak1D F1="29.235764" intensity="2.654440e+000" type="0"/>
    <Peak1D F1="29.124693" intensity="1.621055e+000" type="0"/>
    <Peak1D F1="27.220585" intensity="6.212847e+000" type="0"/>
    <Peak1D F1="25.522665" intensity="3.007678e+000" type="0"/>
    <Peak1D F1="24.427584" intensity="3.215477e+000" type="0"/>
    <Peak1D F1="24.135786" intensity="3.098683e+000" type="0"/>
    <Peak1D F1="23.526785" intensity="2.503199e+000" type="0"/>
    <Peak1D F1="22.694174" intensity="4.026806e+000" type="0"/>
    <Peak1D F1="21.066151" intensity="3.084016e+000" type="0"/>
    <Peak1D F1="20.877241" intensity="2.959854e+000" type="0"/>
    <Peak1D F1="20.642334" intensity="5.221988e+000" type="0"/>
    <Peak1D F1="17.389221" intensity="3.611893e+000" type="0"/>
    <Peak1D F1="17.294329" intensity="1.500000e+001" type="0"/>
    <Peak1D F1="14.210814" intensity="4.300039e+000" type="0"/>
    <Peak1D F1="14.132003" intensity="4.873689e+000" type="0"/>
    <Peak1D F1="13.653102" intensity="7.349645e+000" type="0"/>
    <Peak1D F1="13.301494" intensity="2.813748e+000" type="0"/>
  </PeakList1D>
</PeakList>
