<?xml version="1.0" encoding="UTF-8"?>
<PeakList>
  <PeakList1D>
    <PeakList1DHeader creator="nmrsu" date="2023-08-03T10:19:55.743-05:00" expNo="1294810" name="Aug03-2023" owner="" procNo="1" source="G:/data/chem-synthesis-summer-a-team2/nmr">
      <PeakPickDetails>F1=16.187771ppm, F2=-3.837772ppm, MI=0.00cm, MAXI=10000.00cm, PC=1.000
      </PeakPickDetails>
    </PeakList1DHeader>
    <Peak1D F1="12.536899" intensity="2.242242e-003" type="0"/>
    <Peak1D F1="12.441722" intensity="2.282630e-003" type="0"/>
    <Peak1D F1="10.551308" intensity="3.523377e-002" type="0"/>
    <Peak1D F1="8.329092" intensity="2.405906e-003" type="0"/>
    <Peak1D F1="8.273826" intensity="6.675895e-003" type="0"/>
    <Peak1D F1="8.254828" intensity="7.265100e-003" type="0"/>
    <Peak1D F1="8.151024" intensity="7.295992e-003" type="0"/>
    <Peak1D F1="8.129949" intensity="7.544567e-003" type="0"/>
    <Peak1D F1="8.118728" intensity="1.035597e-002" type="0"/>
    <Peak1D F1="8.099087" intensity="9.360848e-003" type="0"/>
    <Peak1D F1="8.049443" intensity="2.346964e-002" type="0"/>
    <Peak1D F1="8.026835" intensity="2.245651e-002" type="0"/>
    <Peak1D F1="7.992660" intensity="1.319500e-002" type="0"/>
    <Peak1D F1="7.971542" intensity="1.473280e-002" type="0"/>
    <Peak1D F1="7.945953" intensity="2.483475e-002" type="0"/>
    <Peak1D F1="7.927148" intensity="2.958479e-002" type="0"/>
    <Peak1D F1="7.904328" intensity="2.238713e-002" type="0"/>
    <Peak1D F1="7.882643" intensity="2.457920e-002" type="0"/>
    <Peak1D F1="7.871148" intensity="2.594603e-002" type="0"/>
    <Peak1D F1="7.851531" intensity="2.849357e-002" type="0"/>
    <Peak1D F1="7.819413" intensity="3.365507e-002" type="0"/>
    <Peak1D F1="7.798105" intensity="3.379013e-002" type="0"/>
    <Peak1D F1="7.768542" intensity="6.482190e-002" type="0"/>
    <Peak1D F1="7.749609" intensity="8.034636e-002" type="0"/>
    <Peak1D F1="7.732120" intensity="5.491635e-002" type="0"/>
    <Peak1D F1="7.712575" intensity="5.258447e-002" type="0"/>
    <Peak1D F1="7.694187" intensity="5.421652e-002" type="0"/>
    <Peak1D F1="7.653646" intensity="6.316268e-002" type="0"/>
    <Peak1D F1="7.635082" intensity="7.586393e-002" type="0"/>
    <Peak1D F1="7.626112" intensity="7.217437e-002" type="0"/>
    <Peak1D F1="7.598023" intensity="1.503831e-001" type="0"/>
    <Peak1D F1="7.571902" intensity="7.903386e-001" type="0"/>
    <Peak1D F1="7.570244" intensity="7.892566e-001" type="0"/>
    <Peak1D F1="7.554102" intensity="2.887718e+000" type="0"/>
    <Peak1D F1="7.551040" intensity="2.765126e+000" type="0"/>
    <Peak1D F1="7.533843" intensity="2.996348e+000" type="0"/>
    <Peak1D F1="7.521628" intensity="8.805390e-001" type="0"/>
    <Peak1D F1="7.513435" intensity="3.739382e+000" type="0"/>
    <Peak1D F1="7.492304" intensity="3.946180e+000" type="0"/>
    <Peak1D F1="7.436759" intensity="1.621255e-001" type="0"/>
    <Peak1D F1="7.417107" intensity="2.541833e-001" type="0"/>
    <Peak1D F1="7.403968" intensity="4.269967e-001" type="0"/>
    <Peak1D F1="7.382040" intensity="1.844040e+000" type="0"/>
    <Peak1D F1="7.366364" intensity="4.137346e+000" type="0"/>
    <Peak1D F1="7.348825" intensity="4.947229e+000" type="0"/>
    <Peak1D F1="7.333941" intensity="9.749109e-001" type="0"/>
    <Peak1D F1="7.315834" intensity="3.219898e-001" type="0"/>
    <Peak1D F1="7.283912" intensity="1.243246e+000" type="0"/>
    <Peak1D F1="7.258214" intensity="8.180993e-002" type="0"/>
    <Peak1D F1="7.235378" intensity="6.290700e-002" type="0"/>
    <Peak1D F1="7.205873" intensity="7.861192e-002" type="0"/>
    <Peak1D F1="7.193068" intensity="8.173157e-002" type="0"/>
    <Peak1D F1="7.172636" intensity="8.822429e-002" type="0"/>
    <Peak1D F1="7.163719" intensity="7.183868e-002" type="0"/>
    <Peak1D F1="7.133334" intensity="5.818513e-002" type="0"/>
    <Peak1D F1="7.121352" intensity="6.472626e-002" type="0"/>
    <Peak1D F1="7.099386" intensity="6.140593e-002" type="0"/>
    <Peak1D F1="7.070197" intensity="4.380026e-002" type="0"/>
    <Peak1D F1="7.053996" intensity="4.967095e-002" type="0"/>
    <Peak1D F1="7.033965" intensity="5.444224e-002" type="0"/>
    <Peak1D F1="7.012911" intensity="6.909458e-002" type="0"/>
    <Peak1D F1="6.991389" intensity="9.584190e-002" type="0"/>
    <Peak1D F1="6.971198" intensity="1.118403e-001" type="0"/>
    <Peak1D F1="6.945708" intensity="1.258960e-001" type="0"/>
    <Peak1D F1="6.919264" intensity="3.941643e+000" type="0"/>
    <Peak1D F1="6.898004" intensity="3.672316e+000" type="0"/>
    <Peak1D F1="6.787951" intensity="1.165783e-002" type="0"/>
    <Peak1D F1="6.762545" intensity="1.054066e-002" type="0"/>
    <Peak1D F1="6.735524" intensity="2.066234e-002" type="0"/>
    <Peak1D F1="6.719299" intensity="2.565449e-002" type="0"/>
    <Peak1D F1="6.700122" intensity="2.340575e-002" type="0"/>
    <Peak1D F1="6.692420" intensity="2.097690e-002" type="0"/>
    <Peak1D F1="6.632904" intensity="6.894289e-003" type="0"/>
    <Peak1D F1="6.608295" intensity="8.718386e-003" type="0"/>
    <Peak1D F1="6.579694" intensity="7.410286e-003" type="0"/>
    <Peak1D F1="6.567800" intensity="9.795438e-003" type="0"/>
    <Peak1D F1="6.547538" intensity="8.777560e-003" type="0"/>
    <Peak1D F1="6.511282" intensity="4.881341e-003" type="0"/>
    <Peak1D F1="6.485142" intensity="3.673662e-003" type="0"/>
    <Peak1D F1="6.467466" intensity="4.846683e-003" type="0"/>
    <Peak1D F1="6.437928" intensity="5.143237e-003" type="0"/>
    <Peak1D F1="6.409815" intensity="5.075754e-003" type="0"/>
    <Peak1D F1="6.398781" intensity="4.337921e-003" type="0"/>
    <Peak1D F1="6.196566" intensity="3.139846e-003" type="0"/>
    <Peak1D F1="6.159992" intensity="1.260945e-002" type="0"/>
    <Peak1D F1="6.015246" intensity="5.643087e-002" type="0"/>
    <Peak1D F1="5.997743" intensity="9.694779e-003" type="0"/>
    <Peak1D F1="5.794324" intensity="5.591137e-002" type="0"/>
    <Peak1D F1="5.765920" intensity="2.040992e-002" type="0"/>
    <Peak1D F1="5.745173" intensity="8.413627e-003" type="0"/>
    <Peak1D F1="5.726731" intensity="1.523438e-002" type="0"/>
    <Peak1D F1="5.700661" intensity="1.887527e-002" type="0"/>
    <Peak1D F1="5.682721" intensity="1.965720e-002" type="0"/>
    <Peak1D F1="5.665988" intensity="8.894416e-003" type="0"/>
    <Peak1D F1="5.658835" intensity="1.953438e-002" type="0"/>
    <Peak1D F1="5.639926" intensity="9.850481e-003" type="0"/>
    <Peak1D F1="5.463064" intensity="2.215417e-002" type="0"/>
    <Peak1D F1="5.449078" intensity="4.425044e-003" type="0"/>
    <Peak1D F1="5.427964" intensity="9.694558e-003" type="0"/>
    <Peak1D F1="5.162881" intensity="4.265928e-002" type="0"/>
    <Peak1D F1="5.146070" intensity="4.667585e-002" type="0"/>
    <Peak1D F1="5.120341" intensity="9.268979e-002" type="0"/>
    <Peak1D F1="4.568434" intensity="2.335851e-003" type="0"/>
    <Peak1D F1="4.479740" intensity="3.198583e-003" type="0"/>
    <Peak1D F1="4.395621" intensity="2.601826e-003" type="0"/>
    <Peak1D F1="4.369594" intensity="2.689150e-003" type="0"/>
    <Peak1D F1="4.358235" intensity="2.859648e-003" type="0"/>
    <Peak1D F1="4.343873" intensity="2.764801e-003" type="0"/>
    <Peak1D F1="4.329208" intensity="3.553238e-003" type="0"/>
    <Peak1D F1="4.240648" intensity="4.028401e-002" type="0"/>
    <Peak1D F1="4.223028" intensity="1.100616e-001" type="0"/>
    <Peak1D F1="4.205713" intensity="1.082279e-001" type="0"/>
    <Peak1D F1="4.187723" intensity="4.109622e-002" type="0"/>
    <Peak1D F1="4.128015" intensity="2.600253e-002" type="0"/>
    <Peak1D F1="4.112167" intensity="4.430801e-002" type="0"/>
    <Peak1D F1="4.095775" intensity="2.553449e-002" type="0"/>
    <Peak1D F1="4.054276" intensity="1.285013e-002" type="0"/>
    <Peak1D F1="4.034196" intensity="9.240782e-002" type="0"/>
    <Peak1D F1="4.020587" intensity="1.995787e-002" type="0"/>
    <Peak1D F1="3.997556" intensity="1.497686e-002" type="0"/>
    <Peak1D F1="3.967275" intensity="5.588894e-002" type="0"/>
    <Peak1D F1="3.948127" intensity="2.868283e-001" type="0"/>
    <Peak1D F1="3.929324" intensity="3.403626e-002" type="0"/>
    <Peak1D F1="3.909649" intensity="9.315549e-002" type="0"/>
    <Peak1D F1="3.887033" intensity="1.625019e-001" type="0"/>
    <Peak1D F1="3.856373" intensity="1.500000e+001" type="0"/>
    <Peak1D F1="3.813275" intensity="4.013288e-002" type="0"/>
    <Peak1D F1="3.788673" intensity="5.202341e-002" type="0"/>
    <Peak1D F1="3.779139" intensity="4.018700e-002" type="0"/>
    <Peak1D F1="3.767845" intensity="5.481447e-002" type="0"/>
    <Peak1D F1="3.757766" intensity="6.920782e-002" type="0"/>
    <Peak1D F1="3.746707" intensity="6.984281e-002" type="0"/>
    <Peak1D F1="3.736771" intensity="5.054311e-002" type="0"/>
    <Peak1D F1="3.720173" intensity="8.319582e-002" type="0"/>
    <Peak1D F1="3.705426" intensity="1.644807e-001" type="0"/>
    <Peak1D F1="3.694349" intensity="2.319649e-001" type="0"/>
    <Peak1D F1="3.673633" intensity="1.178678e-001" type="0"/>
    <Peak1D F1="3.659687" intensity="6.080544e-002" type="0"/>
    <Peak1D F1="3.648634" intensity="7.696336e-002" type="0"/>
    <Peak1D F1="3.638536" intensity="6.080773e-002" type="0"/>
    <Peak1D F1="3.627630" intensity="3.228023e-002" type="0"/>
    <Peak1D F1="3.570459" intensity="1.059820e-002" type="0"/>
    <Peak1D F1="3.555966" intensity="8.347308e-003" type="0"/>
    <Peak1D F1="3.537892" intensity="1.111810e-002" type="0"/>
    <Peak1D F1="3.522542" intensity="7.381412e-003" type="0"/>
    <Peak1D F1="3.517146" intensity="7.270916e-003" type="0"/>
    <Peak1D F1="3.501149" intensity="6.994365e-003" type="0"/>
    <Peak1D F1="3.469041" intensity="6.826220e-003" type="0"/>
    <Peak1D F1="3.435050" intensity="7.782754e-003" type="0"/>
    <Peak1D F1="3.409508" intensity="5.632726e-003" type="0"/>
    <Peak1D F1="3.322636" intensity="3.847183e-003" type="0"/>
    <Peak1D F1="3.304985" intensity="1.055628e-002" type="0"/>
    <Peak1D F1="3.287910" intensity="4.332234e-003" type="0"/>
    <Peak1D F1="3.239843" intensity="3.014379e-003" type="0"/>
    <Peak1D F1="3.207973" intensity="3.645836e-003" type="0"/>
    <Peak1D F1="3.189956" intensity="3.181414e-003" type="0"/>
    <Peak1D F1="3.154602" intensity="5.462622e-003" type="0"/>
    <Peak1D F1="3.139096" intensity="4.700064e-003" type="0"/>
    <Peak1D F1="3.101757" intensity="3.703561e-002" type="0"/>
    <Peak1D F1="3.073177" intensity="2.498078e-003" type="0"/>
    <Peak1D F1="3.046846" intensity="3.710849e-003" type="0"/>
    <Peak1D F1="3.007674" intensity="4.902613e-003" type="0"/>
    <Peak1D F1="2.998443" intensity="6.149466e-003" type="0"/>
    <Peak1D F1="2.965348" intensity="7.709149e-003" type="0"/>
    <Peak1D F1="2.958040" intensity="7.625473e-003" type="0"/>
    <Peak1D F1="2.934150" intensity="2.912189e-003" type="0"/>
    <Peak1D F1="2.849854" intensity="6.604686e-003" type="0"/>
    <Peak1D F1="2.827599" intensity="6.307673e-003" type="0"/>
    <Peak1D F1="2.819513" intensity="3.805382e-003" type="0"/>
    <Peak1D F1="2.807575" intensity="4.120423e-003" type="0"/>
    <Peak1D F1="2.784059" intensity="4.915789e-003" type="0"/>
    <Peak1D F1="2.770019" intensity="3.044022e-003" type="0"/>
    <Peak1D F1="2.737232" intensity="2.680149e-003" type="0"/>
    <Peak1D F1="2.725995" intensity="2.625007e-003" type="0"/>
    <Peak1D F1="2.683875" intensity="9.784783e-002" type="0"/>
    <Peak1D F1="2.665550" intensity="9.661742e-002" type="0"/>
    <Peak1D F1="2.640487" intensity="4.212174e-003" type="0"/>
    <Peak1D F1="2.610818" intensity="2.380724e-003" type="0"/>
    <Peak1D F1="2.600917" intensity="2.438167e-003" type="0"/>
    <Peak1D F1="2.584794" intensity="2.563796e-003" type="0"/>
    <Peak1D F1="2.569152" intensity="2.714640e-003" type="0"/>
    <Peak1D F1="2.527081" intensity="4.017256e-003" type="0"/>
    <Peak1D F1="2.508713" intensity="3.602939e-003" type="0"/>
    <Peak1D F1="2.481209" intensity="4.226211e-003" type="0"/>
    <Peak1D F1="2.470699" intensity="3.320827e-003" type="0"/>
    <Peak1D F1="2.410769" intensity="8.746373e-003" type="0"/>
    <Peak1D F1="2.379874" intensity="3.733835e-003" type="0"/>
    <Peak1D F1="2.352372" intensity="3.625070e-003" type="0"/>
    <Peak1D F1="2.345146" intensity="3.929904e-003" type="0"/>
    <Peak1D F1="2.317785" intensity="2.984083e-003" type="0"/>
    <Peak1D F1="2.256331" intensity="3.372845e-003" type="0"/>
    <Peak1D F1="2.242903" intensity="4.971269e-003" type="0"/>
    <Peak1D F1="2.215683" intensity="5.139971e-002" type="0"/>
    <Peak1D F1="2.197263" intensity="5.405671e-003" type="0"/>
    <Peak1D F1="2.172795" intensity="7.440668e-003" type="0"/>
    <Peak1D F1="2.165563" intensity="8.151172e-003" type="0"/>
    <Peak1D F1="2.129852" intensity="6.470121e-003" type="0"/>
    <Peak1D F1="2.094332" intensity="3.680791e-003" type="0"/>
    <Peak1D F1="2.073287" intensity="7.539196e-003" type="0"/>
    <Peak1D F1="2.036859" intensity="3.908578e-003" type="0"/>
    <Peak1D F1="2.023356" intensity="4.246523e-003" type="0"/>
    <Peak1D F1="1.993143" intensity="3.901222e-003" type="0"/>
    <Peak1D F1="1.950971" intensity="4.193913e-003" type="0"/>
    <Peak1D F1="1.928599" intensity="5.402126e-003" type="0"/>
    <Peak1D F1="1.912477" intensity="5.833628e-003" type="0"/>
    <Peak1D F1="1.899436" intensity="9.409296e-003" type="0"/>
    <Peak1D F1="1.884167" intensity="1.808991e-002" type="0"/>
    <Peak1D F1="1.867339" intensity="2.267717e-002" type="0"/>
    <Peak1D F1="1.847754" intensity="2.097661e-002" type="0"/>
    <Peak1D F1="1.829176" intensity="1.619349e-002" type="0"/>
    <Peak1D F1="1.809761" intensity="1.405958e-002" type="0"/>
    <Peak1D F1="1.791754" intensity="1.413277e-002" type="0"/>
    <Peak1D F1="1.777484" intensity="1.129707e-002" type="0"/>
    <Peak1D F1="1.594037" intensity="5.303675e-001" type="0"/>
    <Peak1D F1="1.551675" intensity="6.826027e-002" type="0"/>
    <Peak1D F1="1.532670" intensity="4.653315e-002" type="0"/>
    <Peak1D F1="1.513213" intensity="3.051600e-002" type="0"/>
    <Peak1D F1="1.460275" intensity="1.681217e-002" type="0"/>
    <Peak1D F1="1.451578" intensity="1.764468e-002" type="0"/>
    <Peak1D F1="1.432084" intensity="2.035835e-002" type="0"/>
    <Peak1D F1="1.412775" intensity="1.747646e-002" type="0"/>
    <Peak1D F1="1.388590" intensity="1.771595e-002" type="0"/>
    <Peak1D F1="1.368521" intensity="3.481643e-002" type="0"/>
    <Peak1D F1="1.317104" intensity="6.877153e-002" type="0"/>
    <Peak1D F1="1.288481" intensity="7.010011e-001" type="0"/>
    <Peak1D F1="1.277642" intensity="2.812122e-001" type="0"/>
    <Peak1D F1="1.259476" intensity="1.366105e-001" type="0"/>
    <Peak1D F1="1.212197" intensity="1.827264e-002" type="0"/>
    <Peak1D F1="1.190100" intensity="1.324653e-002" type="0"/>
    <Peak1D F1="1.169765" intensity="1.300417e-002" type="0"/>
    <Peak1D F1="1.153124" intensity="1.262399e-002" type="0"/>
    <Peak1D F1="1.133273" intensity="1.317937e-002" type="0"/>
    <Peak1D F1="1.113993" intensity="1.283422e-002" type="0"/>
    <Peak1D F1="1.099749" intensity="1.216335e-002" type="0"/>
    <Peak1D F1="1.081567" intensity="1.355127e-002" type="0"/>
    <Peak1D F1="1.058920" intensity="1.200512e-002" type="0"/>
    <Peak1D F1="1.045609" intensity="4.196126e-002" type="0"/>
    <Peak1D F1="1.027528" intensity="7.124900e-002" type="0"/>
    <Peak1D F1="1.009092" intensity="4.813601e-002" type="0"/>
    <Peak1D F1="0.994183" intensity="2.579894e-002" type="0"/>
    <Peak1D F1="0.973804" intensity="1.384446e-002" type="0"/>
    <Peak1D F1="0.954023" intensity="1.424253e-002" type="0"/>
    <Peak1D F1="0.930271" intensity="4.437046e-002" type="0"/>
    <Peak1D F1="0.915078" intensity="7.652628e-002" type="0"/>
    <Peak1D F1="0.897720" intensity="5.628381e-002" type="0"/>
    <Peak1D F1="0.889207" intensity="5.173197e-002" type="0"/>
    <Peak1D F1="0.869367" intensity="4.195597e-002" type="0"/>
    <Peak1D F1="0.789302" intensity="5.760079e-003" type="0"/>
    <Peak1D F1="0.751584" intensity="6.706873e-003" type="0"/>
    <Peak1D F1="0.727363" intensity="3.800718e-003" type="0"/>
    <Peak1D F1="0.106046" intensity="1.222895e-002" type="0"/>
  </PeakList1D>
</PeakList>
