<?xml version="1.0" encoding="UTF-8"?>
<PeakList modified="2019-10-19T15:20:15">
  <PeakList1D>
    <PeakList1DHeader creator="tanpures" date="2019-10-19T15:20:15" expNo="3" name="SDT461" owner="" procNo="1" source="/opt/osu/chemistry/data/tanpures/nmr">
      <PeakPickDetails>F1=160.303345ppm, F2=107.892265ppm, MI=0.51cm, MAXI=8.04cm, PC=1.400
      </PeakPickDetails>
    </PeakList1DHeader>
    <Peak1D F1="150.51712" intensity="1.152721" type="0"/>
    <Peak1D F1="130.375824" intensity="4.135598" type="0"/>
    <Peak1D F1="128.235199" intensity="3.952359" type="0"/>
    <Peak1D F1="126.043198" intensity="1.596947" type="0"/>
    <Peak1D F1="121.860321" intensity="1.050406" type="0"/>
    <Peak1D F1="120.893814" intensity="4.057644" type="0"/>
  </PeakList1D>
  <PeakList1D>
    <PeakList1DHeader creator="tanpures" date="2019-10-19T15:20:15" expNo="3" name="SDT461" owner="" procNo="1" source="/opt/osu/chemistry/data/tanpures/nmr">
      <PeakPickDetails>F1=81.796371ppm, F2=25.218721ppm, MI=1.03cm, MAXI=15.91cm, PC=1.400
      </PeakPickDetails>
    </PeakList1DHeader>
    <Peak1D F1="77.374321" intensity="14.737" type="0"/>
    <Peak1D F1="77.192833" intensity="15.0" type="0"/>
    <Peak1D F1="77.011345" intensity="14.81939" type="0"/>
    <Peak1D F1="63.304001" intensity="4.149054" type="0"/>
    <Peak1D F1="62.926926" intensity="4.361496" type="0"/>
    <Peak1D F1="30.624784" intensity="4.493176" type="0"/>
  </PeakList1D>
</PeakList>
