<?xml version="1.0" encoding="UTF-8"?>
<PeakList modified="2020-03-02T22:35:11">
  <PeakList1D>
    <PeakList1DHeader creator="pjw" date="2020-02-29T16:17:00" expNo="2" name="hz-3aq-500" owner="" procNo="1" source="D:\pjw-UNI500">
      <PeakPickDetails>F1=218.326508ppm, F2=-18.334021ppm, MI=0.00cm, MAXI=10000.00cm, PC=1.400
      </PeakPickDetails>
    </PeakList1DHeader>
    <Peak1D F1="197.201508" intensity="1.135912" type="0"/>
    <Peak1D F1="163.850555" intensity="0.8047112" type="0"/>
    <Peak1D F1="151.724869" intensity="0.9448565" type="0"/>
    <Peak1D F1="149.923599" intensity="2.048635" type="0"/>
    <Peak1D F1="148.801987" intensity="1.416464" type="0"/>
    <Peak1D F1="146.144348" intensity="1.307474" type="0"/>
    <Peak1D F1="140.135651" intensity="2.285965" type="0"/>
    <Peak1D F1="139.686844" intensity="1.256878" type="0"/>
    <Peak1D F1="138.857025" intensity="2.187396" type="0"/>
    <Peak1D F1="134.970245" intensity="1.268049" type="0"/>
    <Peak1D F1="129.01506" intensity="4.970575" type="0"/>
    <Peak1D F1="128.585678" intensity="5.742796" type="0"/>
    <Peak1D F1="128.38501" intensity="2.264549" type="0"/>
    <Peak1D F1="127.343323" intensity="5.749878" type="0"/>
    <Peak1D F1="127.263496" intensity="6.047396" type="0"/>
    <Peak1D F1="124.298172" intensity="2.119195" type="0"/>
    <Peak1D F1="124.047569" intensity="1.924183" type="0"/>
    <Peak1D F1="119.152786" intensity="2.450905" type="0"/>
    <Peak1D F1="105.318848" intensity="2.206703" type="0"/>
    <Peak1D F1="77.30661" intensity="14.86221" type="0"/>
    <Peak1D F1="77.052666" intensity="15.0" type="0"/>
    <Peak1D F1="76.798195" intensity="14.47405" type="0"/>
    <Peak1D F1="37.304932" intensity="2.498776" type="0"/>
    <Peak1D F1="27.53483" intensity="2.309533" type="0"/>
  </PeakList1D>
</PeakList>
