<?xml version="1.0" encoding="UTF-8"?>
<PeakList>
  <PeakList1D>
    <PeakList1DHeader creator="nmrsu" date="2018-08-16T08:03:56.857-03:00" expNo="1" name="2B232_MS221" owner="" procNo="1" source="C:/NMRData/data/marcio_marilia/nmr">
      <PeakPickDetails>F1=16.020ppm, F2=-1.020ppm, MI=0.00cm, MAXI=10000.00cm, PC=1.000
      </PeakPickDetails>
    </PeakList1DHeader>
    <Peak1D F1="9.9286" intensity="2.878611e-002" type="0"/>
    <Peak1D F1="9.3318" intensity="2.883326e-002" type="0"/>
    <Peak1D F1="8.0121" intensity="2.695008e-002" type="0"/>
    <Peak1D F1="7.9858" intensity="2.918216e-002" type="0"/>
    <Peak1D F1="7.9757" intensity="3.309435e-002" type="0"/>
    <Peak1D F1="7.9619" intensity="3.105835e-002" type="0"/>
    <Peak1D F1="7.9492" intensity="3.452113e-002" type="0"/>
    <Peak1D F1="7.9390" intensity="4.076246e-002" type="0"/>
    <Peak1D F1="7.9310" intensity="5.093493e-002" type="0"/>
    <Peak1D F1="7.9229" intensity="7.195976e-002" type="0"/>
    <Peak1D F1="7.9106" intensity="7.180576e-002" type="0"/>
    <Peak1D F1="7.9028" intensity="7.810965e-002" type="0"/>
    <Peak1D F1="7.8889" intensity="6.517165e-002" type="0"/>
    <Peak1D F1="7.8836" intensity="7.052911e-002" type="0"/>
    <Peak1D F1="7.8701" intensity="9.641592e-002" type="0"/>
    <Peak1D F1="7.8551" intensity="1.255026e-001" type="0"/>
    <Peak1D F1="7.8415" intensity="1.844555e-001" type="0"/>
    <Peak1D F1="7.7983" intensity="1.466513e+000" type="0"/>
    <Peak1D F1="7.7213" intensity="6.529975e-002" type="0"/>
    <Peak1D F1="7.7115" intensity="6.423576e-002" type="0"/>
    <Peak1D F1="7.7048" intensity="5.799483e-002" type="0"/>
    <Peak1D F1="7.6977" intensity="5.851338e-002" type="0"/>
    <Peak1D F1="7.6925" intensity="5.368956e-002" type="0"/>
    <Peak1D F1="7.6873" intensity="5.409143e-002" type="0"/>
    <Peak1D F1="7.6727" intensity="6.277287e-002" type="0"/>
    <Peak1D F1="7.6642" intensity="7.338315e-002" type="0"/>
    <Peak1D F1="7.6624" intensity="6.531493e-002" type="0"/>
    <Peak1D F1="7.6571" intensity="7.718208e-002" type="0"/>
    <Peak1D F1="7.6001" intensity="1.688464e+000" type="0"/>
    <Peak1D F1="7.5976" intensity="1.758437e+000" type="0"/>
    <Peak1D F1="7.5950" intensity="1.890269e+000" type="0"/>
    <Peak1D F1="7.5800" intensity="1.767889e+000" type="0"/>
    <Peak1D F1="7.5776" intensity="1.840673e+000" type="0"/>
    <Peak1D F1="7.5754" intensity="1.955421e+000" type="0"/>
    <Peak1D F1="7.5412" intensity="4.612336e-002" type="0"/>
    <Peak1D F1="7.5365" intensity="3.596830e-002" type="0"/>
    <Peak1D F1="7.5024" intensity="4.689896e-002" type="0"/>
    <Peak1D F1="7.4955" intensity="5.197739e-002" type="0"/>
    <Peak1D F1="7.4856" intensity="5.174483e-002" type="0"/>
    <Peak1D F1="7.4718" intensity="7.208771e-002" type="0"/>
    <Peak1D F1="7.4709" intensity="7.793308e-002" type="0"/>
    <Peak1D F1="7.4640" intensity="7.242517e-002" type="0"/>
    <Peak1D F1="7.4399" intensity="1.189997e-001" type="0"/>
    <Peak1D F1="7.4230" intensity="1.334523e-001" type="0"/>
    <Peak1D F1="7.3889" intensity="1.669868e-001" type="0"/>
    <Peak1D F1="7.3871" intensity="1.685096e-001" type="0"/>
    <Peak1D F1="7.3798" intensity="1.744010e-001" type="0"/>
    <Peak1D F1="7.3725" intensity="1.642213e-001" type="0"/>
    <Peak1D F1="7.3425" intensity="3.074241e-001" type="0"/>
    <Peak1D F1="7.2908" intensity="2.375930e+000" type="0"/>
    <Peak1D F1="7.2832" intensity="2.876109e+000" type="0"/>
    <Peak1D F1="7.2747" intensity="4.410458e+000" type="0"/>
    <Peak1D F1="7.2673" intensity="7.189041e+000" type="0"/>
    <Peak1D F1="7.2614" intensity="6.853188e+000" type="0"/>
    <Peak1D F1="7.2536" intensity="4.888514e+000" type="0"/>
    <Peak1D F1="7.2409" intensity="3.798053e+000" type="0"/>
    <Peak1D F1="7.2385" intensity="4.505513e+000" type="0"/>
    <Peak1D F1="7.2333" intensity="5.639660e+000" type="0"/>
    <Peak1D F1="7.2311" intensity="5.843617e+000" type="0"/>
    <Peak1D F1="7.2257" intensity="4.699677e+000" type="0"/>
    <Peak1D F1="7.2080" intensity="5.427556e-001" type="0"/>
    <Peak1D F1="7.2053" intensity="5.972936e-001" type="0"/>
    <Peak1D F1="7.2005" intensity="6.080105e-001" type="0"/>
    <Peak1D F1="7.1690" intensity="1.180617e+000" type="0"/>
    <Peak1D F1="7.1614" intensity="1.932336e+000" type="0"/>
    <Peak1D F1="7.1562" intensity="1.499007e+000" type="0"/>
    <Peak1D F1="7.1539" intensity="1.577940e+000" type="0"/>
    <Peak1D F1="7.1488" intensity="2.235400e+000" type="0"/>
    <Peak1D F1="7.1415" intensity="2.520286e+000" type="0"/>
    <Peak1D F1="7.1343" intensity="3.122712e+000" type="0"/>
    <Peak1D F1="7.1285" intensity="4.439969e+000" type="0"/>
    <Peak1D F1="7.1214" intensity="4.217858e+000" type="0"/>
    <Peak1D F1="7.1113" intensity="3.103189e+000" type="0"/>
    <Peak1D F1="7.0822" intensity="1.430120e-001" type="0"/>
    <Peak1D F1="7.0662" intensity="1.180905e-001" type="0"/>
    <Peak1D F1="7.0638" intensity="1.153032e-001" type="0"/>
    <Peak1D F1="7.0490" intensity="8.084589e-002" type="0"/>
    <Peak1D F1="7.0194" intensity="1.847964e-001" type="0"/>
    <Peak1D F1="6.9765" intensity="3.549159e-002" type="0"/>
    <Peak1D F1="6.9591" intensity="3.387148e-002" type="0"/>
    <Peak1D F1="6.9505" intensity="3.433633e-002" type="0"/>
    <Peak1D F1="6.9300" intensity="4.269185e-002" type="0"/>
    <Peak1D F1="6.9190" intensity="4.254561e-002" type="0"/>
    <Peak1D F1="6.9144" intensity="3.876785e-002" type="0"/>
    <Peak1D F1="6.9134" intensity="3.623084e-002" type="0"/>
    <Peak1D F1="6.9125" intensity="3.488069e-002" type="0"/>
    <Peak1D F1="6.9008" intensity="3.023703e-002" type="0"/>
    <Peak1D F1="6.8697" intensity="2.904062e-002" type="0"/>
    <Peak1D F1="6.8111" intensity="4.915775e-002" type="0"/>
    <Peak1D F1="6.8102" intensity="5.347306e-002" type="0"/>
    <Peak1D F1="6.7874" intensity="4.821039e-002" type="0"/>
    <Peak1D F1="6.6747" intensity="3.260370e-002" type="0"/>
    <Peak1D F1="6.6699" intensity="3.130967e-002" type="0"/>
    <Peak1D F1="6.5742" intensity="2.991358e-002" type="0"/>
    <Peak1D F1="6.5699" intensity="3.307991e-002" type="0"/>
    <Peak1D F1="4.6901" intensity="3.018806e-002" type="0"/>
    <Peak1D F1="4.6579" intensity="3.354910e-002" type="0"/>
    <Peak1D F1="4.5941" intensity="2.767037e-002" type="0"/>
    <Peak1D F1="4.5466" intensity="3.549678e-002" type="0"/>
    <Peak1D F1="4.5418" intensity="2.901771e-002" type="0"/>
    <Peak1D F1="4.5323" intensity="3.684752e-002" type="0"/>
    <Peak1D F1="4.5264" intensity="4.148558e-002" type="0"/>
    <Peak1D F1="4.5172" intensity="3.644785e-002" type="0"/>
    <Peak1D F1="4.5092" intensity="3.348054e-002" type="0"/>
    <Peak1D F1="4.4909" intensity="3.079615e-002" type="0"/>
    <Peak1D F1="4.4356" intensity="3.249513e-002" type="0"/>
    <Peak1D F1="4.4296" intensity="3.707784e-002" type="0"/>
    <Peak1D F1="4.4027" intensity="2.862964e-002" type="0"/>
    <Peak1D F1="4.2505" intensity="4.080324e-002" type="0"/>
    <Peak1D F1="4.2432" intensity="4.478088e-002" type="0"/>
    <Peak1D F1="4.2380" intensity="2.926391e-002" type="0"/>
    <Peak1D F1="4.2211" intensity="4.936640e-002" type="0"/>
    <Peak1D F1="4.2141" intensity="4.770865e-002" type="0"/>
    <Peak1D F1="4.2057" intensity="2.705888e-002" type="0"/>
    <Peak1D F1="4.1885" intensity="8.150996e-002" type="0"/>
    <Peak1D F1="4.1707" intensity="3.563032e-002" type="0"/>
    <Peak1D F1="4.1634" intensity="4.041057e-002" type="0"/>
    <Peak1D F1="4.1527" intensity="4.281477e-002" type="0"/>
    <Peak1D F1="4.1470" intensity="3.002761e-002" type="0"/>
    <Peak1D F1="4.1288" intensity="6.507354e-002" type="0"/>
    <Peak1D F1="4.1083" intensity="3.902898e-002" type="0"/>
    <Peak1D F1="4.1009" intensity="3.611089e-002" type="0"/>
    <Peak1D F1="4.0903" intensity="7.124480e-002" type="0"/>
    <Peak1D F1="4.0866" intensity="6.866566e-002" type="0"/>
    <Peak1D F1="4.0625" intensity="5.731564e-002" type="0"/>
    <Peak1D F1="4.0558" intensity="5.816841e-002" type="0"/>
    <Peak1D F1="4.0339" intensity="9.124068e-002" type="0"/>
    <Peak1D F1="3.9599" intensity="7.606361e+000" type="0"/>
    <Peak1D F1="3.9528" intensity="8.534912e+000" type="0"/>
    <Peak1D F1="3.9356" intensity="1.627682e-001" type="0"/>
    <Peak1D F1="3.9307" intensity="1.442181e-001" type="0"/>
    <Peak1D F1="3.9276" intensity="1.452286e-001" type="0"/>
    <Peak1D F1="3.9037" intensity="6.065285e-002" type="0"/>
    <Peak1D F1="3.8939" intensity="1.113735e-001" type="0"/>
    <Peak1D F1="3.8869" intensity="1.366449e-001" type="0"/>
    <Peak1D F1="3.8607" intensity="1.028496e-001" type="0"/>
    <Peak1D F1="3.8444" intensity="3.448024e-001" type="0"/>
    <Peak1D F1="3.8369" intensity="3.841062e-001" type="0"/>
    <Peak1D F1="3.7751" intensity="8.401308e+000" type="0"/>
    <Peak1D F1="3.7677" intensity="9.255036e+000" type="0"/>
    <Peak1D F1="3.7128" intensity="1.363913e+001" type="0"/>
    <Peak1D F1="3.7053" intensity="1.500000e+001" type="0"/>
    <Peak1D F1="3.6591" intensity="2.592238e-001" type="0"/>
    <Peak1D F1="3.6517" intensity="2.931289e-001" type="0"/>
    <Peak1D F1="3.6402" intensity="6.462231e-002" type="0"/>
    <Peak1D F1="3.6327" intensity="7.793677e-002" type="0"/>
    <Peak1D F1="3.6263" intensity="7.761954e-002" type="0"/>
    <Peak1D F1="3.6145" intensity="6.421845e-002" type="0"/>
    <Peak1D F1="3.6099" intensity="8.272678e-002" type="0"/>
    <Peak1D F1="3.6032" intensity="9.407493e-002" type="0"/>
    <Peak1D F1="3.6001" intensity="8.264063e-002" type="0"/>
    <Peak1D F1="3.5952" intensity="8.535512e-002" type="0"/>
    <Peak1D F1="3.5516" intensity="3.078076e-002" type="0"/>
    <Peak1D F1="3.5479" intensity="3.798617e-002" type="0"/>
    <Peak1D F1="3.5326" intensity="7.512484e-002" type="0"/>
    <Peak1D F1="3.5273" intensity="1.439833e-001" type="0"/>
    <Peak1D F1="3.5193" intensity="9.890913e-002" type="0"/>
    <Peak1D F1="3.4957" intensity="3.648837e-002" type="0"/>
    <Peak1D F1="3.4848" intensity="3.889270e-002" type="0"/>
    <Peak1D F1="3.4720" intensity="1.357266e-001" type="0"/>
    <Peak1D F1="3.4658" intensity="1.447367e-001" type="0"/>
    <Peak1D F1="3.4374" intensity="5.370294e-002" type="0"/>
    <Peak1D F1="3.4300" intensity="4.690847e-002" type="0"/>
    <Peak1D F1="3.4095" intensity="4.738140e-002" type="0"/>
    <Peak1D F1="3.4015" intensity="5.659614e-002" type="0"/>
    <Peak1D F1="3.3647" intensity="5.175185e-002" type="0"/>
    <Peak1D F1="3.3581" intensity="4.707088e-002" type="0"/>
    <Peak1D F1="3.3329" intensity="4.133925e-002" type="0"/>
    <Peak1D F1="3.3265" intensity="4.468396e-002" type="0"/>
    <Peak1D F1="3.2777" intensity="3.123714e-002" type="0"/>
    <Peak1D F1="3.2518" intensity="3.709719e-002" type="0"/>
    <Peak1D F1="3.2248" intensity="2.802222e-002" type="0"/>
    <Peak1D F1="2.7563" intensity="3.378882e-002" type="0"/>
    <Peak1D F1="2.7391" intensity="3.145715e-002" type="0"/>
    <Peak1D F1="2.7362" intensity="3.030078e-002" type="0"/>
    <Peak1D F1="2.7034" intensity="3.463186e-002" type="0"/>
    <Peak1D F1="2.6956" intensity="3.193875e-002" type="0"/>
    <Peak1D F1="2.6925" intensity="3.038358e-002" type="0"/>
    <Peak1D F1="2.3742" intensity="6.302852e-002" type="0"/>
    <Peak1D F1="2.3057" intensity="3.033316e-002" type="0"/>
    <Peak1D F1="2.2768" intensity="3.380881e-002" type="0"/>
    <Peak1D F1="2.2287" intensity="3.985674e-002" type="0"/>
    <Peak1D F1="2.0852" intensity="8.197698e-002" type="0"/>
    <Peak1D F1="2.0773" intensity="8.899046e-002" type="0"/>
    <Peak1D F1="1.7628" intensity="3.011550e-002" type="0"/>
    <Peak1D F1="1.7436" intensity="3.003931e-002" type="0"/>
    <Peak1D F1="1.7360" intensity="3.197048e-002" type="0"/>
    <Peak1D F1="1.7291" intensity="3.388941e-002" type="0"/>
    <Peak1D F1="1.7251" intensity="3.999644e-002" type="0"/>
    <Peak1D F1="1.7053" intensity="4.988011e-002" type="0"/>
    <Peak1D F1="1.6825" intensity="7.890862e-002" type="0"/>
    <Peak1D F1="1.6708" intensity="1.026275e-001" type="0"/>
    <Peak1D F1="1.6590" intensity="1.307742e-001" type="0"/>
    <Peak1D F1="1.6445" intensity="2.110960e-001" type="0"/>
    <Peak1D F1="1.6180" intensity="5.979687e-001" type="0"/>
    <Peak1D F1="1.6120" intensity="6.633793e-001" type="0"/>
    <Peak1D F1="1.5602" intensity="8.257600e-002" type="0"/>
    <Peak1D F1="1.5566" intensity="7.440494e-002" type="0"/>
    <Peak1D F1="1.5340" intensity="4.922954e-002" type="0"/>
    <Peak1D F1="1.5132" intensity="3.439059e-002" type="0"/>
    <Peak1D F1="1.4607" intensity="2.848404e-002" type="0"/>
    <Peak1D F1="1.4329" intensity="3.211014e-002" type="0"/>
    <Peak1D F1="1.3970" intensity="2.873785e-002" type="0"/>
    <Peak1D F1="1.3843" intensity="3.179716e-002" type="0"/>
    <Peak1D F1="1.3673" intensity="3.578454e-002" type="0"/>
    <Peak1D F1="1.3447" intensity="4.398182e-002" type="0"/>
    <Peak1D F1="1.3417" intensity="5.483008e-002" type="0"/>
    <Peak1D F1="1.3134" intensity="1.394360e-001" type="0"/>
    <Peak1D F1="1.3089" intensity="1.072062e-001" type="0"/>
    <Peak1D F1="1.2908" intensity="2.632657e-001" type="0"/>
    <Peak1D F1="1.2779" intensity="6.712349e-002" type="0"/>
    <Peak1D F1="1.2618" intensity="3.073003e-002" type="0"/>
    <Peak1D F1="1.0489" intensity="3.079227e-002" type="0"/>
    <Peak1D F1="0.9249" intensity="3.795549e-002" type="0"/>
    <Peak1D F1="0.9201" intensity="4.283444e-002" type="0"/>
    <Peak1D F1="0.9067" intensity="3.687134e-002" type="0"/>
    <Peak1D F1="0.8936" intensity="4.288792e-002" type="0"/>
    <Peak1D F1="0.8783" intensity="3.286264e-002" type="0"/>
    <Peak1D F1="0.1119" intensity="7.409356e-002" type="0"/>
    <Peak1D F1="0.1041" intensity="6.991019e-002" type="0"/>
  </PeakList1D>
</PeakList>
