<?xml version="1.0" encoding="UTF-8"?>
<PeakList>
  <PeakList1D>
    <PeakList1DHeader creator="Dell" date="2020-02-24T18:41:38.775-08:00" expNo="1" name="SDT378C6D6" owner="" procNo="1" source="C:/Users/Dell/Desktop/NMR/Boronate EE analysis">
      <PeakPickDetails>F1=7.654206ppm, F2=7.464764ppm, MI=0.60cm, MAXI=2.08cm, PC=1.000
      </PeakPickDetails>
    </PeakList1DHeader>
    <Peak1D F1="7.541657" intensity="1.530893e+000" type="0"/>
    <Peak1D F1="7.531547" intensity="1.609577e+000" type="0"/>
  </PeakList1D>
  <PeakList1D>
    <PeakList1DHeader creator="Dell" date="2020-02-24T18:41:38.775-08:00" expNo="1" name="SDT378C6D6" owner="" procNo="1" source="C:/Users/Dell/Desktop/NMR/Boronate EE analysis">
      <PeakPickDetails>F1=7.260748ppm, F2=7.187886ppm, MI=0.63cm, MAXI=2.56cm, PC=1.000
      </PeakPickDetails>
    </PeakList1DHeader>
    <Peak1D F1="7.237311" intensity="1.009583e+000" type="0"/>
    <Peak1D F1="7.226540" intensity="1.972583e+000" type="0"/>
    <Peak1D F1="7.215457" intensity="1.178771e+000" type="0"/>
  </PeakList1D>
  <PeakList1D>
    <PeakList1DHeader creator="Dell" date="2020-02-24T18:41:38.775-08:00" expNo="1" name="SDT378C6D6" owner="" procNo="1" source="C:/Users/Dell/Desktop/NMR/Boronate EE analysis">
      <PeakPickDetails>F1=7.168304ppm, F2=7.158741ppm, MI=9.00cm, MAXI=13.42cm, PC=1.000
      </PeakPickDetails>
    </PeakList1DHeader>
    <Peak1D F1="7.159842" intensity="1.248138e+001" type="0"/>
  </PeakList1D>
  <PeakList1D>
    <PeakList1DHeader creator="Dell" date="2020-02-24T18:41:38.775-08:00" expNo="1" name="SDT378C6D6" owner="" procNo="1" source="C:/Users/Dell/Desktop/NMR/Boronate EE analysis">
      <PeakPickDetails>F1=7.158741ppm, F2=7.096808ppm, MI=0.13cm, MAXI=1.33cm, PC=1.000
      </PeakPickDetails>
    </PeakList1DHeader>
    <Peak1D F1="7.140384" intensity="6.666471e-001" type="0"/>
    <Peak1D F1="7.129877" intensity="9.766399e-001" type="0"/>
    <Peak1D F1="7.119377" intensity="4.456046e-001" type="0"/>
  </PeakList1D>
  <PeakList1D>
    <PeakList1DHeader creator="Dell" date="2020-02-24T18:41:38.775-08:00" expNo="1" name="SDT378C6D6" owner="" procNo="1" source="C:/Users/Dell/Desktop/NMR/Boronate EE analysis">
      <PeakPickDetails>F1=7.060377ppm, F2=6.925581ppm, MI=1.59cm, MAXI=17.94cm, PC=1.000
      </PeakPickDetails>
    </PeakList1DHeader>
    <Peak1D F1="7.014832" intensity="2.050297e+000" type="0"/>
    <Peak1D F1="7.010362" intensity="3.784180e+000" type="0"/>
    <Peak1D F1="7.006158" intensity="1.500000e+001" type="0"/>
    <Peak1D F1="7.001044" intensity="2.499496e+000" type="0"/>
  </PeakList1D>
  <PeakList1D>
    <PeakList1DHeader creator="Dell" date="2020-02-24T18:41:38.775-08:00" expNo="1" name="SDT378C6D6" owner="" procNo="1" source="C:/Users/Dell/Desktop/NMR/Boronate EE analysis">
      <PeakPickDetails>F1=5.206550ppm, F2=5.098910ppm, MI=1.19cm, MAXI=3.42cm, PC=1.000
      </PeakPickDetails>
    </PeakList1DHeader>
    <Peak1D F1="5.168005" intensity="2.360212e+000" type="0"/>
  </PeakList1D>
  <PeakList1D>
    <PeakList1DHeader creator="Dell" date="2020-02-24T18:41:38.775-08:00" expNo="1" name="SDT378C6D6" owner="" procNo="1" source="C:/Users/Dell/Desktop/NMR/Boronate EE analysis">
      <PeakPickDetails>F1=4.490948ppm, F2=4.403242ppm, MI=3.02cm, MAXI=7.39cm, PC=1.000
      </PeakPickDetails>
    </PeakList1DHeader>
    <Peak1D F1="4.463411" intensity="6.438484e+000" type="0"/>
  </PeakList1D>
  <PeakList1D>
    <PeakList1DHeader creator="Dell" date="2020-02-24T18:41:38.775-08:00" expNo="1" name="SDT378C6D6" owner="" procNo="1" source="C:/Users/Dell/Desktop/NMR/Boronate EE analysis">
      <PeakPickDetails>F1=4.170527ppm, F2=3.848686ppm, MI=0.09cm, MAXI=0.63cm, PC=1.000
      </PeakPickDetails>
    </PeakList1DHeader>
    <Peak1D F1="4.042653" intensity="1.190773e-001" type="0"/>
    <Peak1D F1="4.035394" intensity="1.606093e-001" type="0"/>
    <Peak1D F1="4.032912" intensity="1.623579e-001" type="0"/>
    <Peak1D F1="4.028395" intensity="2.082509e-001" type="0"/>
    <Peak1D F1="4.025768" intensity="1.718261e-001" type="0"/>
    <Peak1D F1="4.021226" intensity="2.277951e-001" type="0"/>
    <Peak1D F1="4.018754" intensity="2.169359e-001" type="0"/>
    <Peak1D F1="4.011506" intensity="1.677354e-001" type="0"/>
    <Peak1D F1="3.965259" intensity="1.636177e-001" type="0"/>
    <Peak1D F1="3.956460" intensity="2.286597e-001" type="0"/>
    <Peak1D F1="3.954308" intensity="2.317171e-001" type="0"/>
    <Peak1D F1="3.951182" intensity="1.614374e-001" type="0"/>
    <Peak1D F1="3.945477" intensity="1.994618e-001" type="0"/>
    <Peak1D F1="3.942391" intensity="1.847716e-001" type="0"/>
    <Peak1D F1="3.940158" intensity="1.648422e-001" type="0"/>
    <Peak1D F1="3.931356" intensity="1.254978e-001" type="0"/>
  </PeakList1D>
  <PeakList1D>
    <PeakList1DHeader creator="Dell" date="2020-02-24T18:41:38.775-08:00" expNo="1" name="SDT378C6D6" owner="" procNo="1" source="C:/Users/Dell/Desktop/NMR/Boronate EE analysis">
      <PeakPickDetails>F1=3.674355ppm, F2=3.379334ppm, MI=0.04cm, MAXI=0.40cm, PC=1.000
      </PeakPickDetails>
    </PeakList1DHeader>
    <Peak1D F1="3.609023" intensity="9.500322e-002" type="0"/>
    <Peak1D F1="3.600034" intensity="1.192714e-001" type="0"/>
    <Peak1D F1="3.591143" intensity="9.826031e-002" type="0"/>
    <Peak1D F1="3.462086" intensity="1.063195e-001" type="0"/>
    <Peak1D F1="3.452640" intensity="1.346307e-001" type="0"/>
    <Peak1D F1="3.443340" intensity="1.064119e-001" type="0"/>
  </PeakList1D>
  <PeakList1D>
    <PeakList1DHeader creator="Dell" date="2020-02-24T18:41:38.775-08:00" expNo="1" name="SDT378C6D6" owner="" procNo="1" source="C:/Users/Dell/Desktop/NMR/Boronate EE analysis">
      <PeakPickDetails>F1=2.830923ppm, F2=2.812792ppm, MI=0.83cm, MAXI=1.59cm, PC=1.000
      </PeakPickDetails>
    </PeakList1DHeader>
    <Peak1D F1="2.820565" intensity="8.834116e-001" type="0"/>
  </PeakList1D>
  <PeakList1D>
    <PeakList1DHeader creator="Dell" date="2020-02-24T18:41:38.775-08:00" expNo="1" name="SDT378C6D6" owner="" procNo="1" source="C:/Users/Dell/Desktop/NMR/Boronate EE analysis">
      <PeakPickDetails>F1=2.614961ppm, F2=2.239479ppm, MI=0.05cm, MAXI=0.51cm, PC=1.000
      </PeakPickDetails>
    </PeakList1DHeader>
    <Peak1D F1="2.534000" intensity="6.600130e-002" type="0"/>
    <Peak1D F1="2.526999" intensity="7.977070e-002" type="0"/>
    <Peak1D F1="2.523479" intensity="1.195565e-001" type="0"/>
    <Peak1D F1="2.516249" intensity="1.354145e-001" type="0"/>
    <Peak1D F1="2.513466" intensity="1.664008e-001" type="0"/>
    <Peak1D F1="2.506330" intensity="1.686255e-001" type="0"/>
    <Peak1D F1="2.503202" intensity="1.710545e-001" type="0"/>
    <Peak1D F1="2.496084" intensity="1.591291e-001" type="0"/>
    <Peak1D F1="2.492794" intensity="1.041330e-001" type="0"/>
    <Peak1D F1="2.485762" intensity="8.537307e-002" type="0"/>
    <Peak1D F1="2.398669" intensity="8.583421e-002" type="0"/>
    <Peak1D F1="2.390484" intensity="1.394613e-001" type="0"/>
    <Peak1D F1="2.383122" intensity="1.234238e-001" type="0"/>
    <Peak1D F1="2.377682" intensity="1.854484e-001" type="0"/>
    <Peak1D F1="2.369444" intensity="1.743943e-001" type="0"/>
    <Peak1D F1="2.364190" intensity="1.001448e-001" type="0"/>
    <Peak1D F1="2.356680" intensity="1.068840e-001" type="0"/>
    <Peak1D F1="2.348618" intensity="6.662111e-002" type="0"/>
  </PeakList1D>
  <PeakList1D>
    <PeakList1DHeader creator="Dell" date="2020-02-24T18:41:38.775-08:00" expNo="1" name="SDT378C6D6" owner="" procNo="1" source="C:/Users/Dell/Desktop/NMR/Boronate EE analysis">
      <PeakPickDetails>F1=1.206905ppm, F2=0.978934ppm, MI=7.59cm, MAXI=16.59cm, PC=1.000
      </PeakPickDetails>
    </PeakList1DHeader>
    <Peak1D F1="1.029529" intensity="1.383452e+001" type="0"/>
  </PeakList1D>
  <PeakList1D>
    <PeakList1DHeader creator="Dell" date="2020-02-24T18:41:38.775-08:00" expNo="1" name="SDT378C6D6" owner="" procNo="1" source="C:/Users/Dell/Desktop/NMR/Boronate EE analysis">
      <PeakPickDetails>F1=0.978934ppm, F2=0.670503ppm, MI=0.54cm, MAXI=3.29cm, PC=1.000
      </PeakPickDetails>
    </PeakList1DHeader>
    <Peak1D F1="0.933183" intensity="1.173455e+000" type="0"/>
    <Peak1D F1="0.923489" intensity="1.176996e+000" type="0"/>
    <Peak1D F1="0.903056" intensity="1.381394e+000" type="0"/>
    <Peak1D F1="0.893385" intensity="1.345831e+000" type="0"/>
    <Peak1D F1="0.830841" intensity="1.374943e+000" type="0"/>
    <Peak1D F1="0.821115" intensity="2.716703e+000" type="0"/>
    <Peak1D F1="0.811286" intensity="1.466686e+000" type="0"/>
  </PeakList1D>
  <PeakList1D>
    <PeakList1DHeader creator="Dell" date="2020-02-24T18:41:38.775-08:00" expNo="1" name="SDT378C6D6" owner="" procNo="1" source="C:/Users/Dell/Desktop/NMR/Boronate EE analysis">
      <PeakPickDetails>F1=0.670503ppm, F2=0.522992ppm, MI=7.59cm, MAXI=16.59cm, PC=1.000
      </PeakPickDetails>
    </PeakList1DHeader>
  </PeakList1D>
  <PeakList1D>
    <PeakList1DHeader creator="Dell" date="2020-02-24T18:41:38.785-08:00" expNo="1" name="SDT378C6D6" owner="" procNo="1" source="C:/Users/Dell/Desktop/NMR/Boronate EE analysis">
      <PeakPickDetails>F1=0.256532ppm, F2=-0.096200ppm, MI=1.37cm, MAXI=5.05cm, PC=1.000
      </PeakPickDetails>
    </PeakList1DHeader>
    <Peak1D F1="0.159676" intensity="4.799771e+000" type="0"/>
    <Peak1D F1="0.157108" intensity="4.764741e+000" type="0"/>
  </PeakList1D>
  <PeakList1D>
    <PeakList1DHeader creator="Dell" date="2020-02-24T18:41:38.785-08:00" expNo="1" name="SDT378C6D6" owner="" procNo="1" source="C:/Users/Dell/Desktop/NMR/Boronate EE analysis">
      <PeakPickDetails>F1=-0.096200ppm, F2=-0.120690ppm, MI=1.13cm, MAXI=4.79cm, PC=1.000
      </PeakPickDetails>
    </PeakList1DHeader>
  </PeakList1D>
</PeakList>
