<?xml version="1.0" encoding="UTF-8"?>
<PeakList>
  <PeakList1D>
    <PeakList1DHeader creator="chemist" date="2019-02-07T19:14:27.561+00:00" expNo="10" name="Z145546" owner="" procNo="1" source="f:\data\chemist\nmr\">
      <PeakPickDetails>F1=15.000ppm, F2=-0.100ppm, MI=0.50cm, MAXI=80.00cm, PC=1.000
      </PeakPickDetails>
    </PeakList1DHeader>
    <Peak1D F1="7.3211" intensity="2.251062e+000" type="0"/>
    <Peak1D F1="7.3001" intensity="6.217616e+000" type="0"/>
    <Peak1D F1="7.2846" intensity="3.852260e+000" type="0"/>
    <Peak1D F1="7.2765" intensity="6.610410e+000" type="0"/>
    <Peak1D F1="7.2599" intensity="1.014228e+000" type="0"/>
    <Peak1D F1="7.2555" intensity="2.195803e+000" type="0"/>
    <Peak1D F1="7.1525" intensity="1.663405e+000" type="0"/>
    <Peak1D F1="7.1322" intensity="5.511483e+000" type="0"/>
    <Peak1D F1="7.1159" intensity="6.166503e+000" type="0"/>
    <Peak1D F1="7.0956" intensity="1.752070e+000" type="0"/>
    <Peak1D F1="4.8822" intensity="6.075889e-001" type="0"/>
    <Peak1D F1="4.8752" intensity="6.906297e-001" type="0"/>
    <Peak1D F1="4.8705" intensity="7.273426e-001" type="0"/>
    <Peak1D F1="4.8622" intensity="1.053227e+000" type="0"/>
    <Peak1D F1="4.8540" intensity="7.153132e-001" type="0"/>
    <Peak1D F1="4.8495" intensity="6.875545e-001" type="0"/>
    <Peak1D F1="4.8422" intensity="5.924472e-001" type="0"/>
    <Peak1D F1="3.0400" intensity="6.111795e-001" type="0"/>
    <Peak1D F1="3.0279" intensity="6.912383e-001" type="0"/>
    <Peak1D F1="3.0058" intensity="1.677845e+000" type="0"/>
    <Peak1D F1="2.9937" intensity="1.640270e+000" type="0"/>
    <Peak1D F1="2.9700" intensity="1.848331e+000" type="0"/>
    <Peak1D F1="2.9487" intensity="1.725343e+000" type="0"/>
    <Peak1D F1="2.9358" intensity="7.004121e-001" type="0"/>
    <Peak1D F1="2.9145" intensity="7.034147e-001" type="0"/>
    <Peak1D F1="2.5133" intensity="2.000000e+001" type="0"/>
    <Peak1D F1="2.3552" intensity="1.345778e+001" type="0"/>
    <Peak1D F1="1.9405" intensity="2.474229e+000" type="0"/>
    <Peak1D F1="1.9334" intensity="2.339530e+000" type="0"/>
    <Peak1D F1="1.5736" intensity="1.699566e+000" type="0"/>
  </PeakList1D>
</PeakList>
