<?xml version="1.0" encoding="UTF-8"?>
<PeakList modified="2020-01-31T18:38:49">
  <PeakList1D>
    <PeakList1DHeader creator="Dell" date="2020-01-31T18:38:49" expNo="2" name="SDT478" owner="" procNo="1" source="C:/Users/Dell/Desktop/NMR/Boronate">
      <PeakPickDetails>F1=159.293030ppm, F2=152.655823ppm, MI=0.25cm, MAXI=2.13cm, PC=1.400
      </PeakPickDetails>
    </PeakList1DHeader>
    <Peak1D F1="155.921875" intensity="0.6975187" type="0"/>
  </PeakList1D>
  <PeakList1D>
    <PeakList1DHeader creator="Dell" date="2020-01-31T18:38:49" expNo="2" name="SDT478" owner="" procNo="1" source="C:/Users/Dell/Desktop/NMR/Boronate">
      <PeakPickDetails>F1=82.200134ppm, F2=52.372826ppm, MI=0.89cm, MAXI=9.33cm, PC=1.400
      </PeakPickDetails>
    </PeakList1DHeader>
    <Peak1D F1="77.380707" intensity="6.981398" type="0"/>
    <Peak1D F1="77.199173" intensity="7.11105" type="0"/>
    <Peak1D F1="77.017586" intensity="7.020623" type="0"/>
    <Peak1D F1="61.685524" intensity="4.226145" type="0"/>
    <Peak1D F1="60.156479" intensity="4.386232" type="0"/>
  </PeakList1D>
  <PeakList1D>
    <PeakList1DHeader creator="Dell" date="2020-01-31T18:38:49" expNo="2" name="SDT478" owner="" procNo="1" source="C:/Users/Dell/Desktop/NMR/Boronate">
      <PeakPickDetails>F1=48.031765ppm, F2=43.410633ppm, MI=0.03cm, MAXI=0.76cm, PC=1.400
      </PeakPickDetails>
    </PeakList1DHeader>
    <Peak1D F1="46.369236" intensity="0.09684268" type="0"/>
    <Peak1D F1="45.322796" intensity="0.09402341" type="0"/>
  </PeakList1D>
  <PeakList1D>
    <PeakList1DHeader creator="Dell" date="2020-01-31T18:38:49" expNo="2" name="SDT478" owner="" procNo="1" source="C:/Users/Dell/Desktop/NMR/Boronate">
      <PeakPickDetails>F1=34.728504ppm, F2=29.127132ppm, MI=0.64cm, MAXI=5.19cm, PC=1.400
      </PeakPickDetails>
    </PeakList1DHeader>
    <Peak1D F1="32.50032" intensity="4.318594" type="0"/>
  </PeakList1D>
  <PeakList1D>
    <PeakList1DHeader creator="Dell" date="2020-01-31T18:38:49" expNo="2" name="SDT478" owner="" procNo="1" source="C:/Users/Dell/Desktop/NMR/Boronate">
      <PeakPickDetails>F1=28.426962ppm, F2=23.665796ppm, MI=5.15cm, MAXI=17.49cm, PC=1.400
      </PeakPickDetails>
    </PeakList1DHeader>
    <Peak1D F1="26.093815" intensity="15.0" type="0"/>
  </PeakList1D>
  <PeakList1D>
    <PeakList1DHeader creator="Dell" date="2020-01-31T18:38:49" expNo="2" name="SDT478" owner="" procNo="1" source="C:/Users/Dell/Desktop/NMR/Boronate">
      <PeakPickDetails>F1=22.685556ppm, F2=20.164938ppm, MI=0.11cm, MAXI=0.93cm, PC=1.400
      </PeakPickDetails>
    </PeakList1DHeader>
    <Peak1D F1="21.609682" intensity="0.2254762" type="0"/>
    <Peak1D F1="20.790606" intensity="0.2224349" type="0"/>
  </PeakList1D>
  <PeakList1D>
    <PeakList1DHeader creator="Dell" date="2020-01-31T18:38:49" expNo="2" name="SDT478" owner="" procNo="1" source="C:/Users/Dell/Desktop/NMR/Boronate">
      <PeakPickDetails>F1=20.164938ppm, F2=15.963910ppm, MI=0.98cm, MAXI=2.61cm, PC=1.400
      </PeakPickDetails>
    </PeakList1DHeader>
    <Peak1D F1="18.49247" intensity="2.185912" type="0"/>
  </PeakList1D>
  <PeakList1D>
    <PeakList1DHeader creator="Dell" date="2020-01-31T18:38:49" expNo="2" name="SDT478" owner="" procNo="1" source="C:/Users/Dell/Desktop/NMR/Boronate">
      <PeakPickDetails>F1=-0.199792ppm, F2=-8.191472ppm, MI=6.72cm, MAXI=9.32cm, PC=1.400
      </PeakPickDetails>
    </PeakList1DHeader>
    <Peak1D F1="-5.222031" intensity="7.941888" type="0"/>
  </PeakList1D>
</PeakList>
