<?xml version="1.0" encoding="UTF-8"?>
<PeakList>
  <PeakList1D>
    <PeakList1DHeader creator="nmrsu" date="2023-06-27T12:32:04.621-05:00" expNo="1226810" name="Jun27-2023" owner="" procNo="1" source="G:/data/chem-synthesis-a-team5/nmr">
      <PeakPickDetails>F1=219.460297ppm, F2=-19.460289ppm, MI=0.00cm, MAXI=10000.00cm, PC=1.400
      </PeakPickDetails>
    </PeakList1DHeader>
    <Peak1D F1="190.131454" intensity="4.445634e+000" type="0"/>
    <Peak1D F1="154.321732" intensity="2.573605e+000" type="0"/>
    <Peak1D F1="131.878555" intensity="3.710567e+000" type="0"/>
    <Peak1D F1="125.307236" intensity="6.394890e-002" type="0"/>
    <Peak1D F1="125.045815" intensity="1.931609e+000" type="0"/>
    <Peak1D F1="111.249794" intensity="1.726934e-001" type="0"/>
    <Peak1D F1="110.968658" intensity="1.500000e+001" type="0"/>
    <Peak1D F1="110.643867" intensity="1.563270e-001" type="0"/>
    <Peak1D F1="77.615509" intensity="1.260080e+000" type="0"/>
    <Peak1D F1="77.296890" intensity="1.294413e+000" type="0"/>
    <Peak1D F1="76.977158" intensity="1.280117e+000" type="0"/>
    <Peak1D F1="39.952290" intensity="1.077306e+001" type="0"/>
  </PeakList1D>
</PeakList>
