<?xml version="1.0" encoding="UTF-8"?>
<PeakList>
  <PeakList1D>
    <PeakList1DHeader creator="nmr600" date="2019-08-09T10:45:03.077+02:00" expNo="40" name="6Aug0919" owner="" procNo="1" source="/opt/topspin3.0/data/nmr600/nmr">
      <PeakPickDetails>F1=16.349449ppm, F2=-4.201197ppm, MI=0.00cm, MAXI=10000.00cm, PC=1.000
      </PeakPickDetails>
    </PeakList1DHeader>
    <Peak1D F1="9.236385" intensity="5.552741e-02" type="0"/>
    <Peak1D F1="8.799396" intensity="6.051408e-03" type="0"/>
    <Peak1D F1="8.626212" intensity="4.994929e-03" type="0"/>
    <Peak1D F1="8.561543" intensity="6.119189e-03" type="0"/>
    <Peak1D F1="8.250503" intensity="4.954606e-03" type="0"/>
    <Peak1D F1="8.238755" intensity="5.164715e-03" type="0"/>
    <Peak1D F1="8.236430" intensity="5.027171e-03" type="0"/>
    <Peak1D F1="8.216685" intensity="4.414026e-03" type="0"/>
    <Peak1D F1="8.205284" intensity="5.281465e-03" type="0"/>
    <Peak1D F1="8.185122" intensity="5.943308e-03" type="0"/>
    <Peak1D F1="8.162763" intensity="3.432468e-03" type="0"/>
    <Peak1D F1="8.147944" intensity="8.776857e-03" type="0"/>
    <Peak1D F1="8.136161" intensity="1.075575e-02" type="0"/>
    <Peak1D F1="8.125445" intensity="8.562507e-03" type="0"/>
    <Peak1D F1="8.109452" intensity="1.092477e-01" type="0"/>
    <Peak1D F1="8.107533" intensity="1.308436e-01" type="0"/>
    <Peak1D F1="8.098938" intensity="4.499471e-02" type="0"/>
    <Peak1D F1="8.095691" intensity="1.412013e-01" type="0"/>
    <Peak1D F1="8.093444" intensity="1.231147e-01" type="0"/>
    <Peak1D F1="8.074924" intensity="5.899721e-03" type="0"/>
    <Peak1D F1="8.064217" intensity="2.945174e-02" type="0"/>
    <Peak1D F1="8.052651" intensity="3.478499e-02" type="0"/>
    <Peak1D F1="8.050202" intensity="2.927154e-02" type="0"/>
    <Peak1D F1="8.045362" intensity="1.327790e-02" type="0"/>
    <Peak1D F1="8.038641" intensity="1.019083e-02" type="0"/>
    <Peak1D F1="8.030181" intensity="3.586645e-02" type="0"/>
    <Peak1D F1="8.017644" intensity="4.118244e-02" type="0"/>
    <Peak1D F1="8.012679" intensity="6.552715e-02" type="0"/>
    <Peak1D F1="8.009211" intensity="5.535032e-02" type="0"/>
    <Peak1D F1="8.006012" intensity="5.031671e-02" type="0"/>
    <Peak1D F1="8.003677" intensity="3.822001e-02" type="0"/>
    <Peak1D F1="7.968562" intensity="9.620305e-03" type="0"/>
    <Peak1D F1="7.963538" intensity="1.188894e-02" type="0"/>
    <Peak1D F1="7.949097" intensity="9.950073e-03" type="0"/>
    <Peak1D F1="7.933830" intensity="1.756296e-02" type="0"/>
    <Peak1D F1="7.931881" intensity="1.774124e-02" type="0"/>
    <Peak1D F1="7.919972" intensity="1.799456e-02" type="0"/>
    <Peak1D F1="7.917839" intensity="1.733454e-02" type="0"/>
    <Peak1D F1="7.900880" intensity="8.534221e-03" type="0"/>
    <Peak1D F1="7.888152" intensity="9.059037e-03" type="0"/>
    <Peak1D F1="7.877652" intensity="7.378725e-02" type="0"/>
    <Peak1D F1="7.875771" intensity="8.401875e-02" type="0"/>
    <Peak1D F1="7.867048" intensity="3.166022e-02" type="0"/>
    <Peak1D F1="7.863844" intensity="8.994025e-02" type="0"/>
    <Peak1D F1="7.861674" intensity="7.930146e-02" type="0"/>
    <Peak1D F1="7.846519" intensity="6.430636e-03" type="0"/>
    <Peak1D F1="7.835423" intensity="7.140423e-03" type="0"/>
    <Peak1D F1="7.824899" intensity="8.897935e-03" type="0"/>
    <Peak1D F1="7.813469" intensity="9.040592e-03" type="0"/>
    <Peak1D F1="7.802195" intensity="8.556628e-03" type="0"/>
    <Peak1D F1="7.788239" intensity="8.029184e-03" type="0"/>
    <Peak1D F1="7.772983" intensity="6.801808e-03" type="0"/>
    <Peak1D F1="7.765245" intensity="5.114212e-03" type="0"/>
    <Peak1D F1="7.749969" intensity="7.723599e-03" type="0"/>
    <Peak1D F1="7.736003" intensity="1.096084e-02" type="0"/>
    <Peak1D F1="7.726928" intensity="7.325900e-03" type="0"/>
    <Peak1D F1="7.715217" intensity="8.003933e-03" type="0"/>
    <Peak1D F1="7.701069" intensity="8.892920e-03" type="0"/>
    <Peak1D F1="7.687647" intensity="5.082087e-03" type="0"/>
    <Peak1D F1="7.672451" intensity="5.832381e-03" type="0"/>
    <Peak1D F1="7.656661" intensity="1.389583e-02" type="0"/>
    <Peak1D F1="7.645283" intensity="1.399071e-02" type="0"/>
    <Peak1D F1="7.639412" intensity="1.261088e-02" type="0"/>
    <Peak1D F1="7.625011" intensity="9.957636e-03" type="0"/>
    <Peak1D F1="7.619154" intensity="1.197438e-02" type="0"/>
    <Peak1D F1="7.616910" intensity="1.136864e-02" type="0"/>
    <Peak1D F1="7.602686" intensity="1.199715e-02" type="0"/>
    <Peak1D F1="7.586099" intensity="1.090144e-02" type="0"/>
    <Peak1D F1="7.581083" intensity="1.105429e-02" type="0"/>
    <Peak1D F1="7.570186" intensity="1.677425e-02" type="0"/>
    <Peak1D F1="7.562365" intensity="2.673897e-02" type="0"/>
    <Peak1D F1="7.560349" intensity="4.087428e-02" type="0"/>
    <Peak1D F1="7.558168" intensity="3.505333e-02" type="0"/>
    <Peak1D F1="7.547920" intensity="6.878635e-02" type="0"/>
    <Peak1D F1="7.541797" intensity="8.033785e-02" type="0"/>
    <Peak1D F1="7.539552" intensity="9.767885e-02" type="0"/>
    <Peak1D F1="7.535774" intensity="6.595856e-02" type="0"/>
    <Peak1D F1="7.533472" intensity="4.499048e-02" type="0"/>
    <Peak1D F1="7.527847" intensity="1.029168e-01" type="0"/>
    <Peak1D F1="7.525930" intensity="9.671803e-02" type="0"/>
    <Peak1D F1="7.511641" intensity="5.275408e-02" type="0"/>
    <Peak1D F1="7.509721" intensity="6.925790e-02" type="0"/>
    <Peak1D F1="7.507556" intensity="7.893247e-02" type="0"/>
    <Peak1D F1="7.495335" intensity="1.226298e-01" type="0"/>
    <Peak1D F1="7.492424" intensity="6.719643e-02" type="0"/>
    <Peak1D F1="7.485066" intensity="5.590567e-02" type="0"/>
    <Peak1D F1="7.482941" intensity="8.149529e-02" type="0"/>
    <Peak1D F1="7.480787" intensity="6.260373e-02" type="0"/>
    <Peak1D F1="7.477849" intensity="5.213718e-02" type="0"/>
    <Peak1D F1="7.475877" intensity="5.567634e-02" type="0"/>
    <Peak1D F1="7.464054" intensity="5.819939e-02" type="0"/>
    <Peak1D F1="7.461433" intensity="7.003406e-02" type="0"/>
    <Peak1D F1="7.458425" intensity="5.817136e-02" type="0"/>
    <Peak1D F1="7.454694" intensity="6.715937e-02" type="0"/>
    <Peak1D F1="7.452301" intensity="7.245298e-02" type="0"/>
    <Peak1D F1="7.447086" intensity="1.116979e-01" type="0"/>
    <Peak1D F1="7.443952" intensity="1.883890e-01" type="0"/>
    <Peak1D F1="7.440751" intensity="1.570948e-01" type="0"/>
    <Peak1D F1="7.431122" intensity="2.370576e-01" type="0"/>
    <Peak1D F1="7.417561" intensity="1.485689e-01" type="0"/>
    <Peak1D F1="7.415318" intensity="1.967146e-01" type="0"/>
    <Peak1D F1="7.412625" intensity="1.334669e-01" type="0"/>
    <Peak1D F1="7.401961" intensity="2.680420e-01" type="0"/>
    <Peak1D F1="7.394668" intensity="1.908130e-01" type="0"/>
    <Peak1D F1="7.381366" intensity="4.189993e+00" type="0"/>
    <Peak1D F1="7.378695" intensity="5.313109e+00" type="0"/>
    <Peak1D F1="7.375952" intensity="2.079989e+00" type="0"/>
    <Peak1D F1="7.368381" intensity="6.089663e+00" type="0"/>
    <Peak1D F1="7.366212" intensity="5.806872e+00" type="0"/>
    <Peak1D F1="7.361857" intensity="9.982376e-01" type="0"/>
    <Peak1D F1="7.355515" intensity="4.270394e-01" type="0"/>
    <Peak1D F1="7.345477" intensity="5.968997e+00" type="0"/>
    <Peak1D F1="7.343358" intensity="7.265085e+00" type="0"/>
    <Peak1D F1="7.340220" intensity="2.343392e+00" type="0"/>
    <Peak1D F1="7.331322" intensity="7.952397e+00" type="0"/>
    <Peak1D F1="7.329477" intensity="7.058504e+00" type="0"/>
    <Peak1D F1="7.326523" intensity="1.471436e+00" type="0"/>
    <Peak1D F1="7.322587" intensity="6.902245e-01" type="0"/>
    <Peak1D F1="7.318920" intensity="4.802685e-01" type="0"/>
    <Peak1D F1="7.312564" intensity="2.560325e-01" type="0"/>
    <Peak1D F1="7.310798" intensity="2.419189e-01" type="0"/>
    <Peak1D F1="7.308053" intensity="2.385731e-01" type="0"/>
    <Peak1D F1="7.306289" intensity="2.498919e-01" type="0"/>
    <Peak1D F1="7.301379" intensity="1.916831e-01" type="0"/>
    <Peak1D F1="7.297396" intensity="2.390820e-01" type="0"/>
    <Peak1D F1="7.292219" intensity="2.648559e-01" type="0"/>
    <Peak1D F1="7.272865" intensity="2.044180e+00" type="0"/>
    <Peak1D F1="7.269007" intensity="2.359518e+00" type="0"/>
    <Peak1D F1="7.266106" intensity="1.436920e+00" type="0"/>
    <Peak1D F1="7.262589" intensity="1.513000e+00" type="0"/>
    <Peak1D F1="7.258316" intensity="7.811171e+00" type="0"/>
    <Peak1D F1="7.255832" intensity="3.315008e+00" type="0"/>
    <Peak1D F1="7.248675" intensity="3.419417e+00" type="0"/>
    <Peak1D F1="7.246095" intensity="6.858072e+00" type="0"/>
    <Peak1D F1="7.241766" intensity="5.796825e+00" type="0"/>
    <Peak1D F1="7.239124" intensity="3.059729e+00" type="0"/>
    <Peak1D F1="7.235538" intensity="1.466115e+00" type="0"/>
    <Peak1D F1="7.230405" intensity="2.718849e+00" type="0"/>
    <Peak1D F1="7.223926" intensity="7.159149e-01" type="0"/>
    <Peak1D F1="7.220858" intensity="6.605084e-01" type="0"/>
    <Peak1D F1="7.218420" intensity="9.009811e-01" type="0"/>
    <Peak1D F1="7.216116" intensity="6.342107e-01" type="0"/>
    <Peak1D F1="7.213482" intensity="3.612412e-01" type="0"/>
    <Peak1D F1="7.201951" intensity="2.062164e-01" type="0"/>
    <Peak1D F1="7.200374" intensity="2.061431e-01" type="0"/>
    <Peak1D F1="7.199210" intensity="2.053688e-01" type="0"/>
    <Peak1D F1="7.196518" intensity="2.036729e-01" type="0"/>
    <Peak1D F1="7.193500" intensity="1.938535e-01" type="0"/>
    <Peak1D F1="7.183919" intensity="9.918369e+00" type="0"/>
    <Peak1D F1="7.174963" intensity="2.468832e-01" type="0"/>
    <Peak1D F1="7.163070" intensity="4.785821e+00" type="0"/>
    <Peak1D F1="7.160007" intensity="1.890467e+00" type="0"/>
    <Peak1D F1="7.150606" intensity="7.786153e+00" type="0"/>
    <Peak1D F1="7.139789" intensity="2.224336e+00" type="0"/>
    <Peak1D F1="7.137084" intensity="5.185774e+00" type="0"/>
    <Peak1D F1="7.134528" intensity="1.120533e+00" type="0"/>
    <Peak1D F1="7.123566" intensity="1.521633e-01" type="0"/>
    <Peak1D F1="7.118140" intensity="1.201770e-01" type="0"/>
    <Peak1D F1="7.110800" intensity="1.079324e-01" type="0"/>
    <Peak1D F1="7.106918" intensity="9.477604e-02" type="0"/>
    <Peak1D F1="7.097521" intensity="8.880977e-02" type="0"/>
    <Peak1D F1="7.090942" intensity="8.867181e-02" type="0"/>
    <Peak1D F1="7.087822" intensity="9.726362e-02" type="0"/>
    <Peak1D F1="7.083190" intensity="9.394746e-02" type="0"/>
    <Peak1D F1="7.074612" intensity="9.897015e-02" type="0"/>
    <Peak1D F1="7.069931" intensity="1.090034e-01" type="0"/>
    <Peak1D F1="7.059000" intensity="1.610304e+00" type="0"/>
    <Peak1D F1="7.057043" intensity="2.844710e+00" type="0"/>
    <Peak1D F1="7.055064" intensity="1.662334e+00" type="0"/>
    <Peak1D F1="7.047227" intensity="1.654892e+00" type="0"/>
    <Peak1D F1="7.044805" intensity="4.302865e+00" type="0"/>
    <Peak1D F1="7.034516" intensity="1.122377e+00" type="0"/>
    <Peak1D F1="7.032546" intensity="1.850651e+00" type="0"/>
    <Peak1D F1="7.030549" intensity="1.040887e+00" type="0"/>
    <Peak1D F1="7.014811" intensity="1.200088e-01" type="0"/>
    <Peak1D F1="7.007085" intensity="1.114849e-01" type="0"/>
    <Peak1D F1="7.002625" intensity="7.013240e-02" type="0"/>
    <Peak1D F1="6.999815" intensity="6.091174e-02" type="0"/>
    <Peak1D F1="6.991315" intensity="5.441308e-02" type="0"/>
    <Peak1D F1="6.988578" intensity="5.644213e-02" type="0"/>
    <Peak1D F1="6.985942" intensity="5.248355e-02" type="0"/>
    <Peak1D F1="6.979787" intensity="4.360038e-02" type="0"/>
    <Peak1D F1="6.973313" intensity="4.254708e-02" type="0"/>
    <Peak1D F1="6.964061" intensity="2.998371e-02" type="0"/>
    <Peak1D F1="6.949698" intensity="2.789420e-02" type="0"/>
    <Peak1D F1="6.942338" intensity="2.966930e-02" type="0"/>
    <Peak1D F1="6.933296" intensity="2.441757e-02" type="0"/>
    <Peak1D F1="6.922236" intensity="2.961543e-02" type="0"/>
    <Peak1D F1="6.909889" intensity="4.296965e-02" type="0"/>
    <Peak1D F1="6.900868" intensity="2.286257e-02" type="0"/>
    <Peak1D F1="6.897771" intensity="2.476159e-02" type="0"/>
    <Peak1D F1="6.889076" intensity="2.032380e-02" type="0"/>
    <Peak1D F1="6.881296" intensity="4.412104e-02" type="0"/>
    <Peak1D F1="6.858194" intensity="1.380781e-02" type="0"/>
    <Peak1D F1="6.844478" intensity="8.458431e-02" type="0"/>
    <Peak1D F1="6.838160" intensity="1.660947e-02" type="0"/>
    <Peak1D F1="6.832638" intensity="1.328516e-02" type="0"/>
    <Peak1D F1="6.823338" intensity="1.213300e-02" type="0"/>
    <Peak1D F1="6.810382" intensity="1.293096e-02" type="0"/>
    <Peak1D F1="6.802327" intensity="1.530329e-02" type="0"/>
    <Peak1D F1="6.795380" intensity="1.859827e-02" type="0"/>
    <Peak1D F1="6.786407" intensity="9.589487e-03" type="0"/>
    <Peak1D F1="6.777853" intensity="1.345042e-02" type="0"/>
    <Peak1D F1="6.763697" intensity="2.554856e-02" type="0"/>
    <Peak1D F1="6.747707" intensity="2.176474e-02" type="0"/>
    <Peak1D F1="6.739673" intensity="1.026722e-01" type="0"/>
    <Peak1D F1="6.734010" intensity="1.163098e-01" type="0"/>
    <Peak1D F1="6.730057" intensity="6.655569e-02" type="0"/>
    <Peak1D F1="6.717373" intensity="5.714892e-02" type="0"/>
    <Peak1D F1="6.704926" intensity="2.987933e-01" type="0"/>
    <Peak1D F1="6.697334" intensity="1.500000e+01" type="0"/>
    <Peak1D F1="6.689321" intensity="2.832788e-01" type="0"/>
    <Peak1D F1="6.686541" intensity="2.008283e-01" type="0"/>
    <Peak1D F1="6.664258" intensity="3.855597e-02" type="0"/>
    <Peak1D F1="6.637279" intensity="1.122590e-02" type="0"/>
    <Peak1D F1="6.628906" intensity="1.115847e-02" type="0"/>
    <Peak1D F1="6.621166" intensity="1.388860e-02" type="0"/>
    <Peak1D F1="6.606166" intensity="1.579624e-02" type="0"/>
    <Peak1D F1="6.594312" intensity="7.518359e-03" type="0"/>
    <Peak1D F1="6.586544" intensity="6.487445e-03" type="0"/>
    <Peak1D F1="6.577490" intensity="7.456755e-03" type="0"/>
    <Peak1D F1="6.573878" intensity="7.242943e-03" type="0"/>
    <Peak1D F1="6.545896" intensity="7.444575e-02" type="0"/>
    <Peak1D F1="6.528479" intensity="5.472026e-03" type="0"/>
    <Peak1D F1="6.519027" intensity="4.528552e-03" type="0"/>
    <Peak1D F1="6.510481" intensity="5.173651e-03" type="0"/>
    <Peak1D F1="6.493523" intensity="4.439132e-03" type="0"/>
    <Peak1D F1="6.446832" intensity="3.280676e-03" type="0"/>
    <Peak1D F1="6.433430" intensity="3.401919e-03" type="0"/>
    <Peak1D F1="6.405159" intensity="8.749829e-03" type="0"/>
    <Peak1D F1="6.386785" intensity="4.852480e-03" type="0"/>
    <Peak1D F1="6.376981" intensity="4.766782e-03" type="0"/>
    <Peak1D F1="6.364861" intensity="4.577083e-03" type="0"/>
    <Peak1D F1="6.358699" intensity="4.624174e-03" type="0"/>
    <Peak1D F1="6.355214" intensity="4.754852e-03" type="0"/>
    <Peak1D F1="6.344742" intensity="3.498663e-02" type="0"/>
    <Peak1D F1="6.325075" intensity="9.999459e-03" type="0"/>
    <Peak1D F1="6.314136" intensity="3.327764e-03" type="0"/>
    <Peak1D F1="6.278237" intensity="4.946124e-03" type="0"/>
    <Peak1D F1="6.209127" intensity="5.099111e-03" type="0"/>
    <Peak1D F1="6.196684" intensity="1.217639e-02" type="0"/>
    <Peak1D F1="5.975071" intensity="3.408265e-03" type="0"/>
    <Peak1D F1="5.912646" intensity="5.109234e-02" type="0"/>
    <Peak1D F1="5.863937" intensity="3.052997e-03" type="0"/>
    <Peak1D F1="5.856501" intensity="9.583985e-03" type="0"/>
    <Peak1D F1="5.822544" intensity="3.213749e-02" type="0"/>
    <Peak1D F1="5.789824" intensity="1.007840e+01" type="0"/>
    <Peak1D F1="5.756891" intensity="3.274454e-02" type="0"/>
    <Peak1D F1="5.694926" intensity="1.323492e-01" type="0"/>
    <Peak1D F1="5.689213" intensity="1.315273e-01" type="0"/>
    <Peak1D F1="5.663264" intensity="5.433807e-02" type="0"/>
    <Peak1D F1="5.656086" intensity="8.415140e-03" type="0"/>
    <Peak1D F1="5.640134" intensity="4.607789e-03" type="0"/>
    <Peak1D F1="5.604857" intensity="1.145593e-02" type="0"/>
    <Peak1D F1="5.597293" intensity="1.331181e-02" type="0"/>
    <Peak1D F1="5.589814" intensity="8.529464e-03" type="0"/>
    <Peak1D F1="5.579230" intensity="3.316477e-01" type="0"/>
    <Peak1D F1="5.535906" intensity="1.103385e-02" type="0"/>
    <Peak1D F1="5.531901" intensity="1.131662e-02" type="0"/>
    <Peak1D F1="5.517023" intensity="4.078676e-03" type="0"/>
    <Peak1D F1="5.512007" intensity="5.039137e-03" type="0"/>
    <Peak1D F1="5.506719" intensity="4.440976e-03" type="0"/>
    <Peak1D F1="5.500165" intensity="3.153355e-03" type="0"/>
    <Peak1D F1="5.481687" intensity="1.111954e-02" type="0"/>
    <Peak1D F1="5.451744" intensity="3.344264e-03" type="0"/>
    <Peak1D F1="5.421455" intensity="3.102406e-03" type="0"/>
    <Peak1D F1="5.409624" intensity="8.084338e-03" type="0"/>
    <Peak1D F1="5.395027" intensity="5.260440e-03" type="0"/>
    <Peak1D F1="5.358703" intensity="2.196567e-02" type="0"/>
    <Peak1D F1="5.345512" intensity="4.055621e-03" type="0"/>
    <Peak1D F1="5.335863" intensity="4.608694e-03" type="0"/>
    <Peak1D F1="5.311475" intensity="5.986739e-03" type="0"/>
    <Peak1D F1="5.283866" intensity="8.737468e-03" type="0"/>
    <Peak1D F1="5.274478" intensity="1.728592e-02" type="0"/>
    <Peak1D F1="5.269887" intensity="1.654546e-02" type="0"/>
    <Peak1D F1="5.260369" intensity="8.108248e-03" type="0"/>
    <Peak1D F1="5.247731" intensity="7.445099e-03" type="0"/>
    <Peak1D F1="5.246370" intensity="1.030222e-02" type="0"/>
    <Peak1D F1="5.213735" intensity="3.414638e+00" type="0"/>
    <Peak1D F1="5.191832" intensity="1.922325e-02" type="0"/>
    <Peak1D F1="5.180619" intensity="1.007748e-02" type="0"/>
    <Peak1D F1="5.170232" intensity="6.660423e-03" type="0"/>
    <Peak1D F1="5.155104" intensity="5.361597e-03" type="0"/>
    <Peak1D F1="5.133918" intensity="9.384632e-03" type="0"/>
    <Peak1D F1="5.111533" intensity="3.077580e-03" type="0"/>
    <Peak1D F1="5.098775" intensity="3.321103e-03" type="0"/>
    <Peak1D F1="5.063124" intensity="1.885164e-02" type="0"/>
    <Peak1D F1="4.965556" intensity="3.392093e-03" type="0"/>
    <Peak1D F1="4.905411" intensity="3.294632e-03" type="0"/>
    <Peak1D F1="4.887124" intensity="1.983102e-02" type="0"/>
    <Peak1D F1="4.631099" intensity="1.721860e-02" type="0"/>
    <Peak1D F1="4.624028" intensity="7.799117e-03" type="0"/>
    <Peak1D F1="4.608797" intensity="3.573120e-02" type="0"/>
    <Peak1D F1="4.599823" intensity="7.138366e-02" type="0"/>
    <Peak1D F1="4.540186" intensity="5.259162e-03" type="0"/>
    <Peak1D F1="4.478135" intensity="4.155369e-03" type="0"/>
    <Peak1D F1="4.419638" intensity="4.098581e-03" type="0"/>
    <Peak1D F1="4.216119" intensity="3.420701e-03" type="0"/>
    <Peak1D F1="4.209825" intensity="4.986327e-03" type="0"/>
    <Peak1D F1="4.176802" intensity="9.282256e-03" type="0"/>
    <Peak1D F1="4.171998" intensity="4.820257e-03" type="0"/>
    <Peak1D F1="4.141120" intensity="2.288772e-02" type="0"/>
    <Peak1D F1="4.116987" intensity="1.451299e-02" type="0"/>
    <Peak1D F1="4.087824" intensity="3.442796e-03" type="0"/>
    <Peak1D F1="4.076748" intensity="3.976357e-03" type="0"/>
    <Peak1D F1="4.068221" intensity="2.078816e-02" type="0"/>
    <Peak1D F1="4.027874" intensity="3.150846e-03" type="0"/>
    <Peak1D F1="4.009103" intensity="6.342645e-03" type="0"/>
    <Peak1D F1="4.004975" intensity="4.677315e-03" type="0"/>
    <Peak1D F1="3.984395" intensity="3.636085e-03" type="0"/>
    <Peak1D F1="3.961426" intensity="3.646325e-03" type="0"/>
    <Peak1D F1="3.943758" intensity="1.022641e-02" type="0"/>
    <Peak1D F1="3.931823" intensity="1.106989e-02" type="0"/>
    <Peak1D F1="3.923340" intensity="5.433159e-03" type="0"/>
    <Peak1D F1="3.905730" intensity="2.230994e-02" type="0"/>
    <Peak1D F1="3.893650" intensity="1.158870e-02" type="0"/>
    <Peak1D F1="3.882314" intensity="1.010240e-02" type="0"/>
    <Peak1D F1="3.869532" intensity="3.478779e-02" type="0"/>
    <Peak1D F1="3.857817" intensity="3.042905e-02" type="0"/>
    <Peak1D F1="3.826938" intensity="2.495988e-02" type="0"/>
    <Peak1D F1="3.781673" intensity="2.578318e-02" type="0"/>
    <Peak1D F1="3.738821" intensity="4.281957e-02" type="0"/>
    <Peak1D F1="3.636752" intensity="2.460735e-01" type="0"/>
    <Peak1D F1="3.588428" intensity="4.761878e-01" type="0"/>
    <Peak1D F1="3.580865" intensity="7.971069e-01" type="0"/>
    <Peak1D F1="3.565298" intensity="5.401573e-01" type="0"/>
    <Peak1D F1="3.538835" intensity="5.441803e-01" type="0"/>
    <Peak1D F1="3.517335" intensity="5.373604e-01" type="0"/>
    <Peak1D F1="3.505743" intensity="5.391136e-01" type="0"/>
    <Peak1D F1="3.497633" intensity="5.949095e-01" type="0"/>
    <Peak1D F1="3.474033" intensity="5.059052e-01" type="0"/>
    <Peak1D F1="3.463493" intensity="5.034895e-01" type="0"/>
    <Peak1D F1="3.453165" intensity="5.125457e-01" type="0"/>
    <Peak1D F1="3.426431" intensity="4.795262e-01" type="0"/>
    <Peak1D F1="3.414906" intensity="4.841476e-01" type="0"/>
    <Peak1D F1="3.408705" intensity="3.848598e-01" type="0"/>
    <Peak1D F1="3.403445" intensity="3.635977e-01" type="0"/>
    <Peak1D F1="3.354467" intensity="1.610460e-01" type="0"/>
    <Peak1D F1="3.349701" intensity="2.208317e-01" type="0"/>
    <Peak1D F1="3.343420" intensity="1.861154e-01" type="0"/>
    <Peak1D F1="3.338399" intensity="3.003661e-01" type="0"/>
    <Peak1D F1="3.332619" intensity="1.421114e-01" type="0"/>
    <Peak1D F1="3.327012" intensity="1.994501e-01" type="0"/>
    <Peak1D F1="3.306221" intensity="8.296265e-02" type="0"/>
    <Peak1D F1="3.274920" intensity="7.418911e-02" type="0"/>
    <Peak1D F1="3.261165" intensity="7.364702e-02" type="0"/>
    <Peak1D F1="3.225877" intensity="9.796227e-02" type="0"/>
    <Peak1D F1="3.091359" intensity="2.537722e-01" type="0"/>
    <Peak1D F1="2.981470" intensity="6.333612e-02" type="0"/>
    <Peak1D F1="2.948212" intensity="1.012826e-01" type="0"/>
    <Peak1D F1="2.941200" intensity="9.310974e-02" type="0"/>
    <Peak1D F1="2.937177" intensity="2.036463e-01" type="0"/>
    <Peak1D F1="2.933140" intensity="9.708634e-02" type="0"/>
    <Peak1D F1="2.926181" intensity="1.012196e-01" type="0"/>
    <Peak1D F1="2.907024" intensity="2.963225e-02" type="0"/>
    <Peak1D F1="2.865636" intensity="1.966166e-02" type="0"/>
    <Peak1D F1="2.817018" intensity="1.589797e-02" type="0"/>
    <Peak1D F1="2.802689" intensity="1.640326e-02" type="0"/>
    <Peak1D F1="2.789663" intensity="1.640171e-02" type="0"/>
    <Peak1D F1="2.773189" intensity="2.324128e-02" type="0"/>
    <Peak1D F1="2.762197" intensity="3.673377e-02" type="0"/>
    <Peak1D F1="2.751417" intensity="2.310019e-02" type="0"/>
    <Peak1D F1="2.731224" intensity="1.476908e-02" type="0"/>
    <Peak1D F1="2.717775" intensity="1.698859e-02" type="0"/>
    <Peak1D F1="2.700298" intensity="2.057485e-02" type="0"/>
    <Peak1D F1="2.689949" intensity="2.065455e-02" type="0"/>
    <Peak1D F1="2.617397" intensity="1.307630e-02" type="0"/>
    <Peak1D F1="2.551029" intensity="1.619433e-02" type="0"/>
    <Peak1D F1="2.530521" intensity="1.522629e-02" type="0"/>
    <Peak1D F1="2.454408" intensity="1.228829e-02" type="0"/>
    <Peak1D F1="2.437941" intensity="1.323997e-02" type="0"/>
    <Peak1D F1="2.361495" intensity="1.575841e-02" type="0"/>
    <Peak1D F1="2.310387" intensity="1.986009e-02" type="0"/>
    <Peak1D F1="2.290329" intensity="2.230573e-02" type="0"/>
    <Peak1D F1="2.278882" intensity="2.570407e-02" type="0"/>
    <Peak1D F1="2.264477" intensity="4.702200e-02" type="0"/>
    <Peak1D F1="2.251982" intensity="6.066484e-02" type="0"/>
    <Peak1D F1="2.239130" intensity="5.266781e-02" type="0"/>
    <Peak1D F1="2.227244" intensity="3.758338e-02" type="0"/>
    <Peak1D F1="2.223882" intensity="4.079005e-02" type="0"/>
    <Peak1D F1="2.214109" intensity="4.028420e-02" type="0"/>
    <Peak1D F1="2.210647" intensity="3.816407e-02" type="0"/>
    <Peak1D F1="2.203668" intensity="3.866868e-02" type="0"/>
    <Peak1D F1="2.187842" intensity="3.425178e-02" type="0"/>
    <Peak1D F1="2.169264" intensity="3.537006e-02" type="0"/>
    <Peak1D F1="2.147405" intensity="5.854351e-02" type="0"/>
    <Peak1D F1="2.134885" intensity="6.241594e-02" type="0"/>
    <Peak1D F1="2.121987" intensity="5.592202e-02" type="0"/>
    <Peak1D F1="2.102121" intensity="3.387288e-02" type="0"/>
    <Peak1D F1="2.090465" intensity="4.259881e-01" type="0"/>
    <Peak1D F1="2.067092" intensity="3.248022e-02" type="0"/>
    <Peak1D F1="2.053883" intensity="3.238069e-02" type="0"/>
    <Peak1D F1="2.041117" intensity="2.615016e-02" type="0"/>
    <Peak1D F1="2.032073" intensity="2.601667e-02" type="0"/>
    <Peak1D F1="2.022501" intensity="2.905362e-02" type="0"/>
    <Peak1D F1="2.012192" intensity="3.201426e-02" type="0"/>
    <Peak1D F1="2.002392" intensity="4.001840e-02" type="0"/>
    <Peak1D F1="1.991760" intensity="3.945084e-02" type="0"/>
    <Peak1D F1="1.982525" intensity="3.810742e-02" type="0"/>
    <Peak1D F1="1.968326" intensity="3.872672e-02" type="0"/>
    <Peak1D F1="1.912572" intensity="6.550884e-01" type="0"/>
    <Peak1D F1="1.903830" intensity="1.466696e+00" type="0"/>
    <Peak1D F1="1.896959" intensity="2.082733e+00" type="0"/>
    <Peak1D F1="1.890695" intensity="2.516030e+00" type="0"/>
    <Peak1D F1="1.880774" intensity="2.204074e+00" type="0"/>
    <Peak1D F1="1.872079" intensity="1.299378e+00" type="0"/>
    <Peak1D F1="1.853469" intensity="4.539875e-01" type="0"/>
    <Peak1D F1="1.840134" intensity="6.832456e-01" type="0"/>
    <Peak1D F1="1.829036" intensity="1.063276e+00" type="0"/>
    <Peak1D F1="1.817855" intensity="1.402950e+00" type="0"/>
    <Peak1D F1="1.808172" intensity="1.467774e+00" type="0"/>
    <Peak1D F1="1.771717" intensity="5.920516e-01" type="0"/>
    <Peak1D F1="1.766037" intensity="4.572138e-01" type="0"/>
    <Peak1D F1="1.760848" intensity="3.281687e-01" type="0"/>
    <Peak1D F1="1.753881" intensity="3.038036e-01" type="0"/>
    <Peak1D F1="1.742865" intensity="2.053018e-01" type="0"/>
    <Peak1D F1="1.731604" intensity="1.364642e-01" type="0"/>
    <Peak1D F1="1.713545" intensity="1.054180e-01" type="0"/>
    <Peak1D F1="1.700515" intensity="1.049087e-01" type="0"/>
    <Peak1D F1="1.687444" intensity="1.177174e-01" type="0"/>
    <Peak1D F1="1.682109" intensity="1.247658e-01" type="0"/>
    <Peak1D F1="1.677434" intensity="1.213818e-01" type="0"/>
    <Peak1D F1="1.655080" intensity="7.780181e-02" type="0"/>
    <Peak1D F1="1.640636" intensity="6.639076e-02" type="0"/>
    <Peak1D F1="1.634662" intensity="6.670618e-02" type="0"/>
    <Peak1D F1="1.629971" intensity="6.709211e-02" type="0"/>
    <Peak1D F1="1.624127" intensity="7.889133e-02" type="0"/>
    <Peak1D F1="1.618205" intensity="6.903253e-02" type="0"/>
    <Peak1D F1="1.613140" intensity="6.912180e-02" type="0"/>
    <Peak1D F1="1.606004" intensity="7.018504e-02" type="0"/>
    <Peak1D F1="1.592781" intensity="6.592499e-02" type="0"/>
    <Peak1D F1="1.579863" intensity="5.536367e-02" type="0"/>
    <Peak1D F1="1.567103" intensity="4.911984e-02" type="0"/>
    <Peak1D F1="1.559157" intensity="4.705174e-02" type="0"/>
    <Peak1D F1="1.546505" intensity="4.208019e-02" type="0"/>
    <Peak1D F1="1.536177" intensity="3.479953e-02" type="0"/>
    <Peak1D F1="1.518278" intensity="3.349552e-02" type="0"/>
    <Peak1D F1="1.508380" intensity="3.674251e-02" type="0"/>
    <Peak1D F1="1.496639" intensity="3.637607e-02" type="0"/>
    <Peak1D F1="1.484526" intensity="3.583435e-02" type="0"/>
    <Peak1D F1="1.469371" intensity="5.219468e-02" type="0"/>
    <Peak1D F1="1.458094" intensity="2.918280e-02" type="0"/>
    <Peak1D F1="1.425795" intensity="2.177656e-02" type="0"/>
    <Peak1D F1="1.407061" intensity="2.222329e-02" type="0"/>
    <Peak1D F1="1.400201" intensity="2.124484e-02" type="0"/>
    <Peak1D F1="1.374353" intensity="1.828548e-02" type="0"/>
    <Peak1D F1="1.365726" intensity="2.383455e-02" type="0"/>
    <Peak1D F1="1.358832" intensity="7.561453e-02" type="0"/>
    <Peak1D F1="1.350285" intensity="3.581098e-02" type="0"/>
    <Peak1D F1="1.329303" intensity="1.969790e-02" type="0"/>
    <Peak1D F1="1.299853" intensity="5.942349e-02" type="0"/>
    <Peak1D F1="1.272596" intensity="5.599505e-02" type="0"/>
    <Peak1D F1="1.262299" intensity="6.750736e-02" type="0"/>
    <Peak1D F1="1.236681" intensity="1.148565e-01" type="0"/>
    <Peak1D F1="1.223947" intensity="1.425519e-01" type="0"/>
    <Peak1D F1="1.212938" intensity="1.838076e-01" type="0"/>
    <Peak1D F1="1.182377" intensity="1.830154e+00" type="0"/>
    <Peak1D F1="1.145765" intensity="1.375056e-01" type="0"/>
    <Peak1D F1="1.134144" intensity="1.058501e-01" type="0"/>
    <Peak1D F1="1.122435" intensity="6.901208e-02" type="0"/>
    <Peak1D F1="1.074972" intensity="3.442865e-02" type="0"/>
    <Peak1D F1="1.052592" intensity="3.182316e-02" type="0"/>
    <Peak1D F1="1.037185" intensity="4.486785e-02" type="0"/>
    <Peak1D F1="1.010212" intensity="2.946896e-02" type="0"/>
    <Peak1D F1="1.001431" intensity="2.834129e-02" type="0"/>
    <Peak1D F1="0.948158" intensity="2.064736e-02" type="0"/>
    <Peak1D F1="0.935631" intensity="1.905988e-02" type="0"/>
    <Peak1D F1="0.913256" intensity="1.835648e-02" type="0"/>
    <Peak1D F1="0.900584" intensity="1.609369e-02" type="0"/>
    <Peak1D F1="0.894150" intensity="1.607200e-02" type="0"/>
    <Peak1D F1="0.887730" intensity="1.729922e-02" type="0"/>
    <Peak1D F1="0.872948" intensity="1.853558e-02" type="0"/>
    <Peak1D F1="0.865138" intensity="1.958822e-02" type="0"/>
    <Peak1D F1="0.852300" intensity="2.055242e-02" type="0"/>
    <Peak1D F1="0.827964" intensity="4.465875e-02" type="0"/>
    <Peak1D F1="0.818546" intensity="1.660689e-01" type="0"/>
    <Peak1D F1="0.807274" intensity="2.934903e-01" type="0"/>
    <Peak1D F1="0.795357" intensity="1.723417e-01" type="0"/>
    <Peak1D F1="0.786722" intensity="8.459653e-02" type="0"/>
    <Peak1D F1="0.775734" intensity="9.994966e-02" type="0"/>
    <Peak1D F1="0.768323" intensity="9.688442e-02" type="0"/>
    <Peak1D F1="0.757100" intensity="7.460003e-02" type="0"/>
    <Peak1D F1="0.694925" intensity="3.187300e-02" type="0"/>
    <Peak1D F1="0.680854" intensity="1.583119e-02" type="0"/>
    <Peak1D F1="0.674632" intensity="1.555526e-02" type="0"/>
    <Peak1D F1="0.655438" intensity="1.450976e-02" type="0"/>
    <Peak1D F1="0.642781" intensity="1.778895e-02" type="0"/>
    <Peak1D F1="0.630260" intensity="1.180412e-02" type="0"/>
    <Peak1D F1="0.610776" intensity="8.824966e-03" type="0"/>
    <Peak1D F1="0.564473" intensity="6.598060e-03" type="0"/>
    <Peak1D F1="0.552551" intensity="5.586886e-03" type="0"/>
    <Peak1D F1="0.529000" intensity="5.812915e-03" type="0"/>
    <Peak1D F1="0.518233" intensity="5.755792e-03" type="0"/>
    <Peak1D F1="0.502642" intensity="5.189403e-03" type="0"/>
    <Peak1D F1="0.477441" intensity="4.460139e-03" type="0"/>
    <Peak1D F1="0.444700" intensity="4.119455e-03" type="0"/>
    <Peak1D F1="0.427672" intensity="4.018702e-03" type="0"/>
    <Peak1D F1="0.383146" intensity="3.929352e-03" type="0"/>
    <Peak1D F1="0.366255" intensity="3.689748e-03" type="0"/>
    <Peak1D F1="0.332595" intensity="3.686123e-03" type="0"/>
    <Peak1D F1="0.327093" intensity="3.399532e-03" type="0"/>
    <Peak1D F1="0.317061" intensity="3.275564e-03" type="0"/>
    <Peak1D F1="0.297807" intensity="3.301594e-03" type="0"/>
    <Peak1D F1="0.266246" intensity="3.147827e-03" type="0"/>
    <Peak1D F1="0.096668" intensity="3.320537e-03" type="0"/>
    <Peak1D F1="0.030162" intensity="3.343808e-03" type="0"/>
    <Peak1D F1="0.016281" intensity="1.292395e-02" type="0"/>
    <Peak1D F1="0.005857" intensity="2.048589e-02" type="0"/>
    <Peak1D F1="-0.000163" intensity="5.057072e-01" type="0"/>
    <Peak1D F1="-0.006277" intensity="2.486607e-02" type="0"/>
    <Peak1D F1="-0.025066" intensity="1.052481e-02" type="0"/>
    <Peak1D F1="-3.983608" intensity="3.701428e-03" type="0"/>
  </PeakList1D>
</PeakList>
