<?xml version="1.0" encoding="UTF-8"?>
<PeakList>
  <PeakList1D>
    <PeakList1DHeader creator="nmrsu" date="2019-11-29T12:03:23.995-02:00" expNo="1" name="2B247_MS212m3" owner="" procNo="1" source="C:/NMRData/data/marcio_marilia/nmr">
      <PeakPickDetails>F1=15.922260ppm, F2=-1.116803ppm, MI=0.00cm, MAXI=10000.00cm, PC=1.000
      </PeakPickDetails>
    </PeakList1DHeader>
    <Peak1D F1="15.599458" intensity="3.406044e-002" type="0"/>
    <Peak1D F1="12.454844" intensity="3.084869e-002" type="0"/>
    <Peak1D F1="12.158940" intensity="3.450542e-002" type="0"/>
    <Peak1D F1="11.815529" intensity="3.175986e-002" type="0"/>
    <Peak1D F1="9.940142" intensity="3.146823e-002" type="0"/>
    <Peak1D F1="9.728811" intensity="3.197922e-002" type="0"/>
    <Peak1D F1="9.114363" intensity="3.224410e-002" type="0"/>
    <Peak1D F1="8.913378" intensity="1.324713e-001" type="0"/>
    <Peak1D F1="8.708251" intensity="3.772912e-002" type="0"/>
    <Peak1D F1="8.537741" intensity="1.176511e-001" type="0"/>
    <Peak1D F1="8.519525" intensity="1.227945e-001" type="0"/>
    <Peak1D F1="8.515697" intensity="1.000284e-001" type="0"/>
    <Peak1D F1="8.464425" intensity="4.772171e-002" type="0"/>
    <Peak1D F1="8.452016" intensity="1.409251e-001" type="0"/>
    <Peak1D F1="8.451163" intensity="1.379421e-001" type="0"/>
    <Peak1D F1="8.450586" intensity="1.452704e-001" type="0"/>
    <Peak1D F1="8.420269" intensity="4.992560e-002" type="0"/>
    <Peak1D F1="8.361252" intensity="3.237341e-002" type="0"/>
    <Peak1D F1="8.360675" intensity="3.263248e-002" type="0"/>
    <Peak1D F1="8.256979" intensity="1.656436e-001" type="0"/>
    <Peak1D F1="8.238739" intensity="2.192878e+000" type="0"/>
    <Peak1D F1="8.199980" intensity="5.962973e-002" type="0"/>
    <Peak1D F1="8.190153" intensity="3.785243e-002" type="0"/>
    <Peak1D F1="8.070091" intensity="1.959224e+000" type="0"/>
    <Peak1D F1="8.050592" intensity="2.087389e+000" type="0"/>
    <Peak1D F1="7.987411" intensity="3.066187e-002" type="0"/>
    <Peak1D F1="7.967030" intensity="3.416799e-002" type="0"/>
    <Peak1D F1="7.950142" intensity="3.318607e-002" type="0"/>
    <Peak1D F1="7.930405" intensity="3.471952e-002" type="0"/>
    <Peak1D F1="7.887280" intensity="5.616955e-002" type="0"/>
    <Peak1D F1="7.877607" intensity="4.630001e-002" type="0"/>
    <Peak1D F1="7.873159" intensity="4.918980e-002" type="0"/>
    <Peak1D F1="7.849835" intensity="1.277698e-001" type="0"/>
    <Peak1D F1="7.841982" intensity="6.333423e-002" type="0"/>
    <Peak1D F1="7.828151" intensity="1.395159e-001" type="0"/>
    <Peak1D F1="7.821688" intensity="7.971347e-002" type="0"/>
    <Peak1D F1="7.811317" intensity="7.985597e-002" type="0"/>
    <Peak1D F1="7.807223" intensity="5.313948e-002" type="0"/>
    <Peak1D F1="7.782955" intensity="8.373599e-002" type="0"/>
    <Peak1D F1="7.775660" intensity="7.899506e-002" type="0"/>
    <Peak1D F1="7.755607" intensity="6.776769e-002" type="0"/>
    <Peak1D F1="7.619716" intensity="5.375978e-002" type="0"/>
    <Peak1D F1="7.606230" intensity="1.942586e+000" type="0"/>
    <Peak1D F1="7.586356" intensity="2.147557e+000" type="0"/>
    <Peak1D F1="7.552078" intensity="1.552563e-001" type="0"/>
    <Peak1D F1="7.531306" intensity="1.020364e-001" type="0"/>
    <Peak1D F1="7.515995" intensity="2.035824e-001" type="0"/>
    <Peak1D F1="7.494527" intensity="2.101525e-001" type="0"/>
    <Peak1D F1="7.448129" intensity="4.640906e-002" type="0"/>
    <Peak1D F1="7.442890" intensity="4.762876e-002" type="0"/>
    <Peak1D F1="7.435975" intensity="4.498253e-002" type="0"/>
    <Peak1D F1="7.422611" intensity="5.437395e-002" type="0"/>
    <Peak1D F1="7.388155" intensity="3.408508e-002" type="0"/>
    <Peak1D F1="7.358177" intensity="7.401125e-002" type="0"/>
    <Peak1D F1="7.338723" intensity="8.185890e-002" type="0"/>
    <Peak1D F1="7.312148" intensity="1.540385e+000" type="0"/>
    <Peak1D F1="7.291662" intensity="2.603240e+000" type="0"/>
    <Peak1D F1="7.242102" intensity="1.207458e+000" type="0"/>
    <Peak1D F1="7.223296" intensity="2.019251e+000" type="0"/>
    <Peak1D F1="7.204824" intensity="1.311336e+000" type="0"/>
    <Peak1D F1="7.188745" intensity="5.251599e+000" type="0"/>
    <Peak1D F1="7.173144" intensity="1.508761e+000" type="0"/>
    <Peak1D F1="7.144763" intensity="1.684261e+000" type="0"/>
    <Peak1D F1="7.124177" intensity="3.188001e+000" type="0"/>
    <Peak1D F1="7.104799" intensity="2.814443e+000" type="0"/>
    <Peak1D F1="7.085664" intensity="1.053499e+000" type="0"/>
    <Peak1D F1="7.051112" intensity="1.925687e-001" type="0"/>
    <Peak1D F1="7.031363" intensity="2.009513e-001" type="0"/>
    <Peak1D F1="7.014352" intensity="1.289428e-001" type="0"/>
    <Peak1D F1="6.997026" intensity="7.228372e-002" type="0"/>
    <Peak1D F1="6.978794" intensity="5.448578e-002" type="0"/>
    <Peak1D F1="6.970245" intensity="5.920260e-002" type="0"/>
    <Peak1D F1="6.965260" intensity="5.422373e-002" type="0"/>
    <Peak1D F1="6.954051" intensity="4.907733e-002" type="0"/>
    <Peak1D F1="6.941565" intensity="5.760112e-002" type="0"/>
    <Peak1D F1="6.939012" intensity="5.855604e-002" type="0"/>
    <Peak1D F1="6.925400" intensity="7.144456e-002" type="0"/>
    <Peak1D F1="6.904993" intensity="4.081450e-002" type="0"/>
    <Peak1D F1="6.878743" intensity="3.423278e-002" type="0"/>
    <Peak1D F1="6.869895" intensity="3.482032e-002" type="0"/>
    <Peak1D F1="6.838871" intensity="3.148676e-002" type="0"/>
    <Peak1D F1="6.794774" intensity="2.971399e-002" type="0"/>
    <Peak1D F1="6.666570" intensity="2.218737e+000" type="0"/>
    <Peak1D F1="6.646255" intensity="2.113482e+000" type="0"/>
    <Peak1D F1="6.617921" intensity="3.267824e-002" type="0"/>
    <Peak1D F1="6.386285" intensity="1.167041e-001" type="0"/>
    <Peak1D F1="6.346756" intensity="9.277328e-002" type="0"/>
    <Peak1D F1="5.640100" intensity="3.266290e-002" type="0"/>
    <Peak1D F1="5.050932" intensity="3.648082e-002" type="0"/>
    <Peak1D F1="5.044704" intensity="4.090454e-002" type="0"/>
    <Peak1D F1="5.034367" intensity="4.536196e-002" type="0"/>
    <Peak1D F1="5.016328" intensity="3.942569e-002" type="0"/>
    <Peak1D F1="5.006985" intensity="3.053174e-002" type="0"/>
    <Peak1D F1="4.947201" intensity="3.120282e-002" type="0"/>
    <Peak1D F1="4.942285" intensity="3.532975e-002" type="0"/>
    <Peak1D F1="4.896586" intensity="3.039381e-002" type="0"/>
    <Peak1D F1="4.785023" intensity="3.548538e-002" type="0"/>
    <Peak1D F1="4.701670" intensity="3.232624e-002" type="0"/>
    <Peak1D F1="4.698650" intensity="3.012857e-002" type="0"/>
    <Peak1D F1="4.645298" intensity="3.016536e-002" type="0"/>
    <Peak1D F1="4.541580" intensity="3.320079e-002" type="0"/>
    <Peak1D F1="4.516722" intensity="3.064135e-002" type="0"/>
    <Peak1D F1="4.507858" intensity="3.486338e-002" type="0"/>
    <Peak1D F1="4.501533" intensity="3.617219e-002" type="0"/>
    <Peak1D F1="4.497713" intensity="3.305805e-002" type="0"/>
    <Peak1D F1="4.477796" intensity="3.345437e-002" type="0"/>
    <Peak1D F1="4.466701" intensity="3.406498e-002" type="0"/>
    <Peak1D F1="4.458633" intensity="3.446563e-002" type="0"/>
    <Peak1D F1="4.455121" intensity="3.671498e-002" type="0"/>
    <Peak1D F1="4.435021" intensity="3.526325e-002" type="0"/>
    <Peak1D F1="4.431652" intensity="3.659844e-002" type="0"/>
    <Peak1D F1="4.426963" intensity="3.445072e-002" type="0"/>
    <Peak1D F1="4.422028" intensity="3.417211e-002" type="0"/>
    <Peak1D F1="4.417613" intensity="3.394302e-002" type="0"/>
    <Peak1D F1="4.408760" intensity="3.163672e-002" type="0"/>
    <Peak1D F1="4.396835" intensity="3.231036e-002" type="0"/>
    <Peak1D F1="4.381990" intensity="3.328778e-002" type="0"/>
    <Peak1D F1="4.379898" intensity="3.377323e-002" type="0"/>
    <Peak1D F1="4.369020" intensity="3.123993e-002" type="0"/>
    <Peak1D F1="4.354892" intensity="3.203833e-002" type="0"/>
    <Peak1D F1="4.322387" intensity="3.111360e-002" type="0"/>
    <Peak1D F1="4.229107" intensity="3.350517e-002" type="0"/>
    <Peak1D F1="4.210655" intensity="3.177638e-002" type="0"/>
    <Peak1D F1="4.186176" intensity="7.336193e-002" type="0"/>
    <Peak1D F1="4.144372" intensity="2.525811e-001" type="0"/>
    <Peak1D F1="4.126246" intensity="2.708559e-001" type="0"/>
    <Peak1D F1="4.104571" intensity="3.713398e-002" type="0"/>
    <Peak1D F1="4.100951" intensity="3.886208e-002" type="0"/>
    <Peak1D F1="4.097534" intensity="3.673633e-002" type="0"/>
    <Peak1D F1="4.092105" intensity="5.540887e-002" type="0"/>
    <Peak1D F1="4.086849" intensity="6.700277e-002" type="0"/>
    <Peak1D F1="4.062513" intensity="3.206771e-002" type="0"/>
    <Peak1D F1="4.045069" intensity="3.013655e-002" type="0"/>
    <Peak1D F1="4.007337" intensity="5.017253e-002" type="0"/>
    <Peak1D F1="3.847137" intensity="8.275311e+000" type="0"/>
    <Peak1D F1="3.807882" intensity="8.227748e-002" type="0"/>
    <Peak1D F1="3.782481" intensity="5.568942e-002" type="0"/>
    <Peak1D F1="3.761128" intensity="3.215668e-001" type="0"/>
    <Peak1D F1="3.754395" intensity="6.387389e-002" type="0"/>
    <Peak1D F1="3.741879" intensity="3.253649e-002" type="0"/>
    <Peak1D F1="3.732739" intensity="3.273590e-002" type="0"/>
    <Peak1D F1="3.722632" intensity="3.371226e-002" type="0"/>
    <Peak1D F1="3.719412" intensity="3.645196e-002" type="0"/>
    <Peak1D F1="3.706548" intensity="5.203982e-002" type="0"/>
    <Peak1D F1="3.694315" intensity="1.066593e-001" type="0"/>
    <Peak1D F1="3.666233" intensity="4.788275e-002" type="0"/>
    <Peak1D F1="3.654717" intensity="5.929203e-002" type="0"/>
    <Peak1D F1="3.632269" intensity="1.309583e+000" type="0"/>
    <Peak1D F1="3.592551" intensity="4.946986e-001" type="0"/>
    <Peak1D F1="3.573395" intensity="6.793403e-002" type="0"/>
    <Peak1D F1="3.561702" intensity="8.355209e-002" type="0"/>
    <Peak1D F1="3.511591" intensity="1.500000e+001" type="0"/>
    <Peak1D F1="3.475104" intensity="1.305505e-001" type="0"/>
    <Peak1D F1="3.456155" intensity="2.735931e-001" type="0"/>
    <Peak1D F1="3.437920" intensity="8.151580e-002" type="0"/>
    <Peak1D F1="3.425152" intensity="7.180599e-002" type="0"/>
    <Peak1D F1="3.404986" intensity="1.071506e-001" type="0"/>
    <Peak1D F1="3.390558" intensity="5.772555e-002" type="0"/>
    <Peak1D F1="3.381077" intensity="6.794175e-002" type="0"/>
    <Peak1D F1="3.372657" intensity="4.207410e-002" type="0"/>
    <Peak1D F1="3.370320" intensity="4.348876e-002" type="0"/>
    <Peak1D F1="3.347685" intensity="5.787895e-002" type="0"/>
    <Peak1D F1="3.338330" intensity="3.757380e-002" type="0"/>
    <Peak1D F1="3.327345" intensity="1.085951e-001" type="0"/>
    <Peak1D F1="3.320948" intensity="6.713003e-002" type="0"/>
    <Peak1D F1="3.308728" intensity="6.149647e-002" type="0"/>
    <Peak1D F1="3.291325" intensity="3.043223e-002" type="0"/>
    <Peak1D F1="3.258040" intensity="3.719612e-002" type="0"/>
    <Peak1D F1="3.242414" intensity="5.196951e-002" type="0"/>
    <Peak1D F1="3.191741" intensity="3.079468e-002" type="0"/>
    <Peak1D F1="2.957039" intensity="2.404654e-001" type="0"/>
    <Peak1D F1="2.923393" intensity="8.446409e-002" type="0"/>
    <Peak1D F1="2.905709" intensity="2.168709e-001" type="0"/>
    <Peak1D F1="2.897999" intensity="2.849543e-001" type="0"/>
    <Peak1D F1="2.881830" intensity="4.261998e-002" type="0"/>
    <Peak1D F1="2.850592" intensity="5.164866e-002" type="0"/>
    <Peak1D F1="2.842738" intensity="3.975699e-002" type="0"/>
    <Peak1D F1="2.832918" intensity="1.043975e-001" type="0"/>
    <Peak1D F1="2.816553" intensity="7.839338e-002" type="0"/>
    <Peak1D F1="2.681591" intensity="8.125768e-002" type="0"/>
    <Peak1D F1="2.665081" intensity="1.762289e-001" type="0"/>
    <Peak1D F1="2.648923" intensity="1.851467e-001" type="0"/>
    <Peak1D F1="2.629289" intensity="8.324282e-002" type="0"/>
    <Peak1D F1="2.356773" intensity="3.133076e-002" type="0"/>
    <Peak1D F1="2.298905" intensity="3.245877e-002" type="0"/>
    <Peak1D F1="2.281703" intensity="5.304119e-002" type="0"/>
    <Peak1D F1="2.278102" intensity="7.800725e-002" type="0"/>
    <Peak1D F1="2.276610" intensity="7.333151e-002" type="0"/>
    <Peak1D F1="2.266390" intensity="4.033151e-002" type="0"/>
    <Peak1D F1="2.262816" intensity="4.767748e-002" type="0"/>
    <Peak1D F1="2.252105" intensity="3.727422e-002" type="0"/>
    <Peak1D F1="2.237595" intensity="3.543151e-002" type="0"/>
    <Peak1D F1="2.172364" intensity="4.975601e-002" type="0"/>
    <Peak1D F1="2.110887" intensity="3.105163e-002" type="0"/>
    <Peak1D F1="2.104634" intensity="9.161838e-002" type="0"/>
    <Peak1D F1="2.072250" intensity="1.198405e-001" type="0"/>
    <Peak1D F1="2.059664" intensity="4.890232e-001" type="0"/>
    <Peak1D F1="2.048055" intensity="4.559808e-002" type="0"/>
    <Peak1D F1="2.042524" intensity="3.401495e-002" type="0"/>
    <Peak1D F1="2.030653" intensity="3.196630e-002" type="0"/>
    <Peak1D F1="2.007416" intensity="3.261361e-002" type="0"/>
    <Peak1D F1="1.977048" intensity="5.740521e-002" type="0"/>
    <Peak1D F1="1.944515" intensity="3.336166e-002" type="0"/>
    <Peak1D F1="1.743012" intensity="1.190470e-001" type="0"/>
    <Peak1D F1="1.713418" intensity="7.559273e-002" type="0"/>
    <Peak1D F1="1.708414" intensity="7.009490e-002" type="0"/>
    <Peak1D F1="1.659124" intensity="8.866940e-002" type="0"/>
    <Peak1D F1="1.651139" intensity="7.153726e-002" type="0"/>
    <Peak1D F1="1.647830" intensity="6.545427e-002" type="0"/>
    <Peak1D F1="1.645801" intensity="6.683818e-002" type="0"/>
    <Peak1D F1="1.642423" intensity="8.448654e-002" type="0"/>
    <Peak1D F1="1.635402" intensity="6.166809e-002" type="0"/>
    <Peak1D F1="1.634036" intensity="5.935668e-002" type="0"/>
    <Peak1D F1="1.621312" intensity="6.556140e-002" type="0"/>
    <Peak1D F1="1.609924" intensity="6.224065e-002" type="0"/>
    <Peak1D F1="1.600079" intensity="6.754052e-002" type="0"/>
    <Peak1D F1="1.596346" intensity="6.296203e-002" type="0"/>
    <Peak1D F1="1.585769" intensity="4.626050e-002" type="0"/>
    <Peak1D F1="1.577456" intensity="5.610372e-002" type="0"/>
    <Peak1D F1="1.555016" intensity="9.500010e-002" type="0"/>
    <Peak1D F1="1.548574" intensity="7.194202e-002" type="0"/>
    <Peak1D F1="1.543623" intensity="6.851307e-002" type="0"/>
    <Peak1D F1="1.541807" intensity="6.977696e-002" type="0"/>
    <Peak1D F1="1.530066" intensity="5.932393e-002" type="0"/>
    <Peak1D F1="1.506943" intensity="5.739730e-002" type="0"/>
    <Peak1D F1="1.494466" intensity="5.329327e-002" type="0"/>
    <Peak1D F1="1.487196" intensity="6.689046e-002" type="0"/>
    <Peak1D F1="1.465844" intensity="5.409031e-002" type="0"/>
    <Peak1D F1="1.450032" intensity="4.445691e-002" type="0"/>
    <Peak1D F1="1.445347" intensity="3.921091e-002" type="0"/>
    <Peak1D F1="1.443745" intensity="4.152982e-002" type="0"/>
    <Peak1D F1="1.431141" intensity="4.887106e-002" type="0"/>
    <Peak1D F1="1.426037" intensity="4.675724e-002" type="0"/>
    <Peak1D F1="1.412633" intensity="3.628695e-002" type="0"/>
    <Peak1D F1="1.400055" intensity="3.334297e-002" type="0"/>
    <Peak1D F1="1.392606" intensity="3.246747e-002" type="0"/>
    <Peak1D F1="1.385032" intensity="4.392236e-002" type="0"/>
    <Peak1D F1="1.371502" intensity="3.734118e-002" type="0"/>
    <Peak1D F1="1.358553" intensity="4.862235e-002" type="0"/>
    <Peak1D F1="1.348814" intensity="5.227497e-002" type="0"/>
    <Peak1D F1="1.347252" intensity="5.162825e-002" type="0"/>
    <Peak1D F1="1.339508" intensity="6.158804e-002" type="0"/>
    <Peak1D F1="1.334507" intensity="6.323250e-002" type="0"/>
    <Peak1D F1="1.329337" intensity="7.912891e-002" type="0"/>
    <Peak1D F1="1.312424" intensity="7.749472e-002" type="0"/>
    <Peak1D F1="1.298519" intensity="1.982495e-001" type="0"/>
    <Peak1D F1="1.289387" intensity="1.305996e-001" type="0"/>
    <Peak1D F1="1.259135" intensity="1.907382e-001" type="0"/>
    <Peak1D F1="1.249786" intensity="1.651707e-001" type="0"/>
    <Peak1D F1="1.243297" intensity="1.745142e-001" type="0"/>
    <Peak1D F1="1.240715" intensity="1.775134e-001" type="0"/>
    <Peak1D F1="1.236242" intensity="1.835535e-001" type="0"/>
    <Peak1D F1="1.232669" intensity="1.883819e-001" type="0"/>
    <Peak1D F1="1.230532" intensity="1.975061e-001" type="0"/>
    <Peak1D F1="1.225173" intensity="1.971511e-001" type="0"/>
    <Peak1D F1="1.183833" intensity="1.313657e+000" type="0"/>
    <Peak1D F1="1.147618" intensity="2.437812e-001" type="0"/>
    <Peak1D F1="1.119820" intensity="1.171029e-001" type="0"/>
    <Peak1D F1="1.118521" intensity="1.100390e-001" type="0"/>
    <Peak1D F1="1.114682" intensity="1.138048e-001" type="0"/>
    <Peak1D F1="1.108628" intensity="1.119190e-001" type="0"/>
    <Peak1D F1="1.105729" intensity="1.012939e-001" type="0"/>
    <Peak1D F1="1.098717" intensity="1.100672e-001" type="0"/>
    <Peak1D F1="1.073031" intensity="9.295122e-002" type="0"/>
    <Peak1D F1="1.048106" intensity="5.308377e-002" type="0"/>
    <Peak1D F1="1.043096" intensity="5.492363e-002" type="0"/>
    <Peak1D F1="1.038490" intensity="6.219820e-002" type="0"/>
    <Peak1D F1="1.036097" intensity="6.132763e-002" type="0"/>
    <Peak1D F1="1.027800" intensity="6.158324e-002" type="0"/>
    <Peak1D F1="1.019428" intensity="5.865763e-002" type="0"/>
    <Peak1D F1="1.004115" intensity="5.584639e-002" type="0"/>
    <Peak1D F1="1.003037" intensity="5.557102e-002" type="0"/>
    <Peak1D F1="0.988296" intensity="5.108353e-002" type="0"/>
    <Peak1D F1="0.976271" intensity="4.894860e-002" type="0"/>
    <Peak1D F1="0.971090" intensity="5.318636e-002" type="0"/>
    <Peak1D F1="0.964888" intensity="4.885961e-002" type="0"/>
    <Peak1D F1="0.946947" intensity="6.669524e-002" type="0"/>
    <Peak1D F1="0.935739" intensity="6.655372e-002" type="0"/>
    <Peak1D F1="0.924800" intensity="7.203704e-002" type="0"/>
    <Peak1D F1="0.917985" intensity="4.757876e-002" type="0"/>
    <Peak1D F1="0.911260" intensity="4.817747e-002" type="0"/>
    <Peak1D F1="0.905112" intensity="4.956298e-002" type="0"/>
    <Peak1D F1="0.893716" intensity="4.551530e-002" type="0"/>
    <Peak1D F1="0.890756" intensity="4.874390e-002" type="0"/>
    <Peak1D F1="0.877730" intensity="7.755708e-002" type="0"/>
    <Peak1D F1="0.857741" intensity="8.741658e-002" type="0"/>
    <Peak1D F1="0.841098" intensity="1.148974e-001" type="0"/>
    <Peak1D F1="0.823645" intensity="1.629745e-001" type="0"/>
    <Peak1D F1="0.810069" intensity="2.243048e-001" type="0"/>
    <Peak1D F1="0.800234" intensity="1.254054e-001" type="0"/>
    <Peak1D F1="0.790246" intensity="1.796147e-001" type="0"/>
    <Peak1D F1="0.783678" intensity="1.424080e-001" type="0"/>
    <Peak1D F1="0.774348" intensity="1.567142e-001" type="0"/>
    <Peak1D F1="0.760001" intensity="1.303048e-001" type="0"/>
    <Peak1D F1="0.739712" intensity="6.707305e-002" type="0"/>
    <Peak1D F1="0.727985" intensity="4.190468e-002" type="0"/>
    <Peak1D F1="-0.000126" intensity="5.124317e-001" type="0"/>
    <Peak1D F1="-0.461465" intensity="2.977913e-002" type="0"/>
    <Peak1D F1="-0.495330" intensity="3.088174e-002" type="0"/>
    <Peak1D F1="-0.602965" intensity="3.174062e-002" type="0"/>
    <Peak1D F1="-0.605013" intensity="3.102820e-002" type="0"/>
    <Peak1D F1="-0.699070" intensity="3.077885e-002" type="0"/>
    <Peak1D F1="-0.720970" intensity="3.006955e-002" type="0"/>
    <Peak1D F1="-0.763553" intensity="3.656908e-002" type="0"/>
    <Peak1D F1="-0.788009" intensity="3.410825e-002" type="0"/>
    <Peak1D F1="-0.834325" intensity="3.974512e-002" type="0"/>
    <Peak1D F1="-0.870741" intensity="2.984565e-002" type="0"/>
    <Peak1D F1="-0.885247" intensity="3.380496e-002" type="0"/>
    <Peak1D F1="-0.899936" intensity="3.098924e-002" type="0"/>
    <Peak1D F1="-0.905839" intensity="3.100741e-002" type="0"/>
    <Peak1D F1="-0.935465" intensity="2.978784e-002" type="0"/>
    <Peak1D F1="-0.999442" intensity="3.080958e-002" type="0"/>
  </PeakList1D>
</PeakList>
