<?xml version="1.0" encoding="UTF-8"?>
<PeakList>
  <PeakList1D>
    <PeakList1DHeader creator="nmrsu" date="2018-12-02T22:29:49.652-02:00" expNo="2" name="2B248_MS211_2" owner="" procNo="1" source="C:/NMRData/data/marcio_marilia/nmr">
      <PeakPickDetails>F1=222.593ppm, F2=-22.603ppm, MI=0.00cm, MAXI=10000.00cm, PC=1.400
      </PeakPickDetails>
    </PeakList1DHeader>
    <Peak1D F1="171.6557" intensity="2.711784e+000" type="0"/>
    <Peak1D F1="136.9185" intensity="2.859355e+000" type="0"/>
    <Peak1D F1="135.0284" intensity="2.780251e+000" type="0"/>
    <Peak1D F1="132.0408" intensity="2.418393e+000" type="0"/>
    <Peak1D F1="129.2086" intensity="1.500000e+001" type="0"/>
    <Peak1D F1="128.7845" intensity="7.307215e-001" type="0"/>
    <Peak1D F1="128.3006" intensity="1.482026e+001" type="0"/>
    <Peak1D F1="127.5479" intensity="2.385615e+000" type="0"/>
    <Peak1D F1="124.0353" intensity="7.812669e+000" type="0"/>
    <Peak1D F1="123.0687" intensity="2.137829e+000" type="0"/>
    <Peak1D F1="120.4430" intensity="7.404876e+000" type="0"/>
    <Peak1D F1="119.6393" intensity="7.867006e+000" type="0"/>
    <Peak1D F1="116.7303" intensity="2.472785e+000" type="0"/>
    <Peak1D F1="111.1217" intensity="6.802783e+000" type="0"/>
    <Peak1D F1="77.3574" intensity="6.658174e+001" type="0"/>
    <Peak1D F1="77.0401" intensity="6.747162e+001" type="0"/>
    <Peak1D F1="76.7223" intensity="6.694023e+001" type="0"/>
    <Peak1D F1="52.0460" intensity="4.604011e+000" type="0"/>
    <Peak1D F1="30.8378" intensity="6.939264e+000" type="0"/>
  </PeakList1D>
</PeakList>
