<?xml version="1.0" encoding="UTF-8"?>
<PeakList>
  <PeakList1D>
    <PeakList1DHeader creator="JRomeo" date="2019-12-15T17:35:06" expNo="3" name="2JR98" owner="" procNo="1" source="C:\Bruker\TOPSPIN">
      <PeakPickDetails>F1=173.869ppm, F2=131.147ppm, MI=0.04cm, MAXI=0.24cm, PC=1.400
      </PeakPickDetails>
    </PeakList1DHeader>
    <Peak1D F1="164.6539" intensity="0.09" type="0"/>
    <Peak1D F1="163.5954" intensity="0.09" type="0"/>
    <Peak1D F1="154.9359" intensity="0.08" type="0"/>
    <Peak1D F1="151.5589" intensity="0.09" type="0"/>
    <Peak1D F1="135.7305" intensity="0.15" type="0"/>
    <Peak1D F1="132.621" intensity="0.15" type="0"/>
  </PeakList1D>
  <PeakList1D>
    <PeakList1DHeader creator="JRomeo" date="2019-12-15T17:35:06" expNo="3" name="2JR98" owner="" procNo="1" source="C:\Bruker\TOPSPIN">
      <PeakPickDetails>F1=124.590ppm, F2=51.465ppm, MI=0.05cm, MAXI=0.46cm, PC=1.400
      </PeakPickDetails>
    </PeakList1DHeader>
    <Peak1D F1="117.555" intensity="0.32" type="0"/>
    <Peak1D F1="114.6444" intensity="0.34" type="0"/>
    <Peak1D F1="101.0229" intensity="0.14" type="0"/>
    <Peak1D F1="99.6904" intensity="0.15" type="0"/>
    <Peak1D F1="99.3558" intensity="0.15" type="0"/>
    <Peak1D F1="97.3018" intensity="0.14" type="0"/>
    <Peak1D F1="83.7997" intensity="0.11" type="0"/>
    <Peak1D F1="80.833" intensity="0.12" type="0"/>
    <Peak1D F1="75.1046" intensity="0.12" type="0"/>
    <Peak1D F1="74.6305" intensity="0.1" type="0"/>
    <Peak1D F1="73.8924" intensity="0.13" type="0"/>
    <Peak1D F1="73.7889" intensity="0.1" type="0"/>
    <Peak1D F1="73.4114" intensity="0.14" type="0"/>
    <Peak1D F1="69.7053" intensity="0.11" type="0"/>
    <Peak1D F1="68.1534" intensity="0.12" type="0"/>
    <Peak1D F1="67.6055" intensity="0.14" type="0"/>
    <Peak1D F1="66.6168" intensity="0.13" type="0"/>
    <Peak1D F1="65.4627" intensity="0.1" type="0"/>
    <Peak1D F1="65.0426" intensity="0.13" type="0"/>
    <Peak1D F1="55.8224" intensity="0.15" type="0"/>
    <Peak1D F1="55.7139" intensity="0.16" type="0"/>
    <Peak1D F1="55.5756" intensity="0.13" type="0"/>
    <Peak1D F1="54.8223" intensity="0.19" type="0"/>
  </PeakList1D>
  <PeakList1D>
    <PeakList1DHeader creator="JRomeo" date="2019-12-15T17:35:06" expNo="3" name="2JR98" owner="" procNo="1" source="C:\Bruker\TOPSPIN">
      <PeakPickDetails>F1=41.331ppm, F2=-1.590ppm, MI=0.05cm, MAXI=0.73cm, PC=1.400
      </PeakPickDetails>
    </PeakList1DHeader>
    <Peak1D F1="34.685" intensity="0.11" type="0"/>
    <Peak1D F1="31.4756" intensity="0.12" type="0"/>
    <Peak1D F1="31.3108" intensity="0.11" type="0"/>
    <Peak1D F1="31.1897" intensity="0.13" type="0"/>
    <Peak1D F1="27.4325" intensity="0.64" type="0"/>
    <Peak1D F1="17.1798" intensity="0.19" type="0"/>
    <Peak1D F1="17.1387" intensity="0.33" type="0"/>
    <Peak1D F1="16.8135" intensity="0.18" type="0"/>
    <Peak1D F1="1.0509" intensity="0.08" type="0"/>
  </PeakList1D>
</PeakList>
