<?xml version="1.0" encoding="UTF-8"?>
<PeakList>
  <PeakList1D>
    <PeakList1DHeader creator="nmr" date="2018-03-15T18:35:06.906+08:00" expNo="2" name="zhq-496C-2" owner="" procNo="1" source="D:/bruker">
      <PeakPickDetails>F1=235.494ppm, F2=-15.494ppm, MI=0.00cm, MAXI=10000.00cm, PC=1.400
      </PeakPickDetails>
    </PeakList1DHeader>
    <Peak1D F1="162.8384" intensity="5.56" type="0"/>
    <Peak1D F1="151.1711" intensity="4.90" type="0"/>
    <Peak1D F1="150.3222" intensity="15.00" type="0"/>
    <Peak1D F1="148.6710" intensity="3.46" type="0"/>
    <Peak1D F1="139.1409" intensity="13.88" type="0"/>
    <Peak1D F1="136.5455" intensity="6.35" type="0"/>
    <Peak1D F1="136.5021" intensity="6.17" type="0"/>
    <Peak1D F1="125.4281" intensity="2.13" type="0"/>
    <Peak1D F1="124.5831" intensity="14.51" type="0"/>
    <Peak1D F1="123.5927" intensity="14.65" type="0"/>
    <Peak1D F1="122.7355" intensity="1.69" type="0"/>
    <Peak1D F1="118.2726" intensity="13.10" type="0"/>
    <Peak1D F1="108.8916" intensity="2.05" type="0"/>
    <Peak1D F1="108.5637" intensity="2.18" type="0"/>
    <Peak1D F1="77.3989" intensity="39.90" type="0"/>
    <Peak1D F1="77.0814" intensity="40.45" type="0"/>
    <Peak1D F1="76.7630" intensity="39.69" type="0"/>
    <Peak1D F1="27.1339" intensity="1.31" type="0"/>
    <Peak1D F1="17.8996" intensity="8.41" type="0"/>
  </PeakList1D>
</PeakList>
