<?xml version="1.0" encoding="UTF-8"?>
<PeakList>
  <PeakList1D>
    <PeakList1DHeader creator="nmrsu" date="2023-06-15T12:14:02.037-05:00" expNo="1203110" name="Jun15-2023" owner="" procNo="1" source="G:/data/chem-synthesis-a-team1/nmr">
      <PeakPickDetails>F1=16.187771ppm, F2=-3.837772ppm, MI=0.00cm, MAXI=10000.00cm, PC=1.000
      </PeakPickDetails>
    </PeakList1DHeader>
    <Peak1D F1="15.245855" intensity="3.877415e-004" type="0"/>
    <Peak1D F1="15.192814" intensity="5.459153e-004" type="0"/>
    <Peak1D F1="15.175605" intensity="6.812268e-004" type="0"/>
    <Peak1D F1="14.920750" intensity="1.648851e-002" type="0"/>
    <Peak1D F1="14.809060" intensity="1.634761e+000" type="0"/>
    <Peak1D F1="14.733342" intensity="1.321131e-002" type="0"/>
    <Peak1D F1="14.695082" intensity="1.185348e-002" type="0"/>
    <Peak1D F1="14.665920" intensity="5.349920e-003" type="0"/>
    <Peak1D F1="14.250712" intensity="3.333346e-004" type="0"/>
    <Peak1D F1="13.267381" intensity="3.936826e-004" type="0"/>
    <Peak1D F1="13.244813" intensity="3.211495e-004" type="0"/>
    <Peak1D F1="13.220747" intensity="3.320083e-004" type="0"/>
    <Peak1D F1="13.191830" intensity="3.153635e-004" type="0"/>
    <Peak1D F1="13.176852" intensity="3.475692e-004" type="0"/>
    <Peak1D F1="13.166579" intensity="3.500461e-004" type="0"/>
    <Peak1D F1="13.093979" intensity="4.385269e-004" type="0"/>
    <Peak1D F1="13.041409" intensity="5.409591e-004" type="0"/>
    <Peak1D F1="13.002415" intensity="4.696970e-004" type="0"/>
    <Peak1D F1="12.892246" intensity="1.270736e-003" type="0"/>
    <Peak1D F1="12.850567" intensity="7.460977e-004" type="0"/>
    <Peak1D F1="12.839463" intensity="7.755611e-004" type="0"/>
    <Peak1D F1="12.823858" intensity="8.027468e-004" type="0"/>
    <Peak1D F1="12.808349" intensity="9.965820e-004" type="0"/>
    <Peak1D F1="12.787047" intensity="9.986421e-004" type="0"/>
    <Peak1D F1="12.754641" intensity="1.152856e-003" type="0"/>
    <Peak1D F1="12.700508" intensity="1.658923e-003" type="0"/>
    <Peak1D F1="12.662111" intensity="1.863798e-003" type="0"/>
    <Peak1D F1="12.609953" intensity="2.941286e-003" type="0"/>
    <Peak1D F1="12.524513" intensity="1.389080e-002" type="0"/>
    <Peak1D F1="12.518015" intensity="1.615091e-002" type="0"/>
    <Peak1D F1="12.498122" intensity="1.807345e-002" type="0"/>
    <Peak1D F1="12.419006" intensity="2.324820e-002" type="0"/>
    <Peak1D F1="12.399545" intensity="3.171873e-002" type="0"/>
    <Peak1D F1="12.394217" intensity="3.085510e-002" type="0"/>
    <Peak1D F1="12.356107" intensity="4.985329e-002" type="0"/>
    <Peak1D F1="12.317880" intensity="3.097628e+000" type="0"/>
    <Peak1D F1="12.295774" intensity="4.449442e+000" type="0"/>
    <Peak1D F1="12.211012" intensity="5.183262e+000" type="0"/>
    <Peak1D F1="12.188909" intensity="3.398298e+000" type="0"/>
    <Peak1D F1="12.142752" intensity="7.531488e-003" type="0"/>
    <Peak1D F1="12.107883" intensity="1.736394e-002" type="0"/>
    <Peak1D F1="12.088271" intensity="1.193574e-002" type="0"/>
    <Peak1D F1="12.043386" intensity="6.885932e-003" type="0"/>
    <Peak1D F1="12.024489" intensity="1.043487e-002" type="0"/>
    <Peak1D F1="12.003722" intensity="2.107610e-002" type="0"/>
    <Peak1D F1="11.983243" intensity="1.462451e-002" type="0"/>
    <Peak1D F1="11.976076" intensity="1.152905e-002" type="0"/>
    <Peak1D F1="11.891583" intensity="9.233138e-004" type="0"/>
    <Peak1D F1="11.870081" intensity="9.237260e-004" type="0"/>
    <Peak1D F1="11.851960" intensity="4.973889e-004" type="0"/>
    <Peak1D F1="11.826873" intensity="4.543360e-004" type="0"/>
    <Peak1D F1="11.813931" intensity="4.416272e-004" type="0"/>
    <Peak1D F1="11.777520" intensity="2.702561e-003" type="0"/>
    <Peak1D F1="11.759276" intensity="4.583902e-003" type="0"/>
    <Peak1D F1="11.740738" intensity="2.036488e-003" type="0"/>
    <Peak1D F1="11.576260" intensity="2.979218e-004" type="0"/>
    <Peak1D F1="11.299008" intensity="6.941230e-004" type="0"/>
    <Peak1D F1="11.276587" intensity="5.293207e-004" type="0"/>
    <Peak1D F1="10.252661" intensity="7.842508e-004" type="0"/>
    <Peak1D F1="8.626641" intensity="3.054281e-004" type="0"/>
    <Peak1D F1="8.610109" intensity="3.873247e-004" type="0"/>
    <Peak1D F1="8.586384" intensity="3.235393e-004" type="0"/>
    <Peak1D F1="8.551044" intensity="3.511119e-004" type="0"/>
    <Peak1D F1="8.198351" intensity="1.191438e+001" type="0"/>
    <Peak1D F1="8.131655" intensity="1.292622e-002" type="0"/>
    <Peak1D F1="8.078153" intensity="5.380865e-003" type="0"/>
    <Peak1D F1="7.991923" intensity="2.036774e-003" type="0"/>
    <Peak1D F1="7.976116" intensity="1.915901e-003" type="0"/>
    <Peak1D F1="7.931975" intensity="1.555063e-003" type="0"/>
    <Peak1D F1="7.862457" intensity="1.058285e-003" type="0"/>
    <Peak1D F1="7.832701" intensity="1.028970e-003" type="0"/>
    <Peak1D F1="7.824916" intensity="1.002872e-003" type="0"/>
    <Peak1D F1="7.782796" intensity="8.012934e-004" type="0"/>
    <Peak1D F1="7.714584" intensity="5.990285e-004" type="0"/>
    <Peak1D F1="7.426251" intensity="1.390441e-003" type="0"/>
    <Peak1D F1="7.256815" intensity="2.752817e-001" type="0"/>
    <Peak1D F1="7.182300" intensity="5.645003e-004" type="0"/>
    <Peak1D F1="7.146058" intensity="6.992091e-004" type="0"/>
    <Peak1D F1="7.097020" intensity="3.605499e-003" type="0"/>
    <Peak1D F1="7.078310" intensity="9.835684e-003" type="0"/>
    <Peak1D F1="7.059274" intensity="9.176529e-003" type="0"/>
    <Peak1D F1="7.040549" intensity="3.846800e-003" type="0"/>
    <Peak1D F1="6.983270" intensity="5.073176e-003" type="0"/>
    <Peak1D F1="6.952505" intensity="8.800098e-002" type="0"/>
    <Peak1D F1="6.825922" intensity="5.792602e-001" type="0"/>
    <Peak1D F1="6.794249" intensity="1.500000e+001" type="0"/>
    <Peak1D F1="6.726887" intensity="1.629581e-002" type="0"/>
    <Peak1D F1="6.665692" intensity="1.544301e-002" type="0"/>
    <Peak1D F1="6.632605" intensity="8.873404e-002" type="0"/>
    <Peak1D F1="6.561179" intensity="3.250986e-003" type="0"/>
    <Peak1D F1="6.542668" intensity="2.838089e-003" type="0"/>
    <Peak1D F1="6.528619" intensity="2.977499e-003" type="0"/>
    <Peak1D F1="6.460907" intensity="1.984120e-003" type="0"/>
    <Peak1D F1="6.397891" intensity="1.660814e-003" type="0"/>
    <Peak1D F1="6.349294" intensity="1.533495e-003" type="0"/>
    <Peak1D F1="6.244797" intensity="1.289737e-003" type="0"/>
    <Peak1D F1="6.204451" intensity="1.164548e-003" type="0"/>
    <Peak1D F1="6.170682" intensity="1.139427e-003" type="0"/>
    <Peak1D F1="6.149900" intensity="1.086142e-003" type="0"/>
    <Peak1D F1="5.947816" intensity="6.467327e-003" type="0"/>
    <Peak1D F1="5.845728" intensity="9.243788e-003" type="0"/>
    <Peak1D F1="5.826890" intensity="1.823099e-002" type="0"/>
    <Peak1D F1="5.808027" intensity="8.697572e-003" type="0"/>
    <Peak1D F1="5.762662" intensity="6.648126e-004" type="0"/>
    <Peak1D F1="5.727046" intensity="6.822910e-004" type="0"/>
    <Peak1D F1="5.666545" intensity="6.510476e-004" type="0"/>
    <Peak1D F1="5.649673" intensity="6.798486e-004" type="0"/>
    <Peak1D F1="5.582373" intensity="9.964072e-004" type="0"/>
    <Peak1D F1="5.564188" intensity="8.127375e-004" type="0"/>
    <Peak1D F1="5.497686" intensity="5.412090e-004" type="0"/>
    <Peak1D F1="5.492692" intensity="5.143924e-004" type="0"/>
    <Peak1D F1="5.479551" intensity="4.845602e-004" type="0"/>
    <Peak1D F1="5.452545" intensity="5.110733e-004" type="0"/>
    <Peak1D F1="5.422914" intensity="5.755975e-004" type="0"/>
    <Peak1D F1="5.363659" intensity="4.336799e-004" type="0"/>
    <Peak1D F1="5.343520" intensity="3.953161e-004" type="0"/>
    <Peak1D F1="5.330634" intensity="3.950473e-004" type="0"/>
    <Peak1D F1="5.323841" intensity="3.410021e-004" type="0"/>
    <Peak1D F1="5.305268" intensity="4.004922e-004" type="0"/>
    <Peak1D F1="5.269802" intensity="4.200775e-004" type="0"/>
    <Peak1D F1="5.242922" intensity="3.982453e-004" type="0"/>
    <Peak1D F1="5.215529" intensity="3.452366e-004" type="0"/>
    <Peak1D F1="5.154830" intensity="3.350801e-004" type="0"/>
    <Peak1D F1="5.121973" intensity="3.694400e-004" type="0"/>
    <Peak1D F1="5.107151" intensity="3.685252e-004" type="0"/>
    <Peak1D F1="5.029128" intensity="3.740094e-004" type="0"/>
    <Peak1D F1="4.641631" intensity="3.446223e-004" type="0"/>
    <Peak1D F1="-0.417582" intensity="4.568146e-004" type="0"/>
    <Peak1D F1="-0.477053" intensity="3.112388e-004" type="0"/>
    <Peak1D F1="-1.311926" intensity="3.168230e-004" type="0"/>
    <Peak1D F1="-1.600301" intensity="3.005181e-004" type="0"/>
    <Peak1D F1="-1.887614" intensity="3.234993e-004" type="0"/>
    <Peak1D F1="-1.909835" intensity="3.264827e-004" type="0"/>
  </PeakList1D>
</PeakList>
