<?xml version="1.0" encoding="UTF-8"?>
<PeakList>
  <PeakList1D>
    <PeakList1DHeader creator="JRomeo" date="2020-03-08T21:17:49" expNo="1" name="2JR104" owner="" procNo="1" source="C:\Bruker\TOPSPIN">
      <PeakPickDetails>F1=6.935ppm, F2=4.024ppm, MI=0.22cm, MAXI=1.94cm, PC=1.000
      </PeakPickDetails>
    </PeakList1DHeader>
    <Peak1D F1="6.4717" intensity="1.1" type="0"/>
    <Peak1D F1="6.4682" intensity="1.08" type="0"/>
    <Peak1D F1="6.4591" intensity="1.13" type="0"/>
    <Peak1D F1="6.4556" intensity="1.06" type="0"/>
    <Peak1D F1="5.5852" intensity="0.99" type="0"/>
    <Peak1D F1="5.5833" intensity="1.04" type="0"/>
    <Peak1D F1="5.5796" intensity="1.04" type="0"/>
    <Peak1D F1="5.576" intensity="1.07" type="0"/>
    <Peak1D F1="5.5742" intensity="1.02" type="0"/>
    <Peak1D F1="5.294" intensity="1.28" type="0"/>
    <Peak1D F1="5.2847" intensity="1.2" type="0"/>
    <Peak1D F1="4.653" intensity="0.8" type="0"/>
    <Peak1D F1="4.6492" intensity="1.32" type="0"/>
    <Peak1D F1="4.6454" intensity="0.82" type="0"/>
    <Peak1D F1="4.6404" intensity="0.85" type="0"/>
    <Peak1D F1="4.6365" intensity="1.3" type="0"/>
    <Peak1D F1="4.6328" intensity="0.73" type="0"/>
    <Peak1D F1="4.2351" intensity="0.35" type="0"/>
    <Peak1D F1="4.2219" intensity="1.01" type="0"/>
    <Peak1D F1="4.2087" intensity="1.02" type="0"/>
    <Peak1D F1="4.1955" intensity="0.35" type="0"/>
  </PeakList1D>
  <PeakList1D>
    <PeakList1DHeader creator="JRomeo" date="2020-03-08T21:17:49" expNo="1" name="2JR104" owner="" procNo="1" source="C:\Bruker\TOPSPIN">
      <PeakPickDetails>F1=3.035ppm, F2=0.769ppm, MI=2.77cm, MAXI=21.87cm, PC=1.000
      </PeakPickDetails>
    </PeakList1DHeader>
    <Peak1D F1="2.1597" intensity="15.0" type="0"/>
    <Peak1D F1="2.019" intensity="14.98" type="0"/>
    <Peak1D F1="1.2837" intensity="6.79" type="0"/>
    <Peak1D F1="1.2705" intensity="6.77" type="0"/>
  </PeakList1D>
</PeakList>
