{"IFD.version":"0.1.0-beta+2025.07.24",
"FAIRSpec.extractor.version":"0.1.0-beta+2025.07.24",
"FAIRSpec.extractor.code":"https://github.com/IUPAC/IUPAC-FAIRSpec/blob/main/src/main/java/com/integratedgraphics/extractor/IFDExtractor.java",
"FAIRSpec.extractor.creation_date":"17 Aug 2025 02:47:51 GMT",
"FAIRSpec.extractor.script":"IFD-extract.json",
"FAIRSpec.extractor.sources":
["file:///c:/temp/iupac/acs/zip/22491647.zip",
"file:/C:/Users/hanso/git/IUPAC-FAIRSpec/./extract/acs.orglett.0c01197/structures/"
],
"FAIRSpec.extractor.list_type":"manifest",
"FAIRSpec.extractor.list_fileCount":299,
"FAIRSpec.extractor.list_byteCount":102793961,
"FAIRSpec.extractor.list":
[
"22491647/Substrate_1'b.mnova",
"22491647/Substrate_1'b.mnova_page1.png",
"22491647/Substrate_1'f.mnova",
"22491647/Substrate_1'f.mnova_page1.png",
"22491647/Substrate_1'g.mnova",
"22491647/Substrate_1'g.mnova_page1.png",
"22491647/Substrate_1'h.mnova",
"22491647/Substrate_1'h.mnova_page1.png",
"22491647/Substrate_1c.mnova",
"22491647/Substrate_1c.mnova_page1.png",
"22491647/Substrate_1d.mnova",
"22491647/Substrate_1d.mnova_page1.png",
"22491647/Substrate_1e.mnova",
"22491647/Substrate_1e.mnova_page1.png",
"22491647/Substrate_1f.mnova",
"22491647/Substrate_1f.mnova_page1.png",
"22491647/Substrate_1g.mnova",
"22491647/Substrate_1g.mnova_page1.png",
"22491647/Substrate_1h.mnova",
"22491647/Substrate_1h.mnova_page1.png",
"22491647/Substrate_1i.mnova",
"22491647/Substrate_1i.mnova_page1.png",
"22491647/Substrate_1j.mnova",
"22491647/Substrate_1j.mnova_page1.png",
"22491647/Substrate_1k.mnova",
"22491647/Substrate_1k.mnova_page1.png",
"22491647/Substrate_1l.mnova",
"22491647/Substrate_1l.mnova_page1.png",
"22491647/Substrate_1n.mnova",
"22491647/Substrate_1n.mnova_page1.png",
"22491647/products_10.mnova",
"22491647/products_10.mnova_page1.png",
"22491647/products_11.mnova",
"22491647/products_11.mnova_page1.png",
"22491647/products_3a.mnova",
"22491647/products_3a.mnova_page1.png",
"22491647/products_3b.mnova",
"22491647/products_3b.mnova_page1.png",
"22491647/products_3c.mnova",
"22491647/products_3c.mnova_page1.png",
"22491647/products_3d.mnova",
"22491647/products_3d.mnova_page1.png",
"22491647/products_3e.mnova",
"22491647/products_3e.mnova_page1.png",
"22491647/products_3f.mnova",
"22491647/products_3f.mnova_page1.png",
"22491647/products_3g.mnova",
"22491647/products_3g.mnova_page1.png",
"22491647/products_3h.mnova",
"22491647/products_3h.mnova_page1.png",
"22491647/products_3i.mnova",
"22491647/products_3i.mnova_page1.png",
"22491647/products_3j.mnova",
"22491647/products_3j.mnova_page1.png",
"22491647/products_3k.mnova",
"22491647/products_3k.mnova_page1.png",
"22491647/products_3l.mnova",
"22491647/products_3l.mnova_page1.png",
"22491647/products_3m.mnova",
"22491647/products_3m.mnova_page1.png",
"22491647/products_3n.mnova",
"22491647/products_3n.mnova_page1.png",
"22491647/products_3o.mnova",
"22491647/products_3o.mnova_page1.png",
"22491647/products_3p.mnova",
"22491647/products_3p.mnova_page1.png",
"22491647/products_3q.mnova",
"22491647/products_3q.mnova_page1.png",
"22491647/products_3r.mnova",
"22491647/products_3r.mnova_page1.png",
"22491647/products_3s.mnova",
"22491647/products_3s.mnova_page1.png",
"22491647/products_3t.mnova",
"22491647/products_3t.mnova_page1.png",
"22491647/products_3u.mnova",
"22491647/products_3u.mnova_page1.png",
"22491647/products_4a.mnova",
"22491647/products_4a.mnova_page1.png",
"22491647/products_4b.mnova",
"22491647/products_4b.mnova_page1.png",
"22491647/products_4c.mnova",
"22491647/products_4c.mnova_page1.png",
"22491647/products_4d.mnova",
"22491647/products_4d.mnova_page1.png",
"22491647/products_4e.mnova",
"22491647/products_4e.mnova_page1.png",
"22491647/products_4f.mnova",
"22491647/products_4f.mnova_page1.png",
"22491647/products_4g.mnova",
"22491647/products_4g.mnova_page1.png",
"22491647/products_4h.mnova",
"22491647/products_4h.mnova_page1.png",
"22491647/products_4i.mnova",
"22491647/products_4i.mnova_page1.png",
"22491647/products_4j.mnova",
"22491647/products_4j.mnova_page1.png",
"22491647/products_4k.mnova",
"22491647/products_4k.mnova_page1.png",
"22491647/products_5a.mnova",
"22491647/products_5a.mnova_page1.png",
"22491647/products_5b.mnova",
"22491647/products_5b.mnova_page1.png",
"22491647/products_5c.mnova",
"22491647/products_5c.mnova_page1.png",
"22491647/products_5d.mnova",
"22491647/products_5d.mnova_page1.png",
"22491647/products_5e.mnova",
"22491647/products_5e.mnova_page1.png",
"22491647/products_5f.mnova",
"22491647/products_5f.mnova_page1.png",
"22491647/products_5g.mnova",
"22491647/products_5g.mnova_page1.png",
"22491647/products_5h.mnova",
"22491647/products_5h.mnova_page1.png",
"22491647/products_6.mnova",
"22491647/products_6.mnova_page1.png",
"22491647/products_7.mnova",
"22491647/products_7.mnova_page1.png",
"22491647/products_8.mnova",
"22491647/products_8.mnova_page1.png",
"22491647/products_9.mnova",
"22491647/products_9.mnova_page1.png"
,"structures/1'b.cdxml",
"structures/1'b.cdxml.mol",
"structures/1'b.cdxml.png",
"structures/1'f.cdxml",
"structures/1'f.cdxml.mol",
"structures/1'f.cdxml.png",
"structures/1'g.cdxml",
"structures/1'g.cdxml.mol",
"structures/1'g.cdxml.png",
"structures/1'h.cdxml",
"structures/1'h.cdxml.mol",
"structures/1'h.cdxml.png",
"structures/10.cdxml",
"structures/10.cdxml.mol",
"structures/10.cdxml.png",
"structures/1c.cdxml",
"structures/1c.cdxml.mol",
"structures/1c.cdxml.png",
"structures/1d.cdxml",
"structures/1d.cdxml.mol",
"structures/1d.cdxml.png",
"structures/1e.cdxml",
"structures/1e.cdxml.mol",
"structures/1e.cdxml.png",
"structures/1f.cdxml",
"structures/1f.cdxml.mol",
"structures/1f.cdxml.png",
"structures/1g.cdxml",
"structures/1g.cdxml.mol",
"structures/1g.cdxml.png",
"structures/1h.cdxml",
"structures/1h.cdxml.mol",
"structures/1h.cdxml.png",
"structures/1i.cdxml",
"structures/1i.cdxml.mol",
"structures/1i.cdxml.png",
"structures/1j.cdxml",
"structures/1j.cdxml.mol",
"structures/1j.cdxml.png",
"structures/1k.cdxml",
"structures/1k.cdxml.mol",
"structures/1k.cdxml.png",
"structures/1l.cdxml",
"structures/1l.cdxml.mol",
"structures/1l.cdxml.png",
"structures/1n.cdxml",
"structures/1n.cdxml.mol",
"structures/1n.cdxml.png",
"structures/3a.cdxml",
"structures/3a.cdxml.mol",
"structures/3a.cdxml.png",
"structures/3b.cdxml",
"structures/3b.cdxml.mol",
"structures/3b.cdxml.png",
"structures/3c.cdxml",
"structures/3c.cdxml.mol",
"structures/3c.cdxml.png",
"structures/3d.cdxml",
"structures/3d.cdxml.mol",
"structures/3d.cdxml.png",
"structures/3e.cdxml",
"structures/3e.cdxml.mol",
"structures/3e.cdxml.png",
"structures/3f.cdxml",
"structures/3f.cdxml.mol",
"structures/3f.cdxml.png",
"structures/3g.cdxml",
"structures/3g.cdxml.mol",
"structures/3g.cdxml.png",
"structures/3h.cdxml",
"structures/3h.cdxml.mol",
"structures/3h.cdxml.png",
"structures/3i.cdxml",
"structures/3i.cdxml.mol",
"structures/3i.cdxml.png",
"structures/3j.cdxml",
"structures/3j.cdxml.mol",
"structures/3j.cdxml.png",
"structures/3k.cdxml",
"structures/3k.cdxml.mol",
"structures/3k.cdxml.png",
"structures/3l.cdxml",
"structures/3l.cdxml.mol",
"structures/3l.cdxml.png",
"structures/3m.cdxml",
"structures/3m.cdxml.mol",
"structures/3m.cdxml.png",
"structures/3n.cdxml",
"structures/3n.cdxml.mol",
"structures/3n.cdxml.png",
"structures/3o.cdxml",
"structures/3o.cdxml.mol",
"structures/3o.cdxml.png",
"structures/3p.cdxml",
"structures/3p.cdxml.mol",
"structures/3p.cdxml.png",
"structures/3q.cdxml",
"structures/3q.cdxml.mol",
"structures/3q.cdxml.png",
"structures/3r.cdxml",
"structures/3r.cdxml.mol",
"structures/3r.cdxml.png",
"structures/3s.cdxml",
"structures/3s.cdxml.mol",
"structures/3s.cdxml.png",
"structures/3u.cdxml",
"structures/3u.cdxml.mol",
"structures/3u.cdxml.png",
"structures/4a.cdxml",
"structures/4a.cdxml.mol",
"structures/4a.cdxml.png",
"structures/4b.cdxml",
"structures/4b.cdxml.mol",
"structures/4b.cdxml.png",
"structures/4c.cdxml",
"structures/4c.cdxml.mol",
"structures/4c.cdxml.png",
"structures/4d.cdxml",
"structures/4d.cdxml.mol",
"structures/4d.cdxml.png",
"structures/4e.cdxml",
"structures/4e.cdxml.mol",
"structures/4e.cdxml.png",
"structures/4f.cdxml",
"structures/4f.cdxml.mol",
"structures/4f.cdxml.png",
"structures/4g.cdxml",
"structures/4g.cdxml.mol",
"structures/4g.cdxml.png",
"structures/4h.cdxml",
"structures/4h.cdxml.mol",
"structures/4h.cdxml.png",
"structures/4i.cdxml",
"structures/4i.cdxml.mol",
"structures/4i.cdxml.png",
"structures/4j.cdxml",
"structures/4j.cdxml.mol",
"structures/4j.cdxml.png",
"structures/4k.cdxml",
"structures/4k.cdxml.mol",
"structures/4k.cdxml.png",
"structures/5a.cdxml",
"structures/5a.cdxml.mol",
"structures/5a.cdxml.png",
"structures/5b.cdxml",
"structures/5b.cdxml.mol",
"structures/5b.cdxml.png",
"structures/5c.cdxml",
"structures/5c.cdxml.mol",
"structures/5c.cdxml.png",
"structures/5d.cdxml",
"structures/5d.cdxml.mol",
"structures/5d.cdxml.png",
"structures/5e.cdxml",
"structures/5e.cdxml.mol",
"structures/5e.cdxml.png",
"structures/5f.cdxml",
"structures/5f.cdxml.mol",
"structures/5f.cdxml.png",
"structures/5g.cdxml",
"structures/5g.cdxml.mol",
"structures/5g.cdxml.png",
"structures/5h.cdxml",
"structures/5h.cdxml.mol",
"structures/5h.cdxml.png",
"structures/6.cdxml",
"structures/6.cdxml.mol",
"structures/6.cdxml.png",
"structures/7.cdxml",
"structures/7.cdxml.mol",
"structures/7.cdxml.png",
"structures/8.cdxml",
"structures/8.cdxml.mol",
"structures/8.cdxml.png",
"structures/9.cdxml",
"structures/9.cdxml.mol",
"structures/9.cdxml.png"
]
}
