<?xml version="1.0" encoding="UTF-8"?>
<PeakList>
  <PeakList1D>
    <PeakList1DHeader creator="JRomeo" date="2019-08-22T15:16:15" expNo="3" name="2JR40" owner="" procNo="1" source="C:\Bruker\TOPSPIN">
      <PeakPickDetails>F1=157.990ppm, F2=144.499ppm, MI=0.21cm, MAXI=1.23cm, PC=1.400
      </PeakPickDetails>
    </PeakList1DHeader>
    <Peak1D F1="154.6834" intensity="0.44" type="0"/>
    <Peak1D F1="150.9593" intensity="0.53" type="0"/>
  </PeakList1D>
  <PeakList1D>
    <PeakList1DHeader creator="JRomeo" date="2019-08-22T15:16:15" expNo="3" name="2JR40" owner="" procNo="1" source="C:\Bruker\TOPSPIN">
      <PeakPickDetails>F1=127.433ppm, F2=89.560ppm, MI=0.48cm, MAXI=3.91cm, PC=1.400
      </PeakPickDetails>
    </PeakList1DHeader>
    <Peak1D F1="117.5936" intensity="3.3" type="0"/>
    <Peak1D F1="114.5866" intensity="3.44" type="0"/>
    <Peak1D F1="96.9501" intensity="1.47" type="0"/>
  </PeakList1D>
  <PeakList1D>
    <PeakList1DHeader creator="JRomeo" date="2019-08-22T15:16:15" expNo="3" name="2JR40" owner="" procNo="1" source="C:\Bruker\TOPSPIN">
      <PeakPickDetails>F1=75.257ppm, F2=13.491ppm, MI=0.54cm, MAXI=3.93cm, PC=1.400
      </PeakPickDetails>
    </PeakList1DHeader>
    <Peak1D F1="74.5557" intensity="1.66" type="0"/>
    <Peak1D F1="67.6231" intensity="1.67" type="0"/>
    <Peak1D F1="66.3205" intensity="1.73" type="0"/>
    <Peak1D F1="55.6944" intensity="1.43" type="0"/>
    <Peak1D F1="55.6641" intensity="2.18" type="0"/>
    <Peak1D F1="29.6803" intensity="2.31" type="0"/>
    <Peak1D F1="16.7677" intensity="1.78" type="0"/>
  </PeakList1D>
</PeakList>
