<?xml version="1.0" encoding="UTF-8"?>
<PeakList>
  <PeakList1D>
    <PeakList1DHeader creator="Lijin_Xu" date="2017-12-12T14:45:07.302+08:00" expNo="2" name="zhq-493" owner="" procNo="1" source="D:">
      <PeakPickDetails>F1=235.494ppm, F2=-15.494ppm, MI=0.00cm, MAXI=10000.00cm, PC=1.400
      </PeakPickDetails>
    </PeakList1DHeader>
    <Peak1D F1="162.4327" intensity="5.28" type="0"/>
    <Peak1D F1="151.2053" intensity="4.98" type="0"/>
    <Peak1D F1="150.0645" intensity="14.81" type="0"/>
    <Peak1D F1="146.0413" intensity="6.98" type="0"/>
    <Peak1D F1="138.8761" intensity="13.67" type="0"/>
    <Peak1D F1="136.5815" intensity="5.79" type="0"/>
    <Peak1D F1="124.3394" intensity="14.09" type="0"/>
    <Peak1D F1="123.5256" intensity="14.79" type="0"/>
    <Peak1D F1="120.6598" intensity="14.65" type="0"/>
    <Peak1D F1="110.5439" intensity="14.43" type="0"/>
    <Peak1D F1="77.4254" intensity="34.70" type="0"/>
    <Peak1D F1="77.3117" intensity="4.85" type="0"/>
    <Peak1D F1="77.1073" intensity="35.15" type="0"/>
    <Peak1D F1="76.7896" intensity="34.69" type="0"/>
    <Peak1D F1="20.3870" intensity="15.00" type="0"/>
    <Peak1D F1="1.0344" intensity="1.35" type="0"/>
  </PeakList1D>
</PeakList>
