<?xml version="1.0" encoding="UTF-8"?>
<PeakList>
  <PeakList1D>
    <PeakList1DHeader creator="nmrsu" date="2023-06-20T09:51:48.249-05:00" expNo="1210710" name="Jun20-2023" owner="" procNo="1" source="G:/data/chem-synthesis-a-team2/nmr">
      <PeakPickDetails>F1=219.460297ppm, F2=-19.460289ppm, MI=0.00cm, MAXI=10000.00cm, PC=1.400
      </PeakPickDetails>
    </PeakList1DHeader>
    <Peak1D F1="165.152252" intensity="1.960719e+000" type="0"/>
    <Peak1D F1="150.550491" intensity="9.786467e-001" type="0"/>
    <Peak1D F1="135.493423" intensity="2.396624e+000" type="0"/>
    <Peak1D F1="130.694702" intensity="1.500000e+001" type="0"/>
    <Peak1D F1="123.522598" intensity="1.348919e+001" type="0"/>
    <Peak1D F1="77.365654" intensity="5.776129e+000" type="0"/>
    <Peak1D F1="77.048042" intensity="5.785087e+000" type="0"/>
    <Peak1D F1="76.730034" intensity="5.743952e+000" type="0"/>
    <Peak1D F1="52.800362" intensity="5.213660e+000" type="0"/>
  </PeakList1D>
</PeakList>
