<?xml version="1.0" encoding="UTF-8"?>
<PeakList>
  <PeakList1D>
    <PeakList1DHeader creator="chemist" date="2019-01-25T17:17:13.473+00:00" expNo="10" name="Z144560" owner="" procNo="1" source="f:\data\chemist\nmr\">
      <PeakPickDetails>F1=15.000ppm, F2=-0.100ppm, MI=0.50cm, MAXI=80.00cm, PC=1.000
      </PeakPickDetails>
    </PeakList1DHeader>
    <Peak1D F1="9.1429" intensity="4.469328e+000" type="0"/>
    <Peak1D F1="8.6928" intensity="9.586133e+000" type="0"/>
    <Peak1D F1="7.2848" intensity="3.518806e+000" type="0"/>
    <Peak1D F1="7.1153" intensity="3.371564e+000" type="0"/>
    <Peak1D F1="7.1105" intensity="1.286041e+000" type="0"/>
    <Peak1D F1="7.0938" intensity="4.035913e+000" type="0"/>
    <Peak1D F1="7.0868" intensity="5.288094e-001" type="0"/>
    <Peak1D F1="6.8970" intensity="6.337363e-001" type="0"/>
    <Peak1D F1="6.8898" intensity="4.544650e+000" type="0"/>
    <Peak1D F1="6.8846" intensity="1.482306e+000" type="0"/>
    <Peak1D F1="6.8732" intensity="1.376757e+000" type="0"/>
    <Peak1D F1="6.8681" intensity="3.696554e+000" type="0"/>
    <Peak1D F1="4.9674" intensity="5.038119e-001" type="0"/>
    <Peak1D F1="4.9599" intensity="5.824872e-001" type="0"/>
    <Peak1D F1="4.9544" intensity="6.197649e-001" type="0"/>
    <Peak1D F1="4.9470" intensity="1.012213e+000" type="0"/>
    <Peak1D F1="4.9395" intensity="6.294911e-001" type="0"/>
    <Peak1D F1="4.9341" intensity="5.715078e-001" type="0"/>
    <Peak1D F1="3.8171" intensity="2.000000e+001" type="0"/>
    <Peak1D F1="3.0698" intensity="5.368762e-001" type="0"/>
    <Peak1D F1="3.0567" intensity="6.058403e-001" type="0"/>
    <Peak1D F1="3.0354" intensity="1.755839e+000" type="0"/>
    <Peak1D F1="3.0223" intensity="1.687102e+000" type="0"/>
    <Peak1D F1="3.0080" intensity="1.830517e+000" type="0"/>
    <Peak1D F1="2.9873" intensity="1.716349e+000" type="0"/>
    <Peak1D F1="2.9736" intensity="5.656012e-001" type="0"/>
    <Peak1D F1="2.9530" intensity="5.995228e-001" type="0"/>
    <Peak1D F1="2.4366" intensity="2.049249e+000" type="0"/>
    <Peak1D F1="2.4287" intensity="1.973292e+000" type="0"/>
    <Peak1D F1="1.6752" intensity="1.254622e+000" type="0"/>
  </PeakList1D>
</PeakList>
