<?xml version="1.0" encoding="UTF-8"?>
<PeakList modified="2020-02-04T16:15:02">
  <PeakList1D>
    <PeakList1DHeader creator="Dell" date="2020-02-04T16:14:02" expNo="4" name="SDT276" owner="" procNo="1" source="C:/Users/Dell/Desktop/NMR/Tetrahydroisoquinoline">
      <PeakPickDetails>F1=115.272041ppm, F2=105.142075ppm, MI=4.84cm, MAXI=18.81cm, PC=1.400
      </PeakPickDetails>
    </PeakList1DHeader>
    <Peak1D F1="110.65715" intensity="8.72935" type="0"/>
    <Peak1D F1="109.359962" intensity="10.2113" type="0"/>
  </PeakList1D>
  <PeakList1D>
    <PeakList1DHeader creator="Dell" date="2020-02-04T16:14:02" expNo="4" name="SDT276" owner="" procNo="1" source="C:/Users/Dell/Desktop/NMR/Tetrahydroisoquinoline">
      <PeakPickDetails>F1=59.207912ppm, F2=51.697765ppm, MI=6.59cm, MAXI=19.08cm, PC=1.400
      </PeakPickDetails>
    </PeakList1DHeader>
    <Peak1D F1="56.258801" intensity="15.0" type="0"/>
    <Peak1D F1="56.217674" intensity="14.88249" type="0"/>
  </PeakList1D>
  <PeakList1D>
    <PeakList1DHeader creator="Dell@Dell-PC" date="2020-02-04T16:15:04" expNo="4" name="SDT276" owner="Dell" procNo="1" source="C:/Users/Dell/Desktop/NMR/Tetrahydroisoquinoline">
      <PeakPickDetails>Manually picked peaks
</PeakPickDetails>
    </PeakList1DHeader>
    <Peak1D F1="62.691308088407204" intensity="-6.582566277695115" type="1"/>
    <Peak1D F1="47.05076423102416" intensity="-11.141735079602647" type="1"/>
    <Peak1D F1="45.37458682056069" intensity="-10.16406877350881" type="1"/>
    <Peak1D F1="28.02589938109877" intensity="-8.941197548535312" type="1"/>
    <Peak1D F1="27.85116953431335" intensity="-8.636984992636561" type="1"/>
  </PeakList1D>
</PeakList>
