<?xml version="1.0" encoding="UTF-8"?>
<PeakList>
  <PeakList1D>
    <PeakList1DHeader creator="chemist" date="2019-02-05T18:48:53.870+00:00" expNo="10" name="Z145361" owner="" procNo="1" source="f:\data\chemist\nmr\">
      <PeakPickDetails>F1=15.000ppm, F2=-0.100ppm, MI=0.50cm, MAXI=80.00cm, PC=1.000
      </PeakPickDetails>
    </PeakList1DHeader>
    <Peak1D F1="7.4286" intensity="1.686306e+000" type="0"/>
    <Peak1D F1="7.4248" intensity="2.401301e+000" type="0"/>
    <Peak1D F1="7.4199" intensity="8.624671e-001" type="0"/>
    <Peak1D F1="7.4068" intensity="3.605055e+000" type="0"/>
    <Peak1D F1="7.4048" intensity="3.586768e+000" type="0"/>
    <Peak1D F1="7.3994" intensity="7.309799e-001" type="0"/>
    <Peak1D F1="7.3692" intensity="2.153396e+000" type="0"/>
    <Peak1D F1="7.3644" intensity="7.466502e-001" type="0"/>
    <Peak1D F1="7.3511" intensity="3.537309e+000" type="0"/>
    <Peak1D F1="7.3475" intensity="1.624738e+000" type="0"/>
    <Peak1D F1="7.3314" intensity="1.749176e+000" type="0"/>
    <Peak1D F1="7.2845" intensity="7.276999e+000" type="0"/>
    <Peak1D F1="7.2722" intensity="6.265302e-001" type="0"/>
    <Peak1D F1="7.2668" intensity="1.645874e+000" type="0"/>
    <Peak1D F1="7.2489" intensity="5.730658e-001" type="0"/>
    <Peak1D F1="6.9308" intensity="3.217297e+000" type="0"/>
    <Peak1D F1="6.9260" intensity="1.271824e+000" type="0"/>
    <Peak1D F1="6.9142" intensity="1.432434e+000" type="0"/>
    <Peak1D F1="6.9092" intensity="4.359270e+000" type="0"/>
    <Peak1D F1="6.9023" intensity="5.898823e-001" type="0"/>
    <Peak1D F1="6.7970" intensity="6.520685e-001" type="0"/>
    <Peak1D F1="6.7898" intensity="4.707135e+000" type="0"/>
    <Peak1D F1="6.7846" intensity="1.507742e+000" type="0"/>
    <Peak1D F1="6.7733" intensity="1.272435e+000" type="0"/>
    <Peak1D F1="6.7681" intensity="3.444316e+000" type="0"/>
    <Peak1D F1="3.7904" intensity="2.000000e+001" type="0"/>
    <Peak1D F1="3.1255" intensity="1.608971e+000" type="0"/>
    <Peak1D F1="3.0916" intensity="2.778001e+000" type="0"/>
    <Peak1D F1="3.0048" intensity="3.036261e+000" type="0"/>
    <Peak1D F1="2.9710" intensity="1.744955e+000" type="0"/>
    <Peak1D F1="1.8660" intensity="4.845154e+000" type="0"/>
    <Peak1D F1="1.5799" intensity="1.637763e+001" type="0"/>
    <Peak1D F1="1.2574" intensity="2.883778e+000" type="0"/>
    <Peak1D F1="1.2420" intensity="5.443119e-001" type="0"/>
  </PeakList1D>
</PeakList>
