<?xml version="1.0" encoding="UTF-8"?>
<PeakList>
  <PeakList1D>
    <PeakList1DHeader creator="chemist" date="2019-02-23T02:11:56.265+00:00" expNo="10" name="Y499" owner="" procNo="1" source="d:\">
      <PeakPickDetails>F1=245.691ppm, F2=-23.691ppm, MI=0.00cm, MAXI=10000.00cm, PC=1.400
      </PeakPickDetails>
    </PeakList1DHeader>
    <Peak1D F1="159.5337" intensity="0.51" type="0"/>
    <Peak1D F1="148.5657" intensity="0.53" type="0"/>
    <Peak1D F1="146.7176" intensity="0.25" type="0"/>
    <Peak1D F1="135.0826" intensity="0.30" type="0"/>
    <Peak1D F1="134.0519" intensity="0.13" type="0"/>
    <Peak1D F1="131.4960" intensity="1.78" type="0"/>
    <Peak1D F1="130.2043" intensity="0.54" type="0"/>
    <Peak1D F1="125.4041" intensity="0.84" type="0"/>
    <Peak1D F1="124.7970" intensity="0.80" type="0"/>
    <Peak1D F1="121.7068" intensity="0.14" type="0"/>
    <Peak1D F1="119.9247" intensity="0.13" type="0"/>
    <Peak1D F1="115.0040" intensity="1.74" type="0"/>
    <Peak1D F1="105.2972" intensity="0.33" type="0"/>
    <Peak1D F1="105.2819" intensity="0.28" type="0"/>
    <Peak1D F1="78.2241" intensity="13.36" type="0"/>
    <Peak1D F1="78.0125" intensity="13.50" type="0"/>
    <Peak1D F1="77.8008" intensity="13.34" type="0"/>
    <Peak1D F1="72.4825" intensity="0.81" type="0"/>
    <Peak1D F1="56.2463" intensity="1.01" type="0"/>
    <Peak1D F1="46.0550" intensity="0.82" type="0"/>
    <Peak1D F1="39.0729" intensity="0.27" type="0"/>
  </PeakList1D>
</PeakList>
