<?xml version="1.0" encoding="UTF-8"?>
<PeakList>
  <PeakList1D>
    <PeakList1DHeader creator="chemist" date="2019-01-18T22:11:40.588+00:00" expNo="10" name="Z144057" owner="" procNo="1" source="f:\data\chemist\nmr\">
      <PeakPickDetails>F1=15.000ppm, F2=-0.100ppm, MI=0.50cm, MAXI=80.00cm, PC=1.000
      </PeakPickDetails>
    </PeakList1DHeader>
    <Peak1D F1="7.5752" intensity="1.401571e+000" type="0"/>
    <Peak1D F1="7.5562" intensity="1.571622e+000" type="0"/>
    <Peak1D F1="7.3003" intensity="6.488525e-001" type="0"/>
    <Peak1D F1="7.2850" intensity="3.903243e+000" type="0"/>
    <Peak1D F1="7.2632" intensity="8.711415e-001" type="0"/>
    <Peak1D F1="7.2334" intensity="8.681523e-001" type="0"/>
    <Peak1D F1="7.2300" intensity="9.028223e-001" type="0"/>
    <Peak1D F1="7.2148" intensity="1.589795e+000" type="0"/>
    <Peak1D F1="7.2115" intensity="1.634594e+000" type="0"/>
    <Peak1D F1="7.1965" intensity="9.008658e-001" type="0"/>
    <Peak1D F1="7.1932" intensity="8.698092e-001" type="0"/>
    <Peak1D F1="7.1660" intensity="4.262123e+000" type="0"/>
    <Peak1D F1="7.1616" intensity="3.192368e+000" type="0"/>
    <Peak1D F1="7.1447" intensity="5.011194e+000" type="0"/>
    <Peak1D F1="6.8977" intensity="5.728311e-001" type="0"/>
    <Peak1D F1="6.8904" intensity="4.564907e+000" type="0"/>
    <Peak1D F1="6.8854" intensity="1.555382e+000" type="0"/>
    <Peak1D F1="6.8738" intensity="1.364106e+000" type="0"/>
    <Peak1D F1="6.8689" intensity="3.873686e+000" type="0"/>
    <Peak1D F1="5.1273" intensity="5.912233e-001" type="0"/>
    <Peak1D F1="5.1176" intensity="7.739844e-001" type="0"/>
    <Peak1D F1="5.1069" intensity="8.149954e-001" type="0"/>
    <Peak1D F1="5.0980" intensity="7.900353e-001" type="0"/>
    <Peak1D F1="5.0879" intensity="6.012887e-001" type="0"/>
    <Peak1D F1="3.8266" intensity="2.000000e+001" type="0"/>
    <Peak1D F1="3.0114" intensity="7.642023e-001" type="0"/>
    <Peak1D F1="3.0006" intensity="7.946220e-001" type="0"/>
    <Peak1D F1="2.9768" intensity="1.581937e+000" type="0"/>
    <Peak1D F1="2.9659" intensity="1.508660e+000" type="0"/>
    <Peak1D F1="2.9165" intensity="1.709175e+000" type="0"/>
    <Peak1D F1="2.8949" intensity="1.640020e+000" type="0"/>
    <Peak1D F1="2.8818" intensity="8.331824e-001" type="0"/>
    <Peak1D F1="2.8602" intensity="8.419183e-001" type="0"/>
    <Peak1D F1="2.3934" intensity="5.326644e-001" type="0"/>
    <Peak1D F1="2.3118" intensity="1.366197e+001" type="0"/>
    <Peak1D F1="1.8994" intensity="2.640942e+000" type="0"/>
    <Peak1D F1="1.8922" intensity="2.591828e+000" type="0"/>
    <Peak1D F1="1.5823" intensity="1.683257e+000" type="0"/>
  </PeakList1D>
</PeakList>
