<?xml version="1.0" encoding="UTF-8"?>
<PeakList>
  <PeakList1D>
    <PeakList1DHeader creator="Lijin_Xu" date="2018-01-11T14:56:57.125+08:00" expNo="2" name="zhq-516" owner="" procNo="1" source="D:">
      <PeakPickDetails>F1=235.494ppm, F2=-15.494ppm, MI=0.00cm, MAXI=10000.00cm, PC=1.400
      </PeakPickDetails>
    </PeakList1DHeader>
    <Peak1D F1="163.5630" intensity="5.49" type="0"/>
    <Peak1D F1="154.9138" intensity="3.43" type="0"/>
    <Peak1D F1="147.0527" intensity="6.76" type="0"/>
    <Peak1D F1="145.1609" intensity="7.43" type="0"/>
    <Peak1D F1="140.5585" intensity="13.81" type="0"/>
    <Peak1D F1="136.0152" intensity="7.43" type="0"/>
    <Peak1D F1="127.1821" intensity="2.67" type="0"/>
    <Peak1D F1="126.8510" intensity="2.37" type="0"/>
    <Peak1D F1="124.4159" intensity="2.16" type="0"/>
    <Peak1D F1="124.0332" intensity="15.00" type="0"/>
    <Peak1D F1="121.7066" intensity="1.56" type="0"/>
    <Peak1D F1="118.7356" intensity="14.88" type="0"/>
    <Peak1D F1="106.6081" intensity="14.89" type="0"/>
    <Peak1D F1="77.3778" intensity="46.23" type="0"/>
    <Peak1D F1="77.0599" intensity="47.21" type="0"/>
    <Peak1D F1="76.7421" intensity="46.00" type="0"/>
    <Peak1D F1="20.6660" intensity="15.00" type="0"/>
  </PeakList1D>
</PeakList>
