<?xml version="1.0" encoding="UTF-8"?>
<PeakList>
  <PeakList1D>
    <PeakList1DHeader creator="nmrsu" date="2019-07-05T11:19:10.568-03:00" expNo="1" name="2B226_MS331.2" owner="" procNo="1" source="C:/NMRData/data/marcio_marilia/nmr">
      <PeakPickDetails>F1=15.919220ppm, F2=-1.119843ppm, MI=0.00cm, MAXI=10000.00cm, PC=1.000
      </PeakPickDetails>
    </PeakList1DHeader>
    <Peak1D F1="15.230344" intensity="1.930459e-002" type="0"/>
    <Peak1D F1="14.455595" intensity="1.906499e-002" type="0"/>
    <Peak1D F1="13.821399" intensity="2.145922e-002" type="0"/>
    <Peak1D F1="12.821778" intensity="1.932837e-002" type="0"/>
    <Peak1D F1="11.850673" intensity="2.002944e-002" type="0"/>
    <Peak1D F1="8.279596" intensity="2.051965e-002" type="0"/>
    <Peak1D F1="8.222990" intensity="1.996837e-002" type="0"/>
    <Peak1D F1="8.181061" intensity="2.840734e-002" type="0"/>
    <Peak1D F1="8.154054" intensity="5.351711e-002" type="0"/>
    <Peak1D F1="8.103851" intensity="1.119944e+000" type="0"/>
    <Peak1D F1="8.049974" intensity="1.055722e-001" type="0"/>
    <Peak1D F1="8.040203" intensity="8.237551e-002" type="0"/>
    <Peak1D F1="8.030114" intensity="4.309488e-002" type="0"/>
    <Peak1D F1="8.023615" intensity="3.749274e-002" type="0"/>
    <Peak1D F1="8.015251" intensity="3.260369e-002" type="0"/>
    <Peak1D F1="8.011036" intensity="2.489123e-002" type="0"/>
    <Peak1D F1="7.995259" intensity="2.647696e-002" type="0"/>
    <Peak1D F1="7.981480" intensity="2.625789e-002" type="0"/>
    <Peak1D F1="7.978265" intensity="2.925823e-002" type="0"/>
    <Peak1D F1="7.953059" intensity="1.038922e-001" type="0"/>
    <Peak1D F1="7.930434" intensity="1.041096e-001" type="0"/>
    <Peak1D F1="7.659893" intensity="2.690495e-002" type="0"/>
    <Peak1D F1="7.639624" intensity="2.437242e-002" type="0"/>
    <Peak1D F1="7.634058" intensity="2.315373e-002" type="0"/>
    <Peak1D F1="7.489773" intensity="1.903124e-002" type="0"/>
    <Peak1D F1="7.460015" intensity="2.233840e+000" type="0"/>
    <Peak1D F1="7.438613" intensity="2.493958e+000" type="0"/>
    <Peak1D F1="7.423177" intensity="8.785815e-002" type="0"/>
    <Peak1D F1="7.394616" intensity="2.724809e-002" type="0"/>
    <Peak1D F1="7.374763" intensity="2.501963e-002" type="0"/>
    <Peak1D F1="7.353090" intensity="3.218277e-002" type="0"/>
    <Peak1D F1="7.333750" intensity="2.960335e-002" type="0"/>
    <Peak1D F1="7.306561" intensity="2.406563e-002" type="0"/>
    <Peak1D F1="7.302866" intensity="2.259547e-002" type="0"/>
    <Peak1D F1="7.286219" intensity="3.278718e-002" type="0"/>
    <Peak1D F1="7.266881" intensity="4.235667e-002" type="0"/>
    <Peak1D F1="7.254720" intensity="1.533060e-001" type="0"/>
    <Peak1D F1="7.236040" intensity="2.124819e-001" type="0"/>
    <Peak1D F1="7.216378" intensity="3.580323e+000" type="0"/>
    <Peak1D F1="7.184639" intensity="2.447645e+000" type="0"/>
    <Peak1D F1="7.174578" intensity="1.377631e+000" type="0"/>
    <Peak1D F1="7.154564" intensity="3.671055e+000" type="0"/>
    <Peak1D F1="7.135962" intensity="2.975623e+000" type="0"/>
    <Peak1D F1="7.097620" intensity="1.747296e+000" type="0"/>
    <Peak1D F1="7.080186" intensity="1.872756e+000" type="0"/>
    <Peak1D F1="7.066287" intensity="2.433927e+000" type="0"/>
    <Peak1D F1="7.038424" intensity="4.433780e+000" type="0"/>
    <Peak1D F1="7.017846" intensity="3.159209e+000" type="0"/>
    <Peak1D F1="6.997668" intensity="1.047210e-001" type="0"/>
    <Peak1D F1="6.969249" intensity="7.154104e-002" type="0"/>
    <Peak1D F1="6.948020" intensity="1.897023e-001" type="0"/>
    <Peak1D F1="6.928295" intensity="1.575695e-001" type="0"/>
    <Peak1D F1="6.900889" intensity="2.873784e-002" type="0"/>
    <Peak1D F1="6.880834" intensity="3.178694e-002" type="0"/>
    <Peak1D F1="6.858236" intensity="3.075199e-002" type="0"/>
    <Peak1D F1="6.852244" intensity="2.744941e-002" type="0"/>
    <Peak1D F1="6.834875" intensity="4.425377e-002" type="0"/>
    <Peak1D F1="6.815694" intensity="3.643377e-002" type="0"/>
    <Peak1D F1="6.811956" intensity="3.232308e-002" type="0"/>
    <Peak1D F1="6.781248" intensity="2.417510e-002" type="0"/>
    <Peak1D F1="6.750353" intensity="1.949878e-002" type="0"/>
    <Peak1D F1="6.689288" intensity="2.027454e-002" type="0"/>
    <Peak1D F1="6.652716" intensity="3.703415e-002" type="0"/>
    <Peak1D F1="6.634103" intensity="4.026357e-002" type="0"/>
    <Peak1D F1="6.507523" intensity="2.512841e-002" type="0"/>
    <Peak1D F1="6.488566" intensity="2.346404e-002" type="0"/>
    <Peak1D F1="5.554087" intensity="2.173834e-002" type="0"/>
    <Peak1D F1="5.477528" intensity="1.994092e-001" type="0"/>
    <Peak1D F1="3.980091" intensity="5.423375e-002" type="0"/>
    <Peak1D F1="3.961603" intensity="2.122244e-002" type="0"/>
    <Peak1D F1="3.945996" intensity="2.478824e-002" type="0"/>
    <Peak1D F1="3.906059" intensity="2.255435e-002" type="0"/>
    <Peak1D F1="3.898974" intensity="1.991575e-002" type="0"/>
    <Peak1D F1="3.818161" intensity="9.378871e+000" type="0"/>
    <Peak1D F1="3.787715" intensity="3.308386e-002" type="0"/>
    <Peak1D F1="3.776481" intensity="2.443854e-002" type="0"/>
    <Peak1D F1="3.749258" intensity="2.088620e-002" type="0"/>
    <Peak1D F1="3.728012" intensity="8.805595e-002" type="0"/>
    <Peak1D F1="3.727049" intensity="8.993225e-002" type="0"/>
    <Peak1D F1="3.704454" intensity="2.085685e-002" type="0"/>
    <Peak1D F1="3.655640" intensity="6.553066e-002" type="0"/>
    <Peak1D F1="3.642627" intensity="3.191249e-002" type="0"/>
    <Peak1D F1="3.634509" intensity="2.672791e-002" type="0"/>
    <Peak1D F1="3.623975" intensity="5.957226e-002" type="0"/>
    <Peak1D F1="3.600743" intensity="4.603381e-002" type="0"/>
    <Peak1D F1="3.585941" intensity="8.227582e-002" type="0"/>
    <Peak1D F1="3.566613" intensity="7.145016e-001" type="0"/>
    <Peak1D F1="3.546458" intensity="1.500000e+001" type="0"/>
    <Peak1D F1="3.454138" intensity="2.173554e-002" type="0"/>
    <Peak1D F1="3.423988" intensity="1.860796e-002" type="0"/>
    <Peak1D F1="3.360574" intensity="8.556693e-002" type="0"/>
    <Peak1D F1="2.274764" intensity="1.950894e-002" type="0"/>
    <Peak1D F1="2.271095" intensity="2.027056e-002" type="0"/>
    <Peak1D F1="2.202513" intensity="1.929068e-002" type="0"/>
    <Peak1D F1="2.168225" intensity="1.766628e-001" type="0"/>
    <Peak1D F1="2.103436" intensity="2.008175e-002" type="0"/>
    <Peak1D F1="2.088347" intensity="5.098295e-002" type="0"/>
    <Peak1D F1="1.969090" intensity="2.860728e-002" type="0"/>
    <Peak1D F1="1.946657" intensity="2.084088e-002" type="0"/>
    <Peak1D F1="1.744116" intensity="2.326428e-002" type="0"/>
    <Peak1D F1="1.699707" intensity="1.934649e-002" type="0"/>
    <Peak1D F1="1.672353" intensity="1.987551e-002" type="0"/>
    <Peak1D F1="1.666901" intensity="2.624864e-002" type="0"/>
    <Peak1D F1="1.655522" intensity="2.223240e-002" type="0"/>
    <Peak1D F1="1.643632" intensity="2.509043e-002" type="0"/>
    <Peak1D F1="1.635744" intensity="2.165561e-002" type="0"/>
    <Peak1D F1="1.616485" intensity="2.632815e-002" type="0"/>
    <Peak1D F1="1.608193" intensity="3.385969e-002" type="0"/>
    <Peak1D F1="1.595994" intensity="3.258459e-002" type="0"/>
    <Peak1D F1="1.581612" intensity="3.916577e-002" type="0"/>
    <Peak1D F1="1.579511" intensity="3.579113e-002" type="0"/>
    <Peak1D F1="1.575655" intensity="3.540258e-002" type="0"/>
    <Peak1D F1="1.507863" intensity="4.829428e+000" type="0"/>
    <Peak1D F1="1.461507" intensity="3.175432e-002" type="0"/>
    <Peak1D F1="1.422221" intensity="3.700490e-002" type="0"/>
    <Peak1D F1="1.410623" intensity="2.122548e-002" type="0"/>
    <Peak1D F1="1.395723" intensity="2.035297e-002" type="0"/>
    <Peak1D F1="1.374419" intensity="2.006131e-002" type="0"/>
    <Peak1D F1="1.349897" intensity="2.627678e-002" type="0"/>
    <Peak1D F1="1.333375" intensity="2.576544e-002" type="0"/>
    <Peak1D F1="1.294852" intensity="5.243260e-002" type="0"/>
    <Peak1D F1="1.277179" intensity="4.602599e-002" type="0"/>
    <Peak1D F1="1.259997" intensity="5.990784e-002" type="0"/>
    <Peak1D F1="1.232497" intensity="8.896478e-002" type="0"/>
    <Peak1D F1="1.207951" intensity="1.322600e-001" type="0"/>
    <Peak1D F1="1.202095" intensity="1.503984e-001" type="0"/>
    <Peak1D F1="1.183576" intensity="1.032211e+000" type="0"/>
    <Peak1D F1="1.160186" intensity="8.678222e-002" type="0"/>
    <Peak1D F1="1.110504" intensity="3.132202e-002" type="0"/>
    <Peak1D F1="1.093647" intensity="2.713338e-002" type="0"/>
    <Peak1D F1="1.090746" intensity="2.655206e-002" type="0"/>
    <Peak1D F1="1.068615" intensity="2.741524e-002" type="0"/>
    <Peak1D F1="1.034586" intensity="3.130566e-002" type="0"/>
    <Peak1D F1="1.020290" intensity="2.546544e-002" type="0"/>
    <Peak1D F1="1.008051" intensity="2.118781e-002" type="0"/>
    <Peak1D F1="1.004936" intensity="2.287109e-002" type="0"/>
    <Peak1D F1="1.002878" intensity="2.051501e-002" type="0"/>
    <Peak1D F1="0.999093" intensity="2.371115e-002" type="0"/>
    <Peak1D F1="0.975881" intensity="2.073579e-002" type="0"/>
    <Peak1D F1="0.968527" intensity="2.077325e-002" type="0"/>
    <Peak1D F1="0.951984" intensity="2.003138e-002" type="0"/>
    <Peak1D F1="0.936807" intensity="2.284790e-002" type="0"/>
    <Peak1D F1="0.920462" intensity="2.382841e-002" type="0"/>
    <Peak1D F1="0.917588" intensity="2.268075e-002" type="0"/>
    <Peak1D F1="0.907172" intensity="1.968439e-002" type="0"/>
    <Peak1D F1="0.889080" intensity="1.974435e-002" type="0"/>
    <Peak1D F1="0.878085" intensity="2.552260e-002" type="0"/>
    <Peak1D F1="0.865830" intensity="2.511011e-002" type="0"/>
    <Peak1D F1="0.856477" intensity="2.566365e-002" type="0"/>
    <Peak1D F1="0.841691" intensity="4.146080e-002" type="0"/>
    <Peak1D F1="0.829867" intensity="5.007580e-002" type="0"/>
    <Peak1D F1="0.822156" intensity="7.391307e-002" type="0"/>
    <Peak1D F1="0.808814" intensity="1.145130e-001" type="0"/>
    <Peak1D F1="0.789415" intensity="9.113896e-002" type="0"/>
    <Peak1D F1="0.780854" intensity="8.047786e-002" type="0"/>
    <Peak1D F1="0.771860" intensity="8.665842e-002" type="0"/>
    <Peak1D F1="0.760959" intensity="8.331901e-002" type="0"/>
    <Peak1D F1="0.735363" intensity="3.860312e-002" type="0"/>
    <Peak1D F1="-0.000129" intensity="1.999524e-001" type="0"/>
    <Peak1D F1="-0.826145" intensity="1.956047e-002" type="0"/>
    <Peak1D F1="-0.966845" intensity="1.875945e-002" type="0"/>
  </PeakList1D>
</PeakList>
