<?xml version="1.0" encoding="UTF-8"?>
<PeakList modified="2020-02-03T10:20:57">
  <PeakList1D>
    <PeakList1DHeader creator="Dell" date="2020-02-03T10:20:57" expNo="1" name="SDT476" owner="" procNo="1" source="C:/Users/Dell/Desktop/NMR/E synthesis">
      <PeakPickDetails>F1=7.464258ppm, F2=7.389341ppm, MI=0.12cm, MAXI=0.71cm, PC=1.000
      </PeakPickDetails>
    </PeakList1DHeader>
    <Peak1D F1="7.433062" intensity="0.4047876" type="0"/>
    <Peak1D F1="7.431036" intensity="0.4289249" type="0"/>
    <Peak1D F1="7.421602" intensity="0.4328279" type="0"/>
    <Peak1D F1="7.419581" intensity="0.4407117" type="0"/>
  </PeakList1D>
  <PeakList1D>
    <PeakList1DHeader creator="Dell" date="2020-02-03T10:20:57" expNo="1" name="SDT476" owner="" procNo="1" source="C:/Users/Dell/Desktop/NMR/E synthesis">
      <PeakPickDetails>F1=7.306931ppm, F2=7.217031ppm, MI=1.15cm, MAXI=2.84cm, PC=1.000
      </PeakPickDetails>
    </PeakList1DHeader>
    <Peak1D F1="7.25987" intensity="1.751478" type="0"/>
  </PeakList1D>
  <PeakList1D>
    <PeakList1DHeader creator="Dell" date="2020-02-03T10:20:57" expNo="1" name="SDT476" owner="" procNo="1" source="C:/Users/Dell/Desktop/NMR/E synthesis">
      <PeakPickDetails>F1=7.217031ppm, F2=7.162092ppm, MI=0.14cm, MAXI=0.74cm, PC=1.000
      </PeakPickDetails>
    </PeakList1DHeader>
    <Peak1D F1="7.21046" intensity="0.4145639" type="0"/>
    <Peak1D F1="7.208447" intensity="0.4185252" type="0"/>
    <Peak1D F1="7.199306" intensity="0.4507492" type="0"/>
    <Peak1D F1="7.197287" intensity="0.4401954" type="0"/>
  </PeakList1D>
  <PeakList1D>
    <PeakList1DHeader creator="Dell" date="2020-02-03T10:20:57" expNo="1" name="SDT476" owner="" procNo="1" source="C:/Users/Dell/Desktop/NMR/E synthesis">
      <PeakPickDetails>F1=6.832344ppm, F2=6.763198ppm, MI=0.17cm, MAXI=1.11cm, PC=1.000
      </PeakPickDetails>
    </PeakList1DHeader>
    <Peak1D F1="6.817379" intensity="0.4592987" type="0"/>
    <Peak1D F1="6.806106" intensity="0.8598893" type="0"/>
    <Peak1D F1="6.794783" intensity="0.4265553" type="0"/>
  </PeakList1D>
  <PeakList1D>
    <PeakList1DHeader creator="Dell" date="2020-02-03T10:20:57" expNo="1" name="SDT476" owner="" procNo="1" source="C:/Users/Dell/Desktop/NMR/E synthesis">
      <PeakPickDetails>F1=6.196899ppm, F2=5.930818ppm, MI=0.07cm, MAXI=0.75cm, PC=1.000
      </PeakPickDetails>
    </PeakList1DHeader>
    <Peak1D F1="6.099362" intensity="0.1740898" type="0"/>
    <Peak1D F1="6.088783" intensity="0.3592581" type="0"/>
    <Peak1D F1="6.078212" intensity="0.1803551" type="0"/>
  </PeakList1D>
  <PeakList1D>
    <PeakList1DHeader creator="Dell" date="2020-02-03T10:20:57" expNo="1" name="SDT476" owner="" procNo="1" source="C:/Users/Dell/Desktop/NMR/E synthesis">
      <PeakPickDetails>F1=4.432359ppm, F2=4.103258ppm, MI=0.29cm, MAXI=1.64cm, PC=1.000
      </PeakPickDetails>
    </PeakList1DHeader>
    <Peak1D F1="4.315882" intensity="0.745146" type="0"/>
    <Peak1D F1="4.307781" intensity="0.9842238" type="0"/>
    <Peak1D F1="4.299514" intensity="0.7813592" type="0"/>
  </PeakList1D>
  <PeakList1D>
    <PeakList1DHeader creator="Dell" date="2020-02-03T10:20:57" expNo="1" name="SDT476" owner="" procNo="1" source="C:/Users/Dell/Desktop/NMR/E synthesis">
      <PeakPickDetails>F1=3.788161ppm, F2=3.501073ppm, MI=0.32cm, MAXI=1.66cm, PC=1.000
      </PeakPickDetails>
    </PeakList1DHeader>
    <Peak1D F1="3.72309" intensity="0.7058204" type="0"/>
    <Peak1D F1="3.713535" intensity="1.490198" type="0"/>
    <Peak1D F1="3.704005" intensity="0.7332075" type="0"/>
  </PeakList1D>
  <PeakList1D>
    <PeakList1DHeader creator="Dell" date="2020-02-03T10:20:57" expNo="1" name="SDT476" owner="" procNo="1" source="C:/Users/Dell/Desktop/NMR/E synthesis">
      <PeakPickDetails>F1=2.724851ppm, F2=2.642280ppm, MI=0.14cm, MAXI=0.91cm, PC=1.000
      </PeakPickDetails>
    </PeakList1DHeader>
    <Peak1D F1="2.696433" intensity="0.3562493" type="0"/>
    <Peak1D F1="2.688735" intensity="0.6217863" type="0"/>
    <Peak1D F1="2.681353" intensity="0.3691802" type="0"/>
  </PeakList1D>
  <PeakList1D>
    <PeakList1DHeader creator="Dell" date="2020-02-03T10:20:57" expNo="1" name="SDT476" owner="" procNo="1" source="C:/Users/Dell/Desktop/NMR/E synthesis">
      <PeakPickDetails>F1=2.464236ppm, F2=2.361022ppm, MI=0.11cm, MAXI=1.04cm, PC=1.000
      </PeakPickDetails>
    </PeakList1DHeader>
    <Peak1D F1="2.435238" intensity="0.2668076" type="0"/>
    <Peak1D F1="2.42542" intensity="0.7295406" type="0"/>
    <Peak1D F1="2.415417" intensity="0.7215733" type="0"/>
    <Peak1D F1="2.405565" intensity="0.2615835" type="0"/>
  </PeakList1D>
  <PeakList1D>
    <PeakList1DHeader creator="Dell" date="2020-02-03T10:20:57" expNo="1" name="SDT476" owner="" procNo="1" source="C:/Users/Dell/Desktop/NMR/E synthesis">
      <PeakPickDetails>F1=1.032574ppm, F2=0.804603ppm, MI=2.31cm, MAXI=18.28cm, PC=1.000
      </PeakPickDetails>
    </PeakList1DHeader>
    <Peak1D F1="0.896828" intensity="15.0" type="0"/>
  </PeakList1D>
  <PeakList1D>
    <PeakList1DHeader creator="Dell" date="2020-02-03T10:20:57" expNo="1" name="SDT476" owner="" procNo="1" source="C:/Users/Dell/Desktop/NMR/E synthesis">
      <PeakPickDetails>F1=0.214561ppm, F2=-0.375482ppm, MI=1.82cm, MAXI=15.27cm, PC=1.000
      </PeakPickDetails>
    </PeakList1DHeader>
    <Peak1D F1="0.061645" intensity="10.49885" type="0"/>
  </PeakList1D>
</PeakList>
