<?xml version="1.0" encoding="UTF-8"?>
<PeakList>
  <PeakList1D>
    <PeakList1DHeader creator="nmrsu" date="2023-07-27T11:37:41.397-05:00" expNo="1273810" name="Jul27-2023" owner="" procNo="1" source="G:/data/chem-synthesis-summer-a-team3/nmr">
      <PeakPickDetails>F1=16.187771ppm, F2=-3.837772ppm, MI=0.00cm, MAXI=10000.00cm, PC=1.000
      </PeakPickDetails>
    </PeakList1DHeader>
    <Peak1D F1="13.282732" intensity="5.567786e-002" type="0"/>
    <Peak1D F1="12.032295" intensity="4.797891e-002" type="0"/>
    <Peak1D F1="10.759974" intensity="5.012275e-002" type="0"/>
    <Peak1D F1="9.384844" intensity="5.065193e-002" type="0"/>
    <Peak1D F1="8.593309" intensity="4.671230e-002" type="0"/>
    <Peak1D F1="8.541170" intensity="4.884881e-002" type="0"/>
    <Peak1D F1="8.517093" intensity="4.884117e-002" type="0"/>
    <Peak1D F1="8.416520" intensity="4.832832e-002" type="0"/>
    <Peak1D F1="8.336091" intensity="5.532754e-002" type="0"/>
    <Peak1D F1="8.306167" intensity="6.606916e-002" type="0"/>
    <Peak1D F1="8.292747" intensity="6.566488e-002" type="0"/>
    <Peak1D F1="8.269876" intensity="7.940724e-002" type="0"/>
    <Peak1D F1="8.251226" intensity="9.175360e-002" type="0"/>
    <Peak1D F1="8.222030" intensity="1.121646e-001" type="0"/>
    <Peak1D F1="8.136654" intensity="2.509002e-001" type="0"/>
    <Peak1D F1="7.962323" intensity="3.771411e+000" type="0"/>
    <Peak1D F1="7.942300" intensity="2.815433e+000" type="0"/>
    <Peak1D F1="7.789811" intensity="1.878135e+000" type="0"/>
    <Peak1D F1="7.750827" intensity="2.051211e+000" type="0"/>
    <Peak1D F1="7.607122" intensity="4.219543e+000" type="0"/>
    <Peak1D F1="7.586301" intensity="3.830271e+000" type="0"/>
    <Peak1D F1="7.546165" intensity="2.753265e+000" type="0"/>
    <Peak1D F1="7.507010" intensity="2.267360e+000" type="0"/>
    <Peak1D F1="7.424369" intensity="4.691144e+000" type="0"/>
    <Peak1D F1="7.403329" intensity="3.482056e+000" type="0"/>
    <Peak1D F1="7.340146" intensity="4.443179e+000" type="0"/>
    <Peak1D F1="7.320264" intensity="3.548928e+000" type="0"/>
    <Peak1D F1="7.280990" intensity="5.441052e+000" type="0"/>
    <Peak1D F1="7.219182" intensity="5.406100e-002" type="0"/>
    <Peak1D F1="7.142672" intensity="4.709019e-002" type="0"/>
    <Peak1D F1="5.361365" intensity="6.425972e-002" type="0"/>
    <Peak1D F1="5.319128" intensity="1.201005e-001" type="0"/>
    <Peak1D F1="3.947918" intensity="4.801018e-002" type="0"/>
    <Peak1D F1="3.913406" intensity="4.921818e-002" type="0"/>
    <Peak1D F1="3.855333" intensity="5.016428e-002" type="0"/>
    <Peak1D F1="3.843074" intensity="6.315768e-002" type="0"/>
    <Peak1D F1="3.804990" intensity="9.720571e-002" type="0"/>
    <Peak1D F1="3.766792" intensity="8.942969e-002" type="0"/>
    <Peak1D F1="3.744156" intensity="9.444769e-002" type="0"/>
    <Peak1D F1="3.727872" intensity="8.749300e-002" type="0"/>
    <Peak1D F1="3.687596" intensity="1.249812e-001" type="0"/>
    <Peak1D F1="3.669302" intensity="8.327062e-002" type="0"/>
    <Peak1D F1="3.660053" intensity="6.994182e-002" type="0"/>
    <Peak1D F1="3.644716" intensity="6.659896e-002" type="0"/>
    <Peak1D F1="3.600287" intensity="6.206820e-002" type="0"/>
    <Peak1D F1="3.587559" intensity="6.821494e-002" type="0"/>
    <Peak1D F1="3.574807" intensity="7.484676e-002" type="0"/>
    <Peak1D F1="3.544657" intensity="7.671801e-002" type="0"/>
    <Peak1D F1="3.533520" intensity="7.610690e-002" type="0"/>
    <Peak1D F1="3.496893" intensity="6.776129e-002" type="0"/>
    <Peak1D F1="2.749356" intensity="8.856748e-002" type="0"/>
    <Peak1D F1="2.669159" intensity="1.917956e-001" type="0"/>
    <Peak1D F1="2.463486" intensity="8.669718e+000" type="0"/>
    <Peak1D F1="2.418735" intensity="2.454069e-001" type="0"/>
    <Peak1D F1="2.395223" intensity="1.358438e-001" type="0"/>
    <Peak1D F1="2.301617" intensity="1.406281e-001" type="0"/>
    <Peak1D F1="2.281422" intensity="1.357485e-001" type="0"/>
    <Peak1D F1="2.202817" intensity="4.626577e-001" type="0"/>
    <Peak1D F1="2.190973" intensity="1.128159e+000" type="0"/>
    <Peak1D F1="2.070933" intensity="4.844037e-002" type="0"/>
    <Peak1D F1="2.042160" intensity="5.295382e-002" type="0"/>
    <Peak1D F1="1.778392" intensity="3.087659e-001" type="0"/>
    <Peak1D F1="1.572600" intensity="1.500000e+001" type="0"/>
    <Peak1D F1="1.457736" intensity="1.470624e-001" type="0"/>
    <Peak1D F1="1.444148" intensity="1.415749e-001" type="0"/>
    <Peak1D F1="1.411555" intensity="1.387957e-001" type="0"/>
    <Peak1D F1="1.319071" intensity="1.623340e-001" type="0"/>
    <Peak1D F1="1.286186" intensity="2.183028e-001" type="0"/>
    <Peak1D F1="1.266592" intensity="1.665332e-001" type="0"/>
    <Peak1D F1="1.253102" intensity="1.238016e-001" type="0"/>
    <Peak1D F1="1.209340" intensity="8.626153e-002" type="0"/>
    <Peak1D F1="1.186690" intensity="7.662850e-002" type="0"/>
    <Peak1D F1="1.161602" intensity="7.861866e-002" type="0"/>
    <Peak1D F1="1.119672" intensity="7.664756e-002" type="0"/>
    <Peak1D F1="1.089236" intensity="8.102110e-002" type="0"/>
    <Peak1D F1="1.077339" intensity="6.507631e-002" type="0"/>
    <Peak1D F1="1.068044" intensity="7.016402e-002" type="0"/>
    <Peak1D F1="1.019654" intensity="8.476877e-002" type="0"/>
    <Peak1D F1="0.992724" intensity="6.965652e-002" type="0"/>
    <Peak1D F1="0.917333" intensity="1.145642e-001" type="0"/>
    <Peak1D F1="0.905680" intensity="1.208689e-001" type="0"/>
    <Peak1D F1="0.891975" intensity="9.012709e-002" type="0"/>
    <Peak1D F1="0.874026" intensity="6.801643e-002" type="0"/>
    <Peak1D F1="0.705589" intensity="5.105104e-002" type="0"/>
    <Peak1D F1="-2.952423" intensity="5.211789e-002" type="0"/>
    <Peak1D F1="-3.102394" intensity="4.644979e-002" type="0"/>
  </PeakList1D>
</PeakList>
