<?xml version="1.0" encoding="UTF-8"?>
<PeakList modified="2020-01-31T17:30:49">
  <PeakList1D>
    <PeakList1DHeader creator="Dell" date="2020-01-31T16:48:54" expNo="1" name="SDT474B1" owner="" procNo="1" source="C:/Users/Dell/Desktop/NMR/Boronate">
      <PeakPickDetails>F1=7.509631ppm, F2=7.040279ppm, MI=3.62cm, MAXI=11.77cm, PC=1.000
      </PeakPickDetails>
    </PeakList1DHeader>
    <Peak1D F1="7.260098" intensity="7.143932" type="0"/>
  </PeakList1D>
  <PeakList1D>
    <PeakList1DHeader creator="Dell" date="2020-01-31T16:48:54" expNo="1" name="SDT474B1" owner="" procNo="1" source="C:/Users/Dell/Desktop/NMR/Boronate">
      <PeakPickDetails>F1=4.071767ppm, F2=4.004466ppm, MI=0.17cm, MAXI=0.63cm, PC=1.000
      </PeakPickDetails>
    </PeakList1DHeader>
    <Peak1D F1="4.041766" intensity="0.2489465" type="0"/>
  </PeakList1D>
  <PeakList1D>
    <PeakList1DHeader creator="Dell" date="2020-01-31T16:48:54" expNo="1" name="SDT474B1" owner="" procNo="1" source="C:/Users/Dell/Desktop/NMR/Boronate">
      <PeakPickDetails>F1=3.856056ppm, F2=3.797383ppm, MI=0.35cm, MAXI=1.00cm, PC=1.000
      </PeakPickDetails>
    </PeakList1DHeader>
    <Peak1D F1="3.845099" intensity="0.5810457" type="0"/>
    <Peak1D F1="3.832994" intensity="0.7358234" type="0"/>
    <Peak1D F1="3.824337" intensity="0.6049703" type="0"/>
  </PeakList1D>
  <PeakList1D>
    <PeakList1DHeader creator="Dell" date="2020-01-31T16:48:54" expNo="1" name="SDT474B1" owner="" procNo="1" source="C:/Users/Dell/Desktop/NMR/Boronate">
      <PeakPickDetails>F1=3.774086ppm, F2=3.687801ppm, MI=0.05cm, MAXI=0.78cm, PC=1.000
      </PeakPickDetails>
    </PeakList1DHeader>
    <Peak1D F1="3.770043" intensity="0.1210124" type="0"/>
    <Peak1D F1="3.755925" intensity="0.3466769" type="0"/>
    <Peak1D F1="3.746595" intensity="0.5148473" type="0"/>
    <Peak1D F1="3.737299" intensity="0.5446155" type="0"/>
    <Peak1D F1="3.726456" intensity="0.5861329" type="0"/>
    <Peak1D F1="3.713141" intensity="0.3603852" type="0"/>
    <Peak1D F1="3.701975" intensity="0.1368765" type="0"/>
  </PeakList1D>
  <PeakList1D>
    <PeakList1DHeader creator="Dell" date="2020-01-31T16:48:54" expNo="1" name="SDT474B1" owner="" procNo="1" source="C:/Users/Dell/Desktop/NMR/Boronate">
      <PeakPickDetails>F1=3.537666ppm, F2=3.489347ppm, MI=3.56cm, MAXI=6.88cm, PC=1.000
      </PeakPickDetails>
    </PeakList1DHeader>
    <Peak1D F1="3.513497" intensity="4.803514" type="0"/>
  </PeakList1D>
  <PeakList1D>
    <PeakList1DHeader creator="Dell" date="2020-01-31T16:48:54" expNo="1" name="SDT474B1" owner="" procNo="1" source="C:/Users/Dell/Desktop/NMR/Boronate">
      <PeakPickDetails>F1=1.932774ppm, F2=1.780913ppm, MI=0.13cm, MAXI=1.12cm, PC=1.000
      </PeakPickDetails>
    </PeakList1DHeader>
    <Peak1D F1="1.871096" intensity="0.3123151" type="0"/>
    <Peak1D F1="1.862784" intensity="0.737237" type="0"/>
    <Peak1D F1="1.854428" intensity="0.7096747" type="0"/>
  </PeakList1D>
  <PeakList1D>
    <PeakList1DHeader creator="Dell" date="2020-01-31T16:48:54" expNo="1" name="SDT474B1" owner="" procNo="1" source="C:/Users/Dell/Desktop/NMR/Boronate">
      <PeakPickDetails>F1=1.366747ppm, F2=1.076831ppm, MI=0.64cm, MAXI=3.74cm, PC=1.000
      </PeakPickDetails>
    </PeakList1DHeader>
    <Peak1D F1="1.269335" intensity="2.498231" type="0"/>
    <Peak1D F1="1.260786" intensity="2.759548" type="0"/>
    <Peak1D F1="1.231999" intensity="2.623832" type="0"/>
    <Peak1D F1="1.224034" intensity="2.480901" type="0"/>
  </PeakList1D>
  <PeakList1D>
    <PeakList1DHeader creator="Dell" date="2020-01-31T16:48:54" expNo="1" name="SDT474B1" owner="" procNo="1" source="C:/Users/Dell/Desktop/NMR/Boronate">
      <PeakPickDetails>F1=1.042317ppm, F2=0.628151ppm, MI=3.47cm, MAXI=19.23cm, PC=1.000
      </PeakPickDetails>
    </PeakList1DHeader>
    <Peak1D F1="0.929069" intensity="9.47376" type="0"/>
    <Peak1D F1="0.887364" intensity="15.0" type="0"/>
  </PeakList1D>
  <PeakList1D>
    <PeakList1DHeader creator="Dell" date="2020-01-31T16:48:54" expNo="1" name="SDT474B1" owner="" procNo="1" source="C:/Users/Dell/Desktop/NMR/Boronate">
      <PeakPickDetails>F1=0.172569ppm, F2=-0.055222ppm, MI=2.76cm, MAXI=12.59cm, PC=1.000
      </PeakPickDetails>
    </PeakList1DHeader>
    <Peak1D F1="0.04637" intensity="10.32411" type="0"/>
  </PeakList1D>
  <PeakList1D>
    <PeakList1DHeader creator="Dell@Dell-PC" date="2020-01-31T16:49:18" expNo="1" name="SDT474B1" owner="Dell" procNo="1" source="C:/Users/Dell/Desktop/NMR/Boronate">
      <PeakPickDetails>Manually picked peaks
</PeakPickDetails>
    </PeakList1DHeader>
    <Peak1D F1="4.0511366894993355" intensity="0.19734546850283444" type="1"/>
    <Peak1D F1="4.0333041835526195" intensity="0.20686992115840827" type="1"/>
  </PeakList1D>
  <PeakList1D>
    <PeakList1DHeader creator="Dell@Dell-PC" date="2020-01-31T17:30:52" expNo="1" name="SDT474B1" owner="Dell" procNo="1" source="C:/Users/Dell/Desktop/NMR/Boronate">
      <PeakPickDetails>Manually picked peaks
</PeakPickDetails>
    </PeakList1DHeader>
    <Peak1D F1="3.8367060468929925" intensity="0.6517316595566695" type="1"/>
    <Peak1D F1="3.7610467127578007" intensity="0.22940659213257963" type="1"/>
    <Peak1D F1="3.7161460798831776" intensity="0.3236358549361311" type="1"/>
    <Peak1D F1="1.8840169003395206" intensity="0.052554812618435726" type="1"/>
    <Peak1D F1="1.8410785957037066" intensity="0.2554740765660111" type="1"/>
    <Peak1D F1="1.8292244625220402" intensity="0.05385349565222367" type="1"/>
  </PeakList1D>
</PeakList>
