<?xml version="1.0" encoding="UTF-8"?>
<PeakList modified="2020-01-28T12:11:22">
  <PeakList1D>
    <PeakList1DHeader creator="Dell" date="2020-01-28T12:10:18" expNo="3" name="SDT460" owner="" procNo="1" source="C:/Users/Dell/Desktop/NMR/Chlorochromanyl">
      <PeakPickDetails>F1=145.822357ppm, F2=111.854828ppm, MI=6.95cm, MAXI=37.96cm, PC=1.400
      </PeakPickDetails>
    </PeakList1DHeader>
    <Peak1D F1="136.209549" intensity="11.53029" type="0"/>
    <Peak1D F1="125.919777" intensity="10.79383" type="0"/>
    <Peak1D F1="121.601761" intensity="11.68789" type="0"/>
  </PeakList1D>
  <PeakList1D>
    <PeakList1DHeader creator="Dell" date="2020-01-28T12:10:18" expNo="3" name="SDT460" owner="" procNo="1" source="C:/Users/Dell/Desktop/NMR/Chlorochromanyl">
      <PeakPickDetails>F1=77.670959ppm, F2=31.371277ppm, MI=-32.88cm, MAXI=-15.51cm, PC=1.400
      </PeakPickDetails>
    </PeakList1DHeader>
  </PeakList1D>
  <PeakList1D>
    <PeakList1DHeader creator="Dell@Dell-PC" date="2020-01-28T12:11:24" expNo="3" name="SDT460" owner="Dell" procNo="1" source="C:/Users/Dell/Desktop/NMR/Chlorochromanyl">
      <PeakPickDetails>Manually picked peaks
</PeakPickDetails>
    </PeakList1DHeader>
    <Peak1D F1="67.8004978347388" intensity="-15.654940047023874" type="1"/>
    <Peak1D F1="37.54821288569837" intensity="-18.240351499056622" type="1"/>
  </PeakList1D>
</PeakList>
