<?xml version="1.0" encoding="UTF-8"?>
<PeakList>
  <PeakList1D>
    <PeakList1DHeader creator="nmrsu" date="2023-07-25T12:32:51.537-05:00" expNo="1265510" name="Jul25-2023" owner="" procNo="1" source="G:/data/chem-synthesis-summer-a-team3/nmr">
      <PeakPickDetails>F1=16.187771ppm, F2=-3.837772ppm, MI=0.00cm, MAXI=10000.00cm, PC=1.000
      </PeakPickDetails>
    </PeakList1DHeader>
    <Peak1D F1="7.722095" intensity="1.677317e+000" type="0"/>
    <Peak1D F1="7.701607" intensity="1.815842e+000" type="0"/>
    <Peak1D F1="7.307583" intensity="1.613809e+000" type="0"/>
    <Peak1D F1="7.286922" intensity="1.597575e+000" type="0"/>
    <Peak1D F1="7.260817" intensity="4.324054e-001" type="0"/>
    <Peak1D F1="7.213909" intensity="4.787633e-001" type="0"/>
    <Peak1D F1="7.198256" intensity="9.464020e-001" type="0"/>
    <Peak1D F1="7.171876" intensity="4.329861e-001" type="0"/>
    <Peak1D F1="7.153131" intensity="3.149136e-001" type="0"/>
    <Peak1D F1="4.148692" intensity="2.769419e-002" type="0"/>
    <Peak1D F1="4.130754" intensity="2.757197e-002" type="0"/>
    <Peak1D F1="3.561193" intensity="1.693893e-001" type="0"/>
    <Peak1D F1="3.522344" intensity="1.343893e-001" type="0"/>
    <Peak1D F1="3.504606" intensity="1.805434e-001" type="0"/>
    <Peak1D F1="3.487082" intensity="1.650495e-001" type="0"/>
    <Peak1D F1="3.469577" intensity="7.988766e-002" type="0"/>
    <Peak1D F1="3.423311" intensity="5.421222e-002" type="0"/>
    <Peak1D F1="3.405437" intensity="5.501105e-002" type="0"/>
    <Peak1D F1="3.271259" intensity="1.339229e+000" type="0"/>
    <Peak1D F1="3.253352" intensity="3.686867e+000" type="0"/>
    <Peak1D F1="3.235483" intensity="3.676489e+000" type="0"/>
    <Peak1D F1="3.217655" intensity="1.228984e+000" type="0"/>
    <Peak1D F1="3.078682" intensity="2.185470e-002" type="0"/>
    <Peak1D F1="3.060638" intensity="2.110987e-002" type="0"/>
    <Peak1D F1="2.707835" intensity="2.349789e-002" type="0"/>
    <Peak1D F1="2.587543" intensity="3.766851e-002" type="0"/>
    <Peak1D F1="2.539452" intensity="2.872971e-002" type="0"/>
    <Peak1D F1="2.430529" intensity="5.983521e+000" type="0"/>
    <Peak1D F1="2.383062" intensity="3.295562e+000" type="0"/>
    <Peak1D F1="2.270016" intensity="3.475624e-002" type="0"/>
    <Peak1D F1="2.223237" intensity="1.951291e-002" type="0"/>
    <Peak1D F1="2.056304" intensity="1.253143e-001" type="0"/>
    <Peak1D F1="1.940003" intensity="8.154745e-002" type="0"/>
    <Peak1D F1="1.921510" intensity="2.050224e-001" type="0"/>
    <Peak1D F1="1.903299" intensity="3.511251e-001" type="0"/>
    <Peak1D F1="1.885457" intensity="3.848346e-001" type="0"/>
    <Peak1D F1="1.867744" intensity="2.618833e-001" type="0"/>
    <Peak1D F1="1.848609" intensity="1.181099e-001" type="0"/>
    <Peak1D F1="1.831421" intensity="4.847860e-002" type="0"/>
    <Peak1D F1="1.767547" intensity="3.905153e-001" type="0"/>
    <Peak1D F1="1.754952" intensity="5.338825e-001" type="0"/>
    <Peak1D F1="1.737245" intensity="5.882466e-001" type="0"/>
    <Peak1D F1="1.726008" intensity="5.196269e-001" type="0"/>
    <Peak1D F1="1.708947" intensity="3.205587e-001" type="0"/>
    <Peak1D F1="1.673261" intensity="1.574882e-001" type="0"/>
    <Peak1D F1="1.654468" intensity="3.460223e-001" type="0"/>
    <Peak1D F1="1.645021" intensity="4.888018e-001" type="0"/>
    <Peak1D F1="1.634257" intensity="6.077414e-001" type="0"/>
    <Peak1D F1="1.616894" intensity="4.580011e-001" type="0"/>
    <Peak1D F1="1.609783" intensity="2.984160e-001" type="0"/>
    <Peak1D F1="1.593995" intensity="2.818591e-001" type="0"/>
    <Peak1D F1="1.577909" intensity="3.444802e-001" type="0"/>
    <Peak1D F1="1.561280" intensity="4.138851e-001" type="0"/>
    <Peak1D F1="1.546525" intensity="5.946850e-001" type="0"/>
    <Peak1D F1="1.537615" intensity="5.193260e-001" type="0"/>
    <Peak1D F1="1.529430" intensity="6.650370e-001" type="0"/>
    <Peak1D F1="1.517812" intensity="4.981956e-001" type="0"/>
    <Peak1D F1="1.510709" intensity="3.490629e-001" type="0"/>
    <Peak1D F1="1.481002" intensity="1.225692e-001" type="0"/>
    <Peak1D F1="1.448644" intensity="3.780837e-001" type="0"/>
    <Peak1D F1="1.407725" intensity="2.358016e-001" type="0"/>
    <Peak1D F1="1.389437" intensity="4.996873e-001" type="0"/>
    <Peak1D F1="1.376214" intensity="7.666881e-001" type="0"/>
    <Peak1D F1="1.370862" intensity="7.217586e-001" type="0"/>
    <Peak1D F1="1.357381" intensity="1.388439e+000" type="0"/>
    <Peak1D F1="1.343123" intensity="1.980592e+000" type="0"/>
    <Peak1D F1="1.339135" intensity="2.028434e+000" type="0"/>
    <Peak1D F1="1.325554" intensity="3.577711e+000" type="0"/>
    <Peak1D F1="1.306730" intensity="4.617374e+000" type="0"/>
    <Peak1D F1="1.288184" intensity="1.041152e+001" type="0"/>
    <Peak1D F1="1.245436" intensity="9.074780e-001" type="0"/>
    <Peak1D F1="1.225640" intensity="6.714715e-001" type="0"/>
    <Peak1D F1="1.215530" intensity="4.276626e-001" type="0"/>
    <Peak1D F1="1.207401" intensity="4.276659e-001" type="0"/>
    <Peak1D F1="1.195140" intensity="6.454882e-001" type="0"/>
    <Peak1D F1="1.179862" intensity="1.244933e+000" type="0"/>
    <Peak1D F1="1.161078" intensity="4.957649e+000" type="0"/>
    <Peak1D F1="1.143124" intensity="8.313854e+000" type="0"/>
    <Peak1D F1="1.125308" intensity="4.238033e+000" type="0"/>
    <Peak1D F1="1.111673" intensity="9.399503e-001" type="0"/>
    <Peak1D F1="1.098959" intensity="6.762295e-001" type="0"/>
    <Peak1D F1="1.079688" intensity="6.084654e-001" type="0"/>
    <Peak1D F1="1.068886" intensity="5.744388e-001" type="0"/>
    <Peak1D F1="1.049599" intensity="4.980753e-001" type="0"/>
    <Peak1D F1="1.030491" intensity="2.951037e-001" type="0"/>
    <Peak1D F1="0.994836" intensity="3.525878e+000" type="0"/>
    <Peak1D F1="0.978299" intensity="3.382071e+000" type="0"/>
    <Peak1D F1="0.920909" intensity="6.370080e+000" type="0"/>
    <Peak1D F1="0.904408" intensity="1.500000e+001" type="0"/>
    <Peak1D F1="0.896345" intensity="8.419666e+000" type="0"/>
    <Peak1D F1="0.887040" intensity="7.303617e+000" type="0"/>
    <Peak1D F1="0.877508" intensity="1.109768e+001" type="0"/>
    <Peak1D F1="0.865935" intensity="1.442062e+000" type="0"/>
    <Peak1D F1="0.857345" intensity="5.104256e+000" type="0"/>
    <Peak1D F1="0.764048" intensity="5.512358e-002" type="0"/>
    <Peak1D F1="0.747039" intensity="1.048007e-001" type="0"/>
    <Peak1D F1="0.738981" intensity="5.993189e-002" type="0"/>
    <Peak1D F1="0.729493" intensity="5.755781e-002" type="0"/>
    <Peak1D F1="0.720347" intensity="7.433151e-002" type="0"/>
    <Peak1D F1="0.700873" intensity="3.860082e-002" type="0"/>
  </PeakList1D>
</PeakList>
