<?xml version="1.0" encoding="UTF-8"?>
<PeakList>
  <PeakList1D>
    <PeakList1DHeader creator="nmr" date="2017-11-02T17:31:46.016+08:00" expNo="2" name="zhq-465" owner="" procNo="1" source="D:/bruker">
      <PeakPickDetails>F1=235.494ppm, F2=-15.494ppm, MI=0.00cm, MAXI=10000.00cm, PC=1.400
      </PeakPickDetails>
    </PeakList1DHeader>
    <Peak1D F1="172.6244" intensity="6.37" type="0"/>
    <Peak1D F1="163.8100" intensity="5.55" type="0"/>
    <Peak1D F1="151.5988" intensity="5.15" type="0"/>
    <Peak1D F1="149.8609" intensity="13.25" type="0"/>
    <Peak1D F1="148.6727" intensity="7.68" type="0"/>
    <Peak1D F1="140.0886" intensity="12.65" type="0"/>
    <Peak1D F1="138.6402" intensity="12.01" type="0"/>
    <Peak1D F1="124.1164" intensity="13.45" type="0"/>
    <Peak1D F1="124.0375" intensity="14.36" type="0"/>
    <Peak1D F1="118.9282" intensity="13.59" type="0"/>
    <Peak1D F1="105.2542" intensity="13.54" type="0"/>
    <Peak1D F1="77.4622" intensity="23.05" type="0"/>
    <Peak1D F1="77.1439" intensity="23.41" type="0"/>
    <Peak1D F1="76.8255" intensity="22.82" type="0"/>
    <Peak1D F1="60.4134" intensity="13.53" type="0"/>
    <Peak1D F1="33.2086" intensity="15.00" type="0"/>
    <Peak1D F1="32.1367" intensity="13.84" type="0"/>
    <Peak1D F1="22.9560" intensity="14.01" type="0"/>
    <Peak1D F1="14.1904" intensity="14.12" type="0"/>
  </PeakList1D>
</PeakList>
