<?xml version="1.0" encoding="UTF-8"?>
<PeakList>
  <PeakList1D>
    <PeakList1DHeader creator="nmr600" date="2019-07-25T08:28:11.539+02:00" expNo="10" name="6Jul2519" owner="" procNo="1" source="/opt/topspin3.0/data/nmr600/nmr">
      <PeakPickDetails>F1=16.359249ppm, F2=-4.191397ppm, MI=0.00cm, MAXI=10000.00cm, PC=1.000
      </PeakPickDetails>
    </PeakList1DHeader>
    <Peak1D F1="16.022827" intensity="6.271039e-02" type="0"/>
    <Peak1D F1="9.063835" intensity="2.060305e+00" type="0"/>
    <Peak1D F1="8.936335" intensity="2.914763e-02" type="0"/>
    <Peak1D F1="8.012446" intensity="3.660049e-02" type="0"/>
    <Peak1D F1="7.936713" intensity="3.981139e-02" type="0"/>
    <Peak1D F1="7.579261" intensity="8.995577e-02" type="0"/>
    <Peak1D F1="7.520308" intensity="1.694642e-01" type="0"/>
    <Peak1D F1="7.508899" intensity="1.756738e-01" type="0"/>
    <Peak1D F1="7.496354" intensity="1.413487e-01" type="0"/>
    <Peak1D F1="7.474921" intensity="4.276509e-01" type="0"/>
    <Peak1D F1="7.464788" intensity="3.782630e-01" type="0"/>
    <Peak1D F1="7.435848" intensity="3.172708e-01" type="0"/>
    <Peak1D F1="7.419980" intensity="3.465804e-01" type="0"/>
    <Peak1D F1="7.410114" intensity="3.475000e-01" type="0"/>
    <Peak1D F1="7.393913" intensity="4.534047e-01" type="0"/>
    <Peak1D F1="7.384352" intensity="5.098175e-01" type="0"/>
    <Peak1D F1="7.378995" intensity="5.009879e-01" type="0"/>
    <Peak1D F1="7.365383" intensity="4.311401e-01" type="0"/>
    <Peak1D F1="7.351508" intensity="2.404275e+00" type="0"/>
    <Peak1D F1="7.350109" intensity="2.458974e+00" type="0"/>
    <Peak1D F1="7.338905" intensity="5.375073e+00" type="0"/>
    <Peak1D F1="7.337599" intensity="5.418129e+00" type="0"/>
    <Peak1D F1="7.326477" intensity="3.812538e+00" type="0"/>
    <Peak1D F1="7.324974" intensity="3.704600e+00" type="0"/>
    <Peak1D F1="7.316436" intensity="7.933847e-01" type="0"/>
    <Peak1D F1="7.305350" intensity="2.348301e+00" type="0"/>
    <Peak1D F1="7.302646" intensity="3.416197e+00" type="0"/>
    <Peak1D F1="7.291376" intensity="9.624486e+00" type="0"/>
    <Peak1D F1="7.278754" intensity="9.145753e+00" type="0"/>
    <Peak1D F1="7.269363" intensity="7.698928e+00" type="0"/>
    <Peak1D F1="7.257491" intensity="8.141124e+00" type="0"/>
    <Peak1D F1="7.244733" intensity="3.655375e+00" type="0"/>
    <Peak1D F1="7.224913" intensity="6.631854e-01" type="0"/>
    <Peak1D F1="7.213279" intensity="5.399020e+00" type="0"/>
    <Peak1D F1="7.200463" intensity="4.648592e+00" type="0"/>
    <Peak1D F1="7.193561" intensity="1.115532e+01" type="0"/>
    <Peak1D F1="7.185015" intensity="6.574672e-01" type="0"/>
    <Peak1D F1="7.171995" intensity="6.162557e-01" type="0"/>
    <Peak1D F1="7.165441" intensity="5.854286e-01" type="0"/>
    <Peak1D F1="7.159356" intensity="5.773784e-01" type="0"/>
    <Peak1D F1="7.154837" intensity="5.258493e-01" type="0"/>
    <Peak1D F1="7.119345" intensity="5.272063e+00" type="0"/>
    <Peak1D F1="7.107017" intensity="4.421276e+00" type="0"/>
    <Peak1D F1="7.085057" intensity="2.867725e-01" type="0"/>
    <Peak1D F1="7.075512" intensity="5.057486e-01" type="0"/>
    <Peak1D F1="7.016660" intensity="1.643476e-01" type="0"/>
    <Peak1D F1="6.987123" intensity="1.059266e-01" type="0"/>
    <Peak1D F1="6.975472" intensity="1.034590e-01" type="0"/>
    <Peak1D F1="6.956093" intensity="1.323479e-01" type="0"/>
    <Peak1D F1="6.943671" intensity="1.229161e-01" type="0"/>
    <Peak1D F1="6.912135" intensity="7.308418e-02" type="0"/>
    <Peak1D F1="6.898632" intensity="6.647381e-02" type="0"/>
    <Peak1D F1="6.813944" intensity="1.311359e-01" type="0"/>
    <Peak1D F1="6.781992" intensity="8.041237e+00" type="0"/>
    <Peak1D F1="6.769229" intensity="8.168557e+00" type="0"/>
    <Peak1D F1="6.700546" intensity="5.199089e-02" type="0"/>
    <Peak1D F1="6.648711" intensity="5.326935e-02" type="0"/>
    <Peak1D F1="6.636695" intensity="5.060086e-02" type="0"/>
    <Peak1D F1="6.613081" intensity="1.023843e-01" type="0"/>
    <Peak1D F1="6.601603" intensity="9.865977e-02" type="0"/>
    <Peak1D F1="6.503240" intensity="1.381624e-01" type="0"/>
    <Peak1D F1="6.399938" intensity="2.003096e-02" type="0"/>
    <Peak1D F1="6.304447" intensity="6.962280e-02" type="0"/>
    <Peak1D F1="5.458533" intensity="3.294941e-02" type="0"/>
    <Peak1D F1="5.354089" intensity="5.892544e+00" type="0"/>
    <Peak1D F1="5.246036" intensity="3.532540e-02" type="0"/>
    <Peak1D F1="4.901589" intensity="5.409598e-02" type="0"/>
    <Peak1D F1="4.661141" intensity="1.837391e-02" type="0"/>
    <Peak1D F1="4.605045" intensity="5.048447e-02" type="0"/>
    <Peak1D F1="4.510937" intensity="3.061846e-01" type="0"/>
    <Peak1D F1="4.428712" intensity="2.127059e-02" type="0"/>
    <Peak1D F1="4.242298" intensity="2.569549e-02" type="0"/>
    <Peak1D F1="3.956116" intensity="1.017349e-01" type="0"/>
    <Peak1D F1="3.824880" intensity="5.727234e-01" type="0"/>
    <Peak1D F1="3.813137" intensity="1.544814e+00" type="0"/>
    <Peak1D F1="3.801081" intensity="2.315328e+00" type="0"/>
    <Peak1D F1="3.788439" intensity="2.745183e+00" type="0"/>
    <Peak1D F1="3.782374" intensity="2.529386e+00" type="0"/>
    <Peak1D F1="3.776710" intensity="2.483342e+00" type="0"/>
    <Peak1D F1="3.769985" intensity="2.415404e+00" type="0"/>
    <Peak1D F1="3.757808" intensity="1.761929e+00" type="0"/>
    <Peak1D F1="3.746095" intensity="6.525984e-01" type="0"/>
    <Peak1D F1="3.654758" intensity="6.088601e-01" type="0"/>
    <Peak1D F1="3.643051" intensity="1.667319e+00" type="0"/>
    <Peak1D F1="3.630874" intensity="2.040201e+00" type="0"/>
    <Peak1D F1="3.618074" intensity="1.783417e+00" type="0"/>
    <Peak1D F1="3.605762" intensity="1.315800e+00" type="0"/>
    <Peak1D F1="3.593938" intensity="5.327756e-01" type="0"/>
    <Peak1D F1="3.581499" intensity="6.683541e-01" type="0"/>
    <Peak1D F1="3.569509" intensity="1.730778e+00" type="0"/>
    <Peak1D F1="3.557372" intensity="2.185083e+00" type="0"/>
    <Peak1D F1="3.544824" intensity="2.045291e+00" type="0"/>
    <Peak1D F1="3.531966" intensity="2.193052e+00" type="0"/>
    <Peak1D F1="3.520249" intensity="1.755548e+00" type="0"/>
    <Peak1D F1="3.512072" intensity="1.579093e+00" type="0"/>
    <Peak1D F1="3.504346" intensity="1.703301e+00" type="0"/>
    <Peak1D F1="3.498226" intensity="1.620192e+00" type="0"/>
    <Peak1D F1="3.495425" intensity="1.642021e+00" type="0"/>
    <Peak1D F1="3.488068" intensity="9.184460e-01" type="0"/>
    <Peak1D F1="3.437102" intensity="1.271854e-01" type="0"/>
    <Peak1D F1="3.424748" intensity="1.342699e-01" type="0"/>
    <Peak1D F1="3.412829" intensity="1.397550e-01" type="0"/>
    <Peak1D F1="3.385482" intensity="8.449080e-01" type="0"/>
    <Peak1D F1="3.380907" intensity="1.115197e+00" type="0"/>
    <Peak1D F1="3.377697" intensity="1.061897e+00" type="0"/>
    <Peak1D F1="3.372765" intensity="1.018055e+00" type="0"/>
    <Peak1D F1="3.355908" intensity="1.987324e+00" type="0"/>
    <Peak1D F1="3.339015" intensity="9.794949e-01" type="0"/>
    <Peak1D F1="3.334270" intensity="1.071906e+00" type="0"/>
    <Peak1D F1="3.331015" intensity="1.080315e+00" type="0"/>
    <Peak1D F1="3.326468" intensity="8.702345e-01" type="0"/>
    <Peak1D F1="3.207767" intensity="1.303943e+00" type="0"/>
    <Peak1D F1="3.200315" intensity="1.342174e+00" type="0"/>
    <Peak1D F1="3.185946" intensity="1.253504e+00" type="0"/>
    <Peak1D F1="3.178002" intensity="2.427684e+00" type="0"/>
    <Peak1D F1="3.170210" intensity="1.671930e+00" type="0"/>
    <Peak1D F1="3.155947" intensity="1.466478e+00" type="0"/>
    <Peak1D F1="3.148438" intensity="1.365365e+00" type="0"/>
    <Peak1D F1="3.102014" intensity="2.462728e-01" type="0"/>
    <Peak1D F1="3.031448" intensity="6.641935e-02" type="0"/>
    <Peak1D F1="2.986232" intensity="1.352362e-01" type="0"/>
    <Peak1D F1="2.908307" intensity="3.096515e+00" type="0"/>
    <Peak1D F1="2.883029" intensity="1.795552e+00" type="0"/>
    <Peak1D F1="2.878089" intensity="2.559610e+00" type="0"/>
    <Peak1D F1="2.813584" intensity="1.794384e-01" type="0"/>
    <Peak1D F1="2.805517" intensity="4.172374e-01" type="0"/>
    <Peak1D F1="2.802932" intensity="3.591426e-01" type="0"/>
    <Peak1D F1="2.791501" intensity="1.786226e-01" type="0"/>
    <Peak1D F1="2.698679" intensity="5.574126e-02" type="0"/>
    <Peak1D F1="2.687318" intensity="5.651876e-02" type="0"/>
    <Peak1D F1="2.609662" intensity="1.135686e-01" type="0"/>
    <Peak1D F1="2.258666" intensity="6.790659e-02" type="0"/>
    <Peak1D F1="2.249708" intensity="9.089911e-02" type="0"/>
    <Peak1D F1="2.246156" intensity="1.188683e-01" type="0"/>
    <Peak1D F1="2.233531" intensity="7.271281e-02" type="0"/>
    <Peak1D F1="2.095761" intensity="4.542029e-02" type="0"/>
    <Peak1D F1="1.983791" intensity="2.962254e-02" type="0"/>
    <Peak1D F1="1.873156" intensity="3.059843e-02" type="0"/>
    <Peak1D F1="1.701157" intensity="1.417439e-01" type="0"/>
    <Peak1D F1="1.547231" intensity="8.254851e-02" type="0"/>
    <Peak1D F1="1.537434" intensity="8.223460e-02" type="0"/>
    <Peak1D F1="1.525326" intensity="7.076125e-02" type="0"/>
    <Peak1D F1="1.481043" intensity="6.405350e-02" type="0"/>
    <Peak1D F1="1.469201" intensity="9.957683e-02" type="0"/>
    <Peak1D F1="1.457552" intensity="6.053111e-02" type="0"/>
    <Peak1D F1="1.432943" intensity="1.035804e-01" type="0"/>
    <Peak1D F1="1.421291" intensity="1.378620e-01" type="0"/>
    <Peak1D F1="1.408975" intensity="1.212545e-01" type="0"/>
    <Peak1D F1="1.375505" intensity="7.256097e+00" type="0"/>
    <Peak1D F1="1.363679" intensity="1.500000e+01" type="0"/>
    <Peak1D F1="1.351859" intensity="7.455338e+00" type="0"/>
    <Peak1D F1="1.328304" intensity="7.217374e+00" type="0"/>
    <Peak1D F1="1.316434" intensity="1.459058e+01" type="0"/>
    <Peak1D F1="1.304547" intensity="7.132228e+00" type="0"/>
    <Peak1D F1="1.277200" intensity="4.964353e-01" type="0"/>
    <Peak1D F1="1.264683" intensity="4.745476e-01" type="0"/>
    <Peak1D F1="1.252894" intensity="3.726498e-01" type="0"/>
    <Peak1D F1="1.245385" intensity="3.000937e-01" type="0"/>
    <Peak1D F1="1.212356" intensity="5.166557e-01" type="0"/>
    <Peak1D F1="1.183404" intensity="2.326550e+00" type="0"/>
    <Peak1D F1="1.134707" intensity="2.275512e-01" type="0"/>
    <Peak1D F1="1.065784" intensity="1.857763e-01" type="0"/>
    <Peak1D F1="1.053272" intensity="1.862144e-01" type="0"/>
    <Peak1D F1="1.023039" intensity="2.491613e-01" type="0"/>
    <Peak1D F1="1.011484" intensity="3.712125e-01" type="0"/>
    <Peak1D F1="0.999594" intensity="2.806895e-01" type="0"/>
    <Peak1D F1="0.963856" intensity="4.097779e-01" type="0"/>
    <Peak1D F1="0.955981" intensity="4.147541e-01" type="0"/>
    <Peak1D F1="0.947129" intensity="3.478026e-01" type="0"/>
    <Peak1D F1="0.935427" intensity="2.054690e-01" type="0"/>
    <Peak1D F1="0.919723" intensity="3.523553e-01" type="0"/>
    <Peak1D F1="0.910878" intensity="6.030524e-01" type="0"/>
    <Peak1D F1="0.898636" intensity="5.153912e-01" type="0"/>
    <Peak1D F1="0.886599" intensity="2.454316e-01" type="0"/>
    <Peak1D F1="0.863276" intensity="1.624310e-01" type="0"/>
    <Peak1D F1="0.851540" intensity="1.318982e-01" type="0"/>
    <Peak1D F1="0.830448" intensity="1.756725e-01" type="0"/>
    <Peak1D F1="0.818512" intensity="4.644585e-01" type="0"/>
    <Peak1D F1="0.806829" intensity="6.553983e-01" type="0"/>
    <Peak1D F1="0.801032" intensity="3.729991e-01" type="0"/>
    <Peak1D F1="0.794896" intensity="4.683920e-01" type="0"/>
    <Peak1D F1="0.768585" intensity="3.648761e-01" type="0"/>
    <Peak1D F1="0.744796" intensity="2.362094e-01" type="0"/>
    <Peak1D F1="0.723526" intensity="3.844997e-01" type="0"/>
    <Peak1D F1="0.408274" intensity="2.739849e-02" type="0"/>
    <Peak1D F1="0.016350" intensity="2.223129e-02" type="0"/>
    <Peak1D F1="-0.000158" intensity="1.000804e+00" type="0"/>
  </PeakList1D>
</PeakList>
