<?xml version="1.0" encoding="UTF-8"?>
<PeakList modified="2020-01-31T16:58:47">
  <PeakList1D>
    <PeakList1DHeader creator="Dell" date="2020-01-31T16:58:47" expNo="2" name="SDT474B1" owner="" procNo="1" source="C:/Users/Dell/Desktop/NMR/Boronate">
      <PeakPickDetails>F1=165.726898ppm, F2=159.885345ppm, MI=0.09cm, MAXI=1.12cm, PC=1.400
      </PeakPickDetails>
    </PeakList1DHeader>
    <Peak1D F1="162.484268" intensity="0.2982285" type="0"/>
  </PeakList1D>
  <PeakList1D>
    <PeakList1DHeader creator="Dell" date="2020-01-31T16:58:47" expNo="2" name="SDT474B1" owner="" procNo="1" source="C:/Users/Dell/Desktop/NMR/Boronate">
      <PeakPickDetails>F1=81.348969ppm, F2=66.636925ppm, MI=0.45cm, MAXI=21.09cm, PC=1.400
      </PeakPickDetails>
    </PeakList1DHeader>
    <Peak1D F1="77.380302" intensity="14.78778" type="0"/>
    <Peak1D F1="77.198799" intensity="15.0" type="0"/>
    <Peak1D F1="77.017311" intensity="14.86202" type="0"/>
    <Peak1D F1="72.071709" intensity="1.454853" type="0"/>
  </PeakList1D>
  <PeakList1D>
    <PeakList1DHeader creator="Dell" date="2020-01-31T16:58:47" expNo="2" name="SDT474B1" owner="" procNo="1" source="C:/Users/Dell/Desktop/NMR/Boronate">
      <PeakPickDetails>F1=66.420570ppm, F2=45.217911ppm, MI=0.09cm, MAXI=1.86cm, PC=1.400
      </PeakPickDetails>
    </PeakList1DHeader>
    <Peak1D F1="61.312923" intensity="0.7091433" type="0"/>
    <Peak1D F1="48.167526" intensity="0.1902383" type="0"/>
    <Peak1D F1="46.879551" intensity="0.2082293" type="0"/>
  </PeakList1D>
  <PeakList1D>
    <PeakList1DHeader creator="Dell" date="2020-01-31T16:58:47" expNo="2" name="SDT474B1" owner="" procNo="1" source="C:/Users/Dell/Desktop/NMR/Boronate">
      <PeakPickDetails>F1=40.241779ppm, F2=12.981218ppm, MI=0.09cm, MAXI=3.81cm, PC=1.400
      </PeakPickDetails>
    </PeakList1DHeader>
    <Peak1D F1="34.319691" intensity="0.7308701" type="0"/>
    <Peak1D F1="32.054382" intensity="0.7398189" type="0"/>
    <Peak1D F1="26.190702" intensity="2.912566" type="0"/>
    <Peak1D F1="22.618229" intensity="1.782785" type="0"/>
    <Peak1D F1="20.848227" intensity="0.4306735" type="0"/>
    <Peak1D F1="20.502666" intensity="0.3983442" type="0"/>
    <Peak1D F1="20.485306" intensity="0.418286" type="0"/>
    <Peak1D F1="18.590265" intensity="0.4652378" type="0"/>
  </PeakList1D>
  <PeakList1D>
    <PeakList1DHeader creator="Dell" date="2020-01-31T16:58:47" expNo="2" name="SDT474B1" owner="" procNo="1" source="C:/Users/Dell/Desktop/NMR/Boronate">
      <PeakPickDetails>F1=-0.432707ppm, F2=-8.437792ppm, MI=0.11cm, MAXI=1.49cm, PC=1.400
      </PeakPickDetails>
    </PeakList1DHeader>
    <Peak1D F1="-5.10334" intensity="0.7578828" type="0"/>
    <Peak1D F1="-5.122316" intensity="0.8184954" type="0"/>
  </PeakList1D>
</PeakList>
