<?xml version="1.0" encoding="UTF-8"?>
<PeakList modified="2020-02-03T19:14:41">
  <PeakList1D>
    <PeakList1DHeader creator="Dell" date="2020-02-03T19:14:41" expNo="1" name="SDT516" owner="" procNo="1" source="C:/Users/Dell/Desktop/NMR/E synthesis">
      <PeakPickDetails>F1=7.272343ppm, F2=7.240068ppm, MI=3.07cm, MAXI=6.24cm, PC=1.000
      </PeakPickDetails>
    </PeakList1DHeader>
    <Peak1D F1="7.25995" intensity="4.736063" type="0"/>
  </PeakList1D>
  <PeakList1D>
    <PeakList1DHeader creator="Dell" date="2020-02-03T19:14:41" expNo="1" name="SDT516" owner="" procNo="1" source="C:/Users/Dell/Desktop/NMR/E synthesis">
      <PeakPickDetails>F1=7.182806ppm, F2=7.134913ppm, MI=0.70cm, MAXI=2.00cm, PC=1.000
      </PeakPickDetails>
    </PeakList1DHeader>
    <Peak1D F1="7.166059" intensity="1.298221" type="0"/>
    <Peak1D F1="7.164374" intensity="1.361982" type="0"/>
    <Peak1D F1="7.154366" intensity="1.452991" type="0"/>
    <Peak1D F1="7.152703" intensity="1.415282" type="0"/>
  </PeakList1D>
  <PeakList1D>
    <PeakList1DHeader creator="Dell" date="2020-02-03T19:14:41" expNo="1" name="SDT516" owner="" procNo="1" source="C:/Users/Dell/Desktop/NMR/E synthesis">
      <PeakPickDetails>F1=6.861094ppm, F2=6.684101ppm, MI=0.30cm, MAXI=2.98cm, PC=1.000
      </PeakPickDetails>
    </PeakList1DHeader>
    <Peak1D F1="6.833466" intensity="1.212794" type="0"/>
    <Peak1D F1="6.822" intensity="2.580401" type="0"/>
    <Peak1D F1="6.810505" intensity="1.480655" type="0"/>
    <Peak1D F1="6.74194" intensity="1.564756" type="0"/>
    <Peak1D F1="6.740459" intensity="1.588533" type="0"/>
    <Peak1D F1="6.730569" intensity="1.238201" type="0"/>
    <Peak1D F1="6.729079" intensity="1.194995" type="0"/>
  </PeakList1D>
  <PeakList1D>
    <PeakList1DHeader creator="Dell" date="2020-02-03T19:14:41" expNo="1" name="SDT516" owner="" procNo="1" source="C:/Users/Dell/Desktop/NMR/E synthesis">
      <PeakPickDetails>F1=6.636209ppm, F2=6.432146ppm, MI=0.96cm, MAXI=4.20cm, PC=1.000
      </PeakPickDetails>
    </PeakList1DHeader>
    <Peak1D F1="6.595477" intensity="3.246087" type="0"/>
    <Peak1D F1="6.526124" intensity="3.289209" type="0"/>
  </PeakList1D>
  <PeakList1D>
    <PeakList1DHeader creator="Dell" date="2020-02-03T19:14:41" expNo="1" name="SDT516" owner="" procNo="1" source="C:/Users/Dell/Desktop/NMR/E synthesis">
      <PeakPickDetails>F1=6.221836ppm, F2=5.921988ppm, MI=0.18cm, MAXI=1.52cm, PC=1.000
      </PeakPickDetails>
    </PeakList1DHeader>
    <Peak1D F1="6.103631" intensity="0.5346349" type="0"/>
    <Peak1D F1="6.093294" intensity="1.096724" type="0"/>
    <Peak1D F1="6.082972" intensity="0.5475822" type="0"/>
  </PeakList1D>
  <PeakList1D>
    <PeakList1DHeader creator="Dell" date="2020-02-03T19:14:41" expNo="1" name="SDT516" owner="" procNo="1" source="C:/Users/Dell/Desktop/NMR/E synthesis">
      <PeakPickDetails>F1=4.581004ppm, F2=4.106245ppm, MI=0.43cm, MAXI=3.38cm, PC=1.000
      </PeakPickDetails>
    </PeakList1DHeader>
    <Peak1D F1="4.306246" intensity="2.141766" type="0"/>
    <Peak1D F1="4.298185" intensity="2.944723" type="0"/>
    <Peak1D F1="4.289905" intensity="2.186938" type="0"/>
  </PeakList1D>
  <PeakList1D>
    <PeakList1DHeader creator="Dell" date="2020-02-03T19:14:41" expNo="1" name="SDT516" owner="" procNo="1" source="C:/Users/Dell/Desktop/NMR/E synthesis">
      <PeakPickDetails>F1=4.014625ppm, F2=3.731436ppm, MI=2.22cm, MAXI=19.52cm, PC=1.000
      </PeakPickDetails>
    </PeakList1DHeader>
    <Peak1D F1="3.867786" intensity="14.54114" type="0"/>
    <Peak1D F1="3.842244" intensity="14.8742" type="0"/>
    <Peak1D F1="3.833095" intensity="15.0" type="0"/>
  </PeakList1D>
  <PeakList1D>
    <PeakList1DHeader creator="Dell" date="2020-02-03T19:14:41" expNo="1" name="SDT516" owner="" procNo="1" source="C:/Users/Dell/Desktop/NMR/E synthesis">
      <PeakPickDetails>F1=3.731436ppm, F2=3.506550ppm, MI=1.19cm, MAXI=6.82cm, PC=1.000
      </PeakPickDetails>
    </PeakList1DHeader>
    <Peak1D F1="3.619999" intensity="3.320091" type="0"/>
  </PeakList1D>
  <PeakList1D>
    <PeakList1DHeader creator="Dell" date="2020-02-03T19:14:41" expNo="1" name="SDT516" owner="" procNo="1" source="C:/Users/Dell/Desktop/NMR/E synthesis">
      <PeakPickDetails>F1=2.977032ppm, F2=2.038328ppm, MI=0.23cm, MAXI=3.62cm, PC=1.000
      </PeakPickDetails>
    </PeakList1DHeader>
    <Peak1D F1="2.848874" intensity="0.9109323" type="0"/>
    <Peak1D F1="2.840571" intensity="2.091691" type="0"/>
    <Peak1D F1="2.832376" intensity="1.468572" type="0"/>
    <Peak1D F1="2.779629" intensity="1.363396" type="0"/>
    <Peak1D F1="2.771556" intensity="1.96624" type="0"/>
    <Peak1D F1="2.763283" intensity="0.8888518" type="0"/>
    <Peak1D F1="2.706115" intensity="1.258297" type="0"/>
    <Peak1D F1="2.698453" intensity="2.078133" type="0"/>
    <Peak1D F1="2.690946" intensity="1.227835" type="0"/>
    <Peak1D F1="2.6495" intensity="1.062285" type="0"/>
    <Peak1D F1="2.639023" intensity="1.767079" type="0"/>
    <Peak1D F1="2.627384" intensity="1.388266" type="0"/>
    <Peak1D F1="2.511418" intensity="0.7076662" type="0"/>
    <Peak1D F1="2.500635" intensity="1.439697" type="0"/>
    <Peak1D F1="2.489557" intensity="1.299974" type="0"/>
    <Peak1D F1="2.479098" intensity="0.4931509" type="0"/>
  </PeakList1D>
</PeakList>
