<?xml version="1.0" encoding="UTF-8"?>
<PeakList>
  <PeakList1D>
    <PeakList1DHeader creator="chemist" date="2019-01-24T19:12:39.024+00:00" expNo="10" name="Z144479" owner="" procNo="1" source="f:\data\chemist\nmr\">
      <PeakPickDetails>F1=15.000ppm, F2=-0.100ppm, MI=0.50cm, MAXI=80.00cm, PC=1.000
      </PeakPickDetails>
    </PeakList1DHeader>
    <Peak1D F1="8.3817" intensity="4.039404e+000" type="0"/>
    <Peak1D F1="8.0517" intensity="1.667846e+000" type="0"/>
    <Peak1D F1="8.0306" intensity="1.895352e+000" type="0"/>
    <Peak1D F1="7.8623" intensity="1.567887e+000" type="0"/>
    <Peak1D F1="7.8421" intensity="1.793140e+000" type="0"/>
    <Peak1D F1="7.7656" intensity="8.824301e-001" type="0"/>
    <Peak1D F1="7.7626" intensity="9.161687e-001" type="0"/>
    <Peak1D F1="7.7450" intensity="1.682137e+000" type="0"/>
    <Peak1D F1="7.7271" intensity="1.001671e+000" type="0"/>
    <Peak1D F1="7.7241" intensity="9.466271e-001" type="0"/>
    <Peak1D F1="7.6049" intensity="1.201302e+000" type="0"/>
    <Peak1D F1="7.5869" intensity="1.814184e+000" type="0"/>
    <Peak1D F1="7.5690" intensity="8.174379e-001" type="0"/>
    <Peak1D F1="7.5673" intensity="8.100650e-001" type="0"/>
    <Peak1D F1="7.3201" intensity="5.298147e-001" type="0"/>
    <Peak1D F1="7.2986" intensity="6.245179e-001" type="0"/>
    <Peak1D F1="7.2849" intensity="2.259055e+000" type="0"/>
    <Peak1D F1="7.2606" intensity="3.590803e+000" type="0"/>
    <Peak1D F1="7.2392" intensity="3.999024e+000" type="0"/>
    <Peak1D F1="6.9154" intensity="4.562125e+000" type="0"/>
    <Peak1D F1="6.8988" intensity="1.971171e+000" type="0"/>
    <Peak1D F1="6.8940" intensity="3.893184e+000" type="0"/>
    <Peak1D F1="5.3595" intensity="8.805291e-001" type="0"/>
    <Peak1D F1="5.3549" intensity="9.015415e-001" type="0"/>
    <Peak1D F1="5.3372" intensity="8.939670e-001" type="0"/>
    <Peak1D F1="4.6385" intensity="8.737384e-001" type="0"/>
    <Peak1D F1="3.8277" intensity="2.000000e+001" type="0"/>
    <Peak1D F1="3.3672" intensity="1.143244e+000" type="0"/>
    <Peak1D F1="3.3600" intensity="1.119800e+000" type="0"/>
    <Peak1D F1="3.3321" intensity="1.261940e+000" type="0"/>
    <Peak1D F1="3.3249" intensity="1.228481e+000" type="0"/>
    <Peak1D F1="2.7714" intensity="1.305601e+000" type="0"/>
    <Peak1D F1="2.7486" intensity="1.295425e+000" type="0"/>
    <Peak1D F1="2.7363" intensity="1.166137e+000" type="0"/>
    <Peak1D F1="2.7135" intensity="1.125036e+000" type="0"/>
    <Peak1D F1="2.3927" intensity="9.109946e-001" type="0"/>
    <Peak1D F1="2.0637" intensity="1.038806e+000" type="0"/>
    <Peak1D F1="1.6298" intensity="5.148294e-001" type="0"/>
    <Peak1D F1="1.3048" intensity="5.085488e-001" type="0"/>
    <Peak1D F1="1.2795" intensity="1.028439e+000" type="0"/>
    <Peak1D F1="1.2556" intensity="2.772536e+000" type="0"/>
  </PeakList1D>
</PeakList>
