<?xml version="1.0" encoding="UTF-8"?>
<PeakList>
  <PeakList1D>
    <PeakList1DHeader creator="nmr600" date="2019-07-24T11:36:04.695+02:00" expNo="40" name="6Jul2419" owner="" procNo="1" source="/opt/topspin3.0/data/nmr600/nmr">
      <PeakPickDetails>F1=16.358330ppm, F2=-4.192316ppm, MI=0.00cm, MAXI=10000.00cm, PC=1.000
      </PeakPickDetails>
    </PeakList1DHeader>
    <Peak1D F1="14.888829" intensity="2.847829e-02" type="0"/>
    <Peak1D F1="14.033957" intensity="1.838392e-02" type="0"/>
    <Peak1D F1="13.838044" intensity="1.972245e-02" type="0"/>
    <Peak1D F1="13.515893" intensity="2.199225e-02" type="0"/>
    <Peak1D F1="9.350613" intensity="2.077380e-02" type="0"/>
    <Peak1D F1="9.334875" intensity="2.206044e-02" type="0"/>
    <Peak1D F1="9.311141" intensity="2.113267e-02" type="0"/>
    <Peak1D F1="9.283282" intensity="2.883367e-02" type="0"/>
    <Peak1D F1="9.240644" intensity="4.129555e-02" type="0"/>
    <Peak1D F1="9.117580" intensity="2.827575e+00" type="0"/>
    <Peak1D F1="8.626290" intensity="2.549722e-02" type="0"/>
    <Peak1D F1="8.595624" intensity="1.970458e-02" type="0"/>
    <Peak1D F1="8.484407" intensity="1.995646e-02" type="0"/>
    <Peak1D F1="8.385411" intensity="9.207657e-02" type="0"/>
    <Peak1D F1="8.371968" intensity="1.466619e-01" type="0"/>
    <Peak1D F1="8.359877" intensity="2.662006e-01" type="0"/>
    <Peak1D F1="8.346605" intensity="1.155850e-01" type="0"/>
    <Peak1D F1="8.336646" intensity="2.300006e-01" type="0"/>
    <Peak1D F1="8.321586" intensity="1.451102e-01" type="0"/>
    <Peak1D F1="8.302249" intensity="1.804044e-01" type="0"/>
    <Peak1D F1="8.289560" intensity="2.437638e-01" type="0"/>
    <Peak1D F1="8.281405" intensity="2.382914e-01" type="0"/>
    <Peak1D F1="8.267951" intensity="1.522898e-01" type="0"/>
    <Peak1D F1="8.246763" intensity="1.003140e-01" type="0"/>
    <Peak1D F1="8.229008" intensity="1.986240e-01" type="0"/>
    <Peak1D F1="8.215253" intensity="2.883225e-01" type="0"/>
    <Peak1D F1="8.206125" intensity="2.550829e-01" type="0"/>
    <Peak1D F1="8.154878" intensity="1.393910e+01" type="0"/>
    <Peak1D F1="8.142031" intensity="1.500000e+01" type="0"/>
    <Peak1D F1="8.110017" intensity="1.295222e+00" type="0"/>
    <Peak1D F1="8.095673" intensity="1.296840e+00" type="0"/>
    <Peak1D F1="8.070625" intensity="1.101153e-01" type="0"/>
    <Peak1D F1="8.058949" intensity="8.465506e-02" type="0"/>
    <Peak1D F1="8.055377" intensity="8.295139e-02" type="0"/>
    <Peak1D F1="8.015368" intensity="3.276295e-01" type="0"/>
    <Peak1D F1="7.987401" intensity="1.280755e-01" type="0"/>
    <Peak1D F1="7.973979" intensity="1.332721e-01" type="0"/>
    <Peak1D F1="7.950011" intensity="6.866290e-02" type="0"/>
    <Peak1D F1="7.935869" intensity="6.501244e-02" type="0"/>
    <Peak1D F1="7.905528" intensity="6.592237e-02" type="0"/>
    <Peak1D F1="7.891485" intensity="7.858306e-02" type="0"/>
    <Peak1D F1="7.880135" intensity="7.827522e-02" type="0"/>
    <Peak1D F1="7.859932" intensity="8.628464e-02" type="0"/>
    <Peak1D F1="7.846456" intensity="9.177431e-02" type="0"/>
    <Peak1D F1="7.830157" intensity="5.700332e-02" type="0"/>
    <Peak1D F1="7.816509" intensity="4.536322e-02" type="0"/>
    <Peak1D F1="7.800494" intensity="4.291818e-02" type="0"/>
    <Peak1D F1="7.789470" intensity="4.594831e-02" type="0"/>
    <Peak1D F1="7.779243" intensity="5.886759e-02" type="0"/>
    <Peak1D F1="7.765640" intensity="6.709213e-02" type="0"/>
    <Peak1D F1="7.752131" intensity="5.135013e-02" type="0"/>
    <Peak1D F1="7.728961" intensity="5.173985e-02" type="0"/>
    <Peak1D F1="7.715321" intensity="5.807406e-02" type="0"/>
    <Peak1D F1="7.695077" intensity="8.259296e-02" type="0"/>
    <Peak1D F1="7.679002" intensity="9.134499e-02" type="0"/>
    <Peak1D F1="7.664786" intensity="6.269706e-02" type="0"/>
    <Peak1D F1="7.642573" intensity="6.491683e-02" type="0"/>
    <Peak1D F1="7.612338" intensity="7.618771e-02" type="0"/>
    <Peak1D F1="7.601585" intensity="9.180832e-02" type="0"/>
    <Peak1D F1="7.589245" intensity="9.863459e-02" type="0"/>
    <Peak1D F1="7.578048" intensity="7.357477e-02" type="0"/>
    <Peak1D F1="7.536919" intensity="1.408421e-01" type="0"/>
    <Peak1D F1="7.522184" intensity="1.634099e-01" type="0"/>
    <Peak1D F1="7.479917" intensity="2.056201e-01" type="0"/>
    <Peak1D F1="7.476713" intensity="1.970688e-01" type="0"/>
    <Peak1D F1="7.471011" intensity="2.588727e-01" type="0"/>
    <Peak1D F1="7.456389" intensity="2.335963e-01" type="0"/>
    <Peak1D F1="7.444139" intensity="1.821532e-01" type="0"/>
    <Peak1D F1="7.431484" intensity="2.249892e-01" type="0"/>
    <Peak1D F1="7.418190" intensity="1.279363e+00" type="0"/>
    <Peak1D F1="7.401872" intensity="4.673998e+00" type="0"/>
    <Peak1D F1="7.389031" intensity="9.788939e+00" type="0"/>
    <Peak1D F1="7.376434" intensity="6.401799e+00" type="0"/>
    <Peak1D F1="7.364370" intensity="6.266369e-01" type="0"/>
    <Peak1D F1="7.309194" intensity="5.477605e+00" type="0"/>
    <Peak1D F1="7.296746" intensity="9.941461e+00" type="0"/>
    <Peak1D F1="7.284352" intensity="5.087516e+00" type="0"/>
    <Peak1D F1="7.249403" intensity="9.688215e+00" type="0"/>
    <Peak1D F1="7.236565" intensity="8.320353e+00" type="0"/>
    <Peak1D F1="7.219376" intensity="9.928566e-01" type="0"/>
    <Peak1D F1="7.206693" intensity="1.788212e+00" type="0"/>
    <Peak1D F1="7.192650" intensity="5.904367e+01" type="0"/>
    <Peak1D F1="7.177763" intensity="1.030026e+00" type="0"/>
    <Peak1D F1="7.170645" intensity="1.108746e+00" type="0"/>
    <Peak1D F1="7.153271" intensity="9.097534e+00" type="0"/>
    <Peak1D F1="7.140761" intensity="7.829630e+00" type="0"/>
    <Peak1D F1="7.132977" intensity="1.531990e+00" type="0"/>
    <Peak1D F1="7.104695" intensity="1.727631e+01" type="0"/>
    <Peak1D F1="7.090468" intensity="1.617087e+01" type="0"/>
    <Peak1D F1="7.041103" intensity="1.738629e-01" type="0"/>
    <Peak1D F1="7.020541" intensity="3.418182e-01" type="0"/>
    <Peak1D F1="7.015861" intensity="4.944201e-01" type="0"/>
    <Peak1D F1="7.008412" intensity="2.572541e-01" type="0"/>
    <Peak1D F1="6.994003" intensity="1.645773e-01" type="0"/>
    <Peak1D F1="6.965965" intensity="2.231165e-01" type="0"/>
    <Peak1D F1="6.952495" intensity="1.976418e-01" type="0"/>
    <Peak1D F1="6.940490" intensity="9.543942e-02" type="0"/>
    <Peak1D F1="6.905263" intensity="8.965398e-02" type="0"/>
    <Peak1D F1="6.892355" intensity="1.869673e-01" type="0"/>
    <Peak1D F1="6.872431" intensity="1.294434e-01" type="0"/>
    <Peak1D F1="6.860849" intensity="1.262263e-01" type="0"/>
    <Peak1D F1="6.826618" intensity="3.698993e-02" type="0"/>
    <Peak1D F1="6.797452" intensity="4.018182e-02" type="0"/>
    <Peak1D F1="6.787879" intensity="3.606649e-02" type="0"/>
    <Peak1D F1="6.733605" intensity="3.013589e-02" type="0"/>
    <Peak1D F1="6.715944" intensity="2.225856e-02" type="0"/>
    <Peak1D F1="6.703554" intensity="2.657797e-02" type="0"/>
    <Peak1D F1="6.663524" intensity="2.736640e-02" type="0"/>
    <Peak1D F1="6.648741" intensity="3.564862e-02" type="0"/>
    <Peak1D F1="6.567108" intensity="2.098621e-02" type="0"/>
    <Peak1D F1="6.556725" intensity="2.125413e-02" type="0"/>
    <Peak1D F1="6.442518" intensity="5.001425e-02" type="0"/>
    <Peak1D F1="6.348239" intensity="3.148209e-02" type="0"/>
    <Peak1D F1="6.322780" intensity="3.120640e-02" type="0"/>
    <Peak1D F1="6.291365" intensity="2.553107e-02" type="0"/>
    <Peak1D F1="6.283884" intensity="3.760135e-02" type="0"/>
    <Peak1D F1="6.155318" intensity="9.435100e-02" type="0"/>
    <Peak1D F1="6.143048" intensity="8.677771e-02" type="0"/>
    <Peak1D F1="6.059165" intensity="5.983574e-02" type="0"/>
    <Peak1D F1="6.048960" intensity="6.619510e-02" type="0"/>
    <Peak1D F1="5.938586" intensity="3.318170e-02" type="0"/>
    <Peak1D F1="5.922858" intensity="1.074613e-01" type="0"/>
    <Peak1D F1="5.906559" intensity="4.259148e-02" type="0"/>
    <Peak1D F1="5.893394" intensity="3.520760e-02" type="0"/>
    <Peak1D F1="5.879873" intensity="3.523519e-02" type="0"/>
    <Peak1D F1="5.865228" intensity="5.116757e-02" type="0"/>
    <Peak1D F1="5.839861" intensity="2.526076e-02" type="0"/>
    <Peak1D F1="5.829170" intensity="3.247846e-02" type="0"/>
    <Peak1D F1="5.812760" intensity="4.006333e-02" type="0"/>
    <Peak1D F1="5.798110" intensity="3.191450e-02" type="0"/>
    <Peak1D F1="5.786020" intensity="3.618218e-02" type="0"/>
    <Peak1D F1="5.767349" intensity="3.032660e-02" type="0"/>
    <Peak1D F1="5.745769" intensity="3.035697e-02" type="0"/>
    <Peak1D F1="5.714982" intensity="2.566978e-02" type="0"/>
    <Peak1D F1="5.497411" intensity="4.562818e-02" type="0"/>
    <Peak1D F1="5.457118" intensity="2.105799e-02" type="0"/>
    <Peak1D F1="5.444654" intensity="2.002837e-02" type="0"/>
    <Peak1D F1="5.391346" intensity="1.123320e+01" type="0"/>
    <Peak1D F1="5.305240" intensity="2.014806e-02" type="0"/>
    <Peak1D F1="5.283858" intensity="6.931952e-02" type="0"/>
    <Peak1D F1="5.269044" intensity="2.463947e-02" type="0"/>
    <Peak1D F1="5.237778" intensity="2.050704e-02" type="0"/>
    <Peak1D F1="5.230390" intensity="4.618364e-02" type="0"/>
    <Peak1D F1="5.196052" intensity="2.457585e-02" type="0"/>
    <Peak1D F1="5.130550" intensity="1.901903e-02" type="0"/>
    <Peak1D F1="5.071198" intensity="2.074332e-02" type="0"/>
    <Peak1D F1="4.912608" intensity="1.890116e-02" type="0"/>
    <Peak1D F1="4.863895" intensity="2.355421e-02" type="0"/>
    <Peak1D F1="4.856385" intensity="2.556789e-02" type="0"/>
    <Peak1D F1="4.846707" intensity="3.379010e-02" type="0"/>
    <Peak1D F1="4.810171" intensity="7.918705e-02" type="0"/>
    <Peak1D F1="4.793438" intensity="4.843073e-02" type="0"/>
    <Peak1D F1="4.760212" intensity="3.590793e-02" type="0"/>
    <Peak1D F1="4.744281" intensity="3.381943e-02" type="0"/>
    <Peak1D F1="4.733468" intensity="2.326808e-02" type="0"/>
    <Peak1D F1="4.608317" intensity="2.290736e-01" type="0"/>
    <Peak1D F1="4.573090" intensity="2.160707e-02" type="0"/>
    <Peak1D F1="4.541072" intensity="3.218963e-02" type="0"/>
    <Peak1D F1="4.523108" intensity="2.515505e-02" type="0"/>
    <Peak1D F1="4.453690" intensity="2.372450e-02" type="0"/>
    <Peak1D F1="4.439710" intensity="3.241129e-02" type="0"/>
    <Peak1D F1="4.426853" intensity="2.986017e-02" type="0"/>
    <Peak1D F1="4.391506" intensity="4.362661e-01" type="0"/>
    <Peak1D F1="4.243425" intensity="4.102039e-02" type="0"/>
    <Peak1D F1="4.233521" intensity="3.184502e-02" type="0"/>
    <Peak1D F1="4.097160" intensity="4.429217e-02" type="0"/>
    <Peak1D F1="4.081621" intensity="2.094172e-02" type="0"/>
    <Peak1D F1="4.072812" intensity="3.100015e-02" type="0"/>
    <Peak1D F1="4.054023" intensity="6.436602e-02" type="0"/>
    <Peak1D F1="4.042284" intensity="7.472372e-02" type="0"/>
    <Peak1D F1="4.030710" intensity="4.727318e-02" type="0"/>
    <Peak1D F1="3.983983" intensity="4.416261e-02" type="0"/>
    <Peak1D F1="3.927717" intensity="1.475166e+00" type="0"/>
    <Peak1D F1="3.914809" intensity="3.592595e+00" type="0"/>
    <Peak1D F1="3.900681" intensity="4.296586e+00" type="0"/>
    <Peak1D F1="3.866180" intensity="4.543032e+00" type="0"/>
    <Peak1D F1="3.854265" intensity="8.282428e+00" type="0"/>
    <Peak1D F1="3.844053" intensity="7.256642e+00" type="0"/>
    <Peak1D F1="3.836938" intensity="7.092177e+00" type="0"/>
    <Peak1D F1="3.825765" intensity="3.629744e+00" type="0"/>
    <Peak1D F1="3.780139" intensity="2.278102e-01" type="0"/>
    <Peak1D F1="3.761503" intensity="1.738667e-01" type="0"/>
    <Peak1D F1="3.715679" intensity="3.509974e+00" type="0"/>
    <Peak1D F1="3.705732" intensity="3.545489e+00" type="0"/>
    <Peak1D F1="3.696038" intensity="3.259816e+00" type="0"/>
    <Peak1D F1="3.685501" intensity="1.873703e+00" type="0"/>
    <Peak1D F1="3.631342" intensity="1.432016e-01" type="0"/>
    <Peak1D F1="3.626350" intensity="1.537549e-01" type="0"/>
    <Peak1D F1="3.603346" intensity="1.908594e-01" type="0"/>
    <Peak1D F1="3.591103" intensity="2.099260e-01" type="0"/>
    <Peak1D F1="3.581702" intensity="2.023258e-01" type="0"/>
    <Peak1D F1="3.572721" intensity="1.917305e-01" type="0"/>
    <Peak1D F1="3.534750" intensity="2.886772e+00" type="0"/>
    <Peak1D F1="3.509953" intensity="3.421619e+00" type="0"/>
    <Peak1D F1="3.484940" intensity="5.726140e-01" type="0"/>
    <Peak1D F1="3.475061" intensity="5.087073e-01" type="0"/>
    <Peak1D F1="3.464124" intensity="3.765863e-01" type="0"/>
    <Peak1D F1="3.430659" intensity="4.205356e-01" type="0"/>
    <Peak1D F1="3.419662" intensity="5.326746e-01" type="0"/>
    <Peak1D F1="3.415066" intensity="5.047844e-01" type="0"/>
    <Peak1D F1="3.408633" intensity="4.874637e-01" type="0"/>
    <Peak1D F1="3.403522" intensity="4.822294e-01" type="0"/>
    <Peak1D F1="3.392023" intensity="3.701216e-01" type="0"/>
    <Peak1D F1="3.371416" intensity="1.780855e-01" type="0"/>
    <Peak1D F1="3.354959" intensity="2.768841e-01" type="0"/>
    <Peak1D F1="3.343375" intensity="3.509830e-01" type="0"/>
    <Peak1D F1="3.332905" intensity="3.286325e-01" type="0"/>
    <Peak1D F1="3.321868" intensity="3.108834e-01" type="0"/>
    <Peak1D F1="3.298981" intensity="2.100664e+00" type="0"/>
    <Peak1D F1="3.277618" intensity="3.944117e+00" type="0"/>
    <Peak1D F1="3.253868" intensity="2.518631e+00" type="0"/>
    <Peak1D F1="3.189155" intensity="2.404576e+00" type="0"/>
    <Peak1D F1="3.182663" intensity="2.527671e+00" type="0"/>
    <Peak1D F1="3.168461" intensity="1.762762e+00" type="0"/>
    <Peak1D F1="3.160141" intensity="3.878790e+00" type="0"/>
    <Peak1D F1="3.152894" intensity="3.066179e+00" type="0"/>
    <Peak1D F1="3.139061" intensity="2.238586e+00" type="0"/>
    <Peak1D F1="3.132307" intensity="2.175638e+00" type="0"/>
    <Peak1D F1="3.042879" intensity="2.294547e-01" type="0"/>
    <Peak1D F1="3.032317" intensity="3.809565e-01" type="0"/>
    <Peak1D F1="3.022296" intensity="3.430682e-01" type="0"/>
    <Peak1D F1="3.016401" intensity="3.523865e-01" type="0"/>
    <Peak1D F1="3.005602" intensity="2.381781e-01" type="0"/>
    <Peak1D F1="2.926469" intensity="5.467399e+00" type="0"/>
    <Peak1D F1="2.896551" intensity="4.366240e+00" type="0"/>
    <Peak1D F1="2.826819" intensity="2.903567e-01" type="0"/>
    <Peak1D F1="2.811077" intensity="2.590989e-01" type="0"/>
    <Peak1D F1="2.800615" intensity="2.621841e-01" type="0"/>
    <Peak1D F1="2.796593" intensity="3.043441e-01" type="0"/>
    <Peak1D F1="2.785949" intensity="4.335334e-01" type="0"/>
    <Peak1D F1="2.776799" intensity="3.793024e-01" type="0"/>
    <Peak1D F1="2.772856" intensity="3.628795e-01" type="0"/>
    <Peak1D F1="2.768380" intensity="3.997012e-01" type="0"/>
    <Peak1D F1="2.756958" intensity="6.142589e-01" type="0"/>
    <Peak1D F1="2.749678" intensity="4.930120e-01" type="0"/>
    <Peak1D F1="2.744226" intensity="6.802661e-01" type="0"/>
    <Peak1D F1="2.732773" intensity="5.197711e+00" type="0"/>
    <Peak1D F1="2.706059" intensity="1.325280e-01" type="0"/>
    <Peak1D F1="2.677332" intensity="1.288418e-01" type="0"/>
    <Peak1D F1="2.654927" intensity="1.102809e-01" type="0"/>
    <Peak1D F1="2.642715" intensity="1.017688e-01" type="0"/>
    <Peak1D F1="2.618110" intensity="2.404866e-01" type="0"/>
    <Peak1D F1="2.602362" intensity="3.049518e-01" type="0"/>
    <Peak1D F1="2.594060" intensity="2.438979e-01" type="0"/>
    <Peak1D F1="2.589446" intensity="3.038124e-01" type="0"/>
    <Peak1D F1="2.576895" intensity="1.478810e-01" type="0"/>
    <Peak1D F1="2.553885" intensity="7.950508e-02" type="0"/>
    <Peak1D F1="2.544693" intensity="7.398240e-02" type="0"/>
    <Peak1D F1="2.539125" intensity="7.132538e-02" type="0"/>
    <Peak1D F1="2.524524" intensity="6.884120e-02" type="0"/>
    <Peak1D F1="2.511557" intensity="6.147068e-02" type="0"/>
    <Peak1D F1="2.504206" intensity="6.232280e-02" type="0"/>
    <Peak1D F1="2.461445" intensity="3.940976e-02" type="0"/>
    <Peak1D F1="2.433295" intensity="2.810291e-02" type="0"/>
    <Peak1D F1="2.410515" intensity="2.567857e-02" type="0"/>
    <Peak1D F1="2.407018" intensity="2.660543e-02" type="0"/>
    <Peak1D F1="2.392137" intensity="2.511099e-02" type="0"/>
    <Peak1D F1="2.381330" intensity="4.372028e-02" type="0"/>
    <Peak1D F1="2.349394" intensity="2.289461e-02" type="0"/>
    <Peak1D F1="2.329273" intensity="2.735691e-02" type="0"/>
    <Peak1D F1="2.308795" intensity="5.133529e-02" type="0"/>
    <Peak1D F1="2.297001" intensity="5.118470e-02" type="0"/>
    <Peak1D F1="2.277717" intensity="6.857645e-02" type="0"/>
    <Peak1D F1="2.263614" intensity="1.065063e-01" type="0"/>
    <Peak1D F1="2.240169" intensity="4.379040e-01" type="0"/>
    <Peak1D F1="2.230574" intensity="1.695189e+00" type="0"/>
    <Peak1D F1="2.219438" intensity="2.946879e+00" type="0"/>
    <Peak1D F1="2.208709" intensity="3.389785e+00" type="0"/>
    <Peak1D F1="2.199955" intensity="3.898716e+00" type="0"/>
    <Peak1D F1="2.189334" intensity="4.531418e+00" type="0"/>
    <Peak1D F1="2.178732" intensity="4.656667e+00" type="0"/>
    <Peak1D F1="2.167601" intensity="4.518635e+00" type="0"/>
    <Peak1D F1="2.158194" intensity="3.885112e+00" type="0"/>
    <Peak1D F1="2.147559" intensity="3.412295e+00" type="0"/>
    <Peak1D F1="2.137106" intensity="2.353232e+00" type="0"/>
    <Peak1D F1="2.127762" intensity="2.557801e+00" type="0"/>
    <Peak1D F1="2.117463" intensity="3.161035e+00" type="0"/>
    <Peak1D F1="2.108389" intensity="3.880612e+00" type="0"/>
    <Peak1D F1="2.097109" intensity="4.183662e+00" type="0"/>
    <Peak1D F1="2.088142" intensity="4.604432e+00" type="0"/>
    <Peak1D F1="2.078786" intensity="4.524927e+00" type="0"/>
    <Peak1D F1="2.068845" intensity="3.448892e+00" type="0"/>
    <Peak1D F1="2.059805" intensity="2.841543e+00" type="0"/>
    <Peak1D F1="2.048981" intensity="1.740342e+00" type="0"/>
    <Peak1D F1="2.010680" intensity="3.664098e-01" type="0"/>
    <Peak1D F1="1.978351" intensity="2.889802e-01" type="0"/>
    <Peak1D F1="1.966797" intensity="2.662367e-01" type="0"/>
    <Peak1D F1="1.945779" intensity="2.656995e-01" type="0"/>
    <Peak1D F1="1.887998" intensity="3.203730e-01" type="0"/>
    <Peak1D F1="1.877092" intensity="3.784644e-01" type="0"/>
    <Peak1D F1="1.865698" intensity="4.799671e-01" type="0"/>
    <Peak1D F1="1.856129" intensity="5.645876e-01" type="0"/>
    <Peak1D F1="1.843495" intensity="5.629741e-01" type="0"/>
    <Peak1D F1="1.818186" intensity="3.856947e-01" type="0"/>
    <Peak1D F1="1.807267" intensity="5.203490e-01" type="0"/>
    <Peak1D F1="1.795972" intensity="3.715694e-01" type="0"/>
    <Peak1D F1="1.782706" intensity="4.088159e-01" type="0"/>
    <Peak1D F1="1.771760" intensity="5.387607e-01" type="0"/>
    <Peak1D F1="1.765331" intensity="6.061514e-01" type="0"/>
    <Peak1D F1="1.759415" intensity="6.798498e-01" type="0"/>
    <Peak1D F1="1.749348" intensity="6.274658e-01" type="0"/>
    <Peak1D F1="1.740307" intensity="5.471423e-01" type="0"/>
    <Peak1D F1="1.715944" intensity="5.163102e-01" type="0"/>
    <Peak1D F1="1.703921" intensity="5.501736e-01" type="0"/>
    <Peak1D F1="1.694696" intensity="4.611514e-01" type="0"/>
    <Peak1D F1="1.682094" intensity="3.737890e-01" type="0"/>
    <Peak1D F1="1.666277" intensity="3.855217e-01" type="0"/>
    <Peak1D F1="1.562486" intensity="1.777583e+00" type="0"/>
    <Peak1D F1="1.414327" intensity="1.742246e-01" type="0"/>
    <Peak1D F1="1.375182" intensity="1.575756e-01" type="0"/>
    <Peak1D F1="1.356840" intensity="2.296451e-01" type="0"/>
    <Peak1D F1="1.352484" intensity="2.139101e-01" type="0"/>
    <Peak1D F1="1.337015" intensity="1.848351e-01" type="0"/>
    <Peak1D F1="1.301101" intensity="2.179638e-01" type="0"/>
    <Peak1D F1="1.292213" intensity="1.861937e-01" type="0"/>
    <Peak1D F1="1.262674" intensity="3.375432e-01" type="0"/>
    <Peak1D F1="1.214422" intensity="6.787689e-01" type="0"/>
    <Peak1D F1="1.184160" intensity="3.764337e+00" type="0"/>
    <Peak1D F1="1.149923" intensity="4.058423e-01" type="0"/>
    <Peak1D F1="1.138043" intensity="4.075815e-01" type="0"/>
    <Peak1D F1="1.126353" intensity="2.986243e-01" type="0"/>
    <Peak1D F1="1.093469" intensity="1.739211e-01" type="0"/>
    <Peak1D F1="1.063367" intensity="1.703409e-01" type="0"/>
    <Peak1D F1="1.037613" intensity="1.539904e-01" type="0"/>
    <Peak1D F1="1.022419" intensity="1.396529e-01" type="0"/>
    <Peak1D F1="1.001694" intensity="1.274638e-01" type="0"/>
    <Peak1D F1="0.984296" intensity="1.303444e-01" type="0"/>
    <Peak1D F1="0.976029" intensity="1.286700e-01" type="0"/>
    <Peak1D F1="0.963741" intensity="1.467703e-01" type="0"/>
    <Peak1D F1="0.954366" intensity="1.811376e-01" type="0"/>
    <Peak1D F1="0.942720" intensity="1.356367e-01" type="0"/>
    <Peak1D F1="0.924665" intensity="1.018509e-01" type="0"/>
    <Peak1D F1="0.890717" intensity="8.686759e-02" type="0"/>
    <Peak1D F1="0.883160" intensity="8.793650e-02" type="0"/>
    <Peak1D F1="0.872392" intensity="9.189415e-02" type="0"/>
    <Peak1D F1="0.821010" intensity="4.568866e-01" type="0"/>
    <Peak1D F1="0.809609" intensity="7.827286e-01" type="0"/>
    <Peak1D F1="0.797602" intensity="5.266140e-01" type="0"/>
    <Peak1D F1="0.785539" intensity="3.624810e-01" type="0"/>
    <Peak1D F1="0.769662" intensity="4.831101e-01" type="0"/>
    <Peak1D F1="0.685773" intensity="7.073751e-02" type="0"/>
    <Peak1D F1="0.676216" intensity="7.462634e-02" type="0"/>
    <Peak1D F1="0.649444" intensity="4.914354e-02" type="0"/>
    <Peak1D F1="0.635496" intensity="4.818030e-02" type="0"/>
    <Peak1D F1="0.572362" intensity="3.246528e-02" type="0"/>
    <Peak1D F1="0.559529" intensity="3.162126e-02" type="0"/>
    <Peak1D F1="0.539104" intensity="3.085667e-02" type="0"/>
    <Peak1D F1="0.526552" intensity="3.238897e-02" type="0"/>
    <Peak1D F1="0.499615" intensity="2.892814e-02" type="0"/>
    <Peak1D F1="0.491727" intensity="3.004970e-02" type="0"/>
    <Peak1D F1="0.481077" intensity="2.685535e-02" type="0"/>
    <Peak1D F1="0.463566" intensity="2.824516e-02" type="0"/>
    <Peak1D F1="0.429586" intensity="2.541990e-02" type="0"/>
    <Peak1D F1="0.416676" intensity="2.438511e-02" type="0"/>
    <Peak1D F1="0.373524" intensity="2.601121e-02" type="0"/>
    <Peak1D F1="0.366703" intensity="2.660922e-02" type="0"/>
    <Peak1D F1="0.337196" intensity="2.000102e-02" type="0"/>
    <Peak1D F1="0.308860" intensity="1.923128e-02" type="0"/>
    <Peak1D F1="0.281547" intensity="2.688105e-02" type="0"/>
    <Peak1D F1="0.239500" intensity="1.891701e-02" type="0"/>
    <Peak1D F1="0.197499" intensity="1.920813e-02" type="0"/>
    <Peak1D F1="0.084988" intensity="1.923780e-02" type="0"/>
    <Peak1D F1="0.042803" intensity="2.187146e-02" type="0"/>
    <Peak1D F1="0.033399" intensity="2.165185e-02" type="0"/>
    <Peak1D F1="-0.000161" intensity="6.153571e-01" type="0"/>
    <Peak1D F1="-0.037245" intensity="2.257288e-02" type="0"/>
    <Peak1D F1="-0.040723" intensity="2.173498e-02" type="0"/>
    <Peak1D F1="-0.078597" intensity="2.041798e-02" type="0"/>
    <Peak1D F1="-0.089893" intensity="2.110095e-02" type="0"/>
    <Peak1D F1="-0.171772" intensity="1.975702e-02" type="0"/>
    <Peak1D F1="-3.659722" intensity="2.206158e-02" type="0"/>
  </PeakList1D>
</PeakList>
