<?xml version="1.0" encoding="UTF-8"?>
<PeakList>
  <PeakList1D>
    <PeakList1DHeader creator="nmr2019" date="2019-06-26T23:08:39" expNo="459" name="zhq-1009" owner="" procNo="1" source="D:/bruker">
      <PeakPickDetails>F1=176.625ppm, F2=100.059ppm, MI=0.18cm, MAXI=7.69cm, PC=1.400
      </PeakPickDetails>
    </PeakList1DHeader>
    <Peak1D F1="163.9365" intensity="1.46" type="0"/>
    <Peak1D F1="151.8367" intensity="1.48" type="0"/>
    <Peak1D F1="150.0511" intensity="1.88" type="0"/>
    <Peak1D F1="149.8278" intensity="3.3" type="0"/>
    <Peak1D F1="140.1739" intensity="3.61" type="0"/>
    <Peak1D F1="138.4765" intensity="3.35" type="0"/>
    <Peak1D F1="124.0761" intensity="3.35" type="0"/>
    <Peak1D F1="123.9805" intensity="3.66" type="0"/>
    <Peak1D F1="118.4912" intensity="3.47" type="0"/>
    <Peak1D F1="104.9854" intensity="3.62" type="0"/>
  </PeakList1D>
  <PeakList1D>
    <PeakList1DHeader creator="nmr2019" date="2019-06-26T23:08:39" expNo="459" name="zhq-1009" owner="" procNo="1" source="D:/bruker">
      <PeakPickDetails>F1=86.790ppm, F2=71.564ppm, MI=3.15cm, MAXI=18.96cm, PC=1.400
      </PeakPickDetails>
    </PeakList1DHeader>
    <Peak1D F1="77.2955" intensity="14.76" type="0"/>
    <Peak1D F1="77.0417" intensity="15.0" type="0"/>
    <Peak1D F1="76.7876" intensity="14.46" type="0"/>
  </PeakList1D>
  <PeakList1D>
    <PeakList1DHeader creator="nmr2019" date="2019-06-26T23:08:39" expNo="459" name="zhq-1009" owner="" procNo="1" source="D:/bruker">
      <PeakPickDetails>F1=37.848ppm, F2=10.658ppm, MI=0.44cm, MAXI=12.15cm, PC=1.400
      </PeakPickDetails>
    </PeakList1DHeader>
    <Peak1D F1="32.9798" intensity="3.84" type="0"/>
    <Peak1D F1="31.911" intensity="4.36" type="0"/>
    <Peak1D F1="29.6503" intensity="4.47" type="0"/>
    <Peak1D F1="29.6301" intensity="4.22" type="0"/>
    <Peak1D F1="29.5997" intensity="4.5" type="0"/>
    <Peak1D F1="29.5206" intensity="4.16" type="0"/>
    <Peak1D F1="29.3442" intensity="6.8" type="0"/>
    <Peak1D F1="29.0937" intensity="4.17" type="0"/>
    <Peak1D F1="29.0365" intensity="4.05" type="0"/>
    <Peak1D F1="27.8108" intensity="3.32" type="0"/>
    <Peak1D F1="22.6872" intensity="4.17" type="0"/>
    <Peak1D F1="14.1219" intensity="4.39" type="0"/>
  </PeakList1D>
</PeakList>
