<?xml version="1.0" encoding="UTF-8"?>
<PeakList>
  <PeakList1D>
    <PeakList1DHeader creator="nmr" date="2017-10-11T16:04:31" expNo="2" name="zhq-427" owner="" procNo="1" source="D:/bruker">
      <PeakPickDetails>F1=173.162ppm, F2=101.173ppm, MI=0.33cm, MAXI=7.94cm, PC=1.400
      </PeakPickDetails>
    </PeakList1DHeader>
    <Peak1D F1="163.9148" intensity="1.31" type="0"/>
    <Peak1D F1="151.8294" intensity="1.14" type="0"/>
    <Peak1D F1="149.9814" intensity="1.9" type="0"/>
    <Peak1D F1="149.8371" intensity="3.06" type="0"/>
    <Peak1D F1="140.1671" intensity="2.94" type="0"/>
    <Peak1D F1="138.5087" intensity="2.78" type="0"/>
    <Peak1D F1="124.0683" intensity="3.48" type="0"/>
    <Peak1D F1="124.0008" intensity="3.21" type="0"/>
    <Peak1D F1="118.5165" intensity="3.21" type="0"/>
    <Peak1D F1="104.9577" intensity="3.36" type="0"/>
  </PeakList1D>
  <PeakList1D>
    <PeakList1DHeader creator="nmr" date="2017-10-11T16:04:31" expNo="2" name="zhq-427" owner="" procNo="1" source="D:/bruker">
      <PeakPickDetails>F1=83.662ppm, F2=71.599ppm, MI=7.45cm, MAXI=18.57cm, PC=1.400
      </PeakPickDetails>
    </PeakList1DHeader>
    <Peak1D F1="77.3849" intensity="14.55" type="0"/>
    <Peak1D F1="77.0672" intensity="15.0" type="0"/>
    <Peak1D F1="76.7495" intensity="14.65" type="0"/>
  </PeakList1D>
  <PeakList1D>
    <PeakList1DHeader creator="nmr" date="2017-10-11T16:04:31" expNo="2" name="zhq-427" owner="" procNo="1" source="D:/bruker">
      <PeakPickDetails>F1=41.442ppm, F2=21.791ppm, MI=1.09cm, MAXI=5.73cm, PC=1.400
      </PeakPickDetails>
    </PeakList1DHeader>
    <Peak1D F1="34.0693" intensity="2.77" type="0"/>
    <Peak1D F1="32.9682" intensity="3.23" type="0"/>
    <Peak1D F1="32.7603" intensity="3.01" type="0"/>
    <Peak1D F1="29.2754" intensity="3.28" type="0"/>
    <Peak1D F1="29.2095" intensity="3.45" type="0"/>
    <Peak1D F1="29.0531" intensity="3.99" type="0"/>
    <Peak1D F1="29.0136" intensity="3.98" type="0"/>
    <Peak1D F1="28.672" intensity="2.95" type="0"/>
    <Peak1D F1="28.0973" intensity="3.06" type="0"/>
    <Peak1D F1="27.7784" intensity="3.28" type="0"/>
  </PeakList1D>
</PeakList>
