<?xml version="1.0" encoding="UTF-8"?>
<PeakList>
  <PeakList1D>
    <PeakList1DHeader creator="chemist" date="2019-01-30T15:26:09.379+00:00" expNo="10" name="Z144888" owner="" procNo="1" source="f:\data\chemist\nmr\">
      <PeakPickDetails>F1=15.000ppm, F2=-0.100ppm, MI=0.50cm, MAXI=80.00cm, PC=1.000
      </PeakPickDetails>
    </PeakList1DHeader>
    <Peak1D F1="7.2840" intensity="2.523571e+000" type="0"/>
    <Peak1D F1="7.2405" intensity="1.401841e+000" type="0"/>
    <Peak1D F1="7.2210" intensity="2.855823e+000" type="0"/>
    <Peak1D F1="7.2014" intensity="1.694557e+000" type="0"/>
    <Peak1D F1="7.1301" intensity="3.909894e+000" type="0"/>
    <Peak1D F1="7.1087" intensity="4.554880e+000" type="0"/>
    <Peak1D F1="6.9110" intensity="1.938560e+000" type="0"/>
    <Peak1D F1="6.8917" intensity="1.781114e+000" type="0"/>
    <Peak1D F1="6.8719" intensity="5.312366e+000" type="0"/>
    <Peak1D F1="6.8668" intensity="3.707676e+000" type="0"/>
    <Peak1D F1="6.8613" intensity="3.077976e+000" type="0"/>
    <Peak1D F1="6.8562" intensity="3.201711e+000" type="0"/>
    <Peak1D F1="6.8506" intensity="4.363980e+000" type="0"/>
    <Peak1D F1="6.7746" intensity="1.456622e+000" type="0"/>
    <Peak1D F1="6.7686" intensity="1.329161e+000" type="0"/>
    <Peak1D F1="6.7546" intensity="1.325414e+000" type="0"/>
    <Peak1D F1="6.7485" intensity="1.202091e+000" type="0"/>
    <Peak1D F1="5.2702" intensity="1.459895e+000" type="0"/>
    <Peak1D F1="4.8421" intensity="7.969142e-001" type="0"/>
    <Peak1D F1="4.8293" intensity="9.188229e-001" type="0"/>
    <Peak1D F1="4.8224" intensity="9.394828e-001" type="0"/>
    <Peak1D F1="4.8094" intensity="8.003612e-001" type="0"/>
    <Peak1D F1="3.8118" intensity="2.000000e+001" type="0"/>
    <Peak1D F1="3.0229" intensity="7.302527e-001" type="0"/>
    <Peak1D F1="3.0109" intensity="7.955827e-001" type="0"/>
    <Peak1D F1="2.9884" intensity="1.833826e+000" type="0"/>
    <Peak1D F1="2.9764" intensity="1.759663e+000" type="0"/>
    <Peak1D F1="2.9464" intensity="1.890069e+000" type="0"/>
    <Peak1D F1="2.9253" intensity="1.794313e+000" type="0"/>
    <Peak1D F1="2.9119" intensity="7.898727e-001" type="0"/>
    <Peak1D F1="2.8907" intensity="7.847815e-001" type="0"/>
    <Peak1D F1="2.1119" intensity="1.505412e+000" type="0"/>
    <Peak1D F1="1.6989" intensity="6.736381e-001" type="0"/>
    <Peak1D F1="1.2694" intensity="5.360479e+000" type="0"/>
  </PeakList1D>
</PeakList>
