<?xml version="1.0" encoding="UTF-8"?>
<PeakList>
  <PeakList1D>
    <PeakList1DHeader creator="nmr" date="2018-12-03T16:57:28" expNo="2" name="zhq-418B" owner="" procNo="1" source="D:/bruker">
      <PeakPickDetails>F1=178.823ppm, F2=94.404ppm, MI=0.50cm, MAXI=4.62cm, PC=1.400
      </PeakPickDetails>
    </PeakList1DHeader>
    <Peak1D F1="163.8884" intensity="0.87" type="0"/>
    <Peak1D F1="151.7952" intensity="0.95" type="0"/>
    <Peak1D F1="151.0811" intensity="1.28" type="0"/>
    <Peak1D F1="149.9408" intensity="2.57" type="0"/>
    <Peak1D F1="140.2691" intensity="2.59" type="0"/>
    <Peak1D F1="138.6417" intensity="2.25" type="0"/>
    <Peak1D F1="124.0272" intensity="2.41" type="0"/>
    <Peak1D F1="123.9581" intensity="2.57" type="0"/>
    <Peak1D F1="118.5473" intensity="2.43" type="0"/>
    <Peak1D F1="103.9464" intensity="2.44" type="0"/>
  </PeakList1D>
  <PeakList1D>
    <PeakList1DHeader creator="nmr" date="2018-12-03T16:57:28" expNo="2" name="zhq-418B" owner="" procNo="1" source="D:/bruker">
      <PeakPickDetails>F1=89.184ppm, F2=66.491ppm, MI=5.41cm, MAXI=18.36cm, PC=1.400
      </PeakPickDetails>
    </PeakList1DHeader>
    <Peak1D F1="77.3782" intensity="14.62" type="0"/>
    <Peak1D F1="77.0605" intensity="15.0" type="0"/>
    <Peak1D F1="76.7429" intensity="14.71" type="0"/>
  </PeakList1D>
  <PeakList1D>
    <PeakList1DHeader creator="nmr" date="2018-12-03T16:57:28" expNo="2" name="zhq-418B" owner="" procNo="1" source="D:/bruker">
      <PeakPickDetails>F1=42.209ppm, F2=1.589ppm, MI=1.18cm, MAXI=10.33cm, PC=1.400
      </PeakPickDetails>
    </PeakList1DHeader>
    <Peak1D F1="26.1371" intensity="2.38" type="0"/>
    <Peak1D F1="11.8684" intensity="2.76" type="0"/>
  </PeakList1D>
</PeakList>
