<?xml version="1.0" encoding="UTF-8"?>
<PeakList>
  <PeakList1D>
    <PeakList1DHeader creator="JRomeo" date="2019-12-11T09:23:51" expNo="3" name="2JR97" owner="" procNo="1" source="C:\Bruker\TOPSPIN">
      <PeakPickDetails>F1=169.100ppm, F2=148.832ppm, MI=0.10cm, MAXI=0.83cm, PC=1.400
      </PeakPickDetails>
    </PeakList1DHeader>
    <Peak1D F1="164.6777" intensity="0.24" type="0"/>
    <Peak1D F1="163.6237" intensity="0.28" type="0"/>
    <Peak1D F1="154.9366" intensity="0.18" type="0"/>
    <Peak1D F1="151.4633" intensity="0.25" type="0"/>
  </PeakList1D>
  <PeakList1D>
    <PeakList1DHeader creator="JRomeo" date="2019-12-11T09:23:51" expNo="3" name="2JR97" owner="" procNo="1" source="C:\Bruker\TOPSPIN">
      <PeakPickDetails>F1=141.480ppm, F2=130.948ppm, MI=0.15cm, MAXI=1.04cm, PC=1.400
      </PeakPickDetails>
    </PeakList1DHeader>
    <Peak1D F1="135.6285" intensity="0.35" type="0"/>
    <Peak1D F1="132.7315" intensity="0.41" type="0"/>
  </PeakList1D>
  <PeakList1D>
    <PeakList1DHeader creator="JRomeo" date="2019-12-11T09:23:51" expNo="3" name="2JR97" owner="" procNo="1" source="C:\Bruker\TOPSPIN">
      <PeakPickDetails>F1=121.609ppm, F2=94.187ppm, MI=0.12cm, MAXI=1.24cm, PC=1.400
      </PeakPickDetails>
    </PeakList1DHeader>
    <Peak1D F1="117.6431" intensity="0.83" type="0"/>
    <Peak1D F1="114.5699" intensity="0.89" type="0"/>
    <Peak1D F1="99.4527" intensity="0.39" type="0"/>
    <Peak1D F1="99.3715" intensity="0.39" type="0"/>
    <Peak1D F1="98.2265" intensity="0.39" type="0"/>
    <Peak1D F1="97.2395" intensity="0.29" type="0"/>
  </PeakList1D>
  <PeakList1D>
    <PeakList1DHeader creator="JRomeo" date="2019-12-11T09:23:51" expNo="3" name="2JR97" owner="" procNo="1" source="C:\Bruker\TOPSPIN">
      <PeakPickDetails>F1=86.636ppm, F2=51.068ppm, MI=0.07cm, MAXI=1.05cm, PC=1.400
      </PeakPickDetails>
    </PeakList1DHeader>
    <Peak1D F1="80.7618" intensity="0.32" type="0"/>
    <Peak1D F1="76.6291" intensity="0.3" type="0"/>
    <Peak1D F1="75.1714" intensity="0.26" type="0"/>
    <Peak1D F1="74.9797" intensity="0.29" type="0"/>
    <Peak1D F1="74.6252" intensity="0.25" type="0"/>
    <Peak1D F1="73.5268" intensity="0.3" type="0"/>
    <Peak1D F1="73.4015" intensity="0.25" type="0"/>
    <Peak1D F1="69.8917" intensity="0.27" type="0"/>
    <Peak1D F1="68.0354" intensity="0.33" type="0"/>
    <Peak1D F1="67.8161" intensity="0.26" type="0"/>
    <Peak1D F1="67.5116" intensity="0.29" type="0"/>
    <Peak1D F1="66.8568" intensity="0.28" type="0"/>
    <Peak1D F1="64.968" intensity="0.29" type="0"/>
    <Peak1D F1="55.7363" intensity="0.44" type="0"/>
    <Peak1D F1="55.6915" intensity="0.48" type="0"/>
    <Peak1D F1="55.5506" intensity="0.37" type="0"/>
    <Peak1D F1="54.8039" intensity="0.51" type="0"/>
  </PeakList1D>
  <PeakList1D>
    <PeakList1DHeader creator="JRomeo" date="2019-12-11T09:23:51" expNo="3" name="2JR97" owner="" procNo="1" source="C:\Bruker\TOPSPIN">
      <PeakPickDetails>F1=39.741ppm, F2=-9.737ppm, MI=0.11cm, MAXI=2.35cm, PC=1.400
      </PeakPickDetails>
    </PeakList1DHeader>
    <Peak1D F1="34.3598" intensity="0.24" type="0"/>
    <Peak1D F1="31.4113" intensity="0.42" type="0"/>
    <Peak1D F1="31.2068" intensity="0.27" type="0"/>
    <Peak1D F1="27.4375" intensity="1.76" type="0"/>
    <Peak1D F1="26.1941" intensity="1.65" type="0"/>
    <Peak1D F1="18.543" intensity="0.29" type="0"/>
    <Peak1D F1="17.9121" intensity="0.4" type="0"/>
    <Peak1D F1="17.7748" intensity="0.37" type="0"/>
    <Peak1D F1="17.2378" intensity="0.44" type="0"/>
    <Peak1D F1="16.8596" intensity="0.45" type="0"/>
    <Peak1D F1="-4.3016" intensity="0.47" type="0"/>
    <Peak1D F1="-4.8914" intensity="0.54" type="0"/>
  </PeakList1D>
</PeakList>
