<?xml version="1.0" encoding="UTF-8"?>
<PeakList>
  <PeakList1D>
    <PeakList1DHeader creator="nmrsu" date="2023-08-03T10:27:45.404-05:00" expNo="1294910" name="Aug03-2023" owner="" procNo="1" source="G:/data/chem-synthesis-summer-a-team2/nmr">
      <PeakPickDetails>F1=219.460297ppm, F2=-19.460289ppm, MI=0.00cm, MAXI=10000.00cm, PC=1.400
      </PeakPickDetails>
    </PeakList1DHeader>
    <Peak1D F1="159.651855" intensity="2.371380e+000" type="0"/>
    <Peak1D F1="133.062317" intensity="1.500000e+001" type="0"/>
    <Peak1D F1="132.514908" intensity="2.239886e+000" type="0"/>
    <Peak1D F1="131.620621" intensity="1.587707e+000" type="0"/>
    <Peak1D F1="131.463821" intensity="1.395015e+001" type="0"/>
    <Peak1D F1="128.449066" intensity="2.212482e+000" type="0"/>
    <Peak1D F1="128.308517" intensity="1.338222e+001" type="0"/>
    <Peak1D F1="127.929680" intensity="5.971824e+000" type="0"/>
    <Peak1D F1="123.635475" intensity="1.967263e+000" type="0"/>
    <Peak1D F1="115.430176" intensity="2.042940e+000" type="0"/>
    <Peak1D F1="114.022308" intensity="1.381073e+001" type="0"/>
    <Peak1D F1="89.381752" intensity="2.615803e+000" type="0"/>
    <Peak1D F1="88.082169" intensity="2.417094e+000" type="0"/>
    <Peak1D F1="77.339272" intensity="2.606428e+001" type="0"/>
    <Peak1D F1="77.021713" intensity="2.744948e+001" type="0"/>
    <Peak1D F1="76.704155" intensity="2.654117e+001" type="0"/>
    <Peak1D F1="55.308929" intensity="7.316803e+000" type="0"/>
  </PeakList1D>
</PeakList>
