<?xml version="1.0" encoding="UTF-8"?>
<PeakList>
  <PeakList1D>
    <PeakList1DHeader creator="nmrsu" date="2023-07-20T12:56:51.859-05:00" expNo="1257210" name="Jul20-2023" owner="" procNo="1" source="G:/data/chem-synthesis-summer-a-team1/nmr">
      <PeakPickDetails>F1=219.460297ppm, F2=-19.460289ppm, MI=0.00cm, MAXI=10000.00cm, PC=1.400
      </PeakPickDetails>
    </PeakList1DHeader>
    <Peak1D F1="174.392563" intensity="2.030500e+000" type="0"/>
    <Peak1D F1="127.362442" intensity="4.426967e+000" type="0"/>
    <Peak1D F1="77.331734" intensity="3.317473e+001" type="0"/>
    <Peak1D F1="77.014351" intensity="3.410334e+001" type="0"/>
    <Peak1D F1="76.696426" intensity="3.334109e+001" type="0"/>
    <Peak1D F1="40.409302" intensity="1.342487e+001" type="0"/>
    <Peak1D F1="30.482414" intensity="1.500000e+001" type="0"/>
    <Peak1D F1="19.293991" intensity="8.086785e+000" type="0"/>
  </PeakList1D>
</PeakList>
