<?xml version="1.0" encoding="UTF-8"?>
<PeakList modified="2019-12-06T19:44:55">
  <PeakList1D>
    <PeakList1DHeader creator="riometm92" date="2019-12-06T19:44:55" expNo="50" name="mari-0302-carac" owner="" procNo="1" source="\\fs.univie.ac.at\homedirs\riometm92\Desktop\mari">
      <PeakPickDetails>F1=10.701692ppm, F2=6.404697ppm, MI=2.27cm, MAXI=34.58cm, PC=1.000
      </PeakPickDetails>
    </PeakList1DHeader>
    <Peak1D F1="9.735023" intensity="2.954589" type="0"/>
    <Peak1D F1="7.388252" intensity="4.742694" type="0"/>
    <Peak1D F1="7.377701" intensity="11.1625" type="0"/>
    <Peak1D F1="7.366109" intensity="12.52543" type="0"/>
    <Peak1D F1="7.353096" intensity="11.0346" type="0"/>
    <Peak1D F1="7.33872" intensity="6.390228" type="0"/>
    <Peak1D F1="7.327041" intensity="9.772185" type="0"/>
    <Peak1D F1="7.325419" intensity="9.932364" type="0"/>
    <Peak1D F1="7.315124" intensity="7.950347" type="0"/>
    <Peak1D F1="7.312321" intensity="7.925179" type="0"/>
    <Peak1D F1="7.300418" intensity="3.628906" type="0"/>
    <Peak1D F1="7.259762" intensity="15.0" type="0"/>
    <Peak1D F1="7.246757" intensity="6.564823" type="0"/>
    <Peak1D F1="7.234615" intensity="4.838758" type="0"/>
    <Peak1D F1="7.195704" intensity="11.89214" type="0"/>
    <Peak1D F1="7.183244" intensity="10.62864" type="0"/>
  </PeakList1D>
  <PeakList1D>
    <PeakList1DHeader creator="riometm92" date="2019-12-06T19:44:55" expNo="50" name="mari-0302-carac" owner="" procNo="1" source="\\fs.univie.ac.at\homedirs\riometm92\Desktop\mari">
      <PeakPickDetails>F1=6.051147ppm, F2=1.876536ppm, MI=1.89cm, MAXI=32.44cm, PC=1.000
      </PeakPickDetails>
    </PeakList1DHeader>
    <Peak1D F1="5.151924" intensity="10.31018" type="0"/>
    <Peak1D F1="4.871773" intensity="2.673285" type="0"/>
    <Peak1D F1="4.845216" intensity="3.516939" type="0"/>
    <Peak1D F1="4.666141" intensity="5.401987" type="0"/>
    <Peak1D F1="4.637489" intensity="4.135204" type="0"/>
    <Peak1D F1="3.839759" intensity="3.027908" type="0"/>
    <Peak1D F1="3.834613" intensity="2.484361" type="0"/>
    <Peak1D F1="3.821617" intensity="7.95609" type="0"/>
    <Peak1D F1="3.810262" intensity="11.17119" type="0"/>
    <Peak1D F1="3.798698" intensity="5.693435" type="0"/>
    <Peak1D F1="3.504314" intensity="2.244845" type="0"/>
    <Peak1D F1="3.497643" intensity="2.820792" type="0"/>
    <Peak1D F1="3.490636" intensity="2.080748" type="0"/>
    <Peak1D F1="2.136675" intensity="3.264719" type="0"/>
    <Peak1D F1="2.125831" intensity="2.961893" type="0"/>
    <Peak1D F1="2.103008" intensity="2.440327" type="0"/>
    <Peak1D F1="2.092309" intensity="4.24203" type="0"/>
    <Peak1D F1="2.080416" intensity="4.754607" type="0"/>
    <Peak1D F1="2.070796" intensity="4.241176" type="0"/>
    <Peak1D F1="2.059166" intensity="3.078447" type="0"/>
    <Peak1D F1="1.967914" intensity="2.755142" type="0"/>
    <Peak1D F1="1.959734" intensity="2.123417" type="0"/>
    <Peak1D F1="1.956043" intensity="2.605669" type="0"/>
  </PeakList1D>
</PeakList>
