<?xml version="1.0" encoding="UTF-8"?>
<PeakList modified="2020-02-06T10:04:30">
  <PeakList1D>
    <PeakList1DHeader creator="Dell" date="2020-02-06T10:03:05" expNo="4" name="MEB-I-18" owner="" procNo="1" source="C:/Users/Dell/Desktop/NMR/Tetrahydroisoquinoline">
      <PeakPickDetails>F1=117.912735ppm, F2=103.633392ppm, MI=2.93cm, MAXI=17.65cm, PC=1.400
      </PeakPickDetails>
    </PeakList1DHeader>
    <Peak1D F1="111.458786" intensity="10.39985" type="0"/>
    <Peak1D F1="109.569443" intensity="10.42122" type="0"/>
  </PeakList1D>
  <PeakList1D>
    <PeakList1DHeader creator="Dell" date="2020-02-06T10:03:05" expNo="4" name="MEB-I-18" owner="" procNo="1" source="C:/Users/Dell/Desktop/NMR/Tetrahydroisoquinoline">
      <PeakPickDetails>F1=58.631836ppm, F2=51.492165ppm, MI=2.05cm, MAXI=16.00cm, PC=1.400
      </PeakPickDetails>
    </PeakList1DHeader>
    <Peak1D F1="56.071495" intensity="15.0" type="0"/>
    <Peak1D F1="56.05093" intensity="14.96722" type="0"/>
  </PeakList1D>
  <PeakList1D>
    <PeakList1DHeader creator="Dell@Dell-PC" date="2020-02-06T10:04:04" expNo="4" name="MEB-I-18" owner="Dell" procNo="1" source="C:/Users/Dell/Desktop/NMR/Tetrahydroisoquinoline">
      <PeakPickDetails>Manually picked peaks
</PeakPickDetails>
    </PeakList1DHeader>
    <Peak1D F1="63.27073513751428" intensity="-11.973462660857722" type="1"/>
    <Peak1D F1="55.99923525909269" intensity="-8.96496203348246" type="1"/>
    <Peak1D F1="55.470203154703604" intensity="-10.329600898593903" type="1"/>
    <Peak1D F1="51.285781316184604" intensity="-9.897073440413186" type="1"/>
  </PeakList1D>
  <PeakList1D>
    <PeakList1DHeader creator="Dell@Dell-PC" date="2020-02-06T10:04:31" expNo="4" name="MEB-I-18" owner="Dell" procNo="1" source="C:/Users/Dell/Desktop/NMR/Tetrahydroisoquinoline">
      <PeakPickDetails>Manually picked peaks
</PeakPickDetails>
    </PeakList1DHeader>
    <Peak1D F1="28.889042238383915" intensity="-8.608467661638171" type="1"/>
    <Peak1D F1="27.25458831191463" intensity="-9.85378666424345" type="1"/>
  </PeakList1D>
</PeakList>
