<?xml version="1.0" encoding="UTF-8"?>
<PeakList>
  <PeakList1D>
    <PeakList1DHeader creator="JRomeo" date="2019-06-17T11:15:54" expNo="1" name="2JR31" owner="" procNo="1" source="C:\Bruker\TOPSPIN">
      <PeakPickDetails>F1=7.900ppm, F2=7.394ppm, MI=0.17cm, MAXI=4.33cm, PC=1.000
      </PeakPickDetails>
    </PeakList1DHeader>
    <Peak1D F1="7.8245" intensity="1.06" type="0"/>
    <Peak1D F1="7.8184" intensity="1.83" type="0"/>
    <Peak1D F1="7.8136" intensity="3.24" type="0"/>
    <Peak1D F1="7.805" intensity="3.88" type="0"/>
    <Peak1D F1="7.8009" intensity="3.17" type="0"/>
    <Peak1D F1="7.7973" intensity="2.75" type="0"/>
    <Peak1D F1="7.5509" intensity="1.14" type="0"/>
    <Peak1D F1="7.5482" intensity="1.45" type="0"/>
    <Peak1D F1="7.5339" intensity="0.98" type="0"/>
    <Peak1D F1="7.5311" intensity="1.29" type="0"/>
    <Peak1D F1="7.4739" intensity="0.18" type="0"/>
    <Peak1D F1="7.4697" intensity="0.37" type="0"/>
    <Peak1D F1="7.4602" intensity="1.55" type="0"/>
    <Peak1D F1="7.4569" intensity="2.15" type="0"/>
    <Peak1D F1="7.4493" intensity="2.36" type="0"/>
    <Peak1D F1="7.4414" intensity="1.93" type="0"/>
    <Peak1D F1="7.4388" intensity="1.51" type="0"/>
    <Peak1D F1="7.4291" intensity="0.31" type="0"/>
  </PeakList1D>
  <PeakList1D>
    <PeakList1DHeader creator="JRomeo" date="2019-06-17T11:15:54" expNo="1" name="2JR31" owner="" procNo="1" source="C:\Bruker\TOPSPIN">
      <PeakPickDetails>F1=5.644ppm, F2=4.589ppm, MI=0.12cm, MAXI=2.96cm, PC=1.000
      </PeakPickDetails>
    </PeakList1DHeader>
    <Peak1D F1="5.4278" intensity="1.05" type="0"/>
    <Peak1D F1="5.0627" intensity="1.69" type="0"/>
    <Peak1D F1="5.039" intensity="2.08" type="0"/>
    <Peak1D F1="4.8011" intensity="1.67" type="0"/>
    <Peak1D F1="4.7836" intensity="0.72" type="0"/>
    <Peak1D F1="4.7773" intensity="1.46" type="0"/>
    <Peak1D F1="4.7603" intensity="0.58" type="0"/>
    <Peak1D F1="4.6989" intensity="0.17" type="0"/>
    <Peak1D F1="4.6944" intensity="0.19" type="0"/>
    <Peak1D F1="4.6797" intensity="0.31" type="0"/>
    <Peak1D F1="4.6763" intensity="0.3" type="0"/>
    <Peak1D F1="4.6616" intensity="0.2" type="0"/>
    <Peak1D F1="4.6571" intensity="0.19" type="0"/>
  </PeakList1D>
  <PeakList1D>
    <PeakList1DHeader creator="JRomeo" date="2019-06-17T11:15:54" expNo="1" name="2JR31" owner="" procNo="1" source="C:\Bruker\TOPSPIN">
      <PeakPickDetails>F1=4.166ppm, F2=3.578ppm, MI=0.20cm, MAXI=2.53cm, PC=1.000
      </PeakPickDetails>
    </PeakList1DHeader>
    <Peak1D F1="4.0585" intensity="0.26" type="0"/>
    <Peak1D F1="4.0455" intensity="0.82" type="0"/>
    <Peak1D F1="4.0324" intensity="0.82" type="0"/>
    <Peak1D F1="4.0194" intensity="0.27" type="0"/>
    <Peak1D F1="3.8967" intensity="0.71" type="0"/>
    <Peak1D F1="3.8789" intensity="0.69" type="0"/>
    <Peak1D F1="3.7472" intensity="0.39" type="0"/>
    <Peak1D F1="3.7424" intensity="0.46" type="0"/>
    <Peak1D F1="3.7382" intensity="0.48" type="0"/>
    <Peak1D F1="3.7334" intensity="0.47" type="0"/>
    <Peak1D F1="3.7231" intensity="0.43" type="0"/>
    <Peak1D F1="3.7182" intensity="0.51" type="0"/>
    <Peak1D F1="3.7141" intensity="0.46" type="0"/>
    <Peak1D F1="3.7092" intensity="0.45" type="0"/>
    <Peak1D F1="3.6154" intensity="1.35" type="0"/>
  </PeakList1D>
  <PeakList1D>
    <PeakList1DHeader creator="JRomeo" date="2019-06-17T11:15:54" expNo="1" name="2JR31" owner="" procNo="1" source="C:\Bruker\TOPSPIN">
      <PeakPickDetails>F1=3.535ppm, F2=3.511ppm, MI=0.47cm, MAXI=0.71cm, PC=1.000
      </PeakPickDetails>
    </PeakList1DHeader>
    <Peak1D F1="3.5219" intensity="0.56" type="0"/>
    <Peak1D F1="3.5193" intensity="0.54" type="0"/>
    <Peak1D F1="3.5175" intensity="0.55" type="0"/>
  </PeakList1D>
  <PeakList1D>
    <PeakList1DHeader creator="JRomeo" date="2019-06-17T11:15:54" expNo="1" name="2JR31" owner="" procNo="1" source="C:\Bruker\TOPSPIN">
      <PeakPickDetails>F1=3.465ppm, F2=3.405ppm, MI=0.09cm, MAXI=0.52cm, PC=1.000
      </PeakPickDetails>
    </PeakList1DHeader>
    <Peak1D F1="3.4475" intensity="0.11" type="0"/>
    <Peak1D F1="3.4349" intensity="0.36" type="0"/>
    <Peak1D F1="3.4332" intensity="0.34" type="0"/>
    <Peak1D F1="3.422" intensity="0.37" type="0"/>
    <Peak1D F1="3.4203" intensity="0.39" type="0"/>
    <Peak1D F1="3.4088" intensity="0.13" type="0"/>
  </PeakList1D>
  <PeakList1D>
    <PeakList1DHeader creator="JRomeo" date="2019-06-17T11:15:54" expNo="1" name="2JR31" owner="" procNo="1" source="C:\Bruker\TOPSPIN">
      <PeakPickDetails>F1=3.397ppm, F2=3.372ppm, MI=14.71cm, MAXI=15.29cm, PC=1.000
      </PeakPickDetails>
    </PeakList1DHeader>
    <Peak1D F1="3.3836" intensity="15.0" type="0"/>
  </PeakList1D>
  <PeakList1D>
    <PeakList1DHeader creator="JRomeo" date="2019-06-17T11:15:54" expNo="1" name="2JR31" owner="" procNo="1" source="C:\Bruker\TOPSPIN">
      <PeakPickDetails>F1=3.359ppm, F2=3.290ppm, MI=0.09cm, MAXI=0.54cm, PC=1.000
      </PeakPickDetails>
    </PeakList1DHeader>
    <Peak1D F1="3.3406" intensity="0.19" type="0"/>
    <Peak1D F1="3.3355" intensity="0.2" type="0"/>
    <Peak1D F1="3.3319" intensity="0.23" type="0"/>
    <Peak1D F1="3.3269" intensity="0.2" type="0"/>
    <Peak1D F1="3.3163" intensity="0.22" type="0"/>
    <Peak1D F1="3.3113" intensity="0.23" type="0"/>
    <Peak1D F1="3.3077" intensity="0.22" type="0"/>
    <Peak1D F1="3.3026" intensity="0.19" type="0"/>
  </PeakList1D>
  <PeakList1D>
    <PeakList1DHeader creator="JRomeo" date="2019-06-17T11:15:54" expNo="1" name="2JR31" owner="" procNo="1" source="C:\Bruker\TOPSPIN">
      <PeakPickDetails>F1=3.149ppm, F2=3.094ppm, MI=0.64cm, MAXI=1.84cm, PC=1.000
      </PeakPickDetails>
    </PeakList1DHeader>
    <Peak1D F1="3.1259" intensity="0.94" type="0"/>
    <Peak1D F1="3.1209" intensity="1.5" type="0"/>
    <Peak1D F1="3.1159" intensity="0.98" type="0"/>
  </PeakList1D>
  <PeakList1D>
    <PeakList1DHeader creator="JRomeo" date="2019-06-17T11:15:54" expNo="1" name="2JR31" owner="" procNo="1" source="C:\Bruker\TOPSPIN">
      <PeakPickDetails>F1=2.364ppm, F2=2.279ppm, MI=0.08cm, MAXI=0.54cm, PC=1.000
      </PeakPickDetails>
    </PeakList1DHeader>
    <Peak1D F1="2.3458" intensity="0.36" type="0"/>
  </PeakList1D>
  <PeakList1D>
    <PeakList1DHeader creator="JRomeo" date="2019-06-17T11:15:54" expNo="1" name="2JR31" owner="" procNo="1" source="C:\Bruker\TOPSPIN">
      <PeakPickDetails>F1=2.174ppm, F2=2.026ppm, MI=0.12cm, MAXI=0.75cm, PC=1.000
      </PeakPickDetails>
    </PeakList1DHeader>
    <Peak1D F1="2.1452" intensity="0.13" type="0"/>
    <Peak1D F1="2.1427" intensity="0.14" type="0"/>
    <Peak1D F1="2.1392" intensity="0.16" type="0"/>
    <Peak1D F1="2.1367" intensity="0.14" type="0"/>
    <Peak1D F1="2.1342" intensity="0.14" type="0"/>
    <Peak1D F1="2.1212" intensity="0.17" type="0"/>
    <Peak1D F1="2.1186" intensity="0.18" type="0"/>
    <Peak1D F1="2.1161" intensity="0.2" type="0"/>
    <Peak1D F1="2.1126" intensity="0.18" type="0"/>
    <Peak1D F1="2.1101" intensity="0.17" type="0"/>
    <Peak1D F1="2.1029" intensity="0.21" type="0"/>
    <Peak1D F1="2.0985" intensity="0.25" type="0"/>
    <Peak1D F1="2.0957" intensity="0.24" type="0"/>
    <Peak1D F1="2.0913" intensity="0.22" type="0"/>
    <Peak1D F1="2.0779" intensity="0.41" type="0"/>
    <Peak1D F1="2.0734" intensity="0.51" type="0"/>
    <Peak1D F1="2.0711" intensity="0.5" type="0"/>
    <Peak1D F1="2.0666" intensity="0.43" type="0"/>
    <Peak1D F1="2.0534" intensity="0.26" type="0"/>
    <Peak1D F1="2.049" intensity="0.31" type="0"/>
    <Peak1D F1="2.0462" intensity="0.3" type="0"/>
    <Peak1D F1="2.0418" intensity="0.26" type="0"/>
  </PeakList1D>
  <PeakList1D>
    <PeakList1DHeader creator="JRomeo" date="2019-06-17T11:15:54" expNo="1" name="2JR31" owner="" procNo="1" source="C:\Bruker\TOPSPIN">
      <PeakPickDetails>F1=1.940ppm, F2=1.830ppm, MI=0.09cm, MAXI=0.87cm, PC=1.000
      </PeakPickDetails>
    </PeakList1DHeader>
    <Peak1D F1="1.92" intensity="0.6" type="0"/>
    <Peak1D F1="1.9107" intensity="0.68" type="0"/>
    <Peak1D F1="1.9086" intensity="0.59" type="0"/>
    <Peak1D F1="1.8947" intensity="0.5" type="0"/>
    <Peak1D F1="1.8881" intensity="0.52" type="0"/>
    <Peak1D F1="1.8849" intensity="0.69" type="0"/>
    <Peak1D F1="1.8645" intensity="0.33" type="0"/>
    <Peak1D F1="1.86" intensity="0.18" type="0"/>
    <Peak1D F1="1.8403" intensity="0.14" type="0"/>
  </PeakList1D>
  <PeakList1D>
    <PeakList1DHeader creator="JRomeo" date="2019-06-17T11:15:54" expNo="1" name="2JR31" owner="" procNo="1" source="C:\Bruker\TOPSPIN">
      <PeakPickDetails>F1=1.796ppm, F2=1.757ppm, MI=0.48cm, MAXI=0.90cm, PC=1.000
      </PeakPickDetails>
    </PeakList1DHeader>
    <Peak1D F1="1.7734" intensity="0.8" type="0"/>
  </PeakList1D>
  <PeakList1D>
    <PeakList1DHeader creator="JRomeo" date="2019-06-17T11:15:54" expNo="1" name="2JR31" owner="" procNo="1" source="C:\Bruker\TOPSPIN">
      <PeakPickDetails>F1=1.266ppm, F2=1.223ppm, MI=1.86cm, MAXI=2.49cm, PC=1.000
      </PeakPickDetails>
    </PeakList1DHeader>
    <Peak1D F1="1.2487" intensity="2.2" type="0"/>
    <Peak1D F1="1.2359" intensity="2.18" type="0"/>
  </PeakList1D>
  <PeakList1D>
    <PeakList1DHeader creator="JRomeo" date="2019-06-17T11:15:54" expNo="1" name="2JR31" owner="" procNo="1" source="C:\Bruker\TOPSPIN">
      <PeakPickDetails>F1=1.192ppm, F2=1.083ppm, MI=4.66cm, MAXI=5.54cm, PC=1.000
      </PeakPickDetails>
    </PeakList1DHeader>
    <Peak1D F1="1.1646" intensity="5.41" type="0"/>
    <Peak1D F1="1.1516" intensity="5.41" type="0"/>
  </PeakList1D>
</PeakList>
