<?xml version="1.0" encoding="UTF-8"?>
<PeakList>
  <PeakList1D>
    <PeakList1DHeader creator="nmrsu" date="2023-07-25T12:14:58.862-05:00" expNo="1265110" name="Jul25-2023" owner="" procNo="1" source="G:/data/chem-synthesis-summer-a-team1/nmr">
      <PeakPickDetails>F1=16.187771ppm, F2=-3.837772ppm, MI=0.00cm, MAXI=10000.00cm, PC=1.000
      </PeakPickDetails>
    </PeakList1DHeader>
    <Peak1D F1="14.759252" intensity="6.538801e-004" type="0"/>
    <Peak1D F1="14.490731" intensity="6.510772e-004" type="0"/>
    <Peak1D F1="9.825014" intensity="7.238822e-004" type="0"/>
    <Peak1D F1="9.812842" intensity="7.313606e-004" type="0"/>
    <Peak1D F1="9.341436" intensity="8.233939e-004" type="0"/>
    <Peak1D F1="8.738978" intensity="8.514784e-004" type="0"/>
    <Peak1D F1="8.364198" intensity="6.895164e-004" type="0"/>
    <Peak1D F1="8.283313" intensity="8.722363e-004" type="0"/>
    <Peak1D F1="8.224842" intensity="6.506126e-004" type="0"/>
    <Peak1D F1="8.166739" intensity="8.220881e-004" type="0"/>
    <Peak1D F1="8.142786" intensity="8.407775e-004" type="0"/>
    <Peak1D F1="8.111895" intensity="1.266165e-003" type="0"/>
    <Peak1D F1="8.061539" intensity="1.206127e-002" type="0"/>
    <Peak1D F1="8.013652" intensity="9.602029e-004" type="0"/>
    <Peak1D F1="7.978932" intensity="9.956101e-004" type="0"/>
    <Peak1D F1="7.931537" intensity="1.592584e-003" type="0"/>
    <Peak1D F1="7.913900" intensity="1.703053e-003" type="0"/>
    <Peak1D F1="7.895487" intensity="1.299424e-003" type="0"/>
    <Peak1D F1="7.866383" intensity="1.528304e-003" type="0"/>
    <Peak1D F1="7.731013" intensity="1.629199e-001" type="0"/>
    <Peak1D F1="7.710481" intensity="1.725494e-001" type="0"/>
    <Peak1D F1="7.589400" intensity="7.266700e-003" type="0"/>
    <Peak1D F1="7.566987" intensity="7.504571e-003" type="0"/>
    <Peak1D F1="7.542532" intensity="2.665946e-003" type="0"/>
    <Peak1D F1="7.501613" intensity="1.876568e-003" type="0"/>
    <Peak1D F1="7.433679" intensity="2.052527e-003" type="0"/>
    <Peak1D F1="7.420044" intensity="2.209823e-003" type="0"/>
    <Peak1D F1="7.401951" intensity="3.278307e-003" type="0"/>
    <Peak1D F1="7.314050" intensity="1.569381e-001" type="0"/>
    <Peak1D F1="7.293563" intensity="1.528786e-001" type="0"/>
    <Peak1D F1="7.283667" intensity="3.683526e-001" type="0"/>
    <Peak1D F1="7.267785" intensity="2.771200e-002" type="0"/>
    <Peak1D F1="7.221100" intensity="3.525677e-002" type="0"/>
    <Peak1D F1="7.205813" intensity="6.757265e-002" type="0"/>
    <Peak1D F1="7.179196" intensity="3.032453e-002" type="0"/>
    <Peak1D F1="7.160560" intensity="2.107868e-002" type="0"/>
    <Peak1D F1="7.019975" intensity="1.356968e-003" type="0"/>
    <Peak1D F1="6.714663" intensity="7.055426e-003" type="0"/>
    <Peak1D F1="6.692500" intensity="6.111078e-003" type="0"/>
    <Peak1D F1="5.486039" intensity="7.101888e-004" type="0"/>
    <Peak1D F1="5.470279" intensity="7.895539e-004" type="0"/>
    <Peak1D F1="5.457986" intensity="1.044076e-003" type="0"/>
    <Peak1D F1="5.443335" intensity="7.928872e-004" type="0"/>
    <Peak1D F1="5.315928" intensity="1.723770e-003" type="0"/>
    <Peak1D F1="5.228600" intensity="7.113313e-004" type="0"/>
    <Peak1D F1="5.166521" intensity="6.733172e-004" type="0"/>
    <Peak1D F1="5.118930" intensity="1.001824e-003" type="0"/>
    <Peak1D F1="5.103188" intensity="8.145007e-004" type="0"/>
    <Peak1D F1="5.063614" intensity="3.482573e-003" type="0"/>
    <Peak1D F1="5.050017" intensity="1.032914e-002" type="0"/>
    <Peak1D F1="5.036214" intensity="1.015387e-002" type="0"/>
    <Peak1D F1="5.022633" intensity="3.450183e-003" type="0"/>
    <Peak1D F1="4.862403" intensity="6.986642e-004" type="0"/>
    <Peak1D F1="4.827619" intensity="8.011131e-004" type="0"/>
    <Peak1D F1="4.739670" intensity="8.231511e-004" type="0"/>
    <Peak1D F1="4.715858" intensity="8.488364e-004" type="0"/>
    <Peak1D F1="4.687798" intensity="8.400927e-004" type="0"/>
    <Peak1D F1="4.666833" intensity="7.922448e-004" type="0"/>
    <Peak1D F1="4.635768" intensity="8.000155e-004" type="0"/>
    <Peak1D F1="4.607582" intensity="1.026390e-003" type="0"/>
    <Peak1D F1="4.551455" intensity="1.241931e-003" type="0"/>
    <Peak1D F1="4.530751" intensity="1.109341e-003" type="0"/>
    <Peak1D F1="4.481763" intensity="1.527884e-003" type="0"/>
    <Peak1D F1="4.413262" intensity="1.548886e-003" type="0"/>
    <Peak1D F1="4.385445" intensity="1.788349e-003" type="0"/>
    <Peak1D F1="4.355787" intensity="3.341431e-003" type="0"/>
    <Peak1D F1="4.337828" intensity="6.212756e-003" type="0"/>
    <Peak1D F1="4.319983" intensity="6.957009e-003" type="0"/>
    <Peak1D F1="4.301556" intensity="3.933384e-003" type="0"/>
    <Peak1D F1="4.266863" intensity="4.027804e-003" type="0"/>
    <Peak1D F1="4.174465" intensity="2.987773e-001" type="0"/>
    <Peak1D F1="4.156620" intensity="8.706772e-001" type="0"/>
    <Peak1D F1="4.138770" intensity="8.697482e-001" type="0"/>
    <Peak1D F1="4.120924" intensity="2.894320e-001" type="0"/>
    <Peak1D F1="3.987739" intensity="1.191300e-003" type="0"/>
    <Peak1D F1="3.969970" intensity="4.171833e-003" type="0"/>
    <Peak1D F1="3.952714" intensity="4.447428e-003" type="0"/>
    <Peak1D F1="3.934248" intensity="1.608168e-003" type="0"/>
    <Peak1D F1="3.922937" intensity="3.397636e-003" type="0"/>
    <Peak1D F1="3.904672" intensity="2.680372e-003" type="0"/>
    <Peak1D F1="3.886993" intensity="4.899777e-003" type="0"/>
    <Peak1D F1="3.869062" intensity="5.391131e-003" type="0"/>
    <Peak1D F1="3.862699" intensity="6.258778e-003" type="0"/>
    <Peak1D F1="3.851154" intensity="2.564915e-003" type="0"/>
    <Peak1D F1="3.845036" intensity="6.209226e-003" type="0"/>
    <Peak1D F1="3.827884" intensity="2.562997e-003" type="0"/>
    <Peak1D F1="3.798426" intensity="3.197430e-002" type="0"/>
    <Peak1D F1="3.770931" intensity="1.722262e-003" type="0"/>
    <Peak1D F1="3.752933" intensity="3.473606e-003" type="0"/>
    <Peak1D F1="3.735533" intensity="3.327847e-003" type="0"/>
    <Peak1D F1="3.717831" intensity="1.794054e-003" type="0"/>
    <Peak1D F1="3.686101" intensity="4.391347e-003" type="0"/>
    <Peak1D F1="3.667813" intensity="8.109730e-003" type="0"/>
    <Peak1D F1="3.650215" intensity="8.875243e-003" type="0"/>
    <Peak1D F1="3.643895" intensity="7.644101e-003" type="0"/>
    <Peak1D F1="3.626022" intensity="8.583510e-003" type="0"/>
    <Peak1D F1="3.608338" intensity="7.739585e-003" type="0"/>
    <Peak1D F1="3.570767" intensity="1.367070e-002" type="0"/>
    <Peak1D F1="3.529569" intensity="2.586368e-002" type="0"/>
    <Peak1D F1="3.511987" intensity="5.917654e-002" type="0"/>
    <Peak1D F1="3.494478" intensity="5.815471e-002" type="0"/>
    <Peak1D F1="3.476917" intensity="2.188476e-002" type="0"/>
    <Peak1D F1="3.449404" intensity="4.130198e-003" type="0"/>
    <Peak1D F1="3.431643" intensity="5.087951e-003" type="0"/>
    <Peak1D F1="3.413724" intensity="5.037641e-003" type="0"/>
    <Peak1D F1="3.378660" intensity="4.354443e-003" type="0"/>
    <Peak1D F1="3.279318" intensity="1.253564e-001" type="0"/>
    <Peak1D F1="3.261394" intensity="3.529951e-001" type="0"/>
    <Peak1D F1="3.243532" intensity="3.517186e-001" type="0"/>
    <Peak1D F1="3.225727" intensity="1.141843e-001" type="0"/>
    <Peak1D F1="3.087200" intensity="1.653408e-003" type="0"/>
    <Peak1D F1="3.068768" intensity="1.812651e-003" type="0"/>
    <Peak1D F1="2.716443" intensity="2.447636e-003" type="0"/>
    <Peak1D F1="2.649638" intensity="9.077270e-004" type="0"/>
    <Peak1D F1="2.596444" intensity="4.067582e-003" type="0"/>
    <Peak1D F1="2.547861" intensity="2.904418e-003" type="0"/>
    <Peak1D F1="2.438722" intensity="5.659240e-001" type="0"/>
    <Peak1D F1="2.390738" intensity="2.408135e-001" type="0"/>
    <Peak1D F1="2.359309" intensity="1.768421e-003" type="0"/>
    <Peak1D F1="2.291772" intensity="2.265381e-003" type="0"/>
    <Peak1D F1="2.278614" intensity="4.967743e-003" type="0"/>
    <Peak1D F1="2.244567" intensity="6.286100e-003" type="0"/>
    <Peak1D F1="2.223797" intensity="2.336916e-002" type="0"/>
    <Peak1D F1="2.189602" intensity="1.005652e-002" type="0"/>
    <Peak1D F1="2.174945" intensity="5.831190e-003" type="0"/>
    <Peak1D F1="2.150788" intensity="9.552769e-003" type="0"/>
    <Peak1D F1="2.104476" intensity="2.604772e-002" type="0"/>
    <Peak1D F1="2.064032" intensity="3.583746e+000" type="0"/>
    <Peak1D F1="2.028205" intensity="7.661320e-003" type="0"/>
    <Peak1D F1="2.011990" intensity="6.325529e-003" type="0"/>
    <Peak1D F1="1.965365" intensity="2.050341e-002" type="0"/>
    <Peak1D F1="1.947654" intensity="7.714751e-002" type="0"/>
    <Peak1D F1="1.928843" intensity="2.010496e-001" type="0"/>
    <Peak1D F1="1.910714" intensity="3.507325e-001" type="0"/>
    <Peak1D F1="1.892899" intensity="3.845092e-001" type="0"/>
    <Peak1D F1="1.875251" intensity="2.588862e-001" type="0"/>
    <Peak1D F1="1.855795" intensity="1.115810e-001" type="0"/>
    <Peak1D F1="1.838921" intensity="3.833103e-002" type="0"/>
    <Peak1D F1="1.790417" intensity="1.960856e-001" type="0"/>
    <Peak1D F1="1.787735" intensity="1.928755e-001" type="0"/>
    <Peak1D F1="1.775291" intensity="3.562455e-001" type="0"/>
    <Peak1D F1="1.770899" intensity="3.412600e-001" type="0"/>
    <Peak1D F1="1.762791" intensity="4.830003e-001" type="0"/>
    <Peak1D F1="1.745050" intensity="4.834780e-001" type="0"/>
    <Peak1D F1="1.734250" intensity="3.957063e-001" type="0"/>
    <Peak1D F1="1.716674" intensity="2.342252e-001" type="0"/>
    <Peak1D F1="1.690632" intensity="9.454156e-002" type="0"/>
    <Peak1D F1="1.681058" intensity="1.370199e-001" type="0"/>
    <Peak1D F1="1.662397" intensity="3.354521e-001" type="0"/>
    <Peak1D F1="1.652832" intensity="4.808930e-001" type="0"/>
    <Peak1D F1="1.641942" intensity="6.133007e-001" type="0"/>
    <Peak1D F1="1.633294" intensity="3.993810e-001" type="0"/>
    <Peak1D F1="1.630661" intensity="4.037044e-001" type="0"/>
    <Peak1D F1="1.624899" intensity="4.740709e-001" type="0"/>
    <Peak1D F1="1.617673" intensity="3.424439e-001" type="0"/>
    <Peak1D F1="1.601582" intensity="5.556390e-001" type="0"/>
    <Peak1D F1="1.584886" intensity="3.603920e-001" type="0"/>
    <Peak1D F1="1.568027" intensity="4.071361e-001" type="0"/>
    <Peak1D F1="1.554776" intensity="5.393220e-001" type="0"/>
    <Peak1D F1="1.545759" intensity="5.206729e-001" type="0"/>
    <Peak1D F1="1.537307" intensity="6.380530e-001" type="0"/>
    <Peak1D F1="1.525502" intensity="4.911653e-001" type="0"/>
    <Peak1D F1="1.518645" intensity="3.532390e-001" type="0"/>
    <Peak1D F1="1.508440" intensity="2.008073e-001" type="0"/>
    <Peak1D F1="1.494145" intensity="1.039351e-001" type="0"/>
    <Peak1D F1="1.488797" intensity="1.066679e-001" type="0"/>
    <Peak1D F1="1.484682" intensity="1.057671e-001" type="0"/>
    <Peak1D F1="1.456585" intensity="3.962059e-001" type="0"/>
    <Peak1D F1="1.439577" intensity="1.089767e-001" type="0"/>
    <Peak1D F1="1.435050" intensity="1.036589e-001" type="0"/>
    <Peak1D F1="1.422214" intensity="1.261422e-001" type="0"/>
    <Peak1D F1="1.415260" intensity="1.932258e-001" type="0"/>
    <Peak1D F1="1.402586" intensity="3.018531e-001" type="0"/>
    <Peak1D F1="1.396895" intensity="4.365548e-001" type="0"/>
    <Peak1D F1="1.383641" intensity="6.762635e-001" type="0"/>
    <Peak1D F1="1.378384" intensity="6.437687e-001" type="0"/>
    <Peak1D F1="1.364807" intensity="1.262609e+000" type="0"/>
    <Peak1D F1="1.350359" intensity="1.865825e+000" type="0"/>
    <Peak1D F1="1.346575" intensity="1.952005e+000" type="0"/>
    <Peak1D F1="1.332896" intensity="3.471424e+000" type="0"/>
    <Peak1D F1="1.313961" intensity="4.558513e+000" type="0"/>
    <Peak1D F1="1.300016" intensity="9.735301e+000" type="0"/>
    <Peak1D F1="1.295510" intensity="1.064519e+001" type="0"/>
    <Peak1D F1="1.283010" intensity="4.494536e+000" type="0"/>
    <Peak1D F1="1.265108" intensity="1.864156e+000" type="0"/>
    <Peak1D F1="1.252704" intensity="5.947741e-001" type="0"/>
    <Peak1D F1="1.235272" intensity="3.836615e-001" type="0"/>
    <Peak1D F1="1.222296" intensity="1.953563e-001" type="0"/>
    <Peak1D F1="1.215860" intensity="1.568494e-001" type="0"/>
    <Peak1D F1="1.202256" intensity="4.017084e-001" type="0"/>
    <Peak1D F1="1.187010" intensity="9.115012e-001" type="0"/>
    <Peak1D F1="1.168922" intensity="1.400312e+000" type="0"/>
    <Peak1D F1="1.150998" intensity="1.525314e+000" type="0"/>
    <Peak1D F1="1.135863" intensity="9.273149e-001" type="0"/>
    <Peak1D F1="1.118434" intensity="6.315385e-001" type="0"/>
    <Peak1D F1="1.106448" intensity="5.009568e-001" type="0"/>
    <Peak1D F1="1.100926" intensity="4.573382e-001" type="0"/>
    <Peak1D F1="1.092451" intensity="4.470457e-001" type="0"/>
    <Peak1D F1="1.087297" intensity="5.278489e-001" type="0"/>
    <Peak1D F1="1.076352" intensity="5.190067e-001" type="0"/>
    <Peak1D F1="1.067701" intensity="3.984456e-001" type="0"/>
    <Peak1D F1="1.057190" intensity="4.556915e-001" type="0"/>
    <Peak1D F1="1.037997" intensity="2.480613e-001" type="0"/>
    <Peak1D F1="1.002275" intensity="3.538263e+000" type="0"/>
    <Peak1D F1="0.985739" intensity="3.371907e+000" type="0"/>
    <Peak1D F1="0.928221" intensity="6.244611e+000" type="0"/>
    <Peak1D F1="0.911621" intensity="1.500000e+001" type="0"/>
    <Peak1D F1="0.903769" intensity="8.153731e+000" type="0"/>
    <Peak1D F1="0.899759" intensity="6.876117e+000" type="0"/>
    <Peak1D F1="0.894275" intensity="7.377577e+000" type="0"/>
    <Peak1D F1="0.884847" intensity="1.021557e+001" type="0"/>
    <Peak1D F1="0.880064" intensity="5.914076e+000" type="0"/>
    <Peak1D F1="0.863578" intensity="4.828186e+000" type="0"/>
    <Peak1D F1="0.829197" intensity="8.294805e-002" type="0"/>
    <Peak1D F1="0.771267" intensity="5.371214e-002" type="0"/>
    <Peak1D F1="0.754262" intensity="1.043640e-001" type="0"/>
    <Peak1D F1="0.746495" intensity="5.665804e-002" type="0"/>
    <Peak1D F1="0.736762" intensity="5.756130e-002" type="0"/>
    <Peak1D F1="0.727668" intensity="6.986983e-002" type="0"/>
    <Peak1D F1="0.706827" intensity="3.570674e-002" type="0"/>
    <Peak1D F1="0.620314" intensity="5.934479e-003" type="0"/>
    <Peak1D F1="0.551452" intensity="4.192807e-003" type="0"/>
    <Peak1D F1="0.451550" intensity="2.963968e-003" type="0"/>
    <Peak1D F1="0.424225" intensity="2.622475e-003" type="0"/>
    <Peak1D F1="0.395935" intensity="2.441728e-003" type="0"/>
    <Peak1D F1="0.371687" intensity="2.141177e-003" type="0"/>
    <Peak1D F1="0.347561" intensity="2.065756e-003" type="0"/>
    <Peak1D F1="0.232961" intensity="1.575205e-003" type="0"/>
    <Peak1D F1="0.177164" intensity="1.374508e-003" type="0"/>
    <Peak1D F1="0.098645" intensity="2.075445e-003" type="0"/>
    <Peak1D F1="0.080293" intensity="1.198107e-003" type="0"/>
    <Peak1D F1="0.068407" intensity="1.268842e-003" type="0"/>
    <Peak1D F1="0.023786" intensity="9.462722e-004" type="0"/>
    <Peak1D F1="-0.006366" intensity="9.319769e-004" type="0"/>
    <Peak1D F1="-0.053416" intensity="9.417697e-004" type="0"/>
    <Peak1D F1="-0.091369" intensity="8.410845e-004" type="0"/>
    <Peak1D F1="-0.129996" intensity="8.648820e-004" type="0"/>
    <Peak1D F1="-0.200092" intensity="8.109455e-004" type="0"/>
    <Peak1D F1="-0.238020" intensity="7.174227e-004" type="0"/>
    <Peak1D F1="-0.303658" intensity="7.624504e-004" type="0"/>
    <Peak1D F1="-3.403252" intensity="7.020697e-004" type="0"/>
  </PeakList1D>
</PeakList>
