<?xml version="1.0" encoding="UTF-8"?>
<PeakList>
  <PeakList1D>
    <PeakList1DHeader creator="nmrsu" date="2023-08-03T12:07:45.164-05:00" expNo="1295710" name="Aug03-2023" owner="" procNo="1" source="G:/data/chem-synthesis-summer-a-team2/nmr">
      <PeakPickDetails>F1=16.187771ppm, F2=-3.837772ppm, MI=0.00cm, MAXI=10000.00cm, PC=1.000
      </PeakPickDetails>
    </PeakList1DHeader>
    <Peak1D F1="7.283530" intensity="5.958098e-001" type="0"/>
    <Peak1D F1="5.905889" intensity="1.874395e-002" type="0"/>
    <Peak1D F1="5.828310" intensity="1.649749e-002" type="0"/>
    <Peak1D F1="5.618345" intensity="5.760749e+000" type="0"/>
    <Peak1D F1="5.112468" intensity="3.539219e-002" type="0"/>
    <Peak1D F1="5.073268" intensity="7.168411e-002" type="0"/>
    <Peak1D F1="4.915172" intensity="6.730816e-002" type="0"/>
    <Peak1D F1="4.805979" intensity="6.406152e-002" type="0"/>
    <Peak1D F1="4.400270" intensity="3.121675e-002" type="0"/>
    <Peak1D F1="4.382546" intensity="3.304567e-002" type="0"/>
    <Peak1D F1="4.236088" intensity="2.303938e+000" type="0"/>
    <Peak1D F1="4.218310" intensity="7.012832e+000" type="0"/>
    <Peak1D F1="4.200511" intensity="7.287440e+000" type="0"/>
    <Peak1D F1="4.182683" intensity="2.713624e+000" type="0"/>
    <Peak1D F1="4.163274" intensity="2.070838e-001" type="0"/>
    <Peak1D F1="4.142577" intensity="9.899095e-002" type="0"/>
    <Peak1D F1="4.124498" intensity="7.772042e-002" type="0"/>
    <Peak1D F1="4.030818" intensity="5.767950e-002" type="0"/>
    <Peak1D F1="4.013059" intensity="5.737537e-002" type="0"/>
    <Peak1D F1="3.675850" intensity="8.912386e-002" type="0"/>
    <Peak1D F1="3.189809" intensity="5.492996e-002" type="0"/>
    <Peak1D F1="3.024582" intensity="1.450751e+001" type="0"/>
    <Peak1D F1="2.971989" intensity="9.195611e-002" type="0"/>
    <Peak1D F1="2.924948" intensity="4.797963e-002" type="0"/>
    <Peak1D F1="2.854807" intensity="6.316665e-002" type="0"/>
    <Peak1D F1="2.799448" intensity="7.653883e-002" type="0"/>
    <Peak1D F1="2.781624" intensity="7.387327e-002" type="0"/>
    <Peak1D F1="2.664728" intensity="8.338309e-002" type="0"/>
    <Peak1D F1="2.646364" intensity="8.453029e-002" type="0"/>
    <Peak1D F1="2.577182" intensity="8.549083e-002" type="0"/>
    <Peak1D F1="2.554985" intensity="6.737511e-002" type="0"/>
    <Peak1D F1="2.535511" intensity="4.086456e-002" type="0"/>
    <Peak1D F1="2.471809" intensity="6.337776e-002" type="0"/>
    <Peak1D F1="2.182599" intensity="5.301162e-002" type="0"/>
    <Peak1D F1="2.055099" intensity="1.773216e-001" type="0"/>
    <Peak1D F1="1.953530" intensity="1.123426e-001" type="0"/>
    <Peak1D F1="1.912706" intensity="1.528528e-001" type="0"/>
    <Peak1D F1="1.875603" intensity="2.355894e-001" type="0"/>
    <Peak1D F1="1.855458" intensity="2.874182e-001" type="0"/>
    <Peak1D F1="1.767922" intensity="2.972753e-001" type="0"/>
    <Peak1D F1="1.753282" intensity="3.379490e-001" type="0"/>
    <Peak1D F1="1.707835" intensity="6.812982e-001" type="0"/>
    <Peak1D F1="1.624903" intensity="1.884566e-001" type="0"/>
    <Peak1D F1="1.537440" intensity="1.482236e-001" type="0"/>
    <Peak1D F1="1.519970" intensity="1.601740e-001" type="0"/>
    <Peak1D F1="1.508664" intensity="1.500245e-001" type="0"/>
    <Peak1D F1="1.438769" intensity="2.373950e-001" type="0"/>
    <Peak1D F1="1.420756" intensity="2.202940e-001" type="0"/>
    <Peak1D F1="1.402569" intensity="1.619793e-001" type="0"/>
    <Peak1D F1="1.379203" intensity="1.563714e-001" type="0"/>
    <Peak1D F1="1.346505" intensity="4.039441e-001" type="0"/>
    <Peak1D F1="1.315034" intensity="7.019153e-001" type="0"/>
    <Peak1D F1="1.296153" intensity="1.239836e+000" type="0"/>
    <Peak1D F1="1.281213" intensity="8.900166e+000" type="0"/>
    <Peak1D F1="1.263561" intensity="1.500000e+001" type="0"/>
    <Peak1D F1="1.245756" intensity="7.412679e+000" type="0"/>
    <Peak1D F1="1.186980" intensity="1.134098e-001" type="0"/>
    <Peak1D F1="1.169732" intensity="1.437977e-001" type="0"/>
    <Peak1D F1="1.152037" intensity="1.570225e-001" type="0"/>
    <Peak1D F1="1.126049" intensity="2.734279e-001" type="0"/>
    <Peak1D F1="1.110567" intensity="2.650598e-001" type="0"/>
    <Peak1D F1="1.102480" intensity="1.824034e-001" type="0"/>
    <Peak1D F1="1.085267" intensity="1.273809e-001" type="0"/>
    <Peak1D F1="1.058648" intensity="9.224939e-002" type="0"/>
    <Peak1D F1="1.039671" intensity="8.153212e-002" type="0"/>
    <Peak1D F1="0.986433" intensity="4.571134e-001" type="0"/>
    <Peak1D F1="0.969861" intensity="4.440608e-001" type="0"/>
    <Peak1D F1="0.948526" intensity="1.308806e-001" type="0"/>
    <Peak1D F1="0.930237" intensity="2.183023e-001" type="0"/>
    <Peak1D F1="0.911563" intensity="8.579345e-001" type="0"/>
    <Peak1D F1="0.895421" intensity="1.785597e+000" type="0"/>
    <Peak1D F1="0.886935" intensity="1.005643e+000" type="0"/>
    <Peak1D F1="0.878083" intensity="9.969348e-001" type="0"/>
    <Peak1D F1="0.868213" intensity="1.224179e+000" type="0"/>
    <Peak1D F1="0.847592" intensity="6.129227e-001" type="0"/>
  </PeakList1D>
</PeakList>
