<?xml version="1.0" encoding="UTF-8"?>
<PeakList>
  <PeakList1D>
    <PeakList1DHeader creator="nmrsu" date="2023-07-27T05:36:47.987-05:00" expNo="1273110" name="Jul26-2023" owner="" procNo="1" source="G:/data/chem-synthesis-summer-a-team3/nmr">
      <PeakPickDetails>F1=219.460297ppm, F2=-19.460289ppm, MI=0.00cm, MAXI=10000.00cm, PC=1.400
      </PeakPickDetails>
    </PeakList1DHeader>
    <Peak1D F1="171.479050" intensity="5.676313e-001" type="0"/>
    <Peak1D F1="142.848999" intensity="1.359700e+000" type="0"/>
    <Peak1D F1="138.194855" intensity="7.439692e-001" type="0"/>
    <Peak1D F1="137.536636" intensity="7.048529e-001" type="0"/>
    <Peak1D F1="137.288925" intensity="6.768693e-001" type="0"/>
    <Peak1D F1="129.746445" intensity="2.004517e+000" type="0"/>
    <Peak1D F1="129.548599" intensity="6.542469e+000" type="0"/>
    <Peak1D F1="128.186600" intensity="1.940194e+000" type="0"/>
    <Peak1D F1="127.040344" intensity="8.773081e+000" type="0"/>
    <Peak1D F1="126.931564" intensity="2.333399e+000" type="0"/>
    <Peak1D F1="123.162758" intensity="1.989493e+000" type="0"/>
    <Peak1D F1="77.324745" intensity="9.773523e+000" type="0"/>
    <Peak1D F1="77.007133" intensity="9.802879e+000" type="0"/>
    <Peak1D F1="76.689316" intensity="9.670328e+000" type="0"/>
    <Peak1D F1="41.991440" intensity="7.556931e+000" type="0"/>
    <Peak1D F1="41.353352" intensity="1.521764e+000" type="0"/>
    <Peak1D F1="36.081417" intensity="2.982741e+000" type="0"/>
    <Peak1D F1="34.658394" intensity="4.666873e+000" type="0"/>
    <Peak1D F1="34.510960" intensity="1.531266e+000" type="0"/>
    <Peak1D F1="31.581461" intensity="1.500000e+001" type="0"/>
    <Peak1D F1="29.051886" intensity="6.565856e+000" type="0"/>
    <Peak1D F1="27.661928" intensity="9.808733e-001" type="0"/>
    <Peak1D F1="25.261688" intensity="4.632312e+000" type="0"/>
    <Peak1D F1="22.635733" intensity="1.431632e+001" type="0"/>
    <Peak1D F1="22.565212" intensity="2.537095e+000" type="0"/>
    <Peak1D F1="21.398237" intensity="2.207784e+000" type="0"/>
    <Peak1D F1="21.316238" intensity="9.753098e-001" type="0"/>
    <Peak1D F1="20.647007" intensity="2.471135e+000" type="0"/>
    <Peak1D F1="20.424837" intensity="9.923560e-001" type="0"/>
    <Peak1D F1="19.385033" intensity="3.461061e-001" type="0"/>
    <Peak1D F1="18.711786" intensity="2.847133e+000" type="0"/>
    <Peak1D F1="14.257555" intensity="1.173267e+000" type="0"/>
    <Peak1D F1="14.108668" intensity="7.537448e+000" type="0"/>
    <Peak1D F1="14.052303" intensity="1.226249e+001" type="0"/>
    <Peak1D F1="11.365438" intensity="4.825799e+000" type="0"/>
  </PeakList1D>
</PeakList>
