<?xml version="1.0" encoding="UTF-8"?>
<PeakList>
  <PeakList1D>
    <PeakList1DHeader creator="nmrsu" date="2023-07-27T11:00:19.113-05:00" expNo="1273610" name="Jul27-2023" owner="" procNo="1" source="G:/data/chem-synthesis-summer-a-team1/nmr">
      <PeakPickDetails>F1=219.460297ppm, F2=-19.460289ppm, MI=0.00cm, MAXI=10000.00cm, PC=1.400
      </PeakPickDetails>
    </PeakList1DHeader>
    <Peak1D F1="189.385666" intensity="2.689323e+000" type="0"/>
    <Peak1D F1="161.888977" intensity="2.989418e+000" type="0"/>
    <Peak1D F1="145.273346" intensity="5.751627e+000" type="0"/>
    <Peak1D F1="137.269791" intensity="2.683339e+000" type="0"/>
    <Peak1D F1="131.860504" intensity="1.500000e+001" type="0"/>
    <Peak1D F1="130.342361" intensity="1.177778e+001" type="0"/>
    <Peak1D F1="129.957581" intensity="1.401226e+001" type="0"/>
    <Peak1D F1="127.595932" intensity="2.773215e+000" type="0"/>
    <Peak1D F1="127.458275" intensity="2.703265e+000" type="0"/>
    <Peak1D F1="119.191986" intensity="5.018374e+000" type="0"/>
    <Peak1D F1="114.498329" intensity="1.477623e+001" type="0"/>
    <Peak1D F1="77.344566" intensity="2.509845e+001" type="0"/>
    <Peak1D F1="77.027496" intensity="2.548837e+001" type="0"/>
    <Peak1D F1="76.709526" intensity="2.524109e+001" type="0"/>
    <Peak1D F1="55.440643" intensity="6.741074e+000" type="0"/>
  </PeakList1D>
</PeakList>
