<?xml version="1.0" encoding="UTF-8"?>
<PeakList>
  <PeakList1D>
    <PeakList1DHeader creator="chemist" date="2019-01-24T12:24:29.229+00:00" expNo="10" name="Z144418" owner="" procNo="1" source="f:\data\chemist\nmr\">
      <PeakPickDetails>F1=15.000ppm, F2=-0.100ppm, MI=0.50cm, MAXI=80.00cm, PC=1.000
      </PeakPickDetails>
    </PeakList1DHeader>
    <Peak1D F1="7.9714" intensity="4.355848e+000" type="0"/>
    <Peak1D F1="7.9507" intensity="4.722983e+000" type="0"/>
    <Peak1D F1="7.4677" intensity="4.451988e+000" type="0"/>
    <Peak1D F1="7.4470" intensity="4.032076e+000" type="0"/>
    <Peak1D F1="7.2852" intensity="7.428365e+000" type="0"/>
    <Peak1D F1="7.1206" intensity="3.781696e+000" type="0"/>
    <Peak1D F1="7.0992" intensity="4.516480e+000" type="0"/>
    <Peak1D F1="6.8859" intensity="6.845189e-001" type="0"/>
    <Peak1D F1="6.8791" intensity="4.868122e+000" type="0"/>
    <Peak1D F1="6.8577" intensity="4.050206e+000" type="0"/>
    <Peak1D F1="4.9695" intensity="5.753583e-001" type="0"/>
    <Peak1D F1="4.9587" intensity="7.542097e-001" type="0"/>
    <Peak1D F1="4.9505" intensity="1.058488e+000" type="0"/>
    <Peak1D F1="4.9428" intensity="7.607182e-001" type="0"/>
    <Peak1D F1="4.9313" intensity="6.008310e-001" type="0"/>
    <Peak1D F1="3.8215" intensity="1.978550e+001" type="0"/>
    <Peak1D F1="3.0538" intensity="8.342294e-001" type="0"/>
    <Peak1D F1="3.0417" intensity="8.685400e-001" type="0"/>
    <Peak1D F1="3.0193" intensity="1.707354e+000" type="0"/>
    <Peak1D F1="3.0072" intensity="1.668515e+000" type="0"/>
    <Peak1D F1="2.9585" intensity="1.798374e+000" type="0"/>
    <Peak1D F1="2.9375" intensity="1.703490e+000" type="0"/>
    <Peak1D F1="2.9240" intensity="8.912257e-001" type="0"/>
    <Peak1D F1="2.9030" intensity="8.817252e-001" type="0"/>
    <Peak1D F1="2.6311" intensity="2.000000e+001" type="0"/>
    <Peak1D F1="2.0463" intensity="1.975360e+000" type="0"/>
    <Peak1D F1="2.0390" intensity="1.931691e+000" type="0"/>
    <Peak1D F1="1.5818" intensity="2.836617e+000" type="0"/>
  </PeakList1D>
</PeakList>
