<?xml version="1.0" encoding="UTF-8"?>
<PeakList>
  <PeakList1D>
    <PeakList1DHeader creator="JRomeo" date="2020-01-07T16:01:46" expNo="4" name="1LM19_2" owner="" procNo="1" source="C:\Bruker\TOPSPIN">
      <PeakPickDetails>F1=148.037ppm, F2=117.833ppm, MI=0.80cm, MAXI=14.47cm, PC=1.400
      </PeakPickDetails>
    </PeakList1DHeader>
    <Peak1D F1="136.5864" intensity="1.77" type="0"/>
    <Peak1D F1="133.2375" intensity="1.77" type="0"/>
    <Peak1D F1="132.9822" intensity="2.59" type="0"/>
    <Peak1D F1="127.9055" intensity="9.97" type="0"/>
    <Peak1D F1="127.6891" intensity="2.16" type="0"/>
    <Peak1D F1="127.673" intensity="4.42" type="0"/>
    <Peak1D F1="126.9022" intensity="3.28" type="0"/>
    <Peak1D F1="126.8205" intensity="1.51" type="0"/>
    <Peak1D F1="126.6417" intensity="3.56" type="0"/>
    <Peak1D F1="126.56" intensity="1.49" type="0"/>
    <Peak1D F1="125.967" intensity="1.71" type="0"/>
    <Peak1D F1="125.9087" intensity="4.16" type="0"/>
    <Peak1D F1="125.7607" intensity="1.49" type="0"/>
    <Peak1D F1="125.7003" intensity="3.69" type="0"/>
  </PeakList1D>
  <PeakList1D>
    <PeakList1DHeader creator="JRomeo" date="2020-01-07T16:01:46" expNo="4" name="1LM19_2" owner="" procNo="1" source="C:\Bruker\TOPSPIN">
      <PeakPickDetails>F1=106.706ppm, F2=85.643ppm, MI=0.94cm, MAXI=7.44cm, PC=1.400
      </PeakPickDetails>
    </PeakList1DHeader>
    <Peak1D F1="94.5932" intensity="1.71" type="0"/>
    <Peak1D F1="92.7256" intensity="4.25" type="0"/>
  </PeakList1D>
  <PeakList1D>
    <PeakList1DHeader creator="JRomeo" date="2020-01-07T16:01:46" expNo="4" name="1LM19_2" owner="" procNo="1" source="C:\Bruker\TOPSPIN">
      <PeakPickDetails>F1=82.066ppm, F2=78.489ppm, MI=1.61cm, MAXI=9.11cm, PC=1.400
      </PeakPickDetails>
    </PeakList1DHeader>
    <Peak1D F1="78.8714" intensity="2.66" type="0"/>
  </PeakList1D>
  <PeakList1D>
    <PeakList1DHeader creator="JRomeo" date="2020-01-07T16:01:46" expNo="4" name="1LM19_2" owner="" procNo="1" source="C:\Bruker\TOPSPIN">
      <PeakPickDetails>F1=77.825ppm, F2=77.486ppm, MI=0.61cm, MAXI=1.49cm, PC=1.400
      </PeakPickDetails>
    </PeakList1DHeader>
    <Peak1D F1="77.6095" intensity="1.19" type="0"/>
  </PeakList1D>
  <PeakList1D>
    <PeakList1DHeader creator="JRomeo" date="2020-01-07T16:01:46" expNo="4" name="1LM19_2" owner="" procNo="1" source="C:\Bruker\TOPSPIN">
      <PeakPickDetails>F1=75.563ppm, F2=62.724ppm, MI=0.37cm, MAXI=5.63cm, PC=1.400
      </PeakPickDetails>
    </PeakList1DHeader>
    <Peak1D F1="75.0526" intensity="1.69" type="0"/>
    <Peak1D F1="74.8636" intensity="4.04" type="0"/>
    <Peak1D F1="71.9156" intensity="1.45" type="0"/>
    <Peak1D F1="70.9709" intensity="1.7" type="0"/>
    <Peak1D F1="68.445" intensity="3.7" type="0"/>
    <Peak1D F1="66.8738" intensity="3.64" type="0"/>
  </PeakList1D>
  <PeakList1D>
    <PeakList1DHeader creator="JRomeo" date="2020-01-07T16:01:46" expNo="4" name="1LM19_2" owner="" procNo="1" source="C:\Bruker\TOPSPIN">
      <PeakPickDetails>F1=41.458ppm, F2=-7.240ppm, MI=0.61cm, MAXI=22.24cm, PC=1.400
      </PeakPickDetails>
    </PeakList1DHeader>
    <Peak1D F1="38.0762" intensity="1.37" type="0"/>
    <Peak1D F1="33.8496" intensity="3.24" type="0"/>
    <Peak1D F1="25.9515" intensity="15.0" type="0"/>
    <Peak1D F1="25.8929" intensity="6.3" type="0"/>
    <Peak1D F1="18.1368" intensity="2.51" type="0"/>
    <Peak1D F1="18.1208" intensity="1.21" type="0"/>
    <Peak1D F1="17.4162" intensity="4.31" type="0"/>
    <Peak1D F1="17.2872" intensity="1.71" type="0"/>
    <Peak1D F1="-4.4649" intensity="1.66" type="0"/>
    <Peak1D F1="-4.5055" intensity="4.01" type="0"/>
    <Peak1D F1="-4.6309" intensity="4.02" type="0"/>
    <Peak1D F1="-4.6814" intensity="1.82" type="0"/>
  </PeakList1D>
</PeakList>
