{"IFD.version":"0.1.0-beta+2025.07.24",
"FAIRSpec.extractor.version":"0.1.0-beta+2025.07.24",
"FAIRSpec.extractor.code":"https://github.com/IUPAC/IUPAC-FAIRSpec/blob/main/src/main/java/com/integratedgraphics/extractor/IFDExtractor.java",
"FAIRSpec.extractor.creation_date":"17 Aug 2025 02:45:11 GMT",
"FAIRSpec.extractor.script":"IFD-extract.json",
"FAIRSpec.extractor.sources":
["file:///c:/temp/iupac/acs/zip/22195341.zip"
],
"FAIRSpec.extractor.list_type":"manifest",
"FAIRSpec.extractor.list_fileCount":203,
"FAIRSpec.extractor.list_byteCount":28999781,
"FAIRSpec.extractor.list":
[
"22195341/NMR_DATA_product_3a-C.mnova",
"22195341/NMR_DATA_product_3a-C.mnova_page1.cdx",
"22195341/NMR_DATA_product_3a-C.mnova_page1.cdx.mol",
"22195341/NMR_DATA_product_3a-C.mnova_page1.cdx.png",
"22195341/NMR_DATA_product_3a-C.mnova_page1.png",
"22195341/NMR_DATA_product_3a-H.mnova",
"22195341/NMR_DATA_product_3aa-C.mnova",
"22195341/NMR_DATA_product_3aa-C.mnova_page1.cdx",
"22195341/NMR_DATA_product_3aa-C.mnova_page1.cdx.mol",
"22195341/NMR_DATA_product_3aa-C.mnova_page1.cdx.png",
"22195341/NMR_DATA_product_3aa-C.mnova_page1.png",
"22195341/NMR_DATA_product_3aa-H.mnova",
"22195341/NMR_DATA_product_3ar+3ar'.mnova",
"22195341/NMR_DATA_product_3ar+3ar'.mnova_page1.cdx",
"22195341/NMR_DATA_product_3ar+3ar'.mnova_page1.cdx.mol",
"22195341/NMR_DATA_product_3ar+3ar'.mnova_page1.cdx.png",
"22195341/NMR_DATA_product_3ar+3ar'.mnova_page1.png",
"22195341/NMR_DATA_product_3b-C.mnova",
"22195341/NMR_DATA_product_3b-C.mnova_page1.cdx",
"22195341/NMR_DATA_product_3b-C.mnova_page1.cdx.mol",
"22195341/NMR_DATA_product_3b-C.mnova_page1.cdx.png",
"22195341/NMR_DATA_product_3b-C.mnova_page1.png",
"22195341/NMR_DATA_product_3b-H.mnova",
"22195341/NMR_DATA_product_3c-C.mnova",
"22195341/NMR_DATA_product_3c-C.mnova_page1.cdx",
"22195341/NMR_DATA_product_3c-C.mnova_page1.cdx.mol",
"22195341/NMR_DATA_product_3c-C.mnova_page1.cdx.png",
"22195341/NMR_DATA_product_3c-C.mnova_page1.png",
"22195341/NMR_DATA_product_3c-H.mnova",
"22195341/NMR_DATA_product_3d-C.mnova",
"22195341/NMR_DATA_product_3d-C.mnova_page1.cdx",
"22195341/NMR_DATA_product_3d-C.mnova_page1.cdx.mol",
"22195341/NMR_DATA_product_3d-C.mnova_page1.cdx.png",
"22195341/NMR_DATA_product_3d-C.mnova_page1.png",
"22195341/NMR_DATA_product_3d-H.mnova",
"22195341/NMR_DATA_product_3e-C.mnova",
"22195341/NMR_DATA_product_3e-C.mnova_page1.cdx",
"22195341/NMR_DATA_product_3e-C.mnova_page1.cdx.mol",
"22195341/NMR_DATA_product_3e-C.mnova_page1.cdx.png",
"22195341/NMR_DATA_product_3e-C.mnova_page1.png",
"22195341/NMR_DATA_product_3e-H.mnova",
"22195341/NMR_DATA_product_3f-C.mnova",
"22195341/NMR_DATA_product_3f-C.mnova_page1.cdx",
"22195341/NMR_DATA_product_3f-C.mnova_page1.cdx.mol",
"22195341/NMR_DATA_product_3f-C.mnova_page1.cdx.png",
"22195341/NMR_DATA_product_3f-C.mnova_page1.png",
"22195341/NMR_DATA_product_3f-H.mnova",
"22195341/NMR_DATA_product_3g-C.mnova",
"22195341/NMR_DATA_product_3g-C.mnova_page1.cdx",
"22195341/NMR_DATA_product_3g-C.mnova_page1.cdx.mol",
"22195341/NMR_DATA_product_3g-C.mnova_page1.cdx.png",
"22195341/NMR_DATA_product_3g-C.mnova_page1.png",
"22195341/NMR_DATA_product_3g-H.mnova",
"22195341/NMR_DATA_product_3h-C.mnova",
"22195341/NMR_DATA_product_3h-C.mnova_page1.cdx",
"22195341/NMR_DATA_product_3h-C.mnova_page1.cdx.mol",
"22195341/NMR_DATA_product_3h-C.mnova_page1.png",
"22195341/NMR_DATA_product_3h-H.mnova",
"22195341/NMR_DATA_product_3i-C.mnova",
"22195341/NMR_DATA_product_3i-C.mnova_page1.cdx",
"22195341/NMR_DATA_product_3i-C.mnova_page1.cdx.mol",
"22195341/NMR_DATA_product_3i-C.mnova_page1.cdx.png",
"22195341/NMR_DATA_product_3i-C.mnova_page1.png",
"22195341/NMR_DATA_product_3i-H.mnova",
"22195341/NMR_DATA_product_3j-C.mnova",
"22195341/NMR_DATA_product_3j-C.mnova_page1.cdx",
"22195341/NMR_DATA_product_3j-C.mnova_page1.cdx.mol",
"22195341/NMR_DATA_product_3j-C.mnova_page1.cdx.png",
"22195341/NMR_DATA_product_3j-C.mnova_page1.png",
"22195341/NMR_DATA_product_3j-H.mnova",
"22195341/NMR_DATA_product_3k-C.mnova",
"22195341/NMR_DATA_product_3k-C.mnova_page1.cdx",
"22195341/NMR_DATA_product_3k-C.mnova_page1.cdx.mol",
"22195341/NMR_DATA_product_3k-C.mnova_page1.cdx.png",
"22195341/NMR_DATA_product_3k-C.mnova_page1.png",
"22195341/NMR_DATA_product_3k-H.mnova",
"22195341/NMR_DATA_product_3l-C.mnova",
"22195341/NMR_DATA_product_3l-C.mnova_page1.cdx",
"22195341/NMR_DATA_product_3l-C.mnova_page1.cdx.mol",
"22195341/NMR_DATA_product_3l-C.mnova_page1.cdx.png",
"22195341/NMR_DATA_product_3l-C.mnova_page1.png",
"22195341/NMR_DATA_product_3l-H.mnova",
"22195341/NMR_DATA_product_3m-C.mnova",
"22195341/NMR_DATA_product_3m-C.mnova_page1.cdx",
"22195341/NMR_DATA_product_3m-C.mnova_page1.cdx.mol",
"22195341/NMR_DATA_product_3m-C.mnova_page1.cdx.png",
"22195341/NMR_DATA_product_3m-C.mnova_page1.png",
"22195341/NMR_DATA_product_3m-H.mnova",
"22195341/NMR_DATA_product_3n-C.mnova",
"22195341/NMR_DATA_product_3n-C.mnova_page1.cdx",
"22195341/NMR_DATA_product_3n-C.mnova_page1.cdx.mol",
"22195341/NMR_DATA_product_3n-C.mnova_page1.cdx.png",
"22195341/NMR_DATA_product_3n-C.mnova_page1.png",
"22195341/NMR_DATA_product_3n-H.mnova",
"22195341/NMR_DATA_product_3n-H.mnova_page1.png",
"22195341/NMR_DATA_product_3o-C.mnova",
"22195341/NMR_DATA_product_3o-C.mnova_page1.cdx",
"22195341/NMR_DATA_product_3o-C.mnova_page1.cdx.mol",
"22195341/NMR_DATA_product_3o-C.mnova_page1.cdx.png",
"22195341/NMR_DATA_product_3o-C.mnova_page1.png",
"22195341/NMR_DATA_product_3o-H.mnova",
"22195341/NMR_DATA_product_3p-C.mnova",
"22195341/NMR_DATA_product_3p-C.mnova_page1.cdx",
"22195341/NMR_DATA_product_3p-C.mnova_page1.cdx.mol",
"22195341/NMR_DATA_product_3p-C.mnova_page1.cdx.png",
"22195341/NMR_DATA_product_3p-C.mnova_page1.png",
"22195341/NMR_DATA_product_3p-H.mnova",
"22195341/NMR_DATA_product_3q-C.mnova",
"22195341/NMR_DATA_product_3q-C.mnova_page1.cdx",
"22195341/NMR_DATA_product_3q-C.mnova_page1.cdx.mol",
"22195341/NMR_DATA_product_3q-C.mnova_page1.cdx.png",
"22195341/NMR_DATA_product_3q-C.mnova_page1.png",
"22195341/NMR_DATA_product_3q-H.mnova",
"22195341/NMR_DATA_product_3r-C.mnova",
"22195341/NMR_DATA_product_3r-C.mnova_page1.cdx",
"22195341/NMR_DATA_product_3r-C.mnova_page1.cdx.mol",
"22195341/NMR_DATA_product_3r-C.mnova_page1.cdx.png",
"22195341/NMR_DATA_product_3r-C.mnova_page1.png",
"22195341/NMR_DATA_product_3r-H.mnova",
"22195341/NMR_DATA_product_3s-C.mnova",
"22195341/NMR_DATA_product_3s-C.mnova_page1.cdx",
"22195341/NMR_DATA_product_3s-C.mnova_page1.cdx.mol",
"22195341/NMR_DATA_product_3s-C.mnova_page1.cdx.png",
"22195341/NMR_DATA_product_3s-C.mnova_page1.png",
"22195341/NMR_DATA_product_3s-H.mnova",
"22195341/NMR_DATA_product_3t-C.mnova",
"22195341/NMR_DATA_product_3t-C.mnova_page1.cdx",
"22195341/NMR_DATA_product_3t-C.mnova_page1.cdx.mol",
"22195341/NMR_DATA_product_3t-C.mnova_page1.cdx.png",
"22195341/NMR_DATA_product_3t-C.mnova_page1.png",
"22195341/NMR_DATA_product_3t-H.mnova",
"22195341/NMR_DATA_product_3u-C.mnova",
"22195341/NMR_DATA_product_3u-C.mnova_page1.cdx",
"22195341/NMR_DATA_product_3u-C.mnova_page1.cdx.mol",
"22195341/NMR_DATA_product_3u-C.mnova_page1.cdx.png",
"22195341/NMR_DATA_product_3u-C.mnova_page1.png",
"22195341/NMR_DATA_product_3u-H.mnova",
"22195341/NMR_DATA_product_3v-C.mnova",
"22195341/NMR_DATA_product_3v-C.mnova_page1.cdx",
"22195341/NMR_DATA_product_3v-C.mnova_page1.cdx.mol",
"22195341/NMR_DATA_product_3v-C.mnova_page1.cdx.png",
"22195341/NMR_DATA_product_3v-C.mnova_page1.png",
"22195341/NMR_DATA_product_3v-H.mnova",
"22195341/NMR_DATA_product_3w-C.mnova",
"22195341/NMR_DATA_product_3w-C.mnova_page1.cdx",
"22195341/NMR_DATA_product_3w-C.mnova_page1.cdx.mol",
"22195341/NMR_DATA_product_3w-C.mnova_page1.cdx.png",
"22195341/NMR_DATA_product_3w-C.mnova_page1.png",
"22195341/NMR_DATA_product_3w-H.mnova",
"22195341/NMR_DATA_product_3x-C.mnova",
"22195341/NMR_DATA_product_3x-C.mnova_page1.cdx",
"22195341/NMR_DATA_product_3x-C.mnova_page1.cdx.mol",
"22195341/NMR_DATA_product_3x-C.mnova_page1.cdx.png",
"22195341/NMR_DATA_product_3x-C.mnova_page1.png",
"22195341/NMR_DATA_product_3x-H.mnova",
"22195341/NMR_DATA_product_3y-C.mnova",
"22195341/NMR_DATA_product_3y-C.mnova_page1.cdx",
"22195341/NMR_DATA_product_3y-C.mnova_page1.cdx.mol",
"22195341/NMR_DATA_product_3y-C.mnova_page1.cdx.png",
"22195341/NMR_DATA_product_3y-C.mnova_page1.png",
"22195341/NMR_DATA_product_3y-H.mnova",
"22195341/NMR_DATA_product_3z-C.mnova",
"22195341/NMR_DATA_product_3z-C.mnova_page1.cdx",
"22195341/NMR_DATA_product_3z-C.mnova_page1.cdx.mol",
"22195341/NMR_DATA_product_3z-C.mnova_page1.cdx.png",
"22195341/NMR_DATA_product_3z-C.mnova_page1.png",
"22195341/NMR_DATA_product_3z-H.mnova",
"22195341/NMR_DATA_product_4-H.mnova",
"22195341/NMR_DATA_product_4-H.mnova_page1.cdx",
"22195341/NMR_DATA_product_4-H.mnova_page1.cdx.mol",
"22195341/NMR_DATA_product_4-H.mnova_page1.cdx.png",
"22195341/NMR_DATA_product_4-H.mnova_page1.png",
"22195341/NMR_DATA_product_5-C.mnova",
"22195341/NMR_DATA_product_5-C.mnova_page1.cdx",
"22195341/NMR_DATA_product_5-C.mnova_page1.cdx.mol",
"22195341/NMR_DATA_product_5-C.mnova_page1.cdx.png",
"22195341/NMR_DATA_product_5-C.mnova_page1.png",
"22195341/NMR_DATA_product_5-H.mnova",
"22195341/NMR_DATA_product_5-H.mnova_page1.png",
"22195341/NMR_DATA_starting_material_1k-C.mnova",
"22195341/NMR_DATA_starting_material_1k-C.mnova_page1.cdx",
"22195341/NMR_DATA_starting_material_1k-C.mnova_page1.cdx.mol",
"22195341/NMR_DATA_starting_material_1k-C.mnova_page1.cdx.png",
"22195341/NMR_DATA_starting_material_1k-C.mnova_page1.png",
"22195341/NMR_DATA_starting_material_1k-H.mnova",
"22195341/NMR_DATA_starting_material_1n-C.mnova",
"22195341/NMR_DATA_starting_material_1n-C.mnova_page1.cdx",
"22195341/NMR_DATA_starting_material_1n-C.mnova_page1.cdx.mol",
"22195341/NMR_DATA_starting_material_1n-C.mnova_page1.cdx.png",
"22195341/NMR_DATA_starting_material_1n-C.mnova_page1.png",
"22195341/NMR_DATA_starting_material_1n-H.mnova",
"22195341/NMR_DATA_starting_material_1o-C.mnova",
"22195341/NMR_DATA_starting_material_1o-C.mnova_page1.cdx",
"22195341/NMR_DATA_starting_material_1o-C.mnova_page1.cdx.mol",
"22195341/NMR_DATA_starting_material_1o-C.mnova_page1.cdx.png",
"22195341/NMR_DATA_starting_material_1o-C.mnova_page1.png",
"22195341/NMR_DATA_starting_material_1o-H.mnova",
"22195341/NMR_DATA_starting_material_1p-C.mnova",
"22195341/NMR_DATA_starting_material_1p-C.mnova_page1.cdx",
"22195341/NMR_DATA_starting_material_1p-C.mnova_page1.cdx.mol",
"22195341/NMR_DATA_starting_material_1p-C.mnova_page1.cdx.png",
"22195341/NMR_DATA_starting_material_1p-C.mnova_page1.png",
"22195341/NMR_DATA_starting_material_1p-H.mnova"
]
}
