{"FAIRSpec.extract.version":"0.2.0-alpha","keys":[
 {"example":"'product' and 'starting materials' directories containing identified mnova files - acs test 5"},
 
 "This collection is a stack of MNOVA files that contain extractable CDX structure files. ",
 "While not ideal, in that it does not retain the original instrument files, it is quite sufficient.",
 "Note that this template illustrates how the extractor can fix an identifier.", 
 "Compound id '3ar+3ar' should be '3ab+3ab'", 
 
 {"journal":"acs.orglett"},{"hash":"0c01022"},
 {"figshareid":"22195341"},

 {"IFDid=IFD.property.collectionset.id":"{journal}.{hash}"},
 {"IFD.property.collectionset.source_publication_uri":"https://doi.org/10.1021/{IFDid}"},
 {"IFD.property.collectionset.source_data_license_uri":"https://creativecommons.org/licenses/by-nc/4.0"},
 {"IFD.property.collectionset.source_data_license_name":"cc-by-nc-4.0"},
 
 {"#IFD.property.collectionset.source_repository_uri":"https://pubs.acs.org/doi/suppl/10.1021/{IFDid}/suppl_file/ol{hash}_si_002.zip"},
 {"IFD.property.collectionset.source_repository_uri":"https://ndownloader.figshare.com/files/{figshareid}"},
 
	{"FAIRSpec.extractor.replacements":[
		["3ar+3ar'", "3ab+3ab'"]
		]},
			
 {"path":"NMR DATA/*/"},
 
   "matches 'NMR DATA/product/3j-C.mnova' ",
 {"FAIRSpec.extractor.object":"{path}{IFD.representation.dataobject.fairspec.nmr.vendor_dataset::{IFD.property.dataobject.id::{IFD.property.fairspec.compound.id::*}-*}.mnova}"},
 
   "matches NMR DATA/product/3ar+3ar'.mnova ",
 {"FAIRSpec.extractor.object":"{path}{IFD.representation.dataobject.fairspec.nmr.vendor_dataset::{IFD.property.dataobject.id::{IFD.property.fairspec.compound.id::*+*}}.mnova}"}
 
]}