<?xml version="1.0" encoding="UTF-8"?>
<PeakList>
  <PeakList1D>
    <PeakList1DHeader creator="nmrsu" date="2018-09-11T12:44:12.975-03:00" expNo="1" name="2B236_MS241" owner="" procNo="1" source="C:/NMRData/data/marcio_marilia/nmr">
      <PeakPickDetails>F1=15.919ppm, F2=-1.120ppm, MI=0.00cm, MAXI=10000.00cm, PC=1.000
      </PeakPickDetails>
    </PeakList1DHeader>
    <Peak1D F1="14.7333" intensity="3.271467e-003" type="0"/>
    <Peak1D F1="13.0192" intensity="3.308851e-003" type="0"/>
    <Peak1D F1="10.7414" intensity="3.401323e-003" type="0"/>
    <Peak1D F1="10.2437" intensity="3.346217e-003" type="0"/>
    <Peak1D F1="8.3609" intensity="5.946495e-003" type="0"/>
    <Peak1D F1="8.3440" intensity="5.137714e-003" type="0"/>
    <Peak1D F1="8.3317" intensity="4.190763e-003" type="0"/>
    <Peak1D F1="8.2833" intensity="3.935071e-003" type="0"/>
    <Peak1D F1="8.2716" intensity="3.684900e-003" type="0"/>
    <Peak1D F1="8.2155" intensity="3.274948e-003" type="0"/>
    <Peak1D F1="8.2023" intensity="3.434806e-003" type="0"/>
    <Peak1D F1="8.1968" intensity="3.905434e-003" type="0"/>
    <Peak1D F1="8.1871" intensity="4.072966e-003" type="0"/>
    <Peak1D F1="8.1745" intensity="3.792092e-003" type="0"/>
    <Peak1D F1="8.1601" intensity="3.858811e-003" type="0"/>
    <Peak1D F1="8.1375" intensity="4.662760e-003" type="0"/>
    <Peak1D F1="8.1284" intensity="6.377361e-003" type="0"/>
    <Peak1D F1="8.1035" intensity="1.620950e-002" type="0"/>
    <Peak1D F1="8.0745" intensity="8.299659e-003" type="0"/>
    <Peak1D F1="8.0723" intensity="8.981096e-003" type="0"/>
    <Peak1D F1="8.0070" intensity="1.872451e-001" type="0"/>
    <Peak1D F1="7.9654" intensity="1.465099e-002" type="0"/>
    <Peak1D F1="7.9587" intensity="1.100534e-002" type="0"/>
    <Peak1D F1="7.9506" intensity="9.701806e-003" type="0"/>
    <Peak1D F1="7.9368" intensity="1.415381e-002" type="0"/>
    <Peak1D F1="7.9230" intensity="7.432616e-003" type="0"/>
    <Peak1D F1="7.9219" intensity="6.942816e-003" type="0"/>
    <Peak1D F1="7.8968" intensity="1.787022e-002" type="0"/>
    <Peak1D F1="7.8855" intensity="7.723914e-003" type="0"/>
    <Peak1D F1="7.8619" intensity="4.270284e-003" type="0"/>
    <Peak1D F1="7.8502" intensity="3.597384e-003" type="0"/>
    <Peak1D F1="7.8419" intensity="3.930248e-003" type="0"/>
    <Peak1D F1="7.8248" intensity="1.901545e-002" type="0"/>
    <Peak1D F1="7.8060" intensity="2.304593e-002" type="0"/>
    <Peak1D F1="7.7953" intensity="4.145252e-003" type="0"/>
    <Peak1D F1="7.7867" intensity="6.376367e-003" type="0"/>
    <Peak1D F1="7.7289" intensity="3.942822e-003" type="0"/>
    <Peak1D F1="7.7092" intensity="4.874982e-003" type="0"/>
    <Peak1D F1="7.6976" intensity="3.395556e-003" type="0"/>
    <Peak1D F1="7.6877" intensity="4.145204e-003" type="0"/>
    <Peak1D F1="7.6674" intensity="3.561295e-003" type="0"/>
    <Peak1D F1="7.6055" intensity="5.990906e-003" type="0"/>
    <Peak1D F1="7.5977" intensity="5.805087e-003" type="0"/>
    <Peak1D F1="7.5832" intensity="6.157936e-003" type="0"/>
    <Peak1D F1="7.5775" intensity="4.118535e-003" type="0"/>
    <Peak1D F1="7.5313" intensity="4.008813e-001" type="0"/>
    <Peak1D F1="7.5119" intensity="4.394657e-001" type="0"/>
    <Peak1D F1="7.4768" intensity="3.941673e-003" type="0"/>
    <Peak1D F1="7.4631" intensity="2.031456e-002" type="0"/>
    <Peak1D F1="7.4456" intensity="2.246961e-002" type="0"/>
    <Peak1D F1="7.4433" intensity="2.263060e-002" type="0"/>
    <Peak1D F1="7.3911" intensity="3.841020e-003" type="0"/>
    <Peak1D F1="7.3827" intensity="5.355438e-003" type="0"/>
    <Peak1D F1="7.3723" intensity="7.046128e-003" type="0"/>
    <Peak1D F1="7.3615" intensity="1.796213e-002" type="0"/>
    <Peak1D F1="7.3548" intensity="1.232374e-002" type="0"/>
    <Peak1D F1="7.3472" intensity="1.663692e-002" type="0"/>
    <Peak1D F1="7.3386" intensity="7.939881e-003" type="0"/>
    <Peak1D F1="7.3313" intensity="8.621926e-003" type="0"/>
    <Peak1D F1="7.3227" intensity="1.088377e-002" type="0"/>
    <Peak1D F1="7.3041" intensity="1.973904e-002" type="0"/>
    <Peak1D F1="7.2707" intensity="4.180689e-001" type="0"/>
    <Peak1D F1="7.2503" intensity="6.321521e-001" type="0"/>
    <Peak1D F1="7.2347" intensity="2.691075e-002" type="0"/>
    <Peak1D F1="7.2330" intensity="2.926185e-002" type="0"/>
    <Peak1D F1="7.2314" intensity="2.904356e-002" type="0"/>
    <Peak1D F1="7.2264" intensity="1.593170e-002" type="0"/>
    <Peak1D F1="7.2158" intensity="2.164440e-002" type="0"/>
    <Peak1D F1="7.2129" intensity="2.904941e-002" type="0"/>
    <Peak1D F1="7.1839" intensity="1.189140e+000" type="0"/>
    <Peak1D F1="7.1808" intensity="3.279355e-001" type="0"/>
    <Peak1D F1="7.1660" intensity="4.239994e-001" type="0"/>
    <Peak1D F1="7.1632" intensity="5.214728e-001" type="0"/>
    <Peak1D F1="7.1604" intensity="2.201983e-001" type="0"/>
    <Peak1D F1="7.1456" intensity="2.883275e-001" type="0"/>
    <Peak1D F1="7.1427" intensity="2.593105e-001" type="0"/>
    <Peak1D F1="7.1230" intensity="1.335585e-002" type="0"/>
    <Peak1D F1="7.0952" intensity="2.402678e-002" type="0"/>
    <Peak1D F1="7.0925" intensity="2.633436e-002" type="0"/>
    <Peak1D F1="7.0811" intensity="3.707496e-001" type="0"/>
    <Peak1D F1="7.0785" intensity="3.569852e-001" type="0"/>
    <Peak1D F1="7.0633" intensity="3.507049e-001" type="0"/>
    <Peak1D F1="7.0611" intensity="5.618466e-001" type="0"/>
    <Peak1D F1="7.0586" intensity="3.576407e-001" type="0"/>
    <Peak1D F1="7.0435" intensity="2.782609e-001" type="0"/>
    <Peak1D F1="7.0410" intensity="2.376614e-001" type="0"/>
    <Peak1D F1="7.0234" intensity="2.491304e-002" type="0"/>
    <Peak1D F1="7.0203" intensity="2.971908e-002" type="0"/>
    <Peak1D F1="7.0060" intensity="1.176251e-002" type="0"/>
    <Peak1D F1="7.0026" intensity="1.165384e-002" type="0"/>
    <Peak1D F1="6.9875" intensity="4.449601e-003" type="0"/>
    <Peak1D F1="6.9751" intensity="4.122413e-003" type="0"/>
    <Peak1D F1="6.9617" intensity="5.917406e-003" type="0"/>
    <Peak1D F1="6.9533" intensity="4.105367e-003" type="0"/>
    <Peak1D F1="6.9465" intensity="6.567153e-003" type="0"/>
    <Peak1D F1="6.9410" intensity="1.004357e-002" type="0"/>
    <Peak1D F1="6.9197" intensity="1.753373e-002" type="0"/>
    <Peak1D F1="6.9103" intensity="3.355393e-002" type="0"/>
    <Peak1D F1="6.8899" intensity="3.712862e-002" type="0"/>
    <Peak1D F1="6.8606" intensity="5.105359e-003" type="0"/>
    <Peak1D F1="6.8403" intensity="4.147046e-003" type="0"/>
    <Peak1D F1="6.8328" intensity="9.441187e-003" type="0"/>
    <Peak1D F1="6.8123" intensity="7.651597e-003" type="0"/>
    <Peak1D F1="6.5543" intensity="4.599068e-002" type="0"/>
    <Peak1D F1="6.5333" intensity="3.958933e-002" type="0"/>
    <Peak1D F1="6.4932" intensity="1.337435e-002" type="0"/>
    <Peak1D F1="6.4839" intensity="1.077373e-002" type="0"/>
    <Peak1D F1="6.4629" intensity="1.006268e-002" type="0"/>
    <Peak1D F1="6.4530" intensity="1.341556e-002" type="0"/>
    <Peak1D F1="6.1199" intensity="3.352423e-003" type="0"/>
    <Peak1D F1="5.5481" intensity="1.367636e-002" type="0"/>
    <Peak1D F1="4.5519" intensity="6.166702e-003" type="0"/>
    <Peak1D F1="4.3707" intensity="3.201495e-003" type="0"/>
    <Peak1D F1="4.3376" intensity="3.385619e-003" type="0"/>
    <Peak1D F1="4.0614" intensity="4.120543e-003" type="0"/>
    <Peak1D F1="4.0436" intensity="4.494713e-003" type="0"/>
    <Peak1D F1="4.0277" intensity="1.492313e-002" type="0"/>
    <Peak1D F1="3.9292" intensity="3.416853e-003" type="0"/>
    <Peak1D F1="3.9179" intensity="3.445674e-003" type="0"/>
    <Peak1D F1="3.9051" intensity="4.497847e-003" type="0"/>
    <Peak1D F1="3.9030" intensity="5.619871e-003" type="0"/>
    <Peak1D F1="3.8996" intensity="6.178735e-003" type="0"/>
    <Peak1D F1="3.8943" intensity="7.781792e-003" type="0"/>
    <Peak1D F1="3.8682" intensity="3.214118e+000" type="0"/>
    <Peak1D F1="3.8481" intensity="1.647311e-001" type="0"/>
    <Peak1D F1="3.8388" intensity="1.511483e-002" type="0"/>
    <Peak1D F1="3.8182" intensity="4.296738e-003" type="0"/>
    <Peak1D F1="3.8131" intensity="7.762856e-003" type="0"/>
    <Peak1D F1="3.7958" intensity="3.748878e-003" type="0"/>
    <Peak1D F1="3.7879" intensity="3.034887e-002" type="0"/>
    <Peak1D F1="3.7714" intensity="7.917628e-002" type="0"/>
    <Peak1D F1="3.7537" intensity="3.954277e-003" type="0"/>
    <Peak1D F1="3.7472" intensity="7.712481e-003" type="0"/>
    <Peak1D F1="3.7456" intensity="6.544296e-003" type="0"/>
    <Peak1D F1="3.7243" intensity="6.057454e-003" type="0"/>
    <Peak1D F1="3.7132" intensity="4.983418e-003" type="0"/>
    <Peak1D F1="3.7051" intensity="1.659340e-002" type="0"/>
    <Peak1D F1="3.6762" intensity="4.167891e-003" type="0"/>
    <Peak1D F1="3.6692" intensity="7.019949e-003" type="0"/>
    <Peak1D F1="3.6529" intensity="7.575428e-002" type="0"/>
    <Peak1D F1="3.6472" intensity="2.231318e-002" type="0"/>
    <Peak1D F1="3.6373" intensity="1.156837e-002" type="0"/>
    <Peak1D F1="3.6236" intensity="3.324247e-002" type="0"/>
    <Peak1D F1="3.6068" intensity="5.800925e+000" type="0"/>
    <Peak1D F1="3.5975" intensity="3.694651e-001" type="0"/>
    <Peak1D F1="3.5955" intensity="3.782253e-001" type="0"/>
    <Peak1D F1="3.5683" intensity="4.758394e-002" type="0"/>
    <Peak1D F1="3.5561" intensity="5.174410e-003" type="0"/>
    <Peak1D F1="3.5330" intensity="3.799262e-003" type="0"/>
    <Peak1D F1="3.5224" intensity="4.063457e-003" type="0"/>
    <Peak1D F1="3.5163" intensity="4.066545e-003" type="0"/>
    <Peak1D F1="3.5111" intensity="3.470184e-003" type="0"/>
    <Peak1D F1="3.5028" intensity="3.217875e-003" type="0"/>
    <Peak1D F1="3.4862" intensity="4.958788e-003" type="0"/>
    <Peak1D F1="3.4654" intensity="7.933455e-003" type="0"/>
    <Peak1D F1="3.4467" intensity="6.065642e-003" type="0"/>
    <Peak1D F1="3.4383" intensity="7.178147e-003" type="0"/>
    <Peak1D F1="3.4316" intensity="9.808687e-003" type="0"/>
    <Peak1D F1="3.4207" intensity="3.667508e-002" type="0"/>
    <Peak1D F1="3.4086" intensity="4.301995e-003" type="0"/>
    <Peak1D F1="3.3931" intensity="7.188262e-003" type="0"/>
    <Peak1D F1="3.3840" intensity="4.438858e-003" type="0"/>
    <Peak1D F1="3.3824" intensity="3.868601e-003" type="0"/>
    <Peak1D F1="3.3708" intensity="5.213400e-003" type="0"/>
    <Peak1D F1="3.3634" intensity="3.585486e-003" type="0"/>
    <Peak1D F1="3.3371" intensity="6.338941e-003" type="0"/>
    <Peak1D F1="3.3130" intensity="3.330459e-003" type="0"/>
    <Peak1D F1="3.3088" intensity="5.611175e-003" type="0"/>
    <Peak1D F1="3.2588" intensity="3.296939e-003" type="0"/>
    <Peak1D F1="3.1942" intensity="1.228752e-002" type="0"/>
    <Peak1D F1="2.9033" intensity="1.040554e-002" type="0"/>
    <Peak1D F1="2.8629" intensity="1.111579e-002" type="0"/>
    <Peak1D F1="2.8320" intensity="3.349412e-003" type="0"/>
    <Peak1D F1="2.5440" intensity="2.167824e-002" type="0"/>
    <Peak1D F1="2.5381" intensity="2.275609e-002" type="0"/>
    <Peak1D F1="2.4981" intensity="1.059937e-002" type="0"/>
    <Peak1D F1="2.3255" intensity="9.615502e-003" type="0"/>
    <Peak1D F1="2.3193" intensity="5.494845e-003" type="0"/>
    <Peak1D F1="2.2915" intensity="1.411273e-002" type="0"/>
    <Peak1D F1="2.2658" intensity="2.970028e-002" type="0"/>
    <Peak1D F1="2.2514" intensity="5.085491e-003" type="0"/>
    <Peak1D F1="2.2489" intensity="5.772275e-003" type="0"/>
    <Peak1D F1="2.2439" intensity="5.210295e-003" type="0"/>
    <Peak1D F1="2.2309" intensity="4.712788e-003" type="0"/>
    <Peak1D F1="2.2241" intensity="4.729382e-003" type="0"/>
    <Peak1D F1="2.2036" intensity="3.515449e-003" type="0"/>
    <Peak1D F1="2.1667" intensity="3.337391e-002" type="0"/>
    <Peak1D F1="2.1581" intensity="8.268746e-003" type="0"/>
    <Peak1D F1="2.1438" intensity="1.342680e-001" type="0"/>
    <Peak1D F1="2.0355" intensity="3.455767e-003" type="0"/>
    <Peak1D F1="1.9763" intensity="1.803952e-002" type="0"/>
    <Peak1D F1="1.7892" intensity="3.190232e-003" type="0"/>
    <Peak1D F1="1.7640" intensity="3.313303e-003" type="0"/>
    <Peak1D F1="1.7328" intensity="3.222222e-003" type="0"/>
    <Peak1D F1="1.7096" intensity="3.300115e-003" type="0"/>
    <Peak1D F1="1.6972" intensity="3.714886e-003" type="0"/>
    <Peak1D F1="1.6914" intensity="4.140281e-003" type="0"/>
    <Peak1D F1="1.6591" intensity="9.708300e-003" type="0"/>
    <Peak1D F1="1.6433" intensity="6.490000e-003" type="0"/>
    <Peak1D F1="1.6207" intensity="9.076556e-003" type="0"/>
    <Peak1D F1="1.6027" intensity="1.956363e-001" type="0"/>
    <Peak1D F1="1.5608" intensity="3.034768e-002" type="0"/>
    <Peak1D F1="1.5300" intensity="3.905348e-002" type="0"/>
    <Peak1D F1="1.5193" intensity="3.887070e-002" type="0"/>
    <Peak1D F1="1.5144" intensity="3.781660e-002" type="0"/>
    <Peak1D F1="1.4926" intensity="2.778744e-002" type="0"/>
    <Peak1D F1="1.4809" intensity="3.496114e-002" type="0"/>
    <Peak1D F1="1.4678" intensity="1.922474e-002" type="0"/>
    <Peak1D F1="1.4535" intensity="1.626116e-001" type="0"/>
    <Peak1D F1="1.4356" intensity="1.186242e-002" type="0"/>
    <Peak1D F1="1.4236" intensity="6.282947e-002" type="0"/>
    <Peak1D F1="1.3998" intensity="8.650452e-001" type="0"/>
    <Peak1D F1="1.3795" intensity="1.010146e-002" type="0"/>
    <Peak1D F1="1.3756" intensity="8.722618e-003" type="0"/>
    <Peak1D F1="1.3722" intensity="8.579656e-003" type="0"/>
    <Peak1D F1="1.3669" intensity="8.131024e-003" type="0"/>
    <Peak1D F1="1.3654" intensity="8.598453e-003" type="0"/>
    <Peak1D F1="1.3530" intensity="9.102492e-003" type="0"/>
    <Peak1D F1="1.3391" intensity="2.155484e-002" type="0"/>
    <Peak1D F1="1.3301" intensity="9.918595e-003" type="0"/>
    <Peak1D F1="1.3229" intensity="4.153713e-002" type="0"/>
    <Peak1D F1="1.3092" intensity="6.030001e-001" type="0"/>
    <Peak1D F1="1.2667" intensity="1.500000e+001" type="0"/>
    <Peak1D F1="1.2364" intensity="7.133788e-002" type="0"/>
    <Peak1D F1="1.2264" intensity="3.189174e-002" type="0"/>
    <Peak1D F1="1.2127" intensity="5.641996e-002" type="0"/>
    <Peak1D F1="1.2056" intensity="3.504611e-002" type="0"/>
    <Peak1D F1="1.1826" intensity="1.792996e-001" type="0"/>
    <Peak1D F1="1.1502" intensity="2.667794e-002" type="0"/>
    <Peak1D F1="1.1407" intensity="2.383347e-002" type="0"/>
    <Peak1D F1="1.1318" intensity="1.238669e-002" type="0"/>
    <Peak1D F1="1.1064" intensity="6.076062e-002" type="0"/>
    <Peak1D F1="1.0792" intensity="8.332075e-003" type="0"/>
    <Peak1D F1="1.0741" intensity="1.227589e-002" type="0"/>
    <Peak1D F1="1.0658" intensity="1.301600e-002" type="0"/>
    <Peak1D F1="1.0605" intensity="1.516664e-002" type="0"/>
    <Peak1D F1="1.0261" intensity="1.740928e-002" type="0"/>
    <Peak1D F1="1.0177" intensity="9.969655e-003" type="0"/>
    <Peak1D F1="0.9956" intensity="2.495080e-002" type="0"/>
    <Peak1D F1="0.9893" intensity="1.434686e-002" type="0"/>
    <Peak1D F1="0.9725" intensity="2.053491e-002" type="0"/>
    <Peak1D F1="0.9509" intensity="7.387586e-003" type="0"/>
    <Peak1D F1="0.9337" intensity="1.351745e-002" type="0"/>
    <Peak1D F1="0.9186" intensity="6.015680e-003" type="0"/>
    <Peak1D F1="0.9033" intensity="9.045009e-003" type="0"/>
    <Peak1D F1="0.8871" intensity="9.367667e-003" type="0"/>
    <Peak1D F1="0.8574" intensity="6.901420e-003" type="0"/>
    <Peak1D F1="0.8514" intensity="8.115484e-003" type="0"/>
    <Peak1D F1="0.8455" intensity="5.682191e-003" type="0"/>
    <Peak1D F1="0.8262" intensity="2.632313e-002" type="0"/>
    <Peak1D F1="0.8224" intensity="2.166792e-002" type="0"/>
    <Peak1D F1="0.8187" intensity="2.262478e-002" type="0"/>
    <Peak1D F1="0.8121" intensity="4.251530e-002" type="0"/>
    <Peak1D F1="0.8038" intensity="2.561243e-002" type="0"/>
    <Peak1D F1="0.7996" intensity="2.574726e-002" type="0"/>
    <Peak1D F1="0.7944" intensity="2.265836e-002" type="0"/>
    <Peak1D F1="0.7846" intensity="2.912715e-002" type="0"/>
    <Peak1D F1="0.7786" intensity="2.225615e-002" type="0"/>
    <Peak1D F1="0.7734" intensity="1.512048e-002" type="0"/>
    <Peak1D F1="0.7665" intensity="1.685754e-002" type="0"/>
    <Peak1D F1="0.7623" intensity="2.031567e-002" type="0"/>
    <Peak1D F1="0.7531" intensity="1.172349e-002" type="0"/>
    <Peak1D F1="0.7424" intensity="8.775000e-003" type="0"/>
    <Peak1D F1="0.7302" intensity="6.646099e-003" type="0"/>
    <Peak1D F1="0.7186" intensity="1.334440e-002" type="0"/>
    <Peak1D F1="0.7073" intensity="1.441443e-002" type="0"/>
    <Peak1D F1="0.7037" intensity="1.614669e-002" type="0"/>
    <Peak1D F1="0.6956" intensity="7.358240e-003" type="0"/>
    <Peak1D F1="0.6801" intensity="5.033332e-003" type="0"/>
    <Peak1D F1="0.6325" intensity="3.154560e-003" type="0"/>
    <Peak1D F1="0.0082" intensity="3.546490e-003" type="0"/>
    <Peak1D F1="-0.0001" intensity="5.892837e-002" type="0"/>
  </PeakList1D>
</PeakList>
