<?xml version="1.0" encoding="UTF-8"?>
<PeakList modified="2020-02-06T10:00:05">
  <PeakList1D>
    <PeakList1DHeader creator="Dell" date="2020-02-06T10:00:05" expNo="3" name="MEB-I-18" owner="" procNo="1" source="C:/Users/Dell/Desktop/NMR/Tetrahydroisoquinoline">
      <PeakPickDetails>F1=162.048874ppm, F2=140.413513ppm, MI=0.19cm, MAXI=2.20cm, PC=1.400
      </PeakPickDetails>
    </PeakList1DHeader>
    <Peak1D F1="155.986649" intensity="0.4717474" type="0"/>
    <Peak1D F1="147.637497" intensity="1.027359" type="0"/>
    <Peak1D F1="147.32016" intensity="1.0782" type="0"/>
  </PeakList1D>
  <PeakList1D>
    <PeakList1DHeader creator="Dell" date="2020-02-06T10:00:05" expNo="3" name="MEB-I-18" owner="" procNo="1" source="C:/Users/Dell/Desktop/NMR/Tetrahydroisoquinoline">
      <PeakPickDetails>F1=128.946762ppm, F2=100.604446ppm, MI=0.23cm, MAXI=2.79cm, PC=1.400
      </PeakPickDetails>
    </PeakList1DHeader>
    <Peak1D F1="126.715958" intensity="0.9379461" type="0"/>
    <Peak1D F1="126.327042" intensity="1.117561" type="0"/>
    <Peak1D F1="111.460701" intensity="1.91574" type="0"/>
    <Peak1D F1="109.57132" intensity="1.901104" type="0"/>
  </PeakList1D>
  <PeakList1D>
    <PeakList1DHeader creator="Dell" date="2020-02-06T10:00:05" expNo="3" name="MEB-I-18" owner="" procNo="1" source="C:/Users/Dell/Desktop/NMR/Tetrahydroisoquinoline">
      <PeakPickDetails>F1=79.990501ppm, F2=74.124535ppm, MI=4.16cm, MAXI=30.30cm, PC=1.400
      </PeakPickDetails>
    </PeakList1DHeader>
    <Peak1D F1="77.380447" intensity="14.73959" type="0"/>
    <Peak1D F1="77.198929" intensity="15.0" type="0"/>
    <Peak1D F1="77.017387" intensity="14.79811" type="0"/>
  </PeakList1D>
  <PeakList1D>
    <PeakList1DHeader creator="Dell" date="2020-02-06T10:00:05" expNo="3" name="MEB-I-18" owner="" procNo="1" source="C:/Users/Dell/Desktop/NMR/Tetrahydroisoquinoline">
      <PeakPickDetails>F1=67.935043ppm, F2=48.895924ppm, MI=0.84cm, MAXI=3.23cm, PC=1.400
      </PeakPickDetails>
    </PeakList1DHeader>
    <Peak1D F1="63.270794" intensity="2.038206" type="0"/>
    <Peak1D F1="56.072483" intensity="2.225553" type="0"/>
    <Peak1D F1="56.051964" intensity="2.280382" type="0"/>
    <Peak1D F1="55.997215" intensity="1.938112" type="0"/>
    <Peak1D F1="55.469746" intensity="1.92768" type="0"/>
    <Peak1D F1="51.285343" intensity="1.900057" type="0"/>
  </PeakList1D>
  <PeakList1D>
    <PeakList1DHeader creator="Dell" date="2020-02-06T10:00:05" expNo="3" name="MEB-I-18" owner="" procNo="1" source="C:/Users/Dell/Desktop/NMR/Tetrahydroisoquinoline">
      <PeakPickDetails>F1=48.895924ppm, F2=44.136143ppm, MI=0.05cm, MAXI=0.22cm, PC=1.400
      </PeakPickDetails>
    </PeakList1DHeader>
    <Peak1D F1="46.481754" intensity="0.06544651" type="0"/>
    <Peak1D F1="45.260216" intensity="0.07723924" type="0"/>
  </PeakList1D>
  <PeakList1D>
    <PeakList1DHeader creator="Dell" date="2020-02-06T10:00:05" expNo="3" name="MEB-I-18" owner="" procNo="1" source="C:/Users/Dell/Desktop/NMR/Tetrahydroisoquinoline">
      <PeakPickDetails>F1=44.136143ppm, F2=23.366194ppm, MI=0.84cm, MAXI=3.23cm, PC=1.400
      </PeakPickDetails>
    </PeakList1DHeader>
    <Peak1D F1="28.889179" intensity="1.73454" type="0"/>
    <Peak1D F1="27.254374" intensity="2.019055" type="0"/>
  </PeakList1D>
  <PeakList1D>
    <PeakList1DHeader creator="Dell" date="2020-02-06T10:00:05" expNo="3" name="MEB-I-18" owner="" procNo="1" source="C:/Users/Dell/Desktop/NMR/Tetrahydroisoquinoline">
      <PeakPickDetails>F1=23.366194ppm, F2=19.904535ppm, MI=0.13cm, MAXI=0.26cm, PC=1.400
      </PeakPickDetails>
    </PeakList1DHeader>
    <Peak1D F1="21.639339" intensity="0.1364161" type="0"/>
    <Peak1D F1="20.776222" intensity="0.1519351" type="0"/>
  </PeakList1D>
  <PeakList1D>
    <PeakList1DHeader creator="Dell" date="2020-02-06T10:00:05" expNo="3" name="MEB-I-18" owner="" procNo="1" source="C:/Users/Dell/Desktop/NMR/Tetrahydroisoquinoline">
      <PeakPickDetails>F1=19.904535ppm, F2=16.875584ppm, MI=0.84cm, MAXI=3.23cm, PC=1.400
      </PeakPickDetails>
    </PeakList1DHeader>
  </PeakList1D>
</PeakList>
