<?xml version="1.0" encoding="UTF-8"?>
<PeakList>
  <PeakList1D>
    <PeakList1DHeader creator="JRomeo" date="2020-03-03T15:45:20" expNo="1" name="2JR103" owner="" procNo="1" source="C:\Bruker\TOPSPIN">
      <PeakPickDetails>F1=6.441ppm, F2=6.265ppm, MI=1.04cm, MAXI=2.50cm, PC=1.000
      </PeakPickDetails>
    </PeakList1DHeader>
    <Peak1D F1="6.346" intensity="1.85" type="0"/>
    <Peak1D F1="6.3403" intensity="1.9" type="0"/>
  </PeakList1D>
  <PeakList1D>
    <PeakList1DHeader creator="JRomeo" date="2020-03-03T15:45:20" expNo="1" name="2JR103" owner="" procNo="1" source="C:\Bruker\TOPSPIN">
      <PeakPickDetails>F1=5.507ppm, F2=5.208ppm, MI=1.04cm, MAXI=6.47cm, PC=1.000
      </PeakPickDetails>
    </PeakList1DHeader>
    <Peak1D F1="5.343" intensity="5.71" type="0"/>
    <Peak1D F1="5.339" intensity="3.17" type="0"/>
    <Peak1D F1="5.3342" intensity="1.66" type="0"/>
    <Peak1D F1="5.3329" intensity="1.68" type="0"/>
  </PeakList1D>
  <PeakList1D>
    <PeakList1DHeader creator="JRomeo" date="2020-03-03T15:45:20" expNo="1" name="2JR103" owner="" procNo="1" source="C:\Bruker\TOPSPIN">
      <PeakPickDetails>F1=4.534ppm, F2=4.151ppm, MI=0.16cm, MAXI=1.44cm, PC=1.000
      </PeakPickDetails>
    </PeakList1DHeader>
    <Peak1D F1="4.2954" intensity="0.35" type="0"/>
    <Peak1D F1="4.2826" intensity="1.02" type="0"/>
    <Peak1D F1="4.2696" intensity="1.02" type="0"/>
    <Peak1D F1="4.2566" intensity="0.35" type="0"/>
  </PeakList1D>
  <PeakList1D>
    <PeakList1DHeader creator="JRomeo" date="2020-03-03T15:45:20" expNo="1" name="2JR103" owner="" procNo="1" source="C:\Bruker\TOPSPIN">
      <PeakPickDetails>F1=2.512ppm, F2=1.807ppm, MI=6.36cm, MAXI=18.62cm, PC=1.000
      </PeakPickDetails>
    </PeakList1DHeader>
    <Peak1D F1="2.1844" intensity="14.73" type="0"/>
    <Peak1D F1="2.1517" intensity="14.78" type="0"/>
    <Peak1D F1="2.0201" intensity="15.0" type="0"/>
    <Peak1D F1="2.008" intensity="14.93" type="0"/>
  </PeakList1D>
  <PeakList1D>
    <PeakList1DHeader creator="JRomeo" date="2020-03-03T15:45:20" expNo="1" name="2JR103" owner="" procNo="1" source="C:\Bruker\TOPSPIN">
      <PeakPickDetails>F1=1.294ppm, F2=0.988ppm, MI=2.09cm, MAXI=9.12cm, PC=1.000
      </PeakPickDetails>
    </PeakList1DHeader>
    <Peak1D F1="1.1695" intensity="6.03" type="0"/>
    <Peak1D F1="1.1565" intensity="5.99" type="0"/>
  </PeakList1D>
</PeakList>
