<?xml version="1.0" encoding="UTF-8"?>
<PeakList>
  <PeakList1D>
    <PeakList1DHeader creator="JRomeo" date="2020-03-11T19:20:14" expNo="2" name="2JR107" owner="" procNo="1" source="C:\Bruker\TOPSPIN">
      <PeakPickDetails>F1=154.089ppm, F2=123.044ppm, MI=0.74cm, MAXI=8.00cm, PC=1.400
      </PeakPickDetails>
    </PeakList1DHeader>
    <Peak1D F1="144.6073" intensity="3.91" type="0"/>
    <Peak1D F1="135.1956" intensity="1.38" type="0"/>
    <Peak1D F1="133.2566" intensity="1.3" type="0"/>
    <Peak1D F1="133.1527" intensity="1.37" type="0"/>
    <Peak1D F1="128.4565" intensity="3.47" type="0"/>
    <Peak1D F1="127.9655" intensity="3.77" type="0"/>
    <Peak1D F1="127.7433" intensity="3.88" type="0"/>
    <Peak1D F1="127.0818" intensity="3.04" type="0"/>
    <Peak1D F1="126.2601" intensity="3.79" type="0"/>
    <Peak1D F1="126.1365" intensity="3.83" type="0"/>
    <Peak1D F1="126.0699" intensity="3.25" type="0"/>
  </PeakList1D>
  <PeakList1D>
    <PeakList1DHeader creator="JRomeo" date="2020-03-11T19:20:14" expNo="2" name="2JR107" owner="" procNo="1" source="C:\Bruker\TOPSPIN">
      <PeakPickDetails>F1=110.041ppm, F2=100.288ppm, MI=1.18cm, MAXI=6.72cm, PC=1.400
      </PeakPickDetails>
    </PeakList1DHeader>
    <Peak1D F1="102.6965" intensity="3.33" type="0"/>
  </PeakList1D>
  <PeakList1D>
    <PeakList1DHeader creator="JRomeo" date="2020-03-11T19:20:14" expNo="2" name="2JR107" owner="" procNo="1" source="C:\Bruker\TOPSPIN">
      <PeakPickDetails>F1=76.557ppm, F2=62.416ppm, MI=1.09cm, MAXI=8.00cm, PC=1.400
      </PeakPickDetails>
    </PeakList1DHeader>
    <Peak1D F1="75.9613" intensity="3.1" type="0"/>
    <Peak1D F1="75.4167" intensity="3.15" type="0"/>
    <Peak1D F1="72.7073" intensity="3.55" type="0"/>
    <Peak1D F1="64.1546" intensity="3.6" type="0"/>
  </PeakList1D>
  <PeakList1D>
    <PeakList1DHeader creator="JRomeo" date="2020-03-11T19:20:14" expNo="2" name="2JR107" owner="" procNo="1" source="C:\Bruker\TOPSPIN">
      <PeakPickDetails>F1=20.968ppm, F2=13.653ppm, MI=1.85cm, MAXI=10.95cm, PC=1.400
      </PeakPickDetails>
    </PeakList1DHeader>
    <Peak1D F1="16.7751" intensity="3.3" type="0"/>
  </PeakList1D>
</PeakList>
