<?xml version="1.0" encoding="UTF-8"?>
<PeakList>
  <PeakList1D>
    <PeakList1DHeader creator="nmrsu" date="2023-08-01T10:50:07.471-05:00" expNo="1285210" name="Aug01-2023" owner="" procNo="1" source="G:/data/chem-synthesis-summer-a-team3/nmr">
      <PeakPickDetails>F1=219.460297ppm, F2=-19.460289ppm, MI=0.00cm, MAXI=10000.00cm, PC=1.400
      </PeakPickDetails>
    </PeakList1DHeader>
    <Peak1D F1="143.812317" intensity="3.075850e+000" type="0"/>
    <Peak1D F1="142.851929" intensity="3.999676e+000" type="0"/>
    <Peak1D F1="136.304489" intensity="3.223536e+000" type="0"/>
    <Peak1D F1="129.536713" intensity="1.182795e+001" type="0"/>
    <Peak1D F1="129.381653" intensity="1.302071e+001" type="0"/>
    <Peak1D F1="129.227798" intensity="1.500000e+001" type="0"/>
    <Peak1D F1="128.655777" intensity="1.297537e+001" type="0"/>
    <Peak1D F1="122.567451" intensity="4.067390e+000" type="0"/>
    <Peak1D F1="77.326553" intensity="8.058696e+001" type="0"/>
    <Peak1D F1="77.008797" intensity="8.292483e+001" type="0"/>
    <Peak1D F1="76.691597" intensity="8.057974e+001" type="0"/>
    <Peak1D F1="21.682510" intensity="4.942488e+000" type="0"/>
  </PeakList1D>
</PeakList>
