<?xml version="1.0" encoding="UTF-8"?>
<PeakList>
  <PeakList1D>
    <PeakList1DHeader creator="nmr600" date="2019-08-23T07:48:50.323+02:00" expNo="51" name="6Aug2219" owner="" procNo="1" source="/opt/topspin3.0/data/nmr600/nmr">
      <PeakPickDetails>F1=219.394897ppm, F2=-19.503784ppm, MI=0.00cm, MAXI=10000.00cm, PC=1.400
      </PeakPickDetails>
    </PeakList1DHeader>
    <Peak1D F1="208.822083" intensity="-2.001201e-01" type="0"/>
    <Peak1D F1="161.750336" intensity="-1.730239e-01" type="0"/>
    <Peak1D F1="150.718826" intensity="-2.034754e+00" type="0"/>
    <Peak1D F1="138.120392" intensity="-2.437156e-01" type="0"/>
    <Peak1D F1="136.427933" intensity="-3.989557e-02" type="0"/>
    <Peak1D F1="135.837662" intensity="-1.218460e+00" type="0"/>
    <Peak1D F1="131.761948" intensity="4.384437e-02" type="0"/>
    <Peak1D F1="131.228714" intensity="-8.488578e-01" type="0"/>
    <Peak1D F1="130.892487" intensity="4.412314e-02" type="0"/>
    <Peak1D F1="129.940826" intensity="1.048513e-01" type="0"/>
    <Peak1D F1="129.667953" intensity="4.992497e-02" type="0"/>
    <Peak1D F1="129.517654" intensity="7.421495e-02" type="0"/>
    <Peak1D F1="129.396500" intensity="7.687099e-02" type="0"/>
    <Peak1D F1="129.303558" intensity="1.674795e-01" type="0"/>
    <Peak1D F1="129.258591" intensity="1.242332e-01" type="0"/>
    <Peak1D F1="129.069946" intensity="1.441703e-01" type="0"/>
    <Peak1D F1="128.958908" intensity="1.590481e-01" type="0"/>
    <Peak1D F1="128.918350" intensity="1.670738e-01" type="0"/>
    <Peak1D F1="128.886322" intensity="2.027108e-01" type="0"/>
    <Peak1D F1="128.737549" intensity="7.149375e+00" type="0"/>
    <Peak1D F1="128.682449" intensity="4.314695e-01" type="0"/>
    <Peak1D F1="128.662384" intensity="8.634211e-01" type="0"/>
    <Peak1D F1="128.622574" intensity="2.867837e-01" type="0"/>
    <Peak1D F1="128.601639" intensity="2.685112e-01" type="0"/>
    <Peak1D F1="128.541595" intensity="1.500000e+01" type="0"/>
    <Peak1D F1="128.363510" intensity="8.287508e-02" type="0"/>
    <Peak1D F1="128.312805" intensity="8.267755e-02" type="0"/>
    <Peak1D F1="128.103012" intensity="8.638855e-02" type="0"/>
    <Peak1D F1="128.029251" intensity="6.569738e-02" type="0"/>
    <Peak1D F1="127.950073" intensity="6.164255e-02" type="0"/>
    <Peak1D F1="127.911339" intensity="6.910758e-02" type="0"/>
    <Peak1D F1="127.845222" intensity="7.189749e-02" type="0"/>
    <Peak1D F1="127.756943" intensity="1.230917e-01" type="0"/>
    <Peak1D F1="127.715019" intensity="4.674845e-02" type="0"/>
    <Peak1D F1="127.680084" intensity="1.266849e-01" type="0"/>
    <Peak1D F1="127.576431" intensity="1.430515e+01" type="0"/>
    <Peak1D F1="127.356865" intensity="4.326787e-02" type="0"/>
    <Peak1D F1="126.761703" intensity="5.457754e-02" type="0"/>
    <Peak1D F1="125.202438" intensity="5.653128e-02" type="0"/>
    <Peak1D F1="125.138626" intensity="4.796686e-02" type="0"/>
    <Peak1D F1="123.940720" intensity="-3.745832e-02" type="0"/>
    <Peak1D F1="121.465477" intensity="-4.916656e-01" type="0"/>
    <Peak1D F1="119.995300" intensity="4.142302e-02" type="0"/>
    <Peak1D F1="119.423714" intensity="-6.398757e-02" type="0"/>
    <Peak1D F1="113.131355" intensity="7.396377e-02" type="0"/>
    <Peak1D F1="108.087448" intensity="-1.322066e-01" type="0"/>
    <Peak1D F1="84.072601" intensity="8.226246e-01" type="0"/>
    <Peak1D F1="83.814468" intensity="5.721185e-02" type="0"/>
    <Peak1D F1="77.211441" intensity="-2.304438e+00" type="0"/>
    <Peak1D F1="76.999603" intensity="-2.603305e+00" type="0"/>
    <Peak1D F1="76.787804" intensity="-2.682467e+00" type="0"/>
    <Peak1D F1="73.661575" intensity="1.271621e-01" type="0"/>
    <Peak1D F1="71.450211" intensity="8.585522e-02" type="0"/>
    <Peak1D F1="71.290802" intensity="8.927624e+00" type="0"/>
    <Peak1D F1="71.116890" intensity="8.658631e-02" type="0"/>
    <Peak1D F1="70.995705" intensity="6.422196e-02" type="0"/>
    <Peak1D F1="63.813709" intensity="1.028172e-01" type="0"/>
    <Peak1D F1="62.514660" intensity="3.797859e-02" type="0"/>
    <Peak1D F1="58.948696" intensity="3.781928e-02" type="0"/>
    <Peak1D F1="57.209686" intensity="4.205199e-02" type="0"/>
    <Peak1D F1="55.440262" intensity="-1.322168e-01" type="0"/>
    <Peak1D F1="53.384209" intensity="-1.274527e-01" type="0"/>
    <Peak1D F1="50.489738" intensity="-8.160593e-02" type="0"/>
    <Peak1D F1="48.455387" intensity="-4.051637e-02" type="0"/>
    <Peak1D F1="47.293873" intensity="-4.427795e-02" type="0"/>
    <Peak1D F1="46.502159" intensity="-1.075416e+00" type="0"/>
    <Peak1D F1="41.361496" intensity="-6.248730e-02" type="0"/>
    <Peak1D F1="41.019222" intensity="-9.851160e-01" type="0"/>
    <Peak1D F1="40.135921" intensity="-4.745540e-02" type="0"/>
    <Peak1D F1="39.909767" intensity="-1.070994e+00" type="0"/>
    <Peak1D F1="34.033524" intensity="-5.379879e-02" type="0"/>
    <Peak1D F1="29.967413" intensity="3.835019e-02" type="0"/>
    <Peak1D F1="29.649717" intensity="-1.260600e-01" type="0"/>
    <Peak1D F1="28.959986" intensity="-1.234711e-01" type="0"/>
    <Peak1D F1="28.456364" intensity="-3.932822e-02" type="0"/>
    <Peak1D F1="28.219803" intensity="-5.157432e-02" type="0"/>
    <Peak1D F1="28.052704" intensity="-6.128475e+00" type="0"/>
    <Peak1D F1="26.950611" intensity="-6.345232e-02" type="0"/>
    <Peak1D F1="26.502552" intensity="-1.045041e+00" type="0"/>
    <Peak1D F1="26.425844" intensity="-6.949787e-02" type="0"/>
    <Peak1D F1="26.314676" intensity="-1.077775e+01" type="0"/>
    <Peak1D F1="26.200916" intensity="-4.372348e-02" type="0"/>
    <Peak1D F1="26.128851" intensity="-4.567843e-02" type="0"/>
    <Peak1D F1="25.642303" intensity="-6.796773e-02" type="0"/>
    <Peak1D F1="25.291656" intensity="-1.458236e-01" type="0"/>
    <Peak1D F1="25.252512" intensity="-2.228821e-01" type="0"/>
    <Peak1D F1="25.190826" intensity="-1.951627e-01" type="0"/>
    <Peak1D F1="25.169880" intensity="-1.800904e-01" type="0"/>
    <Peak1D F1="25.044886" intensity="-2.592284e-01" type="0"/>
    <Peak1D F1="24.892666" intensity="-3.507663e-01" type="0"/>
    <Peak1D F1="24.794912" intensity="-2.410281e-01" type="0"/>
    <Peak1D F1="24.087324" intensity="-5.996814e-02" type="0"/>
    <Peak1D F1="23.873960" intensity="-5.305632e-02" type="0"/>
    <Peak1D F1="23.384863" intensity="-8.126769e-02" type="0"/>
    <Peak1D F1="23.107349" intensity="-1.014025e+00" type="0"/>
    <Peak1D F1="22.997435" intensity="-9.945331e+00" type="0"/>
    <Peak1D F1="22.858856" intensity="-1.060717e+01" type="0"/>
    <Peak1D F1="22.732752" intensity="-4.681992e-02" type="0"/>
    <Peak1D F1="22.176102" intensity="3.806851e-02" type="0"/>
    <Peak1D F1="20.817259" intensity="-1.094018e-01" type="0"/>
    <Peak1D F1="18.760223" intensity="4.282837e-02" type="0"/>
    <Peak1D F1="17.795130" intensity="3.821810e-02" type="0"/>
    <Peak1D F1="17.094362" intensity="4.332838e-02" type="0"/>
    <Peak1D F1="14.493736" intensity="3.934541e-02" type="0"/>
    <Peak1D F1="14.071864" intensity="6.518844e-02" type="0"/>
    <Peak1D F1="13.921139" intensity="4.317396e-02" type="0"/>
  </PeakList1D>
</PeakList>
