<?xml version="1.0" encoding="UTF-8"?>
<PeakList>
  <PeakList1D>
    <PeakList1DHeader creator="chemist" date="2019-03-05T16:25:27.216+00:00" expNo="10" name="Y1063" owner="" procNo="1" source="d:\">
      <PeakPickDetails>F1=18.411ppm, F2=-6.608ppm, MI=0.00cm, MAXI=10000.00cm, PC=1.000
      </PeakPickDetails>
    </PeakList1DHeader>
    <Peak1D F1="16.2894" intensity="0.00" type="0"/>
    <Peak1D F1="13.9333" intensity="0.00" type="0"/>
    <Peak1D F1="13.3092" intensity="0.00" type="0"/>
    <Peak1D F1="11.0408" intensity="0.00" type="0"/>
    <Peak1D F1="10.4081" intensity="0.00" type="0"/>
    <Peak1D F1="10.3229" intensity="0.00" type="0"/>
    <Peak1D F1="8.8895" intensity="0.00" type="0"/>
    <Peak1D F1="8.5466" intensity="0.00" type="0"/>
    <Peak1D F1="8.5355" intensity="0.00" type="0"/>
    <Peak1D F1="8.5336" intensity="0.00" type="0"/>
    <Peak1D F1="8.4787" intensity="0.04" type="0"/>
    <Peak1D F1="8.4772" intensity="0.04" type="0"/>
    <Peak1D F1="8.4762" intensity="0.04" type="0"/>
    <Peak1D F1="8.4652" intensity="0.04" type="0"/>
    <Peak1D F1="8.4638" intensity="0.04" type="0"/>
    <Peak1D F1="8.4628" intensity="0.04" type="0"/>
    <Peak1D F1="8.4115" intensity="0.01" type="0"/>
    <Peak1D F1="8.3978" intensity="0.01" type="0"/>
    <Peak1D F1="7.8072" intensity="0.00" type="0"/>
    <Peak1D F1="7.7860" intensity="0.01" type="0"/>
    <Peak1D F1="7.7802" intensity="0.00" type="0"/>
    <Peak1D F1="7.7744" intensity="0.01" type="0"/>
    <Peak1D F1="7.7358" intensity="0.00" type="0"/>
    <Peak1D F1="7.6702" intensity="0.01" type="0"/>
    <Peak1D F1="7.6279" intensity="0.00" type="0"/>
    <Peak1D F1="7.5824" intensity="0.01" type="0"/>
    <Peak1D F1="7.5796" intensity="0.01" type="0"/>
    <Peak1D F1="7.5696" intensity="0.01" type="0"/>
    <Peak1D F1="7.5669" intensity="0.01" type="0"/>
    <Peak1D F1="7.5542" intensity="0.04" type="0"/>
    <Peak1D F1="7.5441" intensity="0.04" type="0"/>
    <Peak1D F1="7.5428" intensity="0.04" type="0"/>
    <Peak1D F1="7.5416" intensity="0.04" type="0"/>
    <Peak1D F1="7.5283" intensity="0.00" type="0"/>
    <Peak1D F1="7.5118" intensity="0.01" type="0"/>
    <Peak1D F1="7.5036" intensity="0.01" type="0"/>
    <Peak1D F1="7.5010" intensity="0.02" type="0"/>
    <Peak1D F1="7.4968" intensity="0.02" type="0"/>
    <Peak1D F1="7.4943" intensity="0.02" type="0"/>
    <Peak1D F1="7.4926" intensity="0.02" type="0"/>
    <Peak1D F1="7.4889" intensity="0.02" type="0"/>
    <Peak1D F1="7.4858" intensity="0.03" type="0"/>
    <Peak1D F1="7.4835" intensity="0.05" type="0"/>
    <Peak1D F1="7.4810" intensity="0.04" type="0"/>
    <Peak1D F1="7.4724" intensity="0.06" type="0"/>
    <Peak1D F1="7.4699" intensity="0.07" type="0"/>
    <Peak1D F1="7.4627" intensity="0.07" type="0"/>
    <Peak1D F1="7.4608" intensity="0.09" type="0"/>
    <Peak1D F1="7.4599" intensity="0.09" type="0"/>
    <Peak1D F1="7.4499" intensity="2.19" type="0"/>
    <Peak1D F1="7.4478" intensity="1.93" type="0"/>
    <Peak1D F1="7.4470" intensity="1.97" type="0"/>
    <Peak1D F1="7.4374" intensity="2.67" type="0"/>
    <Peak1D F1="7.4346" intensity="2.37" type="0"/>
    <Peak1D F1="7.4280" intensity="0.07" type="0"/>
    <Peak1D F1="7.4253" intensity="0.08" type="0"/>
    <Peak1D F1="7.4228" intensity="0.09" type="0"/>
    <Peak1D F1="7.4146" intensity="0.05" type="0"/>
    <Peak1D F1="7.4100" intensity="0.05" type="0"/>
    <Peak1D F1="7.4079" intensity="0.05" type="0"/>
    <Peak1D F1="7.4012" intensity="0.01" type="0"/>
    <Peak1D F1="7.3917" intensity="0.01" type="0"/>
    <Peak1D F1="7.3872" intensity="0.02" type="0"/>
    <Peak1D F1="7.3853" intensity="0.02" type="0"/>
    <Peak1D F1="7.3713" intensity="2.04" type="0"/>
    <Peak1D F1="7.3690" intensity="2.37" type="0"/>
    <Peak1D F1="7.3586" intensity="2.14" type="0"/>
    <Peak1D F1="7.3565" intensity="2.35" type="0"/>
    <Peak1D F1="7.3371" intensity="0.02" type="0"/>
    <Peak1D F1="7.3263" intensity="0.01" type="0"/>
    <Peak1D F1="7.3194" intensity="0.00" type="0"/>
    <Peak1D F1="7.3141" intensity="0.01" type="0"/>
    <Peak1D F1="7.3105" intensity="0.01" type="0"/>
    <Peak1D F1="7.3046" intensity="0.01" type="0"/>
    <Peak1D F1="7.3017" intensity="0.02" type="0"/>
    <Peak1D F1="7.2987" intensity="0.01" type="0"/>
    <Peak1D F1="7.2906" intensity="0.01" type="0"/>
    <Peak1D F1="7.2804" intensity="0.01" type="0"/>
    <Peak1D F1="7.2759" intensity="0.01" type="0"/>
    <Peak1D F1="7.2738" intensity="0.01" type="0"/>
    <Peak1D F1="7.2701" intensity="0.01" type="0"/>
    <Peak1D F1="7.2683" intensity="0.01" type="0"/>
    <Peak1D F1="7.2608" intensity="0.03" type="0"/>
    <Peak1D F1="7.2586" intensity="0.03" type="0"/>
    <Peak1D F1="7.2485" intensity="0.06" type="0"/>
    <Peak1D F1="7.2462" intensity="0.06" type="0"/>
    <Peak1D F1="7.2360" intensity="0.05" type="0"/>
    <Peak1D F1="7.2337" intensity="0.05" type="0"/>
    <Peak1D F1="7.2195" intensity="0.05" type="0"/>
    <Peak1D F1="7.2168" intensity="0.04" type="0"/>
    <Peak1D F1="7.2069" intensity="0.05" type="0"/>
    <Peak1D F1="7.2043" intensity="0.05" type="0"/>
    <Peak1D F1="7.1942" intensity="0.02" type="0"/>
    <Peak1D F1="7.1921" intensity="0.02" type="0"/>
    <Peak1D F1="7.1796" intensity="1.62" type="0"/>
    <Peak1D F1="7.1745" intensity="0.97" type="0"/>
    <Peak1D F1="7.1718" intensity="1.14" type="0"/>
    <Peak1D F1="7.1623" intensity="2.66" type="0"/>
    <Peak1D F1="7.1596" intensity="2.52" type="0"/>
    <Peak1D F1="7.1500" intensity="2.14" type="0"/>
    <Peak1D F1="7.1471" intensity="1.91" type="0"/>
    <Peak1D F1="7.1423" intensity="2.07" type="0"/>
    <Peak1D F1="7.1397" intensity="2.25" type="0"/>
    <Peak1D F1="7.1296" intensity="2.35" type="0"/>
    <Peak1D F1="7.1272" intensity="2.52" type="0"/>
    <Peak1D F1="7.1174" intensity="1.00" type="0"/>
    <Peak1D F1="7.1150" intensity="0.90" type="0"/>
    <Peak1D F1="7.1089" intensity="0.02" type="0"/>
    <Peak1D F1="7.0955" intensity="0.01" type="0"/>
    <Peak1D F1="7.0829" intensity="0.00" type="0"/>
    <Peak1D F1="7.0724" intensity="0.20" type="0"/>
    <Peak1D F1="7.0657" intensity="0.01" type="0"/>
    <Peak1D F1="7.0607" intensity="0.01" type="0"/>
    <Peak1D F1="7.0579" intensity="0.01" type="0"/>
    <Peak1D F1="7.0513" intensity="0.01" type="0"/>
    <Peak1D F1="7.0462" intensity="0.00" type="0"/>
    <Peak1D F1="7.0408" intensity="0.00" type="0"/>
    <Peak1D F1="7.0370" intensity="0.01" type="0"/>
    <Peak1D F1="7.0347" intensity="0.01" type="0"/>
    <Peak1D F1="7.0241" intensity="0.02" type="0"/>
    <Peak1D F1="7.0191" intensity="0.11" type="0"/>
    <Peak1D F1="7.0156" intensity="0.04" type="0"/>
    <Peak1D F1="7.0047" intensity="0.13" type="0"/>
    <Peak1D F1="6.9995" intensity="0.02" type="0"/>
    <Peak1D F1="6.9933" intensity="0.13" type="0"/>
    <Peak1D F1="6.9800" intensity="0.01" type="0"/>
    <Peak1D F1="6.9693" intensity="0.01" type="0"/>
    <Peak1D F1="6.9640" intensity="0.00" type="0"/>
    <Peak1D F1="6.9589" intensity="0.01" type="0"/>
    <Peak1D F1="6.9568" intensity="0.01" type="0"/>
    <Peak1D F1="6.9506" intensity="0.06" type="0"/>
    <Peak1D F1="6.9479" intensity="0.12" type="0"/>
    <Peak1D F1="6.9345" intensity="0.05" type="0"/>
    <Peak1D F1="6.9322" intensity="0.05" type="0"/>
    <Peak1D F1="6.9203" intensity="0.00" type="0"/>
    <Peak1D F1="6.8183" intensity="0.01" type="0"/>
    <Peak1D F1="6.8065" intensity="0.01" type="0"/>
    <Peak1D F1="6.7929" intensity="0.03" type="0"/>
    <Peak1D F1="6.7885" intensity="0.14" type="0"/>
    <Peak1D F1="6.7850" intensity="0.04" type="0"/>
    <Peak1D F1="6.7777" intensity="0.05" type="0"/>
    <Peak1D F1="6.7742" intensity="0.12" type="0"/>
    <Peak1D F1="6.7691" intensity="0.01" type="0"/>
    <Peak1D F1="6.7353" intensity="0.02" type="0"/>
    <Peak1D F1="6.7209" intensity="0.02" type="0"/>
    <Peak1D F1="6.7153" intensity="0.01" type="0"/>
    <Peak1D F1="6.7047" intensity="0.01" type="0"/>
    <Peak1D F1="6.7019" intensity="0.01" type="0"/>
    <Peak1D F1="6.6811" intensity="0.00" type="0"/>
    <Peak1D F1="6.6669" intensity="0.00" type="0"/>
    <Peak1D F1="6.6535" intensity="0.00" type="0"/>
    <Peak1D F1="6.6484" intensity="0.00" type="0"/>
    <Peak1D F1="6.6395" intensity="0.01" type="0"/>
    <Peak1D F1="6.6333" intensity="0.00" type="0"/>
    <Peak1D F1="6.6271" intensity="0.01" type="0"/>
    <Peak1D F1="6.6230" intensity="0.01" type="0"/>
    <Peak1D F1="6.6137" intensity="0.01" type="0"/>
    <Peak1D F1="6.6087" intensity="0.01" type="0"/>
    <Peak1D F1="6.6033" intensity="0.01" type="0"/>
    <Peak1D F1="6.5919" intensity="0.25" type="0"/>
    <Peak1D F1="6.5871" intensity="2.50" type="0"/>
    <Peak1D F1="6.5837" intensity="0.88" type="0"/>
    <Peak1D F1="6.5762" intensity="1.03" type="0"/>
    <Peak1D F1="6.5726" intensity="3.73" type="0"/>
    <Peak1D F1="6.5679" intensity="0.42" type="0"/>
    <Peak1D F1="6.5538" intensity="0.01" type="0"/>
    <Peak1D F1="6.5496" intensity="0.00" type="0"/>
    <Peak1D F1="6.5469" intensity="0.00" type="0"/>
    <Peak1D F1="6.5357" intensity="0.01" type="0"/>
    <Peak1D F1="6.5132" intensity="0.41" type="0"/>
    <Peak1D F1="6.5086" intensity="3.27" type="0"/>
    <Peak1D F1="6.5051" intensity="0.98" type="0"/>
    <Peak1D F1="6.4975" intensity="0.81" type="0"/>
    <Peak1D F1="6.4942" intensity="2.33" type="0"/>
    <Peak1D F1="6.4894" intensity="0.24" type="0"/>
    <Peak1D F1="6.4747" intensity="0.01" type="0"/>
    <Peak1D F1="6.4712" intensity="0.00" type="0"/>
    <Peak1D F1="6.4603" intensity="0.00" type="0"/>
    <Peak1D F1="6.4528" intensity="0.01" type="0"/>
    <Peak1D F1="6.4497" intensity="0.01" type="0"/>
    <Peak1D F1="6.4392" intensity="0.01" type="0"/>
    <Peak1D F1="6.4345" intensity="0.01" type="0"/>
    <Peak1D F1="6.4241" intensity="0.00" type="0"/>
    <Peak1D F1="6.4111" intensity="0.00" type="0"/>
    <Peak1D F1="6.3985" intensity="0.00" type="0"/>
    <Peak1D F1="6.3753" intensity="0.01" type="0"/>
    <Peak1D F1="6.3634" intensity="0.01" type="0"/>
    <Peak1D F1="6.3591" intensity="0.01" type="0"/>
    <Peak1D F1="5.9162" intensity="0.04" type="0"/>
    <Peak1D F1="5.9096" intensity="0.04" type="0"/>
    <Peak1D F1="5.8999" intensity="0.03" type="0"/>
    <Peak1D F1="5.8933" intensity="0.04" type="0"/>
    <Peak1D F1="5.7036" intensity="0.00" type="0"/>
    <Peak1D F1="5.7007" intensity="0.00" type="0"/>
    <Peak1D F1="5.4986" intensity="0.03" type="0"/>
    <Peak1D F1="5.4870" intensity="0.03" type="0"/>
    <Peak1D F1="5.4804" intensity="0.00" type="0"/>
    <Peak1D F1="4.6059" intensity="0.03" type="0"/>
    <Peak1D F1="4.5425" intensity="0.00" type="0"/>
    <Peak1D F1="4.5332" intensity="0.00" type="0"/>
    <Peak1D F1="4.0605" intensity="0.03" type="0"/>
    <Peak1D F1="4.0486" intensity="0.10" type="0"/>
    <Peak1D F1="4.0367" intensity="0.10" type="0"/>
    <Peak1D F1="4.0248" intensity="0.03" type="0"/>
    <Peak1D F1="4.0161" intensity="0.00" type="0"/>
    <Peak1D F1="3.9666" intensity="0.00" type="0"/>
    <Peak1D F1="3.9528" intensity="0.00" type="0"/>
    <Peak1D F1="3.9098" intensity="0.00" type="0"/>
    <Peak1D F1="3.8689" intensity="0.00" type="0"/>
    <Peak1D F1="3.8385" intensity="0.00" type="0"/>
    <Peak1D F1="3.8138" intensity="0.00" type="0"/>
    <Peak1D F1="3.8033" intensity="0.00" type="0"/>
    <Peak1D F1="3.7879" intensity="0.08" type="0"/>
    <Peak1D F1="3.7621" intensity="0.00" type="0"/>
    <Peak1D F1="3.7583" intensity="0.00" type="0"/>
    <Peak1D F1="3.7506" intensity="0.00" type="0"/>
    <Peak1D F1="3.7450" intensity="0.00" type="0"/>
    <Peak1D F1="3.7411" intensity="0.01" type="0"/>
    <Peak1D F1="3.7372" intensity="0.01" type="0"/>
    <Peak1D F1="3.7321" intensity="0.03" type="0"/>
    <Peak1D F1="3.7211" intensity="0.68" type="0"/>
    <Peak1D F1="3.7097" intensity="0.01" type="0"/>
    <Peak1D F1="3.7071" intensity="0.01" type="0"/>
    <Peak1D F1="3.7006" intensity="0.01" type="0"/>
    <Peak1D F1="3.6982" intensity="0.02" type="0"/>
    <Peak1D F1="3.6955" intensity="0.02" type="0"/>
    <Peak1D F1="3.6914" intensity="0.02" type="0"/>
    <Peak1D F1="3.6868" intensity="0.03" type="0"/>
    <Peak1D F1="3.6706" intensity="15.00" type="0"/>
    <Peak1D F1="3.6576" intensity="0.04" type="0"/>
    <Peak1D F1="3.6516" intensity="0.01" type="0"/>
    <Peak1D F1="3.6487" intensity="0.01" type="0"/>
    <Peak1D F1="3.6362" intensity="0.01" type="0"/>
    <Peak1D F1="3.6323" intensity="0.00" type="0"/>
    <Peak1D F1="3.6233" intensity="0.12" type="0"/>
    <Peak1D F1="3.6070" intensity="0.00" type="0"/>
    <Peak1D F1="3.6020" intensity="0.00" type="0"/>
    <Peak1D F1="3.5979" intensity="0.00" type="0"/>
    <Peak1D F1="3.5939" intensity="0.00" type="0"/>
    <Peak1D F1="3.5870" intensity="0.00" type="0"/>
    <Peak1D F1="3.5485" intensity="0.08" type="0"/>
    <Peak1D F1="3.5355" intensity="0.00" type="0"/>
    <Peak1D F1="3.5212" intensity="0.00" type="0"/>
    <Peak1D F1="3.4072" intensity="0.01" type="0"/>
    <Peak1D F1="3.3983" intensity="0.00" type="0"/>
    <Peak1D F1="3.3655" intensity="0.02" type="0"/>
    <Peak1D F1="3.2754" intensity="0.01" type="0"/>
    <Peak1D F1="3.2575" intensity="0.00" type="0"/>
    <Peak1D F1="3.2494" intensity="0.01" type="0"/>
    <Peak1D F1="3.2324" intensity="0.00" type="0"/>
    <Peak1D F1="3.2191" intensity="0.00" type="0"/>
    <Peak1D F1="3.1178" intensity="0.00" type="0"/>
    <Peak1D F1="3.1128" intensity="0.00" type="0"/>
    <Peak1D F1="3.1032" intensity="0.01" type="0"/>
    <Peak1D F1="3.0915" intensity="0.00" type="0"/>
    <Peak1D F1="3.0473" intensity="0.03" type="0"/>
    <Peak1D F1="3.0061" intensity="0.01" type="0"/>
    <Peak1D F1="2.9951" intensity="0.00" type="0"/>
    <Peak1D F1="2.9927" intensity="0.00" type="0"/>
    <Peak1D F1="2.9803" intensity="0.00" type="0"/>
    <Peak1D F1="2.9671" intensity="0.01" type="0"/>
    <Peak1D F1="2.9574" intensity="0.02" type="0"/>
    <Peak1D F1="2.9406" intensity="6.01" type="0"/>
    <Peak1D F1="2.9221" intensity="0.01" type="0"/>
    <Peak1D F1="2.9077" intensity="0.01" type="0"/>
    <Peak1D F1="2.8925" intensity="0.00" type="0"/>
    <Peak1D F1="2.8762" intensity="0.00" type="0"/>
    <Peak1D F1="2.8568" intensity="0.00" type="0"/>
    <Peak1D F1="2.8545" intensity="0.00" type="0"/>
    <Peak1D F1="2.8384" intensity="0.00" type="0"/>
    <Peak1D F1="2.8300" intensity="0.03" type="0"/>
    <Peak1D F1="2.8166" intensity="0.00" type="0"/>
    <Peak1D F1="2.7608" intensity="0.00" type="0"/>
    <Peak1D F1="2.7162" intensity="0.02" type="0"/>
    <Peak1D F1="2.7045" intensity="0.04" type="0"/>
    <Peak1D F1="2.6915" intensity="0.03" type="0"/>
    <Peak1D F1="2.6782" intensity="0.05" type="0"/>
    <Peak1D F1="2.6702" intensity="0.02" type="0"/>
    <Peak1D F1="2.6601" intensity="0.05" type="0"/>
    <Peak1D F1="2.6432" intensity="0.01" type="0"/>
    <Peak1D F1="2.6317" intensity="0.01" type="0"/>
    <Peak1D F1="2.6254" intensity="0.00" type="0"/>
    <Peak1D F1="2.6211" intensity="0.00" type="0"/>
    <Peak1D F1="2.5510" intensity="0.00" type="0"/>
    <Peak1D F1="2.5465" intensity="0.00" type="0"/>
    <Peak1D F1="2.5278" intensity="0.00" type="0"/>
    <Peak1D F1="2.5214" intensity="0.03" type="0"/>
    <Peak1D F1="2.5193" intensity="0.03" type="0"/>
    <Peak1D F1="2.5146" intensity="0.02" type="0"/>
    <Peak1D F1="2.5083" intensity="0.04" type="0"/>
    <Peak1D F1="2.5016" intensity="0.04" type="0"/>
    <Peak1D F1="2.4941" intensity="0.05" type="0"/>
    <Peak1D F1="2.4757" intensity="3.99" type="0"/>
    <Peak1D F1="2.4629" intensity="0.01" type="0"/>
    <Peak1D F1="2.4567" intensity="0.00" type="0"/>
    <Peak1D F1="2.4531" intensity="0.00" type="0"/>
    <Peak1D F1="2.4433" intensity="0.00" type="0"/>
    <Peak1D F1="2.3854" intensity="0.00" type="0"/>
    <Peak1D F1="2.2800" intensity="0.00" type="0"/>
    <Peak1D F1="2.2677" intensity="0.05" type="0"/>
    <Peak1D F1="2.2563" intensity="0.04" type="0"/>
    <Peak1D F1="2.2190" intensity="0.00" type="0"/>
    <Peak1D F1="2.2125" intensity="0.00" type="0"/>
    <Peak1D F1="2.0890" intensity="0.02" type="0"/>
    <Peak1D F1="2.0707" intensity="0.00" type="0"/>
    <Peak1D F1="2.0520" intensity="0.00" type="0"/>
    <Peak1D F1="2.0303" intensity="0.00" type="0"/>
    <Peak1D F1="1.9648" intensity="0.47" type="0"/>
    <Peak1D F1="1.9554" intensity="0.00" type="0"/>
    <Peak1D F1="1.9540" intensity="0.00" type="0"/>
    <Peak1D F1="1.9503" intensity="0.00" type="0"/>
    <Peak1D F1="1.9435" intensity="0.01" type="0"/>
    <Peak1D F1="1.9322" intensity="0.02" type="0"/>
    <Peak1D F1="1.9206" intensity="0.03" type="0"/>
    <Peak1D F1="1.9092" intensity="0.02" type="0"/>
    <Peak1D F1="1.8976" intensity="0.01" type="0"/>
    <Peak1D F1="1.8936" intensity="0.01" type="0"/>
    <Peak1D F1="1.8861" intensity="0.00" type="0"/>
    <Peak1D F1="1.8552" intensity="0.00" type="0"/>
    <Peak1D F1="1.8280" intensity="0.00" type="0"/>
    <Peak1D F1="1.7895" intensity="0.00" type="0"/>
    <Peak1D F1="1.6943" intensity="0.00" type="0"/>
    <Peak1D F1="1.6842" intensity="0.00" type="0"/>
    <Peak1D F1="1.6763" intensity="0.00" type="0"/>
    <Peak1D F1="1.6737" intensity="0.00" type="0"/>
    <Peak1D F1="1.6664" intensity="0.00" type="0"/>
    <Peak1D F1="1.6630" intensity="0.00" type="0"/>
    <Peak1D F1="1.6545" intensity="0.00" type="0"/>
    <Peak1D F1="1.6508" intensity="0.00" type="0"/>
    <Peak1D F1="1.6328" intensity="0.00" type="0"/>
    <Peak1D F1="1.6168" intensity="0.00" type="0"/>
    <Peak1D F1="1.5981" intensity="0.00" type="0"/>
    <Peak1D F1="1.5902" intensity="0.00" type="0"/>
    <Peak1D F1="1.5872" intensity="0.00" type="0"/>
    <Peak1D F1="1.5845" intensity="0.00" type="0"/>
    <Peak1D F1="1.5749" intensity="0.00" type="0"/>
    <Peak1D F1="1.5729" intensity="0.00" type="0"/>
    <Peak1D F1="1.5614" intensity="0.00" type="0"/>
    <Peak1D F1="1.5442" intensity="0.00" type="0"/>
    <Peak1D F1="1.5410" intensity="0.00" type="0"/>
    <Peak1D F1="1.5332" intensity="0.00" type="0"/>
    <Peak1D F1="1.5219" intensity="0.01" type="0"/>
    <Peak1D F1="1.5129" intensity="0.01" type="0"/>
    <Peak1D F1="1.5100" intensity="0.02" type="0"/>
    <Peak1D F1="1.5066" intensity="0.02" type="0"/>
    <Peak1D F1="1.4974" intensity="0.06" type="0"/>
    <Peak1D F1="1.4941" intensity="0.05" type="0"/>
    <Peak1D F1="1.4845" intensity="0.09" type="0"/>
    <Peak1D F1="1.4800" intensity="2.37" type="0"/>
    <Peak1D F1="1.4722" intensity="0.03" type="0"/>
    <Peak1D F1="1.4670" intensity="0.08" type="0"/>
    <Peak1D F1="1.4586" intensity="0.04" type="0"/>
    <Peak1D F1="1.4547" intensity="0.06" type="0"/>
    <Peak1D F1="1.4529" intensity="0.05" type="0"/>
    <Peak1D F1="1.4460" intensity="0.04" type="0"/>
    <Peak1D F1="1.4391" intensity="0.08" type="0"/>
    <Peak1D F1="1.4298" intensity="0.01" type="0"/>
    <Peak1D F1="1.4212" intensity="0.00" type="0"/>
    <Peak1D F1="1.4200" intensity="0.01" type="0"/>
    <Peak1D F1="1.4192" intensity="0.00" type="0"/>
    <Peak1D F1="1.4162" intensity="0.00" type="0"/>
    <Peak1D F1="1.4083" intensity="0.01" type="0"/>
    <Peak1D F1="1.3961" intensity="0.01" type="0"/>
    <Peak1D F1="1.3839" intensity="0.01" type="0"/>
    <Peak1D F1="1.3752" intensity="0.01" type="0"/>
    <Peak1D F1="1.3711" intensity="0.01" type="0"/>
    <Peak1D F1="1.3640" intensity="0.01" type="0"/>
    <Peak1D F1="1.3586" intensity="0.01" type="0"/>
    <Peak1D F1="1.3530" intensity="0.01" type="0"/>
    <Peak1D F1="1.3507" intensity="0.01" type="0"/>
    <Peak1D F1="1.3422" intensity="0.01" type="0"/>
    <Peak1D F1="1.3339" intensity="0.01" type="0"/>
    <Peak1D F1="1.3316" intensity="0.01" type="0"/>
    <Peak1D F1="1.3259" intensity="0.01" type="0"/>
    <Peak1D F1="1.3194" intensity="0.01" type="0"/>
    <Peak1D F1="1.3142" intensity="0.01" type="0"/>
    <Peak1D F1="1.3077" intensity="0.02" type="0"/>
    <Peak1D F1="1.3017" intensity="0.01" type="0"/>
    <Peak1D F1="1.2954" intensity="0.05" type="0"/>
    <Peak1D F1="1.2917" intensity="0.01" type="0"/>
    <Peak1D F1="1.2877" intensity="0.02" type="0"/>
    <Peak1D F1="1.2829" intensity="0.06" type="0"/>
    <Peak1D F1="1.2754" intensity="0.04" type="0"/>
    <Peak1D F1="1.2702" intensity="0.04" type="0"/>
    <Peak1D F1="1.2678" intensity="0.04" type="0"/>
    <Peak1D F1="1.2611" intensity="0.04" type="0"/>
    <Peak1D F1="1.2552" intensity="0.04" type="0"/>
    <Peak1D F1="1.2518" intensity="0.03" type="0"/>
    <Peak1D F1="1.2484" intensity="0.03" type="0"/>
    <Peak1D F1="1.2432" intensity="0.03" type="0"/>
    <Peak1D F1="1.2393" intensity="0.03" type="0"/>
    <Peak1D F1="1.2352" intensity="0.02" type="0"/>
    <Peak1D F1="1.2318" intensity="0.03" type="0"/>
    <Peak1D F1="1.2272" intensity="0.03" type="0"/>
    <Peak1D F1="1.2228" intensity="0.02" type="0"/>
    <Peak1D F1="1.2191" intensity="0.04" type="0"/>
    <Peak1D F1="1.2151" intensity="0.02" type="0"/>
    <Peak1D F1="1.2068" intensity="0.03" type="0"/>
    <Peak1D F1="1.2029" intensity="0.02" type="0"/>
    <Peak1D F1="1.1932" intensity="0.16" type="0"/>
    <Peak1D F1="1.1813" intensity="0.29" type="0"/>
    <Peak1D F1="1.1694" intensity="0.14" type="0"/>
    <Peak1D F1="1.1585" intensity="0.03" type="0"/>
    <Peak1D F1="1.1523" intensity="0.02" type="0"/>
    <Peak1D F1="1.1499" intensity="0.02" type="0"/>
    <Peak1D F1="1.1387" intensity="1.19" type="0"/>
    <Peak1D F1="1.1300" intensity="0.18" type="0"/>
    <Peak1D F1="1.1153" intensity="0.01" type="0"/>
    <Peak1D F1="1.1107" intensity="0.01" type="0"/>
    <Peak1D F1="1.1063" intensity="0.01" type="0"/>
    <Peak1D F1="1.1002" intensity="0.01" type="0"/>
    <Peak1D F1="1.0889" intensity="0.80" type="0"/>
    <Peak1D F1="1.0834" intensity="0.05" type="0"/>
    <Peak1D F1="1.0792" intensity="0.04" type="0"/>
    <Peak1D F1="1.0743" intensity="0.17" type="0"/>
    <Peak1D F1="1.0644" intensity="0.26" type="0"/>
    <Peak1D F1="1.0537" intensity="0.05" type="0"/>
    <Peak1D F1="1.0499" intensity="0.03" type="0"/>
    <Peak1D F1="1.0430" intensity="0.01" type="0"/>
    <Peak1D F1="1.0401" intensity="0.04" type="0"/>
    <Peak1D F1="1.0277" intensity="0.02" type="0"/>
    <Peak1D F1="1.0132" intensity="0.13" type="0"/>
    <Peak1D F1="0.9818" intensity="0.00" type="0"/>
    <Peak1D F1="0.9777" intensity="0.00" type="0"/>
    <Peak1D F1="0.9664" intensity="0.00" type="0"/>
    <Peak1D F1="0.9575" intensity="0.00" type="0"/>
    <Peak1D F1="0.9553" intensity="0.00" type="0"/>
    <Peak1D F1="0.9481" intensity="0.00" type="0"/>
    <Peak1D F1="0.9443" intensity="0.00" type="0"/>
    <Peak1D F1="0.9368" intensity="0.00" type="0"/>
    <Peak1D F1="0.9332" intensity="0.00" type="0"/>
    <Peak1D F1="0.9265" intensity="0.00" type="0"/>
    <Peak1D F1="0.9098" intensity="0.00" type="0"/>
    <Peak1D F1="0.9035" intensity="0.01" type="0"/>
    <Peak1D F1="0.8989" intensity="0.01" type="0"/>
    <Peak1D F1="0.8907" intensity="0.01" type="0"/>
    <Peak1D F1="0.8876" intensity="0.01" type="0"/>
    <Peak1D F1="0.8785" intensity="0.01" type="0"/>
    <Peak1D F1="0.8692" intensity="0.03" type="0"/>
    <Peak1D F1="0.8655" intensity="0.14" type="0"/>
    <Peak1D F1="0.8602" intensity="0.02" type="0"/>
    <Peak1D F1="0.8570" intensity="0.05" type="0"/>
    <Peak1D F1="0.8533" intensity="0.29" type="0"/>
    <Peak1D F1="0.8487" intensity="0.04" type="0"/>
    <Peak1D F1="0.8452" intensity="0.04" type="0"/>
    <Peak1D F1="0.8410" intensity="0.14" type="0"/>
    <Peak1D F1="0.8355" intensity="0.41" type="0"/>
    <Peak1D F1="0.8286" intensity="0.03" type="0"/>
    <Peak1D F1="0.8240" intensity="0.40" type="0"/>
    <Peak1D F1="0.8194" intensity="0.16" type="0"/>
    <Peak1D F1="0.8160" intensity="0.13" type="0"/>
    <Peak1D F1="0.8111" intensity="0.06" type="0"/>
    <Peak1D F1="0.8069" intensity="0.29" type="0"/>
    <Peak1D F1="0.8038" intensity="0.20" type="0"/>
    <Peak1D F1="0.7963" intensity="0.57" type="0"/>
    <Peak1D F1="0.7946" intensity="0.21" type="0"/>
    <Peak1D F1="0.7916" intensity="0.10" type="0"/>
    <Peak1D F1="0.7848" intensity="0.55" type="0"/>
    <Peak1D F1="0.7756" intensity="0.22" type="0"/>
    <Peak1D F1="0.7719" intensity="0.17" type="0"/>
    <Peak1D F1="0.7694" intensity="0.13" type="0"/>
    <Peak1D F1="0.7646" intensity="0.20" type="0"/>
    <Peak1D F1="0.7608" intensity="0.04" type="0"/>
    <Peak1D F1="0.7584" intensity="0.11" type="0"/>
    <Peak1D F1="0.7520" intensity="0.01" type="0"/>
    <Peak1D F1="0.7478" intensity="0.01" type="0"/>
    <Peak1D F1="0.7349" intensity="0.01" type="0"/>
    <Peak1D F1="0.7297" intensity="0.00" type="0"/>
    <Peak1D F1="0.7206" intensity="0.00" type="0"/>
    <Peak1D F1="0.7168" intensity="0.00" type="0"/>
    <Peak1D F1="0.7128" intensity="0.00" type="0"/>
    <Peak1D F1="0.7007" intensity="0.00" type="0"/>
    <Peak1D F1="0.6907" intensity="0.00" type="0"/>
    <Peak1D F1="0.6794" intensity="0.00" type="0"/>
    <Peak1D F1="0.1766" intensity="0.00" type="0"/>
    <Peak1D F1="-0.0001" intensity="0.02" type="0"/>
    <Peak1D F1="-2.7215" intensity="0.00" type="0"/>
    <Peak1D F1="-3.8339" intensity="0.00" type="0"/>
    <Peak1D F1="-4.0837" intensity="0.00" type="0"/>
    <Peak1D F1="-4.7333" intensity="0.00" type="0"/>
    <Peak1D F1="-5.0757" intensity="0.00" type="0"/>
  </PeakList1D>
</PeakList>
