<?xml version="1.0" encoding="UTF-8"?>
<PeakList modified="2020-02-04T10:17:15">
  <PeakList1D>
    <PeakList1DHeader creator="Dell@Dell-PC" date="2020-02-04T10:17:17" expNo="3" name="SDT290" owner="Dell" procNo="1" source="C:/Users/Dell/Desktop/NMR/Tetrahydroisoquinoline">
      <PeakPickDetails>Manually picked peaks
</PeakPickDetails>
    </PeakList1DHeader>
    <Peak1D F1="61.550356083997066" intensity="-784.8927142258997" type="1"/>
    <Peak1D F1="41.852853485443624" intensity="-665.079127427348" type="1"/>
    <Peak1D F1="32.33271478038544" intensity="-683.2650341595682" type="1"/>
  </PeakList1D>
</PeakList>
