<?xml version="1.0" encoding="UTF-8"?>
<PeakList>
  <PeakList1D>
    <PeakList1DHeader creator="JRomeo" date="2020-01-07T15:42:38" expNo="1" name="1LM19_2" owner="" procNo="1" source="C:\Bruker\TOPSPIN">
      <PeakPickDetails>F1=8.204ppm, F2=7.342ppm, MI=0.17cm, MAXI=1.56cm, PC=1.000
      </PeakPickDetails>
    </PeakList1DHeader>
    <Peak1D F1="7.822" intensity="0.78" type="0"/>
    <Peak1D F1="7.8148" intensity="1.15" type="0"/>
    <Peak1D F1="7.8067" intensity="0.68" type="0"/>
    <Peak1D F1="7.8033" intensity="0.81" type="0"/>
    <Peak1D F1="7.7962" intensity="1.27" type="0"/>
    <Peak1D F1="7.5596" intensity="0.58" type="0"/>
    <Peak1D F1="7.5565" intensity="0.57" type="0"/>
    <Peak1D F1="7.5428" intensity="0.49" type="0"/>
    <Peak1D F1="7.5397" intensity="0.49" type="0"/>
    <Peak1D F1="7.4643" intensity="0.67" type="0"/>
    <Peak1D F1="7.4605" intensity="0.77" type="0"/>
    <Peak1D F1="7.4528" intensity="0.78" type="0"/>
    <Peak1D F1="7.4486" intensity="0.42" type="0"/>
    <Peak1D F1="7.4455" intensity="0.76" type="0"/>
    <Peak1D F1="7.4417" intensity="0.43" type="0"/>
  </PeakList1D>
  <PeakList1D>
    <PeakList1DHeader creator="JRomeo" date="2020-01-07T15:42:38" expNo="1" name="1LM19_2" owner="" procNo="1" source="C:\Bruker\TOPSPIN">
      <PeakPickDetails>F1=5.646ppm, F2=4.557ppm, MI=0.03cm, MAXI=1.32cm, PC=1.000
      </PeakPickDetails>
    </PeakList1DHeader>
    <Peak1D F1="5.3807" intensity="0.42" type="0"/>
    <Peak1D F1="5.1675" intensity="0.21" type="0"/>
    <Peak1D F1="5.157" intensity="0.49" type="0"/>
    <Peak1D F1="5.1445" intensity="0.24" type="0"/>
    <Peak1D F1="5.1334" intensity="0.56" type="0"/>
    <Peak1D F1="4.8319" intensity="0.63" type="0"/>
    <Peak1D F1="4.8083" intensity="0.54" type="0"/>
    <Peak1D F1="4.8003" intensity="0.27" type="0"/>
    <Peak1D F1="4.7771" intensity="0.22" type="0"/>
    <Peak1D F1="4.7107" intensity="0.06" type="0"/>
    <Peak1D F1="4.7041" intensity="0.07" type="0"/>
    <Peak1D F1="4.6924" intensity="0.11" type="0"/>
    <Peak1D F1="4.6861" intensity="0.13" type="0"/>
    <Peak1D F1="4.6746" intensity="0.06" type="0"/>
    <Peak1D F1="4.6681" intensity="0.07" type="0"/>
  </PeakList1D>
  <PeakList1D>
    <PeakList1DHeader creator="JRomeo" date="2020-01-07T15:42:38" expNo="1" name="1LM19_2" owner="" procNo="1" source="C:\Bruker\TOPSPIN">
      <PeakPickDetails>F1=4.519ppm, F2=3.183ppm, MI=0.04cm, MAXI=1.10cm, PC=1.000
      </PeakPickDetails>
    </PeakList1DHeader>
    <Peak1D F1="4.2625" intensity="0.15" type="0"/>
    <Peak1D F1="4.2573" intensity="0.17" type="0"/>
    <Peak1D F1="4.2533" intensity="0.18" type="0"/>
    <Peak1D F1="4.2481" intensity="0.17" type="0"/>
    <Peak1D F1="4.239" intensity="0.17" type="0"/>
    <Peak1D F1="4.2338" intensity="0.19" type="0"/>
    <Peak1D F1="4.2297" intensity="0.18" type="0"/>
    <Peak1D F1="4.2246" intensity="0.16" type="0"/>
    <Peak1D F1="4.1006" intensity="0.1" type="0"/>
    <Peak1D F1="4.0878" intensity="0.31" type="0"/>
    <Peak1D F1="4.0745" intensity="0.31" type="0"/>
    <Peak1D F1="4.0615" intensity="0.1" type="0"/>
    <Peak1D F1="3.8739" intensity="0.06" type="0"/>
    <Peak1D F1="3.8687" intensity="0.07" type="0"/>
    <Peak1D F1="3.8628" intensity="0.07" type="0"/>
    <Peak1D F1="3.8577" intensity="0.08" type="0"/>
    <Peak1D F1="3.8521" intensity="0.06" type="0"/>
    <Peak1D F1="3.8469" intensity="0.06" type="0"/>
    <Peak1D F1="3.8412" intensity="0.07" type="0"/>
    <Peak1D F1="3.836" intensity="0.07" type="0"/>
    <Peak1D F1="3.6915" intensity="0.2" type="0"/>
    <Peak1D F1="3.6731" intensity="0.2" type="0"/>
    <Peak1D F1="3.4879" intensity="0.14" type="0"/>
    <Peak1D F1="3.4862" intensity="0.13" type="0"/>
    <Peak1D F1="3.475" intensity="0.14" type="0"/>
    <Peak1D F1="3.4734" intensity="0.14" type="0"/>
    <Peak1D F1="3.461" intensity="0.04" type="0"/>
    <Peak1D F1="3.4347" intensity="0.5" type="0"/>
    <Peak1D F1="3.3518" intensity="0.2" type="0"/>
    <Peak1D F1="3.347" intensity="0.2" type="0"/>
  </PeakList1D>
  <PeakList1D>
    <PeakList1DHeader creator="JRomeo" date="2020-01-07T15:42:38" expNo="1" name="1LM19_2" owner="" procNo="1" source="C:\Bruker\TOPSPIN">
      <PeakPickDetails>F1=3.022ppm, F2=2.738ppm, MI=0.17cm, MAXI=0.96cm, PC=1.000
      </PeakPickDetails>
    </PeakList1DHeader>
    <Peak1D F1="2.8274" intensity="0.34" type="0"/>
    <Peak1D F1="2.8225" intensity="0.57" type="0"/>
    <Peak1D F1="2.8177" intensity="0.34" type="0"/>
  </PeakList1D>
  <PeakList1D>
    <PeakList1DHeader creator="JRomeo" date="2020-01-07T15:42:38" expNo="1" name="1LM19_2" owner="" procNo="1" source="C:\Bruker\TOPSPIN">
      <PeakPickDetails>F1=2.454ppm, F2=1.554ppm, MI=0.05cm, MAXI=0.90cm, PC=1.000
      </PeakPickDetails>
    </PeakList1DHeader>
    <Peak1D F1="2.1777" intensity="0.08" type="0"/>
    <Peak1D F1="2.1731" intensity="0.1" type="0"/>
    <Peak1D F1="2.1706" intensity="0.1" type="0"/>
    <Peak1D F1="2.166" intensity="0.08" type="0"/>
    <Peak1D F1="2.1519" intensity="0.15" type="0"/>
    <Peak1D F1="2.1472" intensity="0.21" type="0"/>
    <Peak1D F1="2.1285" intensity="0.09" type="0"/>
    <Peak1D F1="2.1239" intensity="0.11" type="0"/>
    <Peak1D F1="2.1214" intensity="0.11" type="0"/>
    <Peak1D F1="2.1168" intensity="0.09" type="0"/>
    <Peak1D F1="1.9993" intensity="0.09" type="0"/>
    <Peak1D F1="1.9807" intensity="0.12" type="0"/>
    <Peak1D F1="1.9766" intensity="0.14" type="0"/>
    <Peak1D F1="1.9672" intensity="0.11" type="0"/>
    <Peak1D F1="1.9598" intensity="0.15" type="0"/>
    <Peak1D F1="1.9566" intensity="0.13" type="0"/>
    <Peak1D F1="1.7216" intensity="0.21" type="0"/>
    <Peak1D F1="1.7121" intensity="0.22" type="0"/>
    <Peak1D F1="1.696" intensity="0.2" type="0"/>
    <Peak1D F1="1.6865" intensity="0.2" type="0"/>
    <Peak1D F1="1.6763" intensity="0.3" type="0"/>
  </PeakList1D>
  <PeakList1D>
    <PeakList1DHeader creator="JRomeo" date="2020-01-07T15:42:38" expNo="1" name="1LM19_2" owner="" procNo="1" source="C:\Bruker\TOPSPIN">
      <PeakPickDetails>F1=1.383ppm, F2=0.028ppm, MI=0.56cm, MAXI=15.83cm, PC=1.000
      </PeakPickDetails>
    </PeakList1DHeader>
    <Peak1D F1="1.247" intensity="0.8" type="0"/>
    <Peak1D F1="1.2342" intensity="0.8" type="0"/>
    <Peak1D F1="1.1594" intensity="1.96" type="0"/>
    <Peak1D F1="1.1464" intensity="1.95" type="0"/>
    <Peak1D F1="0.9519" intensity="15.0" type="0"/>
    <Peak1D F1="0.1472" intensity="4.41" type="0"/>
    <Peak1D F1="0.1395" intensity="2.01" type="0"/>
    <Peak1D F1="0.1238" intensity="4.85" type="0"/>
  </PeakList1D>
</PeakList>
