<?xml version="1.0" encoding="UTF-8"?>
<PeakList>
  <PeakList1D>
    <PeakList1DHeader creator="chemist" date="2019-03-23T04:18:30.573+00:00" expNo="10" name="Y1965" owner="" procNo="1" source="d:\">
      <PeakPickDetails>F1=245.691ppm, F2=-23.691ppm, MI=0.00cm, MAXI=10000.00cm, PC=1.400
      </PeakPickDetails>
    </PeakList1DHeader>
    <Peak1D F1="159.4806" intensity="0.47" type="0"/>
    <Peak1D F1="156.4172" intensity="0.50" type="0"/>
    <Peak1D F1="150.7245" intensity="0.39" type="0"/>
    <Peak1D F1="132.5382" intensity="1.67" type="0"/>
    <Peak1D F1="130.3059" intensity="0.79" type="0"/>
    <Peak1D F1="129.4915" intensity="0.51" type="0"/>
    <Peak1D F1="118.5386" intensity="0.79" type="0"/>
    <Peak1D F1="114.5672" intensity="1.70" type="0"/>
    <Peak1D F1="114.4612" intensity="0.80" type="0"/>
    <Peak1D F1="113.2848" intensity="0.84" type="0"/>
    <Peak1D F1="78.2256" intensity="13.35" type="0"/>
    <Peak1D F1="78.0140" intensity="13.50" type="0"/>
    <Peak1D F1="77.8023" intensity="13.34" type="0"/>
    <Peak1D F1="75.4130" intensity="0.70" type="0"/>
    <Peak1D F1="56.1951" intensity="0.98" type="0"/>
    <Peak1D F1="50.3748" intensity="0.79" type="0"/>
    <Peak1D F1="30.4213" intensity="0.72" type="0"/>
    <Peak1D F1="25.8554" intensity="0.33" type="0"/>
  </PeakList1D>
</PeakList>
