{"IFD.findingaid":{"type":"IFD.findingaid.fairspec",
"id":"acs.orglett.0c00874",
"ifd.version":"IFD 0.0.2-alpha+2002.04.02",
"created":"2 Apr 2022 12:30:49 GMT",
"createdBy":"https://github.com/IUPAC/IUPAC-FAIRSpec/blob/main/src/main/java/com/integratedgraphics/ifd/Extractor.java 0.0.2-alpha+2002.04.02",
"statistics":{"collections":[{"collectionName":"samples",
"collectionSize":36,
"collectionType":"org.iupac.fairdata.sample.IFDSampleCollection"},
{"collectionName":"dataObjects",
"collectionSize":86,
"collectionType":"org.iupac.fairdata.dataobject.IFDDataObjectCollection"},
{"collectionName":"sampleDataAssociations",
"collectionSize":36,
"collectionType":"org.iupac.fairdata.derived.IFDSampleDataAssociationCollection"}],
"dataSources":1,
"publicationInfo":1},
"publicationInfo":[{"title":"[Diastereoselective Construction of Cyclopropane-Fused Tetrahydroquinolines via a Sequential [4 + 2]/[2 + 1] Annulation Reaction]",
"authors":"Zhen-Hua Wang, Li-Wen Shen, Ke-Xin Xie, Yong You, Jian-Qiang Zhao, Wei-Cheng Yuan",
"url":"https://pubs.acs.org/doi/pdf/10.1021/acs.orglett.0c00874",
"metadataSource":{"registrationAgency":"Crossref",
"metadataUrl":"https://api.crossref.org/works/10.1021/acs.orglett.0c00874"}}],
"dataSources":[{"ref":"https://ndownloader.figshare.com/files/22233351",
"len":27108181}],
"samples":{"type":"org.iupac.fairdata.sample.IFDSampleCollection",
"name":"samples",
"id":"621",
"listCount":36,
"list":[{"type":"org.iupac.fairdata.sample.IFDSample",
"name":"3a",
"id":"0",
"sourceIndex":0,
"path":"22233351",
"properties":{"IFD.property.sample.label":"3a"}},
{"type":"org.iupac.fairdata.sample.IFDSample",
"name":"3b",
"id":"1",
"sourceIndex":0,
"path":"22233351",
"properties":{"IFD.property.sample.label":"3b"}},
{"type":"org.iupac.fairdata.sample.IFDSample",
"name":"3c",
"id":"2",
"sourceIndex":0,
"path":"22233351",
"properties":{"IFD.property.sample.label":"3c"}},
{"type":"org.iupac.fairdata.sample.IFDSample",
"name":"3d",
"id":"3",
"sourceIndex":0,
"path":"22233351",
"properties":{"IFD.property.sample.label":"3d"}},
{"type":"org.iupac.fairdata.sample.IFDSample",
"name":"3e",
"id":"4",
"sourceIndex":0,
"path":"22233351",
"properties":{"IFD.property.sample.label":"3e"}},
{"type":"org.iupac.fairdata.sample.IFDSample",
"name":"3f",
"id":"5",
"sourceIndex":0,
"path":"22233351",
"properties":{"IFD.property.sample.label":"3f"}},
{"type":"org.iupac.fairdata.sample.IFDSample",
"name":"3g",
"id":"6",
"sourceIndex":0,
"path":"22233351",
"properties":{"IFD.property.sample.label":"3g"}},
{"type":"org.iupac.fairdata.sample.IFDSample",
"name":"3h",
"id":"7",
"sourceIndex":0,
"path":"22233351",
"properties":{"IFD.property.sample.label":"3h"}},
{"type":"org.iupac.fairdata.sample.IFDSample",
"name":"3i",
"id":"8",
"sourceIndex":0,
"path":"22233351",
"properties":{"IFD.property.sample.label":"3i"}},
{"type":"org.iupac.fairdata.sample.IFDSample",
"name":"3j",
"id":"9",
"sourceIndex":0,
"path":"22233351",
"properties":{"IFD.property.sample.label":"3j"}},
{"type":"org.iupac.fairdata.sample.IFDSample",
"name":"3k",
"id":"10",
"sourceIndex":0,
"path":"22233351",
"properties":{"IFD.property.sample.label":"3k"}},
{"type":"org.iupac.fairdata.sample.IFDSample",
"name":"3l",
"id":"11",
"sourceIndex":0,
"path":"22233351",
"properties":{"IFD.property.sample.label":"3l"}},
{"type":"org.iupac.fairdata.sample.IFDSample",
"name":"3m",
"id":"12",
"sourceIndex":0,
"path":"22233351",
"properties":{"IFD.property.sample.label":"3m"}},
{"type":"org.iupac.fairdata.sample.IFDSample",
"name":"3n",
"id":"13",
"sourceIndex":0,
"path":"22233351",
"properties":{"IFD.property.sample.label":"3n"}},
{"type":"org.iupac.fairdata.sample.IFDSample",
"name":"3o",
"id":"14",
"sourceIndex":0,
"path":"22233351",
"properties":{"IFD.property.sample.label":"3o"}},
{"type":"org.iupac.fairdata.sample.IFDSample",
"name":"3p",
"id":"15",
"sourceIndex":0,
"path":"22233351",
"properties":{"IFD.property.sample.label":"3p"}},
{"type":"org.iupac.fairdata.sample.IFDSample",
"name":"3q",
"id":"16",
"sourceIndex":0,
"path":"22233351",
"properties":{"IFD.property.sample.label":"3q"}},
{"type":"org.iupac.fairdata.sample.IFDSample",
"name":"3r",
"id":"17",
"sourceIndex":0,
"path":"22233351",
"properties":{"IFD.property.sample.label":"3r"}},
{"type":"org.iupac.fairdata.sample.IFDSample",
"name":"3s",
"id":"18",
"sourceIndex":0,
"path":"22233351",
"properties":{"IFD.property.sample.label":"3s"}},
{"type":"org.iupac.fairdata.sample.IFDSample",
"name":"3t",
"id":"19",
"sourceIndex":0,
"path":"22233351",
"properties":{"IFD.property.sample.label":"3t"}},
{"type":"org.iupac.fairdata.sample.IFDSample",
"name":"3u",
"id":"20",
"sourceIndex":0,
"path":"22233351",
"properties":{"IFD.property.sample.label":"3u"}},
{"type":"org.iupac.fairdata.sample.IFDSample",
"name":"3v",
"id":"21",
"sourceIndex":0,
"path":"22233351",
"properties":{"IFD.property.sample.label":"3v"}},
{"type":"org.iupac.fairdata.sample.IFDSample",
"name":"3y",
"id":"22",
"sourceIndex":0,
"path":"22233351",
"properties":{"IFD.property.sample.label":"3y"}},
{"type":"org.iupac.fairdata.sample.IFDSample",
"name":"3z",
"id":"23",
"sourceIndex":0,
"path":"22233351",
"properties":{"IFD.property.sample.label":"3z"}},
{"type":"org.iupac.fairdata.sample.IFDSample",
"name":"5a",
"id":"24",
"sourceIndex":0,
"path":"22233351",
"properties":{"IFD.property.sample.label":"5a"}},
{"type":"org.iupac.fairdata.sample.IFDSample",
"name":"5b",
"id":"25",
"sourceIndex":0,
"path":"22233351",
"properties":{"IFD.property.sample.label":"5b"}},
{"type":"org.iupac.fairdata.sample.IFDSample",
"name":"5c",
"id":"26",
"sourceIndex":0,
"path":"22233351",
"properties":{"IFD.property.sample.label":"5c"}},
{"type":"org.iupac.fairdata.sample.IFDSample",
"name":"5d",
"id":"27",
"sourceIndex":0,
"path":"22233351",
"properties":{"IFD.property.sample.label":"5d"}},
{"type":"org.iupac.fairdata.sample.IFDSample",
"name":"5e",
"id":"28",
"sourceIndex":0,
"path":"22233351",
"properties":{"IFD.property.sample.label":"5e"}},
{"type":"org.iupac.fairdata.sample.IFDSample",
"name":"5f",
"id":"29",
"sourceIndex":0,
"path":"22233351",
"properties":{"IFD.property.sample.label":"5f"}},
{"type":"org.iupac.fairdata.sample.IFDSample",
"name":"5g",
"id":"30",
"sourceIndex":0,
"path":"22233351",
"properties":{"IFD.property.sample.label":"5g"}},
{"type":"org.iupac.fairdata.sample.IFDSample",
"name":"5h",
"id":"31",
"sourceIndex":0,
"path":"22233351",
"properties":{"IFD.property.sample.label":"5h"}},
{"type":"org.iupac.fairdata.sample.IFDSample",
"name":"5i",
"id":"32",
"sourceIndex":0,
"path":"22233351",
"properties":{"IFD.property.sample.label":"5i"}},
{"type":"org.iupac.fairdata.sample.IFDSample",
"name":"5j",
"id":"33",
"sourceIndex":0,
"path":"22233351",
"properties":{"IFD.property.sample.label":"5j"}},
{"type":"org.iupac.fairdata.sample.IFDSample",
"name":"7a",
"id":"34",
"sourceIndex":0,
"path":"22233351",
"properties":{"IFD.property.sample.label":"7a"}},
{"type":"org.iupac.fairdata.sample.IFDSample",
"name":"8",
"id":"35",
"sourceIndex":0,
"path":"22233351",
"properties":{"IFD.property.sample.label":"8"}}]},
"dataObjects":{"type":"org.iupac.fairdata.dataobject.IFDDataObjectCollection",
"subtype":"IFD.data.spec.nmr",
"name":"dataObjects",
"id":"619",
"listCount":86,
"list":[{"type":"IFD.data.spec.nmr",
"name":"3a/1",
"id":"0",
"sourceIndex":0,
"path":"NMR FID files/3a/1/",
"properties":{"IFD.property.data.spec.nmr.expt.label":"3a/1",
"IFD.property.data.spec.nmr.expt.nucl.1":"1H",
"IFD.property.data.spec.nmr.expt.pulse.prog":"zg30",
"IFD.property.data.spec.nmr.expt.temperature.absolute":297.0,
"IFD.property.data.spec.nmr.instr.freq.nominal":300,
"IFD.property.data.spec.nmr.instr.manufacturer.name":"Bruker",
"IFD.property.data.spec.nmr.instr.probe.type":"5 mm QNP 1H/13C/31P/19F Z-GRD Z8352/147"},
"listCount":1,
"list":[{"type":"IFD.representation.data.spec.nmr.vendor.dataset",
"subtype":"application/zip",
"len":295265,
"ref":{"origin":"NMR FID files/3a/1/",
"localPath":"NMR FID files/3a/1/",
"localName":"NMR_FID_files_3a_1_.zip"}}]},
{"type":"IFD.data.spec.nmr",
"name":"3a/2",
"id":"1",
"sourceIndex":0,
"path":"NMR FID files/3a/2/",
"properties":{"IFD.property.data.spec.nmr.expt.label":"3a/2",
"IFD.property.data.spec.nmr.expt.nucl.1":"13C",
"IFD.property.data.spec.nmr.expt.nucl.2":"1H",
"IFD.property.data.spec.nmr.expt.pulse.prog":"zgpg",
"IFD.property.data.spec.nmr.expt.temperature.absolute":297.3,
"IFD.property.data.spec.nmr.instr.freq.nominal":300,
"IFD.property.data.spec.nmr.instr.manufacturer.name":"Bruker",
"IFD.property.data.spec.nmr.instr.probe.type":"5 mm QNP 1H/13C/31P/19F Z-GRD Z8352/147"},
"listCount":1,
"list":[{"type":"IFD.representation.data.spec.nmr.vendor.dataset",
"subtype":"application/zip",
"len":442789,
"ref":{"origin":"NMR FID files/3a/2/",
"localPath":"NMR FID files/3a/2/",
"localName":"NMR_FID_files_3a_2_.zip"}}]},
{"type":"IFD.data.spec.nmr",
"name":"3b/1",
"id":"2",
"sourceIndex":0,
"path":"NMR FID files/3b/1/",
"properties":{"IFD.property.data.spec.nmr.expt.label":"3b/1",
"IFD.property.data.spec.nmr.expt.nucl.1":"1H",
"IFD.property.data.spec.nmr.expt.pulse.prog":"zg30",
"IFD.property.data.spec.nmr.expt.temperature.absolute":297.4,
"IFD.property.data.spec.nmr.instr.freq.nominal":300,
"IFD.property.data.spec.nmr.instr.manufacturer.name":"Bruker",
"IFD.property.data.spec.nmr.instr.probe.type":"5 mm QNP 1H/13C/31P/19F Z-GRD Z8352/147"},
"listCount":1,
"list":[{"type":"IFD.representation.data.spec.nmr.vendor.dataset",
"subtype":"application/zip",
"len":303309,
"ref":{"origin":"NMR FID files/3b/1/",
"localPath":"NMR FID files/3b/1/",
"localName":"NMR_FID_files_3b_1_.zip"}}]},
{"type":"IFD.data.spec.nmr",
"name":"3b/2",
"id":"3",
"sourceIndex":0,
"path":"NMR FID files/3b/2/",
"properties":{"IFD.property.data.spec.nmr.expt.label":"3b/2",
"IFD.property.data.spec.nmr.expt.nucl.1":"13C",
"IFD.property.data.spec.nmr.expt.nucl.2":"1H",
"IFD.property.data.spec.nmr.expt.pulse.prog":"zgpg",
"IFD.property.data.spec.nmr.expt.temperature.absolute":297.8,
"IFD.property.data.spec.nmr.instr.freq.nominal":300,
"IFD.property.data.spec.nmr.instr.manufacturer.name":"Bruker",
"IFD.property.data.spec.nmr.instr.probe.type":"5 mm QNP 1H/13C/31P/19F Z-GRD Z8352/147"},
"listCount":1,
"list":[{"type":"IFD.representation.data.spec.nmr.vendor.dataset",
"subtype":"application/zip",
"len":439902,
"ref":{"origin":"NMR FID files/3b/2/",
"localPath":"NMR FID files/3b/2/",
"localName":"NMR_FID_files_3b_2_.zip"}}]},
{"type":"IFD.data.spec.nmr",
"name":"3c/1",
"id":"4",
"sourceIndex":0,
"path":"NMR FID files/3c/1/",
"properties":{"IFD.property.data.spec.nmr.expt.label":"3c/1",
"IFD.property.data.spec.nmr.expt.nucl.1":"1H",
"IFD.property.data.spec.nmr.expt.pulse.prog":"zg30",
"IFD.property.data.spec.nmr.expt.temperature.absolute":297.3,
"IFD.property.data.spec.nmr.instr.freq.nominal":300,
"IFD.property.data.spec.nmr.instr.manufacturer.name":"Bruker",
"IFD.property.data.spec.nmr.instr.probe.type":"5 mm QNP 1H/13C/31P/19F Z-GRD Z8352/147"},
"listCount":1,
"list":[{"type":"IFD.representation.data.spec.nmr.vendor.dataset",
"subtype":"application/zip",
"len":307319,
"ref":{"origin":"NMR FID files/3c/1/",
"localPath":"NMR FID files/3c/1/",
"localName":"NMR_FID_files_3c_1_.zip"}}]},
{"type":"IFD.data.spec.nmr",
"name":"3c/2",
"id":"5",
"sourceIndex":0,
"path":"NMR FID files/3c/2/",
"properties":{"IFD.property.data.spec.nmr.expt.label":"3c/2",
"IFD.property.data.spec.nmr.expt.nucl.1":"13C",
"IFD.property.data.spec.nmr.expt.nucl.2":"1H",
"IFD.property.data.spec.nmr.expt.pulse.prog":"zgpg",
"IFD.property.data.spec.nmr.expt.temperature.absolute":297.8,
"IFD.property.data.spec.nmr.instr.freq.nominal":300,
"IFD.property.data.spec.nmr.instr.manufacturer.name":"Bruker",
"IFD.property.data.spec.nmr.instr.probe.type":"5 mm QNP 1H/13C/31P/19F Z-GRD Z8352/147"},
"listCount":1,
"list":[{"type":"IFD.representation.data.spec.nmr.vendor.dataset",
"subtype":"application/zip",
"len":444017,
"ref":{"origin":"NMR FID files/3c/2/",
"localPath":"NMR FID files/3c/2/",
"localName":"NMR_FID_files_3c_2_.zip"}}]},
{"type":"IFD.data.spec.nmr",
"name":"3d/1",
"id":"6",
"sourceIndex":0,
"path":"NMR FID files/3d/1/",
"properties":{"IFD.property.data.spec.nmr.expt.label":"3d/1",
"IFD.property.data.spec.nmr.expt.nucl.1":"1H",
"IFD.property.data.spec.nmr.expt.pulse.prog":"zg30",
"IFD.property.data.spec.nmr.expt.temperature.absolute":297.3,
"IFD.property.data.spec.nmr.instr.freq.nominal":300,
"IFD.property.data.spec.nmr.instr.manufacturer.name":"Bruker",
"IFD.property.data.spec.nmr.instr.probe.type":"5 mm QNP 1H/13C/31P/19F Z-GRD Z8352/147"},
"listCount":1,
"list":[{"type":"IFD.representation.data.spec.nmr.vendor.dataset",
"subtype":"application/zip",
"len":308127,
"ref":{"origin":"NMR FID files/3d/1/",
"localPath":"NMR FID files/3d/1/",
"localName":"NMR_FID_files_3d_1_.zip"}}]},
{"type":"IFD.data.spec.nmr",
"name":"3d/2",
"id":"7",
"sourceIndex":0,
"path":"NMR FID files/3d/2/",
"properties":{"IFD.property.data.spec.nmr.expt.label":"3d/2",
"IFD.property.data.spec.nmr.expt.nucl.1":"13C",
"IFD.property.data.spec.nmr.expt.nucl.2":"1H",
"IFD.property.data.spec.nmr.expt.pulse.prog":"zgpg",
"IFD.property.data.spec.nmr.expt.temperature.absolute":297.2,
"IFD.property.data.spec.nmr.instr.freq.nominal":300,
"IFD.property.data.spec.nmr.instr.manufacturer.name":"Bruker",
"IFD.property.data.spec.nmr.instr.probe.type":"5 mm QNP 1H/13C/31P/19F Z-GRD Z8352/147"},
"listCount":1,
"list":[{"type":"IFD.representation.data.spec.nmr.vendor.dataset",
"subtype":"application/zip",
"len":449478,
"ref":{"origin":"NMR FID files/3d/2/",
"localPath":"NMR FID files/3d/2/",
"localName":"NMR_FID_files_3d_2_.zip"}}]},
{"type":"IFD.data.spec.nmr",
"name":"3e/1",
"id":"8",
"sourceIndex":0,
"path":"NMR FID files/3e/1/",
"properties":{"IFD.property.data.spec.nmr.expt.label":"3e/1",
"IFD.property.data.spec.nmr.expt.nucl.1":"1H",
"IFD.property.data.spec.nmr.expt.pulse.prog":"zg30",
"IFD.property.data.spec.nmr.expt.temperature.absolute":297.0,
"IFD.property.data.spec.nmr.instr.freq.nominal":300,
"IFD.property.data.spec.nmr.instr.manufacturer.name":"Bruker",
"IFD.property.data.spec.nmr.instr.probe.type":"5 mm QNP 1H/13C/31P/19F Z-GRD Z8352/147"},
"listCount":1,
"list":[{"type":"IFD.representation.data.spec.nmr.vendor.dataset",
"subtype":"application/zip",
"len":309459,
"ref":{"origin":"NMR FID files/3e/1/",
"localPath":"NMR FID files/3e/1/",
"localName":"NMR_FID_files_3e_1_.zip"}}]},
{"type":"IFD.data.spec.nmr",
"name":"3e/2",
"id":"9",
"sourceIndex":0,
"path":"NMR FID files/3e/2/",
"properties":{"IFD.property.data.spec.nmr.expt.label":"3e/2",
"IFD.property.data.spec.nmr.expt.nucl.1":"13C",
"IFD.property.data.spec.nmr.expt.nucl.2":"1H",
"IFD.property.data.spec.nmr.expt.pulse.prog":"zgpg",
"IFD.property.data.spec.nmr.expt.temperature.absolute":297.6,
"IFD.property.data.spec.nmr.instr.freq.nominal":300,
"IFD.property.data.spec.nmr.instr.manufacturer.name":"Bruker",
"IFD.property.data.spec.nmr.instr.probe.type":"5 mm QNP 1H/13C/31P/19F Z-GRD Z8352/147"},
"listCount":1,
"list":[{"type":"IFD.representation.data.spec.nmr.vendor.dataset",
"subtype":"application/zip",
"len":446775,
"ref":{"origin":"NMR FID files/3e/2/",
"localPath":"NMR FID files/3e/2/",
"localName":"NMR_FID_files_3e_2_.zip"}}]},
{"type":"IFD.data.spec.nmr",
"name":"3f/1",
"id":"10",
"sourceIndex":0,
"path":"NMR FID files/3f/1/",
"properties":{"IFD.property.data.spec.nmr.expt.label":"3f/1",
"IFD.property.data.spec.nmr.expt.nucl.1":"1H",
"IFD.property.data.spec.nmr.expt.pulse.prog":"zg30",
"IFD.property.data.spec.nmr.expt.temperature.absolute":296.9,
"IFD.property.data.spec.nmr.instr.freq.nominal":300,
"IFD.property.data.spec.nmr.instr.manufacturer.name":"Bruker",
"IFD.property.data.spec.nmr.instr.probe.type":"5 mm QNP 1H/13C/31P/19F Z-GRD Z8352/147"},
"listCount":1,
"list":[{"type":"IFD.representation.data.spec.nmr.vendor.dataset",
"subtype":"application/zip",
"len":299213,
"ref":{"origin":"NMR FID files/3f/1/",
"localPath":"NMR FID files/3f/1/",
"localName":"NMR_FID_files_3f_1_.zip"}}]},
{"type":"IFD.data.spec.nmr",
"name":"3f/2",
"id":"11",
"sourceIndex":0,
"path":"NMR FID files/3f/2/",
"properties":{"IFD.property.data.spec.nmr.expt.label":"3f/2",
"IFD.property.data.spec.nmr.expt.nucl.1":"13C",
"IFD.property.data.spec.nmr.expt.nucl.2":"1H",
"IFD.property.data.spec.nmr.expt.pulse.prog":"zgpg",
"IFD.property.data.spec.nmr.expt.temperature.absolute":297.3,
"IFD.property.data.spec.nmr.instr.freq.nominal":300,
"IFD.property.data.spec.nmr.instr.manufacturer.name":"Bruker",
"IFD.property.data.spec.nmr.instr.probe.type":"5 mm QNP 1H/13C/31P/19F Z-GRD Z8352/147"},
"listCount":1,
"list":[{"type":"IFD.representation.data.spec.nmr.vendor.dataset",
"subtype":"application/zip",
"len":441704,
"ref":{"origin":"NMR FID files/3f/2/",
"localPath":"NMR FID files/3f/2/",
"localName":"NMR_FID_files_3f_2_.zip"}}]},
{"type":"IFD.data.spec.nmr",
"name":"3g/1",
"id":"12",
"sourceIndex":0,
"path":"NMR FID files/3g/1/",
"properties":{"IFD.property.data.spec.nmr.expt.label":"3g/1",
"IFD.property.data.spec.nmr.expt.nucl.1":"1H",
"IFD.property.data.spec.nmr.expt.pulse.prog":"zg30",
"IFD.property.data.spec.nmr.expt.temperature.absolute":297.0,
"IFD.property.data.spec.nmr.instr.freq.nominal":300,
"IFD.property.data.spec.nmr.instr.manufacturer.name":"Bruker",
"IFD.property.data.spec.nmr.instr.probe.type":"5 mm QNP 1H/13C/31P/19F Z-GRD Z8352/147"},
"listCount":1,
"list":[{"type":"IFD.representation.data.spec.nmr.vendor.dataset",
"subtype":"application/zip",
"len":305325,
"ref":{"origin":"NMR FID files/3g/1/",
"localPath":"NMR FID files/3g/1/",
"localName":"NMR_FID_files_3g_1_.zip"}}]},
{"type":"IFD.data.spec.nmr",
"name":"3g/2",
"id":"13",
"sourceIndex":0,
"path":"NMR FID files/3g/2/",
"properties":{"IFD.property.data.spec.nmr.expt.label":"3g/2",
"IFD.property.data.spec.nmr.expt.nucl.1":"13C",
"IFD.property.data.spec.nmr.expt.nucl.2":"1H",
"IFD.property.data.spec.nmr.expt.pulse.prog":"zgpg",
"IFD.property.data.spec.nmr.expt.temperature.absolute":297.0,
"IFD.property.data.spec.nmr.instr.freq.nominal":300,
"IFD.property.data.spec.nmr.instr.manufacturer.name":"Bruker",
"IFD.property.data.spec.nmr.instr.probe.type":"5 mm QNP 1H/13C/31P/19F Z-GRD Z8352/147"},
"listCount":1,
"list":[{"type":"IFD.representation.data.spec.nmr.vendor.dataset",
"subtype":"application/zip",
"len":442766,
"ref":{"origin":"NMR FID files/3g/2/",
"localPath":"NMR FID files/3g/2/",
"localName":"NMR_FID_files_3g_2_.zip"}}]},
{"type":"IFD.data.spec.nmr",
"name":"3h/1",
"id":"14",
"sourceIndex":0,
"path":"NMR FID files/3h/1/",
"properties":{"IFD.property.data.spec.nmr.expt.label":"3h/1",
"IFD.property.data.spec.nmr.expt.nucl.1":"1H",
"IFD.property.data.spec.nmr.expt.pulse.prog":"zg30",
"IFD.property.data.spec.nmr.expt.temperature.absolute":297.0,
"IFD.property.data.spec.nmr.instr.freq.nominal":300,
"IFD.property.data.spec.nmr.instr.manufacturer.name":"Bruker",
"IFD.property.data.spec.nmr.instr.probe.type":"5 mm QNP 1H/13C/31P/19F Z-GRD Z8352/147"},
"listCount":1,
"list":[{"type":"IFD.representation.data.spec.nmr.vendor.dataset",
"subtype":"application/zip",
"len":305995,
"ref":{"origin":"NMR FID files/3h/1/",
"localPath":"NMR FID files/3h/1/",
"localName":"NMR_FID_files_3h_1_.zip"}}]},
{"type":"IFD.data.spec.nmr",
"name":"3h/2",
"id":"15",
"sourceIndex":0,
"path":"NMR FID files/3h/2/",
"properties":{"IFD.property.data.spec.nmr.expt.label":"3h/2",
"IFD.property.data.spec.nmr.expt.nucl.1":"13C",
"IFD.property.data.spec.nmr.expt.nucl.2":"1H",
"IFD.property.data.spec.nmr.expt.pulse.prog":"zgpg",
"IFD.property.data.spec.nmr.expt.temperature.absolute":297.2,
"IFD.property.data.spec.nmr.instr.freq.nominal":300,
"IFD.property.data.spec.nmr.instr.manufacturer.name":"Bruker",
"IFD.property.data.spec.nmr.instr.probe.type":"5 mm QNP 1H/13C/31P/19F Z-GRD Z8352/147"},
"listCount":1,
"list":[{"type":"IFD.representation.data.spec.nmr.vendor.dataset",
"subtype":"application/zip",
"len":446439,
"ref":{"origin":"NMR FID files/3h/2/",
"localPath":"NMR FID files/3h/2/",
"localName":"NMR_FID_files_3h_2_.zip"}}]},
{"type":"IFD.data.spec.nmr",
"name":"3i/1",
"id":"16",
"sourceIndex":0,
"path":"NMR FID files/3i/1/",
"properties":{"IFD.property.data.spec.nmr.expt.label":"3i/1",
"IFD.property.data.spec.nmr.expt.nucl.1":"1H",
"IFD.property.data.spec.nmr.expt.pulse.prog":"zg30",
"IFD.property.data.spec.nmr.expt.temperature.absolute":293.9,
"IFD.property.data.spec.nmr.instr.freq.nominal":300,
"IFD.property.data.spec.nmr.instr.manufacturer.name":"Bruker",
"IFD.property.data.spec.nmr.instr.probe.type":"5 mm QNP 1H/13C/31P/19F Z-GRD Z8352/147"},
"listCount":1,
"list":[{"type":"IFD.representation.data.spec.nmr.vendor.dataset",
"subtype":"application/zip",
"len":298920,
"ref":{"origin":"NMR FID files/3i/1/",
"localPath":"NMR FID files/3i/1/",
"localName":"NMR_FID_files_3i_1_.zip"}}]},
{"type":"IFD.data.spec.nmr",
"name":"3i/2",
"id":"17",
"sourceIndex":0,
"path":"NMR FID files/3i/2/",
"properties":{"IFD.property.data.spec.nmr.expt.label":"3i/2",
"IFD.property.data.spec.nmr.expt.nucl.1":"13C",
"IFD.property.data.spec.nmr.expt.nucl.2":"1H",
"IFD.property.data.spec.nmr.expt.pulse.prog":"zgpg",
"IFD.property.data.spec.nmr.expt.temperature.absolute":294.0,
"IFD.property.data.spec.nmr.instr.freq.nominal":300,
"IFD.property.data.spec.nmr.instr.manufacturer.name":"Bruker",
"IFD.property.data.spec.nmr.instr.probe.type":"5 mm QNP 1H/13C/31P/19F Z-GRD Z8352/147"},
"listCount":1,
"list":[{"type":"IFD.representation.data.spec.nmr.vendor.dataset",
"subtype":"application/zip",
"len":439081,
"ref":{"origin":"NMR FID files/3i/2/",
"localPath":"NMR FID files/3i/2/",
"localName":"NMR_FID_files_3i_2_.zip"}}]},
{"type":"IFD.data.spec.nmr",
"name":"3j/1",
"id":"18",
"sourceIndex":0,
"path":"NMR FID files/3j/1/",
"properties":{"IFD.property.data.spec.nmr.expt.label":"3j/1",
"IFD.property.data.spec.nmr.expt.nucl.1":"1H",
"IFD.property.data.spec.nmr.expt.pulse.prog":"zg30",
"IFD.property.data.spec.nmr.expt.temperature.absolute":297.3,
"IFD.property.data.spec.nmr.instr.freq.nominal":300,
"IFD.property.data.spec.nmr.instr.manufacturer.name":"Bruker",
"IFD.property.data.spec.nmr.instr.probe.type":"5 mm QNP 1H/13C/31P/19F Z-GRD Z8352/147"},
"listCount":1,
"list":[{"type":"IFD.representation.data.spec.nmr.vendor.dataset",
"subtype":"application/zip",
"len":306633,
"ref":{"origin":"NMR FID files/3j/1/",
"localPath":"NMR FID files/3j/1/",
"localName":"NMR_FID_files_3j_1_.zip"}}]},
{"type":"IFD.data.spec.nmr",
"name":"3j/2",
"id":"19",
"sourceIndex":0,
"path":"NMR FID files/3j/2/",
"properties":{"IFD.property.data.spec.nmr.expt.label":"3j/2",
"IFD.property.data.spec.nmr.expt.nucl.1":"13C",
"IFD.property.data.spec.nmr.expt.nucl.2":"1H",
"IFD.property.data.spec.nmr.expt.pulse.prog":"zgpg",
"IFD.property.data.spec.nmr.expt.temperature.absolute":297.4,
"IFD.property.data.spec.nmr.instr.freq.nominal":300,
"IFD.property.data.spec.nmr.instr.manufacturer.name":"Bruker",
"IFD.property.data.spec.nmr.instr.probe.type":"5 mm QNP 1H/13C/31P/19F Z-GRD Z8352/147"},
"listCount":1,
"list":[{"type":"IFD.representation.data.spec.nmr.vendor.dataset",
"subtype":"application/zip",
"len":452098,
"ref":{"origin":"NMR FID files/3j/2/",
"localPath":"NMR FID files/3j/2/",
"localName":"NMR_FID_files_3j_2_.zip"}}]},
{"type":"IFD.data.spec.nmr",
"name":"3k/1",
"id":"20",
"sourceIndex":0,
"path":"NMR FID files/3k/1/",
"properties":{"IFD.property.data.spec.nmr.expt.label":"3k/1",
"IFD.property.data.spec.nmr.expt.nucl.1":"1H",
"IFD.property.data.spec.nmr.expt.pulse.prog":"zg30",
"IFD.property.data.spec.nmr.expt.temperature.absolute":297.1,
"IFD.property.data.spec.nmr.instr.freq.nominal":300,
"IFD.property.data.spec.nmr.instr.manufacturer.name":"Bruker",
"IFD.property.data.spec.nmr.instr.probe.type":"5 mm QNP 1H/13C/31P/19F Z-GRD Z8352/147"},
"listCount":1,
"list":[{"type":"IFD.representation.data.spec.nmr.vendor.dataset",
"subtype":"application/zip",
"len":300040,
"ref":{"origin":"NMR FID files/3k/1/",
"localPath":"NMR FID files/3k/1/",
"localName":"NMR_FID_files_3k_1_.zip"}}]},
{"type":"IFD.data.spec.nmr",
"name":"3k/2",
"id":"21",
"sourceIndex":0,
"path":"NMR FID files/3k/2/",
"properties":{"IFD.property.data.spec.nmr.expt.label":"3k/2",
"IFD.property.data.spec.nmr.expt.nucl.1":"13C",
"IFD.property.data.spec.nmr.expt.nucl.2":"1H",
"IFD.property.data.spec.nmr.expt.pulse.prog":"zgpg",
"IFD.property.data.spec.nmr.expt.temperature.absolute":297.2,
"IFD.property.data.spec.nmr.instr.freq.nominal":300,
"IFD.property.data.spec.nmr.instr.manufacturer.name":"Bruker",
"IFD.property.data.spec.nmr.instr.probe.type":"5 mm QNP 1H/13C/31P/19F Z-GRD Z8352/147"},
"listCount":1,
"list":[{"type":"IFD.representation.data.spec.nmr.vendor.dataset",
"subtype":"application/zip",
"len":442288,
"ref":{"origin":"NMR FID files/3k/2/",
"localPath":"NMR FID files/3k/2/",
"localName":"NMR_FID_files_3k_2_.zip"}}]},
{"type":"IFD.data.spec.nmr",
"name":"3k/cd-wzh-2019-84",
"id":"22",
"sourceIndex":0,
"path":"NMR FID files/3k/cd-wzh-2019-84/",
"properties":{"IFD.property.data.spec.nmr.expt.label":"3k/cd-wzh-2019-84"}},
{"type":"IFD.data.spec.nmr",
"name":"3l/1",
"id":"23",
"sourceIndex":0,
"path":"NMR FID files/3l/1/",
"properties":{"IFD.property.data.spec.nmr.expt.label":"3l/1",
"IFD.property.data.spec.nmr.expt.nucl.1":"1H",
"IFD.property.data.spec.nmr.expt.pulse.prog":"zg30",
"IFD.property.data.spec.nmr.expt.temperature.absolute":296.9,
"IFD.property.data.spec.nmr.instr.freq.nominal":300,
"IFD.property.data.spec.nmr.instr.manufacturer.name":"Bruker",
"IFD.property.data.spec.nmr.instr.probe.type":"5 mm QNP 1H/13C/31P/19F Z-GRD Z8352/147"},
"listCount":1,
"list":[{"type":"IFD.representation.data.spec.nmr.vendor.dataset",
"subtype":"application/zip",
"len":299750,
"ref":{"origin":"NMR FID files/3l/1/",
"localPath":"NMR FID files/3l/1/",
"localName":"NMR_FID_files_3l_1_.zip"}}]},
{"type":"IFD.data.spec.nmr",
"name":"3l/2",
"id":"24",
"sourceIndex":0,
"path":"NMR FID files/3l/2/",
"properties":{"IFD.property.data.spec.nmr.expt.label":"3l/2",
"IFD.property.data.spec.nmr.expt.nucl.1":"13C",
"IFD.property.data.spec.nmr.expt.nucl.2":"1H",
"IFD.property.data.spec.nmr.expt.pulse.prog":"zgpg",
"IFD.property.data.spec.nmr.expt.temperature.absolute":297.1,
"IFD.property.data.spec.nmr.instr.freq.nominal":300,
"IFD.property.data.spec.nmr.instr.manufacturer.name":"Bruker",
"IFD.property.data.spec.nmr.instr.probe.type":"5 mm QNP 1H/13C/31P/19F Z-GRD Z8352/147"},
"listCount":1,
"list":[{"type":"IFD.representation.data.spec.nmr.vendor.dataset",
"subtype":"application/zip",
"len":444366,
"ref":{"origin":"NMR FID files/3l/2/",
"localPath":"NMR FID files/3l/2/",
"localName":"NMR_FID_files_3l_2_.zip"}}]},
{"type":"IFD.data.spec.nmr",
"name":"3m/1",
"id":"25",
"sourceIndex":0,
"path":"NMR FID files/3m/1/",
"properties":{"IFD.property.data.spec.nmr.expt.label":"3m/1",
"IFD.property.data.spec.nmr.expt.nucl.1":"1H",
"IFD.property.data.spec.nmr.expt.pulse.prog":"zg30",
"IFD.property.data.spec.nmr.expt.temperature.absolute":298.2,
"IFD.property.data.spec.nmr.instr.freq.nominal":300,
"IFD.property.data.spec.nmr.instr.manufacturer.name":"Bruker",
"IFD.property.data.spec.nmr.instr.probe.type":"5 mm QNP 1H/13C/31P/19F Z-GRD Z8352/147"},
"listCount":1,
"list":[{"type":"IFD.representation.data.spec.nmr.vendor.dataset",
"subtype":"application/zip",
"len":304568,
"ref":{"origin":"NMR FID files/3m/1/",
"localPath":"NMR FID files/3m/1/",
"localName":"NMR_FID_files_3m_1_.zip"}}]},
{"type":"IFD.data.spec.nmr",
"name":"3m/2",
"id":"26",
"sourceIndex":0,
"path":"NMR FID files/3m/2/",
"properties":{"IFD.property.data.spec.nmr.expt.label":"3m/2",
"IFD.property.data.spec.nmr.expt.nucl.1":"13C",
"IFD.property.data.spec.nmr.expt.nucl.2":"1H",
"IFD.property.data.spec.nmr.expt.pulse.prog":"zgpg",
"IFD.property.data.spec.nmr.expt.temperature.absolute":298.9,
"IFD.property.data.spec.nmr.instr.freq.nominal":300,
"IFD.property.data.spec.nmr.instr.manufacturer.name":"Bruker",
"IFD.property.data.spec.nmr.instr.probe.type":"5 mm QNP 1H/13C/31P/19F Z-GRD Z8352/147"},
"listCount":1,
"list":[{"type":"IFD.representation.data.spec.nmr.vendor.dataset",
"subtype":"application/zip",
"len":444011,
"ref":{"origin":"NMR FID files/3m/2/",
"localPath":"NMR FID files/3m/2/",
"localName":"NMR_FID_files_3m_2_.zip"}}]},
{"type":"IFD.data.spec.nmr",
"name":"3m/cd-wzh-2019-32",
"id":"27",
"sourceIndex":0,
"path":"NMR FID files/3m/cd-wzh-2019-32/",
"properties":{"IFD.property.data.spec.nmr.expt.label":"3m/cd-wzh-2019-32"}},
{"type":"IFD.data.spec.nmr",
"name":"3n/1",
"id":"28",
"sourceIndex":0,
"path":"NMR FID files/3n/1/",
"properties":{"IFD.property.data.spec.nmr.expt.label":"3n/1",
"IFD.property.data.spec.nmr.expt.nucl.1":"1H",
"IFD.property.data.spec.nmr.expt.pulse.prog":"zg30",
"IFD.property.data.spec.nmr.expt.temperature.absolute":297.2,
"IFD.property.data.spec.nmr.instr.freq.nominal":300,
"IFD.property.data.spec.nmr.instr.manufacturer.name":"Bruker",
"IFD.property.data.spec.nmr.instr.probe.type":"5 mm QNP 1H/13C/31P/19F Z-GRD Z8352/147"},
"listCount":1,
"list":[{"type":"IFD.representation.data.spec.nmr.vendor.dataset",
"subtype":"application/zip",
"len":305485,
"ref":{"origin":"NMR FID files/3n/1/",
"localPath":"NMR FID files/3n/1/",
"localName":"NMR_FID_files_3n_1_.zip"}}]},
{"type":"IFD.data.spec.nmr",
"name":"3n/2",
"id":"29",
"sourceIndex":0,
"path":"NMR FID files/3n/2/",
"properties":{"IFD.property.data.spec.nmr.expt.label":"3n/2",
"IFD.property.data.spec.nmr.expt.nucl.1":"13C",
"IFD.property.data.spec.nmr.expt.nucl.2":"1H",
"IFD.property.data.spec.nmr.expt.pulse.prog":"zgpg",
"IFD.property.data.spec.nmr.expt.temperature.absolute":297.7,
"IFD.property.data.spec.nmr.instr.freq.nominal":300,
"IFD.property.data.spec.nmr.instr.manufacturer.name":"Bruker",
"IFD.property.data.spec.nmr.instr.probe.type":"5 mm QNP 1H/13C/31P/19F Z-GRD Z8352/147"},
"listCount":1,
"list":[{"type":"IFD.representation.data.spec.nmr.vendor.dataset",
"subtype":"application/zip",
"len":451534,
"ref":{"origin":"NMR FID files/3n/2/",
"localPath":"NMR FID files/3n/2/",
"localName":"NMR_FID_files_3n_2_.zip"}}]},
{"type":"IFD.data.spec.nmr",
"name":"3o/1",
"id":"30",
"sourceIndex":0,
"path":"NMR FID files/3o/1/",
"properties":{"IFD.property.data.spec.nmr.expt.label":"3o/1",
"IFD.property.data.spec.nmr.expt.nucl.1":"1H",
"IFD.property.data.spec.nmr.expt.pulse.prog":"zg30",
"IFD.property.data.spec.nmr.expt.temperature.absolute":297.1,
"IFD.property.data.spec.nmr.instr.freq.nominal":300,
"IFD.property.data.spec.nmr.instr.manufacturer.name":"Bruker",
"IFD.property.data.spec.nmr.instr.probe.type":"5 mm QNP 1H/13C/31P/19F Z-GRD Z8352/147"},
"listCount":1,
"list":[{"type":"IFD.representation.data.spec.nmr.vendor.dataset",
"subtype":"application/zip",
"len":312547,
"ref":{"origin":"NMR FID files/3o/1/",
"localPath":"NMR FID files/3o/1/",
"localName":"NMR_FID_files_3o_1_.zip"}}]},
{"type":"IFD.data.spec.nmr",
"name":"3o/2",
"id":"31",
"sourceIndex":0,
"path":"NMR FID files/3o/2/",
"properties":{"IFD.property.data.spec.nmr.expt.label":"3o/2",
"IFD.property.data.spec.nmr.expt.nucl.1":"13C",
"IFD.property.data.spec.nmr.expt.nucl.2":"1H",
"IFD.property.data.spec.nmr.expt.pulse.prog":"zgpg",
"IFD.property.data.spec.nmr.expt.temperature.absolute":297.4,
"IFD.property.data.spec.nmr.instr.freq.nominal":300,
"IFD.property.data.spec.nmr.instr.manufacturer.name":"Bruker",
"IFD.property.data.spec.nmr.instr.probe.type":"5 mm QNP 1H/13C/31P/19F Z-GRD Z8352/147"},
"listCount":1,
"list":[{"type":"IFD.representation.data.spec.nmr.vendor.dataset",
"subtype":"application/zip",
"len":443105,
"ref":{"origin":"NMR FID files/3o/2/",
"localPath":"NMR FID files/3o/2/",
"localName":"NMR_FID_files_3o_2_.zip"}}]},
{"type":"IFD.data.spec.nmr",
"name":"3p/1",
"id":"32",
"sourceIndex":0,
"path":"NMR FID files/3p/1/",
"properties":{"IFD.property.data.spec.nmr.expt.label":"3p/1",
"IFD.property.data.spec.nmr.expt.nucl.1":"1H",
"IFD.property.data.spec.nmr.expt.pulse.prog":"zg30",
"IFD.property.data.spec.nmr.expt.temperature.absolute":297.3,
"IFD.property.data.spec.nmr.instr.freq.nominal":300,
"IFD.property.data.spec.nmr.instr.manufacturer.name":"Bruker",
"IFD.property.data.spec.nmr.instr.probe.type":"5 mm QNP 1H/13C/31P/19F Z-GRD Z8352/147"},
"listCount":1,
"list":[{"type":"IFD.representation.data.spec.nmr.vendor.dataset",
"subtype":"application/zip",
"len":309185,
"ref":{"origin":"NMR FID files/3p/1/",
"localPath":"NMR FID files/3p/1/",
"localName":"NMR_FID_files_3p_1_.zip"}}]},
{"type":"IFD.data.spec.nmr",
"name":"3p/2",
"id":"33",
"sourceIndex":0,
"path":"NMR FID files/3p/2/",
"properties":{"IFD.property.data.spec.nmr.expt.label":"3p/2",
"IFD.property.data.spec.nmr.expt.nucl.1":"13C",
"IFD.property.data.spec.nmr.expt.nucl.2":"1H",
"IFD.property.data.spec.nmr.expt.pulse.prog":"zgpg",
"IFD.property.data.spec.nmr.expt.temperature.absolute":297.4,
"IFD.property.data.spec.nmr.instr.freq.nominal":300,
"IFD.property.data.spec.nmr.instr.manufacturer.name":"Bruker",
"IFD.property.data.spec.nmr.instr.probe.type":"5 mm QNP 1H/13C/31P/19F Z-GRD Z8352/147"},
"listCount":1,
"list":[{"type":"IFD.representation.data.spec.nmr.vendor.dataset",
"subtype":"application/zip",
"len":444160,
"ref":{"origin":"NMR FID files/3p/2/",
"localPath":"NMR FID files/3p/2/",
"localName":"NMR_FID_files_3p_2_.zip"}}]},
{"type":"IFD.data.spec.nmr",
"name":"3q/1",
"id":"34",
"sourceIndex":0,
"path":"NMR FID files/3q/1/",
"properties":{"IFD.property.data.spec.nmr.expt.label":"3q/1",
"IFD.property.data.spec.nmr.expt.nucl.1":"1H",
"IFD.property.data.spec.nmr.expt.pulse.prog":"zg30",
"IFD.property.data.spec.nmr.expt.temperature.absolute":296.9,
"IFD.property.data.spec.nmr.instr.freq.nominal":300,
"IFD.property.data.spec.nmr.instr.manufacturer.name":"Bruker",
"IFD.property.data.spec.nmr.instr.probe.type":"5 mm QNP 1H/13C/31P/19F Z-GRD Z8352/147"},
"listCount":1,
"list":[{"type":"IFD.representation.data.spec.nmr.vendor.dataset",
"subtype":"application/zip",
"len":308653,
"ref":{"origin":"NMR FID files/3q/1/",
"localPath":"NMR FID files/3q/1/",
"localName":"NMR_FID_files_3q_1_.zip"}}]},
{"type":"IFD.data.spec.nmr",
"name":"3q/2",
"id":"35",
"sourceIndex":0,
"path":"NMR FID files/3q/2/",
"properties":{"IFD.property.data.spec.nmr.expt.label":"3q/2",
"IFD.property.data.spec.nmr.expt.nucl.1":"13C",
"IFD.property.data.spec.nmr.expt.nucl.2":"1H",
"IFD.property.data.spec.nmr.expt.pulse.prog":"zgpg",
"IFD.property.data.spec.nmr.expt.temperature.absolute":297.0,
"IFD.property.data.spec.nmr.instr.freq.nominal":300,
"IFD.property.data.spec.nmr.instr.manufacturer.name":"Bruker",
"IFD.property.data.spec.nmr.instr.probe.type":"5 mm QNP 1H/13C/31P/19F Z-GRD Z8352/147"},
"listCount":1,
"list":[{"type":"IFD.representation.data.spec.nmr.vendor.dataset",
"subtype":"application/zip",
"len":446352,
"ref":{"origin":"NMR FID files/3q/2/",
"localPath":"NMR FID files/3q/2/",
"localName":"NMR_FID_files_3q_2_.zip"}}]},
{"type":"IFD.data.spec.nmr",
"name":"3r/1",
"id":"36",
"sourceIndex":0,
"path":"NMR FID files/3r/1/",
"properties":{"IFD.property.data.spec.nmr.expt.label":"3r/1",
"IFD.property.data.spec.nmr.expt.nucl.1":"1H",
"IFD.property.data.spec.nmr.expt.pulse.prog":"zg30",
"IFD.property.data.spec.nmr.expt.temperature.absolute":297.2,
"IFD.property.data.spec.nmr.instr.freq.nominal":300,
"IFD.property.data.spec.nmr.instr.manufacturer.name":"Bruker",
"IFD.property.data.spec.nmr.instr.probe.type":"5 mm QNP 1H/13C/31P/19F Z-GRD Z8352/147"},
"listCount":1,
"list":[{"type":"IFD.representation.data.spec.nmr.vendor.dataset",
"subtype":"application/zip",
"len":310186,
"ref":{"origin":"NMR FID files/3r/1/",
"localPath":"NMR FID files/3r/1/",
"localName":"NMR_FID_files_3r_1_.zip"}}]},
{"type":"IFD.data.spec.nmr",
"name":"3r/2",
"id":"37",
"sourceIndex":0,
"path":"NMR FID files/3r/2/",
"properties":{"IFD.property.data.spec.nmr.expt.label":"3r/2",
"IFD.property.data.spec.nmr.expt.nucl.1":"13C",
"IFD.property.data.spec.nmr.expt.nucl.2":"1H",
"IFD.property.data.spec.nmr.expt.pulse.prog":"zgpg",
"IFD.property.data.spec.nmr.expt.temperature.absolute":297.5,
"IFD.property.data.spec.nmr.instr.freq.nominal":300,
"IFD.property.data.spec.nmr.instr.manufacturer.name":"Bruker",
"IFD.property.data.spec.nmr.instr.probe.type":"5 mm QNP 1H/13C/31P/19F Z-GRD Z8352/147"},
"listCount":1,
"list":[{"type":"IFD.representation.data.spec.nmr.vendor.dataset",
"subtype":"application/zip",
"len":445262,
"ref":{"origin":"NMR FID files/3r/2/",
"localPath":"NMR FID files/3r/2/",
"localName":"NMR_FID_files_3r_2_.zip"}}]},
{"type":"IFD.data.spec.nmr",
"name":"3s/1",
"id":"38",
"sourceIndex":0,
"path":"NMR FID files/3s/1/",
"properties":{"IFD.property.data.spec.nmr.expt.label":"3s/1",
"IFD.property.data.spec.nmr.expt.nucl.1":"1H",
"IFD.property.data.spec.nmr.expt.pulse.prog":"zg30",
"IFD.property.data.spec.nmr.expt.temperature.absolute":296.7,
"IFD.property.data.spec.nmr.instr.freq.nominal":300,
"IFD.property.data.spec.nmr.instr.manufacturer.name":"Bruker",
"IFD.property.data.spec.nmr.instr.probe.type":"5 mm QNP 1H/13C/31P/19F Z-GRD Z8352/147"},
"listCount":1,
"list":[{"type":"IFD.representation.data.spec.nmr.vendor.dataset",
"subtype":"application/zip",
"len":302995,
"ref":{"origin":"NMR FID files/3s/1/",
"localPath":"NMR FID files/3s/1/",
"localName":"NMR_FID_files_3s_1_.zip"}}]},
{"type":"IFD.data.spec.nmr",
"name":"3s/2",
"id":"39",
"sourceIndex":0,
"path":"NMR FID files/3s/2/",
"properties":{"IFD.property.data.spec.nmr.expt.label":"3s/2",
"IFD.property.data.spec.nmr.expt.nucl.1":"13C",
"IFD.property.data.spec.nmr.expt.nucl.2":"1H",
"IFD.property.data.spec.nmr.expt.pulse.prog":"zgpg",
"IFD.property.data.spec.nmr.expt.temperature.absolute":297.2,
"IFD.property.data.spec.nmr.instr.freq.nominal":300,
"IFD.property.data.spec.nmr.instr.manufacturer.name":"Bruker",
"IFD.property.data.spec.nmr.instr.probe.type":"5 mm QNP 1H/13C/31P/19F Z-GRD Z8352/147"},
"listCount":1,
"list":[{"type":"IFD.representation.data.spec.nmr.vendor.dataset",
"subtype":"application/zip",
"len":446931,
"ref":{"origin":"NMR FID files/3s/2/",
"localPath":"NMR FID files/3s/2/",
"localName":"NMR_FID_files_3s_2_.zip"}}]},
{"type":"IFD.data.spec.nmr",
"name":"3t/1",
"id":"40",
"sourceIndex":0,
"path":"NMR FID files/3t/1/",
"properties":{"IFD.property.data.spec.nmr.expt.label":"3t/1",
"IFD.property.data.spec.nmr.expt.nucl.1":"1H",
"IFD.property.data.spec.nmr.expt.pulse.prog":"zg30",
"IFD.property.data.spec.nmr.expt.temperature.absolute":297.1,
"IFD.property.data.spec.nmr.instr.freq.nominal":300,
"IFD.property.data.spec.nmr.instr.manufacturer.name":"Bruker",
"IFD.property.data.spec.nmr.instr.probe.type":"5 mm QNP 1H/13C/31P/19F Z-GRD Z8352/147"},
"listCount":1,
"list":[{"type":"IFD.representation.data.spec.nmr.vendor.dataset",
"subtype":"application/zip",
"len":297332,
"ref":{"origin":"NMR FID files/3t/1/",
"localPath":"NMR FID files/3t/1/",
"localName":"NMR_FID_files_3t_1_.zip"}}]},
{"type":"IFD.data.spec.nmr",
"name":"3t/2",
"id":"41",
"sourceIndex":0,
"path":"NMR FID files/3t/2/",
"properties":{"IFD.property.data.spec.nmr.expt.label":"3t/2",
"IFD.property.data.spec.nmr.expt.nucl.1":"13C",
"IFD.property.data.spec.nmr.expt.nucl.2":"1H",
"IFD.property.data.spec.nmr.expt.pulse.prog":"zgpg",
"IFD.property.data.spec.nmr.expt.temperature.absolute":297.7,
"IFD.property.data.spec.nmr.instr.freq.nominal":300,
"IFD.property.data.spec.nmr.instr.manufacturer.name":"Bruker",
"IFD.property.data.spec.nmr.instr.probe.type":"5 mm QNP 1H/13C/31P/19F Z-GRD Z8352/147"},
"listCount":1,
"list":[{"type":"IFD.representation.data.spec.nmr.vendor.dataset",
"subtype":"application/zip",
"len":444493,
"ref":{"origin":"NMR FID files/3t/2/",
"localPath":"NMR FID files/3t/2/",
"localName":"NMR_FID_files_3t_2_.zip"}}]},
{"type":"IFD.data.spec.nmr",
"name":"3u/10",
"id":"42",
"sourceIndex":0,
"path":"NMR FID files/3u/10/",
"properties":{"IFD.property.data.spec.nmr.expt.label":"3u/10",
"IFD.property.data.spec.nmr.expt.nucl.1":"1H",
"IFD.property.data.spec.nmr.expt.pulse.prog":"zg30",
"IFD.property.data.spec.nmr.expt.temperature.absolute":297.9016,
"IFD.property.data.spec.nmr.instr.freq.nominal":400,
"IFD.property.data.spec.nmr.instr.manufacturer.name":"Bruker",
"IFD.property.data.spec.nmr.instr.probe.type":"5 mm PABBO BB/19F-1H/D Z-GRD Z116098/0138"},
"listCount":1,
"list":[{"type":"IFD.representation.data.spec.nmr.vendor.dataset",
"subtype":"application/zip",
"len":156138,
"ref":{"origin":"NMR FID files/3u/10/",
"localPath":"NMR FID files/3u/10/",
"localName":"NMR_FID_files_3u_10_.zip"}}]},
{"type":"IFD.data.spec.nmr",
"name":"3u/11",
"id":"43",
"sourceIndex":0,
"path":"NMR FID files/3u/11/",
"properties":{"IFD.property.data.spec.nmr.expt.label":"3u/11",
"IFD.property.data.spec.nmr.expt.nucl.1":"13C",
"IFD.property.data.spec.nmr.expt.nucl.2":"1H",
"IFD.property.data.spec.nmr.expt.pulse.prog":"zgpg30",
"IFD.property.data.spec.nmr.expt.temperature.absolute":298.0611,
"IFD.property.data.spec.nmr.instr.freq.nominal":400,
"IFD.property.data.spec.nmr.instr.manufacturer.name":"Bruker",
"IFD.property.data.spec.nmr.instr.probe.type":"5 mm PABBO BB/19F-1H/D Z-GRD Z116098/0138"},
"listCount":3,
"list":[{"type":"IFD.representation.data.spec.nmr.vendor.dataset",
"subtype":"application/zip",
"len":412343,
"ref":{"origin":"NMR FID files/3u/11/",
"localPath":"NMR FID files/3u/11/",
"localName":"NMR_FID_files_3u_11_.zip"}},
{"type":"IFD.representation.data.spec.nmr.spectrum.image",
"subtype":"IFD.representation.data.spec.nmr.spectrum.image",
"len":4298,
"ref":{"origin":"NMR_FID_files_3u_11_pdata_1_thumb.png",
"localPath":"NMR FID files/3u/11/",
"localName":"NMR_FID_files_3u_11_pdata_1_thumb.png"}},
{"subtype":"image/png",
"len":4298,
"ref":{"origin":"NMR FID files/3u/11/pdata/1/thumb.png",
"localPath":"NMR FID files/3u/11/",
"localName":"NMR_FID_files_3u_11_pdata_1_thumb.png"}}]},
{"type":"IFD.data.spec.nmr",
"name":"3v/1",
"id":"44",
"sourceIndex":0,
"path":"NMR FID files/3v/1/",
"properties":{"IFD.property.data.spec.nmr.expt.label":"3v/1",
"IFD.property.data.spec.nmr.expt.nucl.1":"1H",
"IFD.property.data.spec.nmr.expt.pulse.prog":"zg30",
"IFD.property.data.spec.nmr.expt.temperature.absolute":292.1,
"IFD.property.data.spec.nmr.instr.freq.nominal":300,
"IFD.property.data.spec.nmr.instr.manufacturer.name":"Bruker",
"IFD.property.data.spec.nmr.instr.probe.type":"5 mm QNP 1H/13C/31P/19F Z-GRD Z8352/147"},
"listCount":1,
"list":[{"type":"IFD.representation.data.spec.nmr.vendor.dataset",
"subtype":"application/zip",
"len":305311,
"ref":{"origin":"NMR FID files/3v/1/",
"localPath":"NMR FID files/3v/1/",
"localName":"NMR_FID_files_3v_1_.zip"}}]},
{"type":"IFD.data.spec.nmr",
"name":"3v/2",
"id":"45",
"sourceIndex":0,
"path":"NMR FID files/3v/2/",
"properties":{"IFD.property.data.spec.nmr.expt.label":"3v/2",
"IFD.property.data.spec.nmr.expt.nucl.1":"13C",
"IFD.property.data.spec.nmr.expt.nucl.2":"1H",
"IFD.property.data.spec.nmr.expt.pulse.prog":"zgpg",
"IFD.property.data.spec.nmr.expt.temperature.absolute":292.5,
"IFD.property.data.spec.nmr.instr.freq.nominal":300,
"IFD.property.data.spec.nmr.instr.manufacturer.name":"Bruker",
"IFD.property.data.spec.nmr.instr.probe.type":"5 mm QNP 1H/13C/31P/19F Z-GRD Z8352/147"},
"listCount":1,
"list":[{"type":"IFD.representation.data.spec.nmr.vendor.dataset",
"subtype":"application/zip",
"len":445629,
"ref":{"origin":"NMR FID files/3v/2/",
"localPath":"NMR FID files/3v/2/",
"localName":"NMR_FID_files_3v_2_.zip"}}]},
{"type":"IFD.data.spec.nmr",
"name":"3y/10",
"id":"46",
"sourceIndex":0,
"path":"NMR FID files/3y/10/",
"properties":{"IFD.property.data.spec.nmr.expt.label":"3y/10",
"IFD.property.data.spec.nmr.expt.nucl.1":"1H",
"IFD.property.data.spec.nmr.expt.pulse.prog":"zg30",
"IFD.property.data.spec.nmr.expt.temperature.absolute":295.7838,
"IFD.property.data.spec.nmr.instr.freq.nominal":400,
"IFD.property.data.spec.nmr.instr.manufacturer.name":"Bruker",
"IFD.property.data.spec.nmr.instr.probe.type":"5 mm PABBO BB/19F-1H/D Z-GRD Z116098/0138"},
"listCount":1,
"list":[{"type":"IFD.representation.data.spec.nmr.vendor.dataset",
"subtype":"application/zip",
"len":144015,
"ref":{"origin":"NMR FID files/3y/10/",
"localPath":"NMR FID files/3y/10/",
"localName":"NMR_FID_files_3y_10_.zip"}}]},
{"type":"IFD.data.spec.nmr",
"name":"3y/11",
"id":"47",
"sourceIndex":0,
"path":"NMR FID files/3y/11/",
"properties":{"IFD.property.data.spec.nmr.expt.label":"3y/11",
"IFD.property.data.spec.nmr.expt.nucl.1":"13C",
"IFD.property.data.spec.nmr.expt.nucl.2":"1H",
"IFD.property.data.spec.nmr.expt.pulse.prog":"zgpg30",
"IFD.property.data.spec.nmr.expt.temperature.absolute":296.0498,
"IFD.property.data.spec.nmr.instr.freq.nominal":400,
"IFD.property.data.spec.nmr.instr.manufacturer.name":"Bruker",
"IFD.property.data.spec.nmr.instr.probe.type":"5 mm PABBO BB/19F-1H/D Z-GRD Z116098/0138"},
"listCount":3,
"list":[{"type":"IFD.representation.data.spec.nmr.vendor.dataset",
"subtype":"application/zip",
"len":410153,
"ref":{"origin":"NMR FID files/3y/11/",
"localPath":"NMR FID files/3y/11/",
"localName":"NMR_FID_files_3y_11_.zip"}},
{"type":"IFD.representation.data.spec.nmr.spectrum.image",
"subtype":"IFD.representation.data.spec.nmr.spectrum.image",
"len":2861,
"ref":{"origin":"NMR_FID_files_3y_11_pdata_1_thumb.png",
"localPath":"NMR FID files/3y/11/",
"localName":"NMR_FID_files_3y_11_pdata_1_thumb.png"}},
{"subtype":"image/png",
"len":2861,
"ref":{"origin":"NMR FID files/3y/11/pdata/1/thumb.png",
"localPath":"NMR FID files/3y/11/",
"localName":"NMR_FID_files_3y_11_pdata_1_thumb.png"}}]},
{"type":"IFD.data.spec.nmr",
"name":"3z/1",
"id":"48",
"sourceIndex":0,
"path":"NMR FID files/3z/1/",
"properties":{"IFD.property.data.spec.nmr.expt.label":"3z/1",
"IFD.property.data.spec.nmr.expt.nucl.1":"1H",
"IFD.property.data.spec.nmr.expt.pulse.prog":"zg30",
"IFD.property.data.spec.nmr.expt.temperature.absolute":297.1,
"IFD.property.data.spec.nmr.instr.freq.nominal":300,
"IFD.property.data.spec.nmr.instr.manufacturer.name":"Bruker",
"IFD.property.data.spec.nmr.instr.probe.type":"5 mm QNP 1H/13C/31P/19F Z-GRD Z8352/147"},
"listCount":1,
"list":[{"type":"IFD.representation.data.spec.nmr.vendor.dataset",
"subtype":"application/zip",
"len":307666,
"ref":{"origin":"NMR FID files/3z/1/",
"localPath":"NMR FID files/3z/1/",
"localName":"NMR_FID_files_3z_1_.zip"}}]},
{"type":"IFD.data.spec.nmr",
"name":"3z/2",
"id":"49",
"sourceIndex":0,
"path":"NMR FID files/3z/2/",
"properties":{"IFD.property.data.spec.nmr.expt.label":"3z/2",
"IFD.property.data.spec.nmr.expt.nucl.1":"13C",
"IFD.property.data.spec.nmr.expt.nucl.2":"1H",
"IFD.property.data.spec.nmr.expt.pulse.prog":"zgpg",
"IFD.property.data.spec.nmr.expt.temperature.absolute":297.0,
"IFD.property.data.spec.nmr.instr.freq.nominal":300,
"IFD.property.data.spec.nmr.instr.manufacturer.name":"Bruker",
"IFD.property.data.spec.nmr.instr.probe.type":"5 mm QNP 1H/13C/31P/19F Z-GRD Z8352/147"},
"listCount":1,
"list":[{"type":"IFD.representation.data.spec.nmr.vendor.dataset",
"subtype":"application/zip",
"len":445634,
"ref":{"origin":"NMR FID files/3z/2/",
"localPath":"NMR FID files/3z/2/",
"localName":"NMR_FID_files_3z_2_.zip"}}]},
{"type":"IFD.data.spec.nmr",
"name":"5a/1",
"id":"50",
"sourceIndex":0,
"path":"NMR FID files/5a/1/",
"properties":{"IFD.property.data.spec.nmr.expt.label":"5a/1",
"IFD.property.data.spec.nmr.expt.nucl.1":"1H",
"IFD.property.data.spec.nmr.expt.pulse.prog":"zg30",
"IFD.property.data.spec.nmr.expt.temperature.absolute":297.0,
"IFD.property.data.spec.nmr.instr.freq.nominal":300,
"IFD.property.data.spec.nmr.instr.manufacturer.name":"Bruker",
"IFD.property.data.spec.nmr.instr.probe.type":"5 mm QNP 1H/13C/31P/19F Z-GRD Z8352/147"},
"listCount":1,
"list":[{"type":"IFD.representation.data.spec.nmr.vendor.dataset",
"subtype":"application/zip",
"len":299868,
"ref":{"origin":"NMR FID files/5a/1/",
"localPath":"NMR FID files/5a/1/",
"localName":"NMR_FID_files_5a_1_.zip"}}]},
{"type":"IFD.data.spec.nmr",
"name":"5a/2",
"id":"51",
"sourceIndex":0,
"path":"NMR FID files/5a/2/",
"properties":{"IFD.property.data.spec.nmr.expt.label":"5a/2",
"IFD.property.data.spec.nmr.expt.nucl.1":"13C",
"IFD.property.data.spec.nmr.expt.nucl.2":"1H",
"IFD.property.data.spec.nmr.expt.pulse.prog":"zgpg",
"IFD.property.data.spec.nmr.expt.temperature.absolute":298.1,
"IFD.property.data.spec.nmr.instr.freq.nominal":300,
"IFD.property.data.spec.nmr.instr.manufacturer.name":"Bruker",
"IFD.property.data.spec.nmr.instr.probe.type":"5 mm QNP 1H/13C/31P/19F Z-GRD Z8352/147"},
"listCount":1,
"list":[{"type":"IFD.representation.data.spec.nmr.vendor.dataset",
"subtype":"application/zip",
"len":446447,
"ref":{"origin":"NMR FID files/5a/2/",
"localPath":"NMR FID files/5a/2/",
"localName":"NMR_FID_files_5a_2_.zip"}}]},
{"type":"IFD.data.spec.nmr",
"name":"5b/10",
"id":"52",
"sourceIndex":0,
"path":"NMR FID files/5b/10/",
"properties":{"IFD.property.data.spec.nmr.expt.label":"5b/10",
"IFD.property.data.spec.nmr.expt.nucl.1":"1H",
"IFD.property.data.spec.nmr.expt.pulse.prog":"zg30",
"IFD.property.data.spec.nmr.expt.temperature.absolute":298.2156,
"IFD.property.data.spec.nmr.instr.freq.nominal":400,
"IFD.property.data.spec.nmr.instr.manufacturer.name":"Bruker",
"IFD.property.data.spec.nmr.instr.probe.type":"5 mm PABBO BB/19F-1H/D Z-GRD Z116098/0138"},
"listCount":1,
"list":[{"type":"IFD.representation.data.spec.nmr.vendor.dataset",
"subtype":"application/zip",
"len":151064,
"ref":{"origin":"NMR FID files/5b/10/",
"localPath":"NMR FID files/5b/10/",
"localName":"NMR_FID_files_5b_10_.zip"}}]},
{"type":"IFD.data.spec.nmr",
"name":"5b/11",
"id":"53",
"sourceIndex":0,
"path":"NMR FID files/5b/11/",
"properties":{"IFD.property.data.spec.nmr.expt.label":"5b/11",
"IFD.property.data.spec.nmr.expt.nucl.1":"13C",
"IFD.property.data.spec.nmr.expt.nucl.2":"1H",
"IFD.property.data.spec.nmr.expt.pulse.prog":"zgpg30",
"IFD.property.data.spec.nmr.expt.temperature.absolute":298.5891,
"IFD.property.data.spec.nmr.instr.freq.nominal":400,
"IFD.property.data.spec.nmr.instr.manufacturer.name":"Bruker",
"IFD.property.data.spec.nmr.instr.probe.type":"5 mm PABBO BB/19F-1H/D Z-GRD Z116098/0138"},
"listCount":3,
"list":[{"type":"IFD.representation.data.spec.nmr.vendor.dataset",
"subtype":"application/zip",
"len":423578,
"ref":{"origin":"NMR FID files/5b/11/",
"localPath":"NMR FID files/5b/11/",
"localName":"NMR_FID_files_5b_11_.zip"}},
{"type":"IFD.representation.data.spec.nmr.spectrum.image",
"subtype":"IFD.representation.data.spec.nmr.spectrum.image",
"len":3534,
"ref":{"origin":"NMR_FID_files_5b_11_pdata_1_thumb.png",
"localPath":"NMR FID files/5b/11/",
"localName":"NMR_FID_files_5b_11_pdata_1_thumb.png"}},
{"subtype":"image/png",
"len":3534,
"ref":{"origin":"NMR FID files/5b/11/pdata/1/thumb.png",
"localPath":"NMR FID files/5b/11/",
"localName":"NMR_FID_files_5b_11_pdata_1_thumb.png"}}]},
{"type":"IFD.data.spec.nmr",
"name":"5c/10",
"id":"54",
"sourceIndex":0,
"path":"NMR FID files/5c/10/",
"properties":{"IFD.property.data.spec.nmr.expt.label":"5c/10",
"IFD.property.data.spec.nmr.expt.nucl.1":"1H",
"IFD.property.data.spec.nmr.expt.pulse.prog":"zg30",
"IFD.property.data.spec.nmr.expt.temperature.absolute":298.3523,
"IFD.property.data.spec.nmr.instr.freq.nominal":400,
"IFD.property.data.spec.nmr.instr.manufacturer.name":"Bruker",
"IFD.property.data.spec.nmr.instr.probe.type":"5 mm PABBO BB/19F-1H/D Z-GRD Z116098/0138"},
"listCount":1,
"list":[{"type":"IFD.representation.data.spec.nmr.vendor.dataset",
"subtype":"application/zip",
"len":146648,
"ref":{"origin":"NMR FID files/5c/10/",
"localPath":"NMR FID files/5c/10/",
"localName":"NMR_FID_files_5c_10_.zip"}}]},
{"type":"IFD.data.spec.nmr",
"name":"5c/11",
"id":"55",
"sourceIndex":0,
"path":"NMR FID files/5c/11/",
"properties":{"IFD.property.data.spec.nmr.expt.label":"5c/11",
"IFD.property.data.spec.nmr.expt.nucl.1":"13C",
"IFD.property.data.spec.nmr.expt.nucl.2":"1H",
"IFD.property.data.spec.nmr.expt.pulse.prog":"zgpg30",
"IFD.property.data.spec.nmr.expt.temperature.absolute":298.7538,
"IFD.property.data.spec.nmr.instr.freq.nominal":400,
"IFD.property.data.spec.nmr.instr.manufacturer.name":"Bruker",
"IFD.property.data.spec.nmr.instr.probe.type":"5 mm PABBO BB/19F-1H/D Z-GRD Z116098/0138"},
"listCount":3,
"list":[{"type":"IFD.representation.data.spec.nmr.vendor.dataset",
"subtype":"application/zip",
"len":420526,
"ref":{"origin":"NMR FID files/5c/11/",
"localPath":"NMR FID files/5c/11/",
"localName":"NMR_FID_files_5c_11_.zip"}},
{"type":"IFD.representation.data.spec.nmr.spectrum.image",
"subtype":"IFD.representation.data.spec.nmr.spectrum.image",
"len":3264,
"ref":{"origin":"NMR_FID_files_5c_11_pdata_1_thumb.png",
"localPath":"NMR FID files/5c/11/",
"localName":"NMR_FID_files_5c_11_pdata_1_thumb.png"}},
{"subtype":"image/png",
"len":3264,
"ref":{"origin":"NMR FID files/5c/11/pdata/1/thumb.png",
"localPath":"NMR FID files/5c/11/",
"localName":"NMR_FID_files_5c_11_pdata_1_thumb.png"}}]},
{"type":"IFD.data.spec.nmr",
"name":"5d/1",
"id":"56",
"sourceIndex":0,
"path":"NMR FID files/5d/1/",
"properties":{"IFD.property.data.spec.nmr.expt.label":"5d/1",
"IFD.property.data.spec.nmr.expt.nucl.1":"1H",
"IFD.property.data.spec.nmr.expt.pulse.prog":"zg30",
"IFD.property.data.spec.nmr.expt.temperature.absolute":292.3,
"IFD.property.data.spec.nmr.instr.freq.nominal":300,
"IFD.property.data.spec.nmr.instr.manufacturer.name":"Bruker",
"IFD.property.data.spec.nmr.instr.probe.type":"5 mm QNP 1H/13C/31P/19F Z-GRD Z8352/147"},
"listCount":1,
"list":[{"type":"IFD.representation.data.spec.nmr.vendor.dataset",
"subtype":"application/zip",
"len":306060,
"ref":{"origin":"NMR FID files/5d/1/",
"localPath":"NMR FID files/5d/1/",
"localName":"NMR_FID_files_5d_1_.zip"}}]},
{"type":"IFD.data.spec.nmr",
"name":"5d/2",
"id":"57",
"sourceIndex":0,
"path":"NMR FID files/5d/2/",
"properties":{"IFD.property.data.spec.nmr.expt.label":"5d/2",
"IFD.property.data.spec.nmr.expt.nucl.1":"13C",
"IFD.property.data.spec.nmr.expt.nucl.2":"1H",
"IFD.property.data.spec.nmr.expt.pulse.prog":"zgpg",
"IFD.property.data.spec.nmr.expt.temperature.absolute":294.5,
"IFD.property.data.spec.nmr.instr.freq.nominal":300,
"IFD.property.data.spec.nmr.instr.manufacturer.name":"Bruker",
"IFD.property.data.spec.nmr.instr.probe.type":"5 mm QNP 1H/13C/31P/19F Z-GRD Z8352/147"},
"listCount":1,
"list":[{"type":"IFD.representation.data.spec.nmr.vendor.dataset",
"subtype":"application/zip",
"len":450122,
"ref":{"origin":"NMR FID files/5d/2/",
"localPath":"NMR FID files/5d/2/",
"localName":"NMR_FID_files_5d_2_.zip"}}]},
{"type":"IFD.data.spec.nmr",
"name":"5e/1",
"id":"58",
"sourceIndex":0,
"path":"NMR FID files/5e/1/",
"properties":{"IFD.property.data.spec.nmr.expt.label":"5e/1",
"IFD.property.data.spec.nmr.expt.nucl.1":"1H",
"IFD.property.data.spec.nmr.expt.pulse.prog":"zg30",
"IFD.property.data.spec.nmr.expt.temperature.absolute":292.1,
"IFD.property.data.spec.nmr.instr.freq.nominal":300,
"IFD.property.data.spec.nmr.instr.manufacturer.name":"Bruker",
"IFD.property.data.spec.nmr.instr.probe.type":"5 mm QNP 1H/13C/31P/19F Z-GRD Z8352/147"},
"listCount":1,
"list":[{"type":"IFD.representation.data.spec.nmr.vendor.dataset",
"subtype":"application/zip",
"len":311196,
"ref":{"origin":"NMR FID files/5e/1/",
"localPath":"NMR FID files/5e/1/",
"localName":"NMR_FID_files_5e_1_.zip"}}]},
{"type":"IFD.data.spec.nmr",
"name":"5e/2",
"id":"59",
"sourceIndex":0,
"path":"NMR FID files/5e/2/",
"properties":{"IFD.property.data.spec.nmr.expt.label":"5e/2",
"IFD.property.data.spec.nmr.expt.nucl.1":"13C",
"IFD.property.data.spec.nmr.expt.nucl.2":"1H",
"IFD.property.data.spec.nmr.expt.pulse.prog":"zgpg",
"IFD.property.data.spec.nmr.expt.temperature.absolute":292.2,
"IFD.property.data.spec.nmr.instr.freq.nominal":300,
"IFD.property.data.spec.nmr.instr.manufacturer.name":"Bruker",
"IFD.property.data.spec.nmr.instr.probe.type":"5 mm QNP 1H/13C/31P/19F Z-GRD Z8352/147"},
"listCount":1,
"list":[{"type":"IFD.representation.data.spec.nmr.vendor.dataset",
"subtype":"application/zip",
"len":447140,
"ref":{"origin":"NMR FID files/5e/2/",
"localPath":"NMR FID files/5e/2/",
"localName":"NMR_FID_files_5e_2_.zip"}}]},
{"type":"IFD.data.spec.nmr",
"name":"5f/10",
"id":"60",
"sourceIndex":0,
"path":"NMR FID files/5f/10/",
"properties":{"IFD.property.data.spec.nmr.expt.label":"5f/10",
"IFD.property.data.spec.nmr.expt.nucl.1":"13C",
"IFD.property.data.spec.nmr.expt.nucl.2":"1H",
"IFD.property.data.spec.nmr.expt.pulse.prog":"zgpg30",
"IFD.property.data.spec.nmr.expt.temperature.absolute":297.1448,
"IFD.property.data.spec.nmr.instr.freq.nominal":400,
"IFD.property.data.spec.nmr.instr.manufacturer.name":"Bruker",
"IFD.property.data.spec.nmr.instr.probe.type":"Z149000_0041 (CPP BBO 400S1 BB-H&F-D-05 Z)"},
"listCount":1,
"list":[{"type":"IFD.representation.data.spec.nmr.vendor.dataset",
"subtype":"application/zip",
"len":505376,
"ref":{"origin":"NMR FID files/5f/10/",
"localPath":"NMR FID files/5f/10/",
"localName":"NMR_FID_files_5f_10_.zip"}}]},
{"type":"IFD.data.spec.nmr",
"name":"5f/70",
"id":"61",
"sourceIndex":0,
"path":"NMR FID files/5f/70/",
"properties":{"IFD.property.data.spec.nmr.expt.label":"5f/70",
"IFD.property.data.spec.nmr.expt.nucl.1":"1H",
"IFD.property.data.spec.nmr.expt.pulse.prog":"zg30",
"IFD.property.data.spec.nmr.expt.temperature.absolute":298.1761,
"IFD.property.data.spec.nmr.instr.freq.nominal":400,
"IFD.property.data.spec.nmr.instr.manufacturer.name":"Bruker",
"IFD.property.data.spec.nmr.instr.probe.type":"Z116098_0675 (PA BBO 400S1 BBF-H-D-05 Z SP)"},
"listCount":1,
"list":[{"type":"IFD.representation.data.spec.nmr.vendor.dataset",
"subtype":"application/zip",
"len":560540,
"ref":{"origin":"NMR FID files/5f/70/",
"localPath":"NMR FID files/5f/70/",
"localName":"NMR_FID_files_5f_70_.zip"}}]},
{"type":"IFD.data.spec.nmr",
"name":"5g/10",
"id":"62",
"sourceIndex":0,
"path":"NMR FID files/5g/10/",
"properties":{"IFD.property.data.spec.nmr.expt.label":"5g/10",
"IFD.property.data.spec.nmr.expt.nucl.1":"1H",
"IFD.property.data.spec.nmr.expt.pulse.prog":"zg30",
"IFD.property.data.spec.nmr.expt.temperature.absolute":297.9963,
"IFD.property.data.spec.nmr.instr.freq.nominal":400,
"IFD.property.data.spec.nmr.instr.manufacturer.name":"Bruker",
"IFD.property.data.spec.nmr.instr.probe.type":"5 mm PABBO BB/19F-1H/D Z-GRD Z116098/0138"},
"listCount":1,
"list":[{"type":"IFD.representation.data.spec.nmr.vendor.dataset",
"subtype":"application/zip",
"len":150142,
"ref":{"origin":"NMR FID files/5g/10/",
"localPath":"NMR FID files/5g/10/",
"localName":"NMR_FID_files_5g_10_.zip"}}]},
{"type":"IFD.data.spec.nmr",
"name":"5g/11",
"id":"63",
"sourceIndex":0,
"path":"NMR FID files/5g/11/",
"properties":{"IFD.property.data.spec.nmr.expt.label":"5g/11",
"IFD.property.data.spec.nmr.expt.nucl.1":"13C",
"IFD.property.data.spec.nmr.expt.nucl.2":"1H",
"IFD.property.data.spec.nmr.expt.pulse.prog":"zgpg30",
"IFD.property.data.spec.nmr.expt.temperature.absolute":298.4325,
"IFD.property.data.spec.nmr.instr.freq.nominal":400,
"IFD.property.data.spec.nmr.instr.manufacturer.name":"Bruker",
"IFD.property.data.spec.nmr.instr.probe.type":"5 mm PABBO BB/19F-1H/D Z-GRD Z116098/0138"},
"listCount":3,
"list":[{"type":"IFD.representation.data.spec.nmr.vendor.dataset",
"subtype":"application/zip",
"len":420561,
"ref":{"origin":"NMR FID files/5g/11/",
"localPath":"NMR FID files/5g/11/",
"localName":"NMR_FID_files_5g_11_.zip"}},
{"type":"IFD.representation.data.spec.nmr.spectrum.image",
"subtype":"IFD.representation.data.spec.nmr.spectrum.image",
"len":3352,
"ref":{"origin":"NMR_FID_files_5g_11_pdata_1_thumb.png",
"localPath":"NMR FID files/5g/11/",
"localName":"NMR_FID_files_5g_11_pdata_1_thumb.png"}},
{"subtype":"image/png",
"len":3352,
"ref":{"origin":"NMR FID files/5g/11/pdata/1/thumb.png",
"localPath":"NMR FID files/5g/11/",
"localName":"NMR_FID_files_5g_11_pdata_1_thumb.png"}}]},
{"type":"IFD.data.spec.nmr",
"name":"5h/10",
"id":"64",
"sourceIndex":0,
"path":"NMR FID files/5h/10/",
"properties":{"IFD.property.data.spec.nmr.expt.label":"5h/10",
"IFD.property.data.spec.nmr.expt.nucl.1":"1H",
"IFD.property.data.spec.nmr.expt.pulse.prog":"zg30",
"IFD.property.data.spec.nmr.expt.temperature.absolute":295.715,
"IFD.property.data.spec.nmr.instr.freq.nominal":400,
"IFD.property.data.spec.nmr.instr.manufacturer.name":"Bruker",
"IFD.property.data.spec.nmr.instr.probe.type":"5 mm PABBO BB/19F-1H/D Z-GRD Z116098/0138"},
"listCount":1,
"list":[{"type":"IFD.representation.data.spec.nmr.vendor.dataset",
"subtype":"application/zip",
"len":147850,
"ref":{"origin":"NMR FID files/5h/10/",
"localPath":"NMR FID files/5h/10/",
"localName":"NMR_FID_files_5h_10_.zip"}}]},
{"type":"IFD.data.spec.nmr",
"name":"5h/11",
"id":"65",
"sourceIndex":0,
"path":"NMR FID files/5h/11/",
"properties":{"IFD.property.data.spec.nmr.expt.label":"5h/11",
"IFD.property.data.spec.nmr.expt.nucl.1":"13C",
"IFD.property.data.spec.nmr.expt.nucl.2":"1H",
"IFD.property.data.spec.nmr.expt.pulse.prog":"zgpg30",
"IFD.property.data.spec.nmr.expt.temperature.absolute":295.7998,
"IFD.property.data.spec.nmr.instr.freq.nominal":400,
"IFD.property.data.spec.nmr.instr.manufacturer.name":"Bruker",
"IFD.property.data.spec.nmr.instr.probe.type":"5 mm PABBO BB/19F-1H/D Z-GRD Z116098/0138"},
"listCount":3,
"list":[{"type":"IFD.representation.data.spec.nmr.vendor.dataset",
"subtype":"application/zip",
"len":411770,
"ref":{"origin":"NMR FID files/5h/11/",
"localPath":"NMR FID files/5h/11/",
"localName":"NMR_FID_files_5h_11_.zip"}},
{"type":"IFD.representation.data.spec.nmr.spectrum.image",
"subtype":"IFD.representation.data.spec.nmr.spectrum.image",
"len":2879,
"ref":{"origin":"NMR_FID_files_5h_11_pdata_1_thumb.png",
"localPath":"NMR FID files/5h/11/",
"localName":"NMR_FID_files_5h_11_pdata_1_thumb.png"}},
{"subtype":"image/png",
"len":2879,
"ref":{"origin":"NMR FID files/5h/11/pdata/1/thumb.png",
"localPath":"NMR FID files/5h/11/",
"localName":"NMR_FID_files_5h_11_pdata_1_thumb.png"}}]},
{"type":"IFD.data.spec.nmr",
"name":"5i/10",
"id":"66",
"sourceIndex":0,
"path":"NMR FID files/5i/10/",
"properties":{"IFD.property.data.spec.nmr.expt.label":"5i/10",
"IFD.property.data.spec.nmr.expt.nucl.1":"1H",
"IFD.property.data.spec.nmr.expt.pulse.prog":"zg30",
"IFD.property.data.spec.nmr.expt.temperature.absolute":295.8276,
"IFD.property.data.spec.nmr.instr.freq.nominal":400,
"IFD.property.data.spec.nmr.instr.manufacturer.name":"Bruker",
"IFD.property.data.spec.nmr.instr.probe.type":"5 mm PABBO BB/19F-1H/D Z-GRD Z116098/0138"},
"listCount":1,
"list":[{"type":"IFD.representation.data.spec.nmr.vendor.dataset",
"subtype":"application/zip",
"len":150018,
"ref":{"origin":"NMR FID files/5i/10/",
"localPath":"NMR FID files/5i/10/",
"localName":"NMR_FID_files_5i_10_.zip"}}]},
{"type":"IFD.data.spec.nmr",
"name":"5i/11",
"id":"67",
"sourceIndex":0,
"path":"NMR FID files/5i/11/",
"properties":{"IFD.property.data.spec.nmr.expt.label":"5i/11",
"IFD.property.data.spec.nmr.expt.nucl.1":"13C",
"IFD.property.data.spec.nmr.expt.nucl.2":"1H",
"IFD.property.data.spec.nmr.expt.pulse.prog":"zgpg30",
"IFD.property.data.spec.nmr.expt.temperature.absolute":296.0353,
"IFD.property.data.spec.nmr.instr.freq.nominal":400,
"IFD.property.data.spec.nmr.instr.manufacturer.name":"Bruker",
"IFD.property.data.spec.nmr.instr.probe.type":"5 mm PABBO BB/19F-1H/D Z-GRD Z116098/0138"},
"listCount":3,
"list":[{"type":"IFD.representation.data.spec.nmr.vendor.dataset",
"subtype":"application/zip",
"len":410196,
"ref":{"origin":"NMR FID files/5i/11/",
"localPath":"NMR FID files/5i/11/",
"localName":"NMR_FID_files_5i_11_.zip"}},
{"type":"IFD.representation.data.spec.nmr.spectrum.image",
"subtype":"IFD.representation.data.spec.nmr.spectrum.image",
"len":2956,
"ref":{"origin":"NMR_FID_files_5i_11_pdata_1_thumb.png",
"localPath":"NMR FID files/5i/11/",
"localName":"NMR_FID_files_5i_11_pdata_1_thumb.png"}},
{"subtype":"image/png",
"len":2956,
"ref":{"origin":"NMR FID files/5i/11/pdata/1/thumb.png",
"localPath":"NMR FID files/5i/11/",
"localName":"NMR_FID_files_5i_11_pdata_1_thumb.png"}}]},
{"type":"IFD.data.spec.nmr",
"name":"5j/10",
"id":"68",
"sourceIndex":0,
"path":"NMR FID files/5j/10/",
"properties":{"IFD.property.data.spec.nmr.expt.label":"5j/10",
"IFD.property.data.spec.nmr.expt.nucl.1":"1H",
"IFD.property.data.spec.nmr.expt.pulse.prog":"zg30",
"IFD.property.data.spec.nmr.expt.temperature.absolute":297.7749,
"IFD.property.data.spec.nmr.instr.freq.nominal":400,
"IFD.property.data.spec.nmr.instr.manufacturer.name":"Bruker",
"IFD.property.data.spec.nmr.instr.probe.type":"5 mm PABBO BB/19F-1H/D Z-GRD Z116098/0138"},
"listCount":1,
"list":[{"type":"IFD.representation.data.spec.nmr.vendor.dataset",
"subtype":"application/zip",
"len":145807,
"ref":{"origin":"NMR FID files/5j/10/",
"localPath":"NMR FID files/5j/10/",
"localName":"NMR_FID_files_5j_10_.zip"}}]},
{"type":"IFD.data.spec.nmr",
"name":"5j/11",
"id":"69",
"sourceIndex":0,
"path":"NMR FID files/5j/11/",
"properties":{"IFD.property.data.spec.nmr.expt.label":"5j/11",
"IFD.property.data.spec.nmr.expt.nucl.1":"13C",
"IFD.property.data.spec.nmr.expt.nucl.2":"1H",
"IFD.property.data.spec.nmr.expt.pulse.prog":"zgpg30",
"IFD.property.data.spec.nmr.expt.temperature.absolute":298.2358,
"IFD.property.data.spec.nmr.instr.freq.nominal":400,
"IFD.property.data.spec.nmr.instr.manufacturer.name":"Bruker",
"IFD.property.data.spec.nmr.instr.probe.type":"5 mm PABBO BB/19F-1H/D Z-GRD Z116098/0138"},
"listCount":3,
"list":[{"type":"IFD.representation.data.spec.nmr.vendor.dataset",
"subtype":"application/zip",
"len":418845,
"ref":{"origin":"NMR FID files/5j/11/",
"localPath":"NMR FID files/5j/11/",
"localName":"NMR_FID_files_5j_11_.zip"}},
{"type":"IFD.representation.data.spec.nmr.spectrum.image",
"subtype":"IFD.representation.data.spec.nmr.spectrum.image",
"len":2170,
"ref":{"origin":"NMR_FID_files_5j_11_pdata_1_thumb.png",
"localPath":"NMR FID files/5j/11/",
"localName":"NMR_FID_files_5j_11_pdata_1_thumb.png"}},
{"subtype":"image/png",
"len":2170,
"ref":{"origin":"NMR FID files/5j/11/pdata/1/thumb.png",
"localPath":"NMR FID files/5j/11/",
"localName":"NMR_FID_files_5j_11_pdata_1_thumb.png"}}]},
{"type":"IFD.data.spec.nmr",
"name":"7a/1",
"id":"70",
"sourceIndex":0,
"path":"NMR FID files/7a/1/",
"properties":{"IFD.property.data.spec.nmr.expt.label":"7a/1",
"IFD.property.data.spec.nmr.expt.nucl.1":"1H",
"IFD.property.data.spec.nmr.expt.pulse.prog":"zg30",
"IFD.property.data.spec.nmr.expt.temperature.absolute":292.3,
"IFD.property.data.spec.nmr.instr.freq.nominal":300,
"IFD.property.data.spec.nmr.instr.manufacturer.name":"Bruker",
"IFD.property.data.spec.nmr.instr.probe.type":"5 mm QNP 1H/13C/31P/19F Z-GRD Z8352/147"},
"listCount":1,
"list":[{"type":"IFD.representation.data.spec.nmr.vendor.dataset",
"subtype":"application/zip",
"len":307330,
"ref":{"origin":"NMR FID files/7a/1/",
"localPath":"NMR FID files/7a/1/",
"localName":"NMR_FID_files_7a_1_.zip"}}]},
{"type":"IFD.data.spec.nmr",
"name":"7a/2",
"id":"71",
"sourceIndex":0,
"path":"NMR FID files/7a/2/",
"properties":{"IFD.property.data.spec.nmr.expt.label":"7a/2",
"IFD.property.data.spec.nmr.expt.nucl.1":"13C",
"IFD.property.data.spec.nmr.expt.nucl.2":"1H",
"IFD.property.data.spec.nmr.expt.pulse.prog":"zgpg",
"IFD.property.data.spec.nmr.expt.temperature.absolute":292.7,
"IFD.property.data.spec.nmr.instr.freq.nominal":300,
"IFD.property.data.spec.nmr.instr.manufacturer.name":"Bruker",
"IFD.property.data.spec.nmr.instr.probe.type":"5 mm QNP 1H/13C/31P/19F Z-GRD Z8352/147"},
"listCount":1,
"list":[{"type":"IFD.representation.data.spec.nmr.vendor.dataset",
"subtype":"application/zip",
"len":448644,
"ref":{"origin":"NMR FID files/7a/2/",
"localPath":"NMR FID files/7a/2/",
"localName":"NMR_FID_files_7a_2_.zip"}}]},
{"type":"IFD.data.spec.nmr",
"name":"8/1",
"id":"72",
"sourceIndex":0,
"path":"NMR FID files/8/1/",
"properties":{"IFD.property.data.spec.nmr.expt.label":"8/1",
"IFD.property.data.spec.nmr.expt.nucl.1":"1H",
"IFD.property.data.spec.nmr.expt.pulse.prog":"zg30",
"IFD.property.data.spec.nmr.expt.temperature.absolute":292.3,
"IFD.property.data.spec.nmr.instr.freq.nominal":300,
"IFD.property.data.spec.nmr.instr.manufacturer.name":"Bruker",
"IFD.property.data.spec.nmr.instr.probe.type":"5 mm QNP 1H/13C/31P/19F Z-GRD Z8352/147"},
"listCount":1,
"list":[{"type":"IFD.representation.data.spec.nmr.vendor.dataset",
"subtype":"application/zip",
"len":315808,
"ref":{"origin":"NMR FID files/8/1/",
"localPath":"NMR FID files/8/1/",
"localName":"NMR_FID_files_8_1_.zip"}}]},
{"type":"IFD.data.spec.nmr",
"name":"8/2",
"id":"73",
"sourceIndex":0,
"path":"NMR FID files/8/2/",
"properties":{"IFD.property.data.spec.nmr.expt.label":"8/2",
"IFD.property.data.spec.nmr.expt.nucl.1":"13C",
"IFD.property.data.spec.nmr.expt.nucl.2":"1H",
"IFD.property.data.spec.nmr.expt.pulse.prog":"zgpg",
"IFD.property.data.spec.nmr.expt.temperature.absolute":292.9,
"IFD.property.data.spec.nmr.instr.freq.nominal":300,
"IFD.property.data.spec.nmr.instr.manufacturer.name":"Bruker",
"IFD.property.data.spec.nmr.instr.probe.type":"5 mm QNP 1H/13C/31P/19F Z-GRD Z8352/147"},
"listCount":1,
"list":[{"type":"IFD.representation.data.spec.nmr.vendor.dataset",
"subtype":"application/zip",
"len":447128,
"ref":{"origin":"NMR FID files/8/2/",
"localPath":"NMR FID files/8/2/",
"localName":"NMR_FID_files_8_2_.zip"}}]},
{"type":"IFD.data.spec.nmr",
"name":"3k/cd-wzh-2019-84/1",
"id":"74",
"sourceIndex":0,
"path":"NMR FID files/3k/cd-wzh-2019-84/1/",
"properties":{"IFD.property.data.spec.nmr.expt.label":"3k/cd-wzh-2019-84/1",
"IFD.property.data.spec.nmr.expt.nucl.1":"1H",
"IFD.property.data.spec.nmr.expt.pulse.prog":"zg30",
"IFD.property.data.spec.nmr.expt.temperature.absolute":297.1,
"IFD.property.data.spec.nmr.instr.freq.nominal":300,
"IFD.property.data.spec.nmr.instr.manufacturer.name":"Bruker",
"IFD.property.data.spec.nmr.instr.probe.type":"5 mm QNP 1H/13C/31P/19F Z-GRD Z8352/147"},
"listCount":1,
"list":[{"type":"IFD.representation.data.spec.nmr.vendor.dataset",
"subtype":"application/zip",
"len":300040,
"ref":{"origin":"NMR FID files/3k/cd-wzh-2019-84/1/",
"localPath":"NMR FID files/3k/cd-wzh-2019-84/1/",
"localName":"NMR_FID_files_3k_cd-wzh-2019-84_1_.zip"}}]},
{"type":"IFD.data.spec.nmr",
"name":"3k/cd-wzh-2019-84/1/pdata",
"id":"75",
"sourceIndex":0,
"path":"NMR FID files/3k/cd-wzh-2019-84/1/pdata/",
"properties":{"IFD.property.data.spec.nmr.expt.label":"3k/cd-wzh-2019-84/1/pdata"}},
{"type":"IFD.data.spec.nmr",
"name":"3k/cd-wzh-2019-84/1/pdata/1",
"id":"76",
"sourceIndex":0,
"path":"NMR FID files/3k/cd-wzh-2019-84/1/pdata/1/",
"properties":{"IFD.property.data.spec.nmr.expt.label":"3k/cd-wzh-2019-84/1/pdata/1"}},
{"type":"IFD.data.spec.nmr",
"name":"3k/cd-wzh-2019-84/2",
"id":"77",
"sourceIndex":0,
"path":"NMR FID files/3k/cd-wzh-2019-84/2/",
"properties":{"IFD.property.data.spec.nmr.expt.label":"3k/cd-wzh-2019-84/2",
"IFD.property.data.spec.nmr.expt.nucl.1":"13C",
"IFD.property.data.spec.nmr.expt.nucl.2":"1H",
"IFD.property.data.spec.nmr.expt.pulse.prog":"zgpg",
"IFD.property.data.spec.nmr.expt.temperature.absolute":297.2,
"IFD.property.data.spec.nmr.instr.freq.nominal":300,
"IFD.property.data.spec.nmr.instr.manufacturer.name":"Bruker",
"IFD.property.data.spec.nmr.instr.probe.type":"5 mm QNP 1H/13C/31P/19F Z-GRD Z8352/147"},
"listCount":1,
"list":[{"type":"IFD.representation.data.spec.nmr.vendor.dataset",
"subtype":"application/zip",
"len":442288,
"ref":{"origin":"NMR FID files/3k/cd-wzh-2019-84/2/",
"localPath":"NMR FID files/3k/cd-wzh-2019-84/2/",
"localName":"NMR_FID_files_3k_cd-wzh-2019-84_2_.zip"}}]},
{"type":"IFD.data.spec.nmr",
"name":"3k/cd-wzh-2019-84/2/pdata",
"id":"78",
"sourceIndex":0,
"path":"NMR FID files/3k/cd-wzh-2019-84/2/pdata/",
"properties":{"IFD.property.data.spec.nmr.expt.label":"3k/cd-wzh-2019-84/2/pdata"}},
{"type":"IFD.data.spec.nmr",
"name":"3k/cd-wzh-2019-84/2/pdata/1",
"id":"79",
"sourceIndex":0,
"path":"NMR FID files/3k/cd-wzh-2019-84/2/pdata/1/",
"properties":{"IFD.property.data.spec.nmr.expt.label":"3k/cd-wzh-2019-84/2/pdata/1"}},
{"type":"IFD.data.spec.nmr",
"name":"3m/cd-wzh-2019-32/1",
"id":"80",
"sourceIndex":0,
"path":"NMR FID files/3m/cd-wzh-2019-32/1/",
"properties":{"IFD.property.data.spec.nmr.expt.label":"3m/cd-wzh-2019-32/1",
"IFD.property.data.spec.nmr.expt.nucl.1":"1H",
"IFD.property.data.spec.nmr.expt.pulse.prog":"zg30",
"IFD.property.data.spec.nmr.expt.temperature.absolute":298.2,
"IFD.property.data.spec.nmr.instr.freq.nominal":300,
"IFD.property.data.spec.nmr.instr.manufacturer.name":"Bruker",
"IFD.property.data.spec.nmr.instr.probe.type":"5 mm QNP 1H/13C/31P/19F Z-GRD Z8352/147"},
"listCount":1,
"list":[{"type":"IFD.representation.data.spec.nmr.vendor.dataset",
"subtype":"application/zip",
"len":304568,
"ref":{"origin":"NMR FID files/3m/cd-wzh-2019-32/1/",
"localPath":"NMR FID files/3m/cd-wzh-2019-32/1/",
"localName":"NMR_FID_files_3m_cd-wzh-2019-32_1_.zip"}}]},
{"type":"IFD.data.spec.nmr",
"name":"3m/cd-wzh-2019-32/1/pdata",
"id":"81",
"sourceIndex":0,
"path":"NMR FID files/3m/cd-wzh-2019-32/1/pdata/",
"properties":{"IFD.property.data.spec.nmr.expt.label":"3m/cd-wzh-2019-32/1/pdata"}},
{"type":"IFD.data.spec.nmr",
"name":"3m/cd-wzh-2019-32/1/pdata/1",
"id":"82",
"sourceIndex":0,
"path":"NMR FID files/3m/cd-wzh-2019-32/1/pdata/1/",
"properties":{"IFD.property.data.spec.nmr.expt.label":"3m/cd-wzh-2019-32/1/pdata/1"}},
{"type":"IFD.data.spec.nmr",
"name":"3m/cd-wzh-2019-32/2",
"id":"83",
"sourceIndex":0,
"path":"NMR FID files/3m/cd-wzh-2019-32/2/",
"properties":{"IFD.property.data.spec.nmr.expt.label":"3m/cd-wzh-2019-32/2",
"IFD.property.data.spec.nmr.expt.nucl.1":"13C",
"IFD.property.data.spec.nmr.expt.nucl.2":"1H",
"IFD.property.data.spec.nmr.expt.pulse.prog":"zgpg",
"IFD.property.data.spec.nmr.expt.temperature.absolute":298.9,
"IFD.property.data.spec.nmr.instr.freq.nominal":300,
"IFD.property.data.spec.nmr.instr.manufacturer.name":"Bruker",
"IFD.property.data.spec.nmr.instr.probe.type":"5 mm QNP 1H/13C/31P/19F Z-GRD Z8352/147"},
"listCount":1,
"list":[{"type":"IFD.representation.data.spec.nmr.vendor.dataset",
"subtype":"application/zip",
"len":444011,
"ref":{"origin":"NMR FID files/3m/cd-wzh-2019-32/2/",
"localPath":"NMR FID files/3m/cd-wzh-2019-32/2/",
"localName":"NMR_FID_files_3m_cd-wzh-2019-32_2_.zip"}}]},
{"type":"IFD.data.spec.nmr",
"name":"3m/cd-wzh-2019-32/2/pdata",
"id":"84",
"sourceIndex":0,
"path":"NMR FID files/3m/cd-wzh-2019-32/2/pdata/",
"properties":{"IFD.property.data.spec.nmr.expt.label":"3m/cd-wzh-2019-32/2/pdata"}},
{"type":"IFD.data.spec.nmr",
"name":"3m/cd-wzh-2019-32/2/pdata/1",
"id":"85",
"sourceIndex":0,
"path":"NMR FID files/3m/cd-wzh-2019-32/2/pdata/1/",
"properties":{"IFD.property.data.spec.nmr.expt.label":"3m/cd-wzh-2019-32/2/pdata/1"}}]},
"sampleDataAssociations":{"type":"Samples",
"name":"sampleDataAssociations",
"id":"623",
"listCount":36,
"list":[{"type":"org.iupac.fairdata.derived.IFDSampleDataAssociation",
"name":"NMR FID files/3a/1/",
"id":"0",
"type1":"org.iupac.fairdata.sample.IFDSampleCollection",
"type2":"org.iupac.fairdata.dataobject.IFDDataObjectCollection",
"obj1":[0],
"obj2":[0,
1]},
{"type":"org.iupac.fairdata.derived.IFDSampleDataAssociation",
"name":"NMR FID files/3b/1/",
"id":"1",
"type1":"org.iupac.fairdata.sample.IFDSampleCollection",
"type2":"org.iupac.fairdata.dataobject.IFDDataObjectCollection",
"obj1":[1],
"obj2":[2,
3]},
{"type":"org.iupac.fairdata.derived.IFDSampleDataAssociation",
"name":"NMR FID files/3c/1/",
"id":"2",
"type1":"org.iupac.fairdata.sample.IFDSampleCollection",
"type2":"org.iupac.fairdata.dataobject.IFDDataObjectCollection",
"obj1":[2],
"obj2":[4,
5]},
{"type":"org.iupac.fairdata.derived.IFDSampleDataAssociation",
"name":"NMR FID files/3d/1/",
"id":"3",
"type1":"org.iupac.fairdata.sample.IFDSampleCollection",
"type2":"org.iupac.fairdata.dataobject.IFDDataObjectCollection",
"obj1":[3],
"obj2":[6,
7]},
{"type":"org.iupac.fairdata.derived.IFDSampleDataAssociation",
"name":"NMR FID files/3e/1/",
"id":"4",
"type1":"org.iupac.fairdata.sample.IFDSampleCollection",
"type2":"org.iupac.fairdata.dataobject.IFDDataObjectCollection",
"obj1":[4],
"obj2":[8,
9]},
{"type":"org.iupac.fairdata.derived.IFDSampleDataAssociation",
"name":"NMR FID files/3f/1/",
"id":"5",
"type1":"org.iupac.fairdata.sample.IFDSampleCollection",
"type2":"org.iupac.fairdata.dataobject.IFDDataObjectCollection",
"obj1":[5],
"obj2":[10,
11]},
{"type":"org.iupac.fairdata.derived.IFDSampleDataAssociation",
"name":"NMR FID files/3g/1/",
"id":"6",
"type1":"org.iupac.fairdata.sample.IFDSampleCollection",
"type2":"org.iupac.fairdata.dataobject.IFDDataObjectCollection",
"obj1":[6],
"obj2":[12,
13]},
{"type":"org.iupac.fairdata.derived.IFDSampleDataAssociation",
"name":"NMR FID files/3h/1/",
"id":"7",
"type1":"org.iupac.fairdata.sample.IFDSampleCollection",
"type2":"org.iupac.fairdata.dataobject.IFDDataObjectCollection",
"obj1":[7],
"obj2":[14,
15]},
{"type":"org.iupac.fairdata.derived.IFDSampleDataAssociation",
"name":"NMR FID files/3i/1/",
"id":"8",
"type1":"org.iupac.fairdata.sample.IFDSampleCollection",
"type2":"org.iupac.fairdata.dataobject.IFDDataObjectCollection",
"obj1":[8],
"obj2":[16,
17]},
{"type":"org.iupac.fairdata.derived.IFDSampleDataAssociation",
"name":"NMR FID files/3j/1/",
"id":"9",
"type1":"org.iupac.fairdata.sample.IFDSampleCollection",
"type2":"org.iupac.fairdata.dataobject.IFDDataObjectCollection",
"obj1":[9],
"obj2":[18,
19]},
{"type":"org.iupac.fairdata.derived.IFDSampleDataAssociation",
"name":"NMR FID files/3k/1/",
"id":"10",
"type1":"org.iupac.fairdata.sample.IFDSampleCollection",
"type2":"org.iupac.fairdata.dataobject.IFDDataObjectCollection",
"obj1":[10],
"obj2":[20,
21,
22,
74,
75,
76,
77,
78,
79]},
{"type":"org.iupac.fairdata.derived.IFDSampleDataAssociation",
"name":"NMR FID files/3l/1/",
"id":"11",
"type1":"org.iupac.fairdata.sample.IFDSampleCollection",
"type2":"org.iupac.fairdata.dataobject.IFDDataObjectCollection",
"obj1":[11],
"obj2":[23,
24]},
{"type":"org.iupac.fairdata.derived.IFDSampleDataAssociation",
"name":"NMR FID files/3m/1/",
"id":"12",
"type1":"org.iupac.fairdata.sample.IFDSampleCollection",
"type2":"org.iupac.fairdata.dataobject.IFDDataObjectCollection",
"obj1":[12],
"obj2":[25,
26,
27,
80,
81,
82,
83,
84,
85]},
{"type":"org.iupac.fairdata.derived.IFDSampleDataAssociation",
"name":"NMR FID files/3n/1/",
"id":"13",
"type1":"org.iupac.fairdata.sample.IFDSampleCollection",
"type2":"org.iupac.fairdata.dataobject.IFDDataObjectCollection",
"obj1":[13],
"obj2":[28,
29]},
{"type":"org.iupac.fairdata.derived.IFDSampleDataAssociation",
"name":"NMR FID files/3o/1/",
"id":"14",
"type1":"org.iupac.fairdata.sample.IFDSampleCollection",
"type2":"org.iupac.fairdata.dataobject.IFDDataObjectCollection",
"obj1":[14],
"obj2":[30,
31]},
{"type":"org.iupac.fairdata.derived.IFDSampleDataAssociation",
"name":"NMR FID files/3p/1/",
"id":"15",
"type1":"org.iupac.fairdata.sample.IFDSampleCollection",
"type2":"org.iupac.fairdata.dataobject.IFDDataObjectCollection",
"obj1":[15],
"obj2":[32,
33]},
{"type":"org.iupac.fairdata.derived.IFDSampleDataAssociation",
"name":"NMR FID files/3q/1/",
"id":"16",
"type1":"org.iupac.fairdata.sample.IFDSampleCollection",
"type2":"org.iupac.fairdata.dataobject.IFDDataObjectCollection",
"obj1":[16],
"obj2":[34,
35]},
{"type":"org.iupac.fairdata.derived.IFDSampleDataAssociation",
"name":"NMR FID files/3r/1/",
"id":"17",
"type1":"org.iupac.fairdata.sample.IFDSampleCollection",
"type2":"org.iupac.fairdata.dataobject.IFDDataObjectCollection",
"obj1":[17],
"obj2":[36,
37]},
{"type":"org.iupac.fairdata.derived.IFDSampleDataAssociation",
"name":"NMR FID files/3s/1/",
"id":"18",
"type1":"org.iupac.fairdata.sample.IFDSampleCollection",
"type2":"org.iupac.fairdata.dataobject.IFDDataObjectCollection",
"obj1":[18],
"obj2":[38,
39]},
{"type":"org.iupac.fairdata.derived.IFDSampleDataAssociation",
"name":"NMR FID files/3t/1/",
"id":"19",
"type1":"org.iupac.fairdata.sample.IFDSampleCollection",
"type2":"org.iupac.fairdata.dataobject.IFDDataObjectCollection",
"obj1":[19],
"obj2":[40,
41]},
{"type":"org.iupac.fairdata.derived.IFDSampleDataAssociation",
"name":"NMR FID files/3u/10/",
"id":"20",
"type1":"org.iupac.fairdata.sample.IFDSampleCollection",
"type2":"org.iupac.fairdata.dataobject.IFDDataObjectCollection",
"obj1":[20],
"obj2":[42,
43]},
{"type":"org.iupac.fairdata.derived.IFDSampleDataAssociation",
"name":"NMR FID files/3v/1/",
"id":"21",
"type1":"org.iupac.fairdata.sample.IFDSampleCollection",
"type2":"org.iupac.fairdata.dataobject.IFDDataObjectCollection",
"obj1":[21],
"obj2":[44,
45]},
{"type":"org.iupac.fairdata.derived.IFDSampleDataAssociation",
"name":"NMR FID files/3y/10/",
"id":"22",
"type1":"org.iupac.fairdata.sample.IFDSampleCollection",
"type2":"org.iupac.fairdata.dataobject.IFDDataObjectCollection",
"obj1":[22],
"obj2":[46,
47]},
{"type":"org.iupac.fairdata.derived.IFDSampleDataAssociation",
"name":"NMR FID files/3z/1/",
"id":"23",
"type1":"org.iupac.fairdata.sample.IFDSampleCollection",
"type2":"org.iupac.fairdata.dataobject.IFDDataObjectCollection",
"obj1":[23],
"obj2":[48,
49]},
{"type":"org.iupac.fairdata.derived.IFDSampleDataAssociation",
"name":"NMR FID files/5a/1/",
"id":"24",
"type1":"org.iupac.fairdata.sample.IFDSampleCollection",
"type2":"org.iupac.fairdata.dataobject.IFDDataObjectCollection",
"obj1":[24],
"obj2":[50,
51]},
{"type":"org.iupac.fairdata.derived.IFDSampleDataAssociation",
"name":"NMR FID files/5b/10/",
"id":"25",
"type1":"org.iupac.fairdata.sample.IFDSampleCollection",
"type2":"org.iupac.fairdata.dataobject.IFDDataObjectCollection",
"obj1":[25],
"obj2":[52,
53]},
{"type":"org.iupac.fairdata.derived.IFDSampleDataAssociation",
"name":"NMR FID files/5c/10/",
"id":"26",
"type1":"org.iupac.fairdata.sample.IFDSampleCollection",
"type2":"org.iupac.fairdata.dataobject.IFDDataObjectCollection",
"obj1":[26],
"obj2":[54,
55]},
{"type":"org.iupac.fairdata.derived.IFDSampleDataAssociation",
"name":"NMR FID files/5d/1/",
"id":"27",
"type1":"org.iupac.fairdata.sample.IFDSampleCollection",
"type2":"org.iupac.fairdata.dataobject.IFDDataObjectCollection",
"obj1":[27],
"obj2":[56,
57]},
{"type":"org.iupac.fairdata.derived.IFDSampleDataAssociation",
"name":"NMR FID files/5e/1/",
"id":"28",
"type1":"org.iupac.fairdata.sample.IFDSampleCollection",
"type2":"org.iupac.fairdata.dataobject.IFDDataObjectCollection",
"obj1":[28],
"obj2":[58,
59]},
{"type":"org.iupac.fairdata.derived.IFDSampleDataAssociation",
"name":"NMR FID files/5f/10/",
"id":"29",
"type1":"org.iupac.fairdata.sample.IFDSampleCollection",
"type2":"org.iupac.fairdata.dataobject.IFDDataObjectCollection",
"obj1":[29],
"obj2":[60,
61]},
{"type":"org.iupac.fairdata.derived.IFDSampleDataAssociation",
"name":"NMR FID files/5g/10/",
"id":"30",
"type1":"org.iupac.fairdata.sample.IFDSampleCollection",
"type2":"org.iupac.fairdata.dataobject.IFDDataObjectCollection",
"obj1":[30],
"obj2":[62,
63]},
{"type":"org.iupac.fairdata.derived.IFDSampleDataAssociation",
"name":"NMR FID files/5h/10/",
"id":"31",
"type1":"org.iupac.fairdata.sample.IFDSampleCollection",
"type2":"org.iupac.fairdata.dataobject.IFDDataObjectCollection",
"obj1":[31],
"obj2":[64,
65]},
{"type":"org.iupac.fairdata.derived.IFDSampleDataAssociation",
"name":"NMR FID files/5i/10/",
"id":"32",
"type1":"org.iupac.fairdata.sample.IFDSampleCollection",
"type2":"org.iupac.fairdata.dataobject.IFDDataObjectCollection",
"obj1":[32],
"obj2":[66,
67]},
{"type":"org.iupac.fairdata.derived.IFDSampleDataAssociation",
"name":"NMR FID files/5j/10/",
"id":"33",
"type1":"org.iupac.fairdata.sample.IFDSampleCollection",
"type2":"org.iupac.fairdata.dataobject.IFDDataObjectCollection",
"obj1":[33],
"obj2":[68,
69]},
{"type":"org.iupac.fairdata.derived.IFDSampleDataAssociation",
"name":"NMR FID files/7a/1/",
"id":"34",
"type1":"org.iupac.fairdata.sample.IFDSampleCollection",
"type2":"org.iupac.fairdata.dataobject.IFDDataObjectCollection",
"obj1":[34],
"obj2":[70,
71]},
{"type":"org.iupac.fairdata.derived.IFDSampleDataAssociation",
"name":"NMR FID files/8/1/",
"id":"35",
"type1":"org.iupac.fairdata.sample.IFDSampleCollection",
"type2":"org.iupac.fairdata.dataobject.IFDDataObjectCollection",
"obj1":[35],
"obj2":[72,
73]}]}}}