{"IFD.version":"0.1.0-beta+2025.07.24",
"FAIRSpec.extractor.version":"0.1.0-beta+2025.07.24",
"FAIRSpec.extractor.code":"https://github.com/IUPAC/IUPAC-FAIRSpec/blob/main/src/main/java/com/integratedgraphics/extractor/IFDExtractor.java",
"FAIRSpec.extractor.creation_date":"17 Aug 2025 02:41:00 GMT",
"FAIRSpec.extractor.script":"IFD-extract.json",
"FAIRSpec.extractor.sources":
["file:///c:/temp/iupac/acs/zip/22567817.zip",
"file:/C:/Users/hanso/git/IUPAC-FAIRSpec/./extract/acs.joc.0c00770/structures/"
],
"FAIRSpec.extractor.list_type":"ignored",
"FAIRSpec.extractor.list_fileCount":11,
"FAIRSpec.extractor.list_byteCount":78669,
"FAIRSpec.extractor.list":
[
"structures/1.cdxml",
"structures/10.cdxml",
"structures/11.cdxml",
"structures/13.cdxml",
"structures/16.cdxml",
"structures/17.cdxml",
"structures/2.cdxml",
"structures/21.cdxml",
"structures/3.cdxml",
"structures/8.cdxml",
"structures/9.cdxml"
]
}
