{"IFD.version":"0.1.0-beta+2025.07.24",
"FAIRSpec.extractor.version":"0.1.0-beta+2025.07.24",
"FAIRSpec.extractor.code":"https://github.com/IUPAC/IUPAC-FAIRSpec/blob/main/src/main/java/com/integratedgraphics/extractor/IFDExtractor.java",
"FAIRSpec.extractor.creation_date":"17 Aug 2025 02:41:00 GMT",
"FAIRSpec.extractor.script":"IFD-extract.json",
"FAIRSpec.extractor.sources":
["file:///c:/temp/iupac/acs/zip/22567817.zip",
"file:/C:/Users/hanso/git/IUPAC-FAIRSpec/./extract/acs.joc.0c00770/structures/"
],
"FAIRSpec.extractor.list_type":"manifest",
"FAIRSpec.extractor.list_fileCount":96,
"FAIRSpec.extractor.list_byteCount":30809911,
"FAIRSpec.extractor.list":
[
"22567817/1.zip..1.mnova",
"22567817/1.zip..1_13C.zip",
"22567817/1.zip..1_13C_pdata_1_thumb.png",
"22567817/1.zip..1_1H.zip",
"22567817/1.zip..1_1H_pdata_1_thumb.png",
"22567817/10.zip..10.mnova",
"22567817/10.zip..10_13C.zip",
"22567817/10.zip..10_13C_pdata_1_thumb.png",
"22567817/10.zip..10_1H.zip",
"22567817/10.zip..10_1H_pdata_1_thumb.png",
"22567817/11.zip..11.mnova",
"22567817/11.zip..11_13C.zip",
"22567817/11.zip..11_13C_pdata_1_thumb.png",
"22567817/11.zip..11_1H.zip",
"22567817/11.zip..11_1H_pdata_1_thumb.png",
"22567817/13.zip..13.mnova",
"22567817/13.zip..13_13C.zip",
"22567817/13.zip..13_13C_pdata_1_thumb.png",
"22567817/13.zip..13_1H.zip",
"22567817/13.zip..13_1H_pdata_1_thumb.png",
"22567817/16.zip..16.mnova",
"22567817/16.zip..16_13C.zip",
"22567817/16.zip..16_13C_pdata_1_200326_KG16-31-P_13C_1_1.pdf",
"22567817/16.zip..16_1H.zip",
"22567817/16.zip..16_1H_pdata_1_200326_KG16-31-P_1H_1_1.pdf",
"22567817/16.zip..dia-16.mnova",
"22567817/16.zip..dia-16_13C.zip",
"22567817/16.zip..dia-16_13C_pdata_1_thumb.png",
"22567817/16.zip..dia-16_1H.zip",
"22567817/16.zip..dia-16_1H_pdata_1_thumb.png",
"22567817/17.zip..17.mnova",
"22567817/17.zip..17_13C.zip",
"22567817/17.zip..17_13C_pdata_1_thumb.png",
"22567817/17.zip..17_1H.zip",
"22567817/17.zip..17_1H_pdata_1_thumb.png",
"22567817/2.zip..2.mnova",
"22567817/2.zip..2_13C.zip",
"22567817/2.zip..2_13C_pdata_1_thumb.png",
"22567817/2.zip..2_1H-13C_NUS_HSQC.zip",
"22567817/2.zip..2_1H-13C_NUS_HSQC_pdata_1_thumb.png",
"22567817/2.zip..2_1H-13C_NUS_HSQC_pdata_999_thumb.png",
"22567817/2.zip..2_1H.zip",
"22567817/2.zip..2_1H_pdata_1_thumb.png",
"22567817/21.zip..21.mnova",
"22567817/21.zip..21_13C.zip",
"22567817/21.zip..21_13C_pdata_1_thumb.png",
"22567817/21.zip..21_1H.zip",
"22567817/21.zip..21_1H_pdata_1_thumb.png",
"22567817/3.zip..3.mnova",
"22567817/3.zip..3_13C.zip",
"22567817/3.zip..3_13C_pdata_1_thumb.png",
"22567817/3.zip..3_1H-13C_NUS_HMBC.zip",
"22567817/3.zip..3_1H-13C_NUS_HMBC_pdata_1_thumb.png",
"22567817/3.zip..3_1H-13C_NUS_HMBC_pdata_999_thumb.png",
"22567817/3.zip..3_1H-13C_NUS_HSQC.zip",
"22567817/3.zip..3_1H-13C_NUS_HSQC_pdata_1_thumb.png",
"22567817/3.zip..3_1H-13C_NUS_HSQC_pdata_999_thumb.png",
"22567817/3.zip..3_1H.zip",
"22567817/3.zip..3_1H_pdata_1_thumb.png",
"22567817/8.zip..8.mnova",
"22567817/8.zip..8_13C.zip",
"22567817/8.zip..8_13C_pdata_1_200114_KG15-74-P_13C_1_1.pdf",
"22567817/8.zip..8_1H.zip",
"22567817/8.zip..8_1H_pdata_1_200114_KG15-74-P_1H_1_1.pdf",
"22567817/9.zip..9.mnova",
"22567817/9.zip..9_13C.zip",
"22567817/9.zip..9_13C_pdata_1_thumb.png",
"22567817/9.zip..9_1H.zip",
"22567817/9.zip..9_1H_pdata_1_thumb.png"
,"structures/10_10.cdxml",
"structures/10_10.cdxml.mol",
"structures/10_10.cdxml.png",
"structures/11_11.cdxml",
"structures/11_11.cdxml.mol",
"structures/11_11.cdxml.png",
"structures/13_13.cdxml",
"structures/13_13.cdxml.mol",
"structures/13_13.cdxml.png",
"structures/16_16.cdxml",
"structures/16_16.cdxml.mol",
"structures/16_16.cdxml.png",
"structures/17_17.cdxml",
"structures/17_17.cdxml.mol",
"structures/17_17.cdxml.png",
"structures/1_1.cdxml",
"structures/1_1.cdxml.mol",
"structures/1_1.cdxml.png",
"structures/21_21.cdxml",
"structures/21_21.cdxml.mol",
"structures/21_21.cdxml.png",
"structures/2_2.cdxml",
"structures/2_2.cdxml.mol",
"structures/2_2.cdxml.png",
"structures/8_8.cdxml",
"structures/8_8.cdxml.mol",
"structures/8_8.cdxml.png"
]
}
