{"IFD.version":"0.0.4-alpha+2023.07.12",
"FAIRSpec.extractor.version":"0.0.4-alpha+2023.01.09",
"FAIRSpec.extractor.code":"https://github.com/IUPAC/IUPAC-FAIRSpec/blob/main/src/main/java/com/integratedgraphics/ifd/Extractor.java",
"FAIRSpec.extractor.creation_date":"3 Aug 2023 01:19:19 GMT",
"FAIRSpec.extractor.script":"IFD-extract.json",
"FAIRSpec.extractor.sources":
["./"
],
"FAIRSpec.extractor.list_type":"ignored",
"FAIRSpec.extractor.list_fileCount":1,
"FAIRSpec.extractor.list_byteCount":1043,
"FAIRSpec.extractor.list":
[
"stolaf/IFD-extract.json"
]
}
