{"IFD.version":"0.0.4-alpha+2023.07.12",
"FAIRSpec.extractor.version":"0.0.4-alpha+2023.01.09",
"FAIRSpec.extractor.code":"https://github.com/IUPAC/IUPAC-FAIRSpec/blob/main/src/main/java/com/integratedgraphics/ifd/Extractor.java",
"FAIRSpec.extractor.creation_date":"3 Aug 2023 01:19:19 GMT",
"FAIRSpec.extractor.script":"IFD-extract.json",
"FAIRSpec.extractor.sources":
["./"
],
"FAIRSpec.extractor.list_type":"manifest",
"FAIRSpec.extractor.list_fileCount":75,
"FAIRSpec.extractor.list_byteCount":11478937,
"FAIRSpec.extractor.list":
[
"stolaf/Jun15-20231/1203110/",
"stolaf/Jun15-20231/1203310/",
"stolaf/Jun15-20231_1203110.zip",
"stolaf/Jun15-20231_1203110_pdata_1_email_Jun15-2023_1203110_1.pdf",
"stolaf/Jun15-20231_1203110_pdata_1_thumb.png",
"stolaf/Jun15-20231_1203310.zip",
"stolaf/Jun15-20231_1203310_pdata_1_email_Jun15-2023_1203310_1.pdf",
"stolaf/Jun15-20231_1203310_pdata_1_thumb.png",
"stolaf/Jun15-20232.zip",
"stolaf/Jun15-20232/1203510/",
"stolaf/Jun15-20232_1203510_pdata_1_email_Jun15-2023_1203510_1.pdf",
"stolaf/Jun15-20232_1203510_pdata_1_spectrum_-0.051_9.989.pdf",
"stolaf/Jun15-20232_1203510_pdata_1_spectrum_-3.837_16.187.pdf",
"stolaf/Jun15-20232_1203510_pdata_1_spectrum_0_12.pdf",
"stolaf/Jun15-20232_1203510_pdata_1_thumb.png",
"stolaf/Jun15-20232_1203510_structure.mol",
"stolaf/Jun15-20232_1203510_structure.mol.png",
"stolaf/Jun15-20233.zip",
"stolaf/Jun15-20233/1203410/",
"stolaf/Jun15-20233_1203410_pdata_1_email_Jun15-2023_1203410_1.pdf",
"stolaf/Jun15-20233_1203410_pdata_1_thumb.png",
"stolaf/Jun15-20233_1203410_structure.mol",
"stolaf/Jun15-20233_1203410_structure.mol.png",
"stolaf/Jun15-20234/1203610/",
"stolaf/Jun15-20234/1203710/",
"stolaf/Jun15-20234_1203610.zip",
"stolaf/Jun15-20234_1203610_pdata_1_email_Jun15-2023_1203610_1.pdf",
"stolaf/Jun15-20234_1203610_pdata_1_spectrum_-0.028_9.995.pdf",
"stolaf/Jun15-20234_1203610_pdata_1_spectrum_0_12.pdf",
"stolaf/Jun15-20234_1203610_pdata_1_thumb.png",
"stolaf/Jun15-20234_1203610_structure.mol.png",
"stolaf/Jun15-20234_1203710.zip",
"stolaf/Jun15-20234_1203710_pdata_1_email_Jun15-2023_1203710_1.pdf",
"stolaf/Jun15-20234_1203710_pdata_1_spectrum_0_220.pdf",
"stolaf/Jun15-20234_1203710_pdata_1_thumb.png",
"stolaf/Jun15-20236/1203010/",
"stolaf/Jun15-20236/1203210/",
"stolaf/Jun15-20236_1203010.zip",
"stolaf/Jun15-20236_1203210.zip",
"stolaf/Jun15-20236_1203210_pdata_1_email_Jun15-2023_1203210_1.pdf",
"stolaf/Jun15-20236_1203210_pdata_1_spectrum_6.074_8.681.pdf",
"stolaf/Jun15-20236_1203210_pdata_1_thumb.png",
"stolaf/Jun15-20236_1203210_structure.mol.png",
"stolaf/Jun20-20231.zip",
"stolaf/Jun20-20231/1210610/",
"stolaf/Jun20-20231_1210610_pdata_1_email_Jun20-2023_1210610_1.pdf",
"stolaf/Jun20-20231_1210610_pdata_1_thumb.png",
"stolaf/Jun20-20231_1210610_structure.mol",
"stolaf/Jun20-20231_1210610_structure.mol.png",
"stolaf/Jun20-20232.zip",
"stolaf/Jun20-20232/1210710/",
"stolaf/Jun20-20232_1210710_pdata_1_email_Jun20-2023_1210710_1.pdf",
"stolaf/Jun20-20232_1210710_pdata_1_thumb.png",
"stolaf/Jun20-20233.zip",
"stolaf/Jun20-20233/1210510/",
"stolaf/Jun20-20233_1210510_pdata_1_email_Jun20-2023_1210510_1.pdf",
"stolaf/Jun20-20233_1210510_pdata_1_thumb.png",
"stolaf/Jun20-20236.zip",
"stolaf/Jun20-20236/1210410/",
"stolaf/Jun20-20236_1210410_pdata_1_email_Jun20-2023_1210410_1.pdf",
"stolaf/Jun20-20236_1210410_pdata_1_thumb.png",
"stolaf/Jun20-20236_1210410_structure.mol.png",
"stolaf/Jun27-20235/1226610/",
"stolaf/Jun27-20235/1226810/",
"stolaf/Jun27-20235_1226610.zip",
"stolaf/Jun27-20235_1226610_pdata_1_email_Jun27-2023_1226610_1.pdf",
"stolaf/Jun27-20235_1226610_pdata_1_spectrum_-3.837_16.187.pdf",
"stolaf/Jun27-20235_1226610_pdata_1_thumb.png",
"stolaf/Jun27-20235_1226610_structure.mol",
"stolaf/Jun27-20235_1226610_structure.mol.png",
"stolaf/Jun27-20235_1226810.zip",
"stolaf/Jun27-20235_1226810_pdata_1_email_Jun27-2023_1226810_1.pdf",
"stolaf/Jun27-20235_1226810_pdata_1_thumb.png",
"stolaf/Jun27-20235_1226810_structure.mol",
"stolaf/Jun27-20235_1226810_structure.mol.png"
]
}
