<?xml version="1.0" encoding="UTF-8"?>
<PeakList>
  <PeakList1D>
    <PeakList1DHeader creator="JRomeo" date="2020-03-13T13:26:55" expNo="4" name="2JR108" owner="" procNo="1" source="C:/Bruker/TOPSPIN">
      <PeakPickDetails>F1=151.976ppm, F2=118.005ppm, MI=1.37cm, MAXI=22.31cm, PC=1.400
      </PeakPickDetails>
    </PeakList1DHeader>
    <Peak1D F1="144.4881" intensity="14.66" type="0"/>
    <Peak1D F1="136.0576" intensity="4.39" type="0"/>
    <Peak1D F1="133.2391" intensity="4.25" type="0"/>
    <Peak1D F1="133.0535" intensity="5.21" type="0"/>
    <Peak1D F1="128.0757" intensity="12.17" type="0"/>
    <Peak1D F1="127.9379" intensity="15.0" type="0"/>
    <Peak1D F1="127.7177" intensity="14.19" type="0"/>
    <Peak1D F1="126.9767" intensity="8.93" type="0"/>
    <Peak1D F1="126.4526" intensity="9.74" type="0"/>
    <Peak1D F1="126.0481" intensity="12.74" type="0"/>
    <Peak1D F1="125.8648" intensity="12.2" type="0"/>
  </PeakList1D>
  <PeakList1D>
    <PeakList1DHeader creator="JRomeo" date="2020-03-13T13:26:55" expNo="4" name="2JR108" owner="" procNo="1" source="C:/Bruker/TOPSPIN">
      <PeakPickDetails>F1=104.839ppm, F2=95.087ppm, MI=2.52cm, MAXI=17.39cm, PC=1.400
      </PeakPickDetails>
    </PeakList1DHeader>
    <Peak1D F1="99.1123" intensity="12.52" type="0"/>
  </PeakList1D>
  <PeakList1D>
    <PeakList1DHeader creator="JRomeo" date="2020-03-13T13:26:55" expNo="4" name="2JR108" owner="" procNo="1" source="C:/Bruker/TOPSPIN">
      <PeakPickDetails>F1=76.557ppm, F2=67.780ppm, MI=1.03cm, MAXI=17.39cm, PC=1.400
      </PeakPickDetails>
    </PeakList1DHeader>
    <Peak1D F1="74.5453" intensity="9.02" type="0"/>
    <Peak1D F1="73.7467" intensity="11.85" type="0"/>
    <Peak1D F1="72.8399" intensity="5.09" type="0"/>
    <Peak1D F1="72.7594" intensity="14.99" type="0"/>
  </PeakList1D>
  <PeakList1D>
    <PeakList1DHeader creator="JRomeo" date="2020-03-13T13:26:55" expNo="4" name="2JR108" owner="" procNo="1" source="C:/Bruker/TOPSPIN">
      <PeakPickDetails>F1=64.204ppm, F2=53.639ppm, MI=4.12cm, MAXI=13.61cm, PC=1.400
      </PeakPickDetails>
    </PeakList1DHeader>
    <Peak1D F1="56.8427" intensity="10.13" type="0"/>
  </PeakList1D>
  <PeakList1D>
    <PeakList1DHeader creator="JRomeo" date="2020-03-13T13:26:55" expNo="4" name="2JR108" owner="" procNo="1" source="C:/Bruker/TOPSPIN">
      <PeakPickDetails>F1=22.106ppm, F2=8.615ppm, MI=3.55cm, MAXI=13.61cm, PC=1.400
      </PeakPickDetails>
    </PeakList1DHeader>
    <Peak1D F1="16.5421" intensity="9.31" type="0"/>
  </PeakList1D>
</PeakList>
