<?xml version="1.0" encoding="UTF-8"?>
<PeakList>
  <PeakList1D>
    <PeakList1DHeader creator="nmr600" date="2019-07-25T16:38:44.181+02:00" expNo="82" name="6Jul2519" owner="" procNo="1" source="/opt/topspin3.0/data/nmr600/nmr">
      <PeakPickDetails>F1=-44.820339ppm, F2=-105.179672ppm, MI=0.00cm, MAXI=10000.00cm, PC=1.000
      </PeakPickDetails>
    </PeakList1DHeader>
    <Peak1D F1="-44.999439" intensity="3.173780e-03" type="0"/>
    <Peak1D F1="-45.170696" intensity="3.022424e-03" type="0"/>
    <Peak1D F1="-45.207645" intensity="2.997127e-03" type="0"/>
    <Peak1D F1="-45.286137" intensity="2.834466e-03" type="0"/>
    <Peak1D F1="-45.501202" intensity="2.748695e-03" type="0"/>
    <Peak1D F1="-45.566673" intensity="2.675138e-03" type="0"/>
    <Peak1D F1="-45.610241" intensity="2.655604e-03" type="0"/>
    <Peak1D F1="-45.645401" intensity="2.553592e-03" type="0"/>
    <Peak1D F1="-45.679092" intensity="2.622082e-03" type="0"/>
    <Peak1D F1="-45.776527" intensity="2.394240e-03" type="0"/>
    <Peak1D F1="-45.801323" intensity="2.412609e-03" type="0"/>
    <Peak1D F1="-45.880737" intensity="2.434489e-03" type="0"/>
    <Peak1D F1="-45.909439" intensity="2.381553e-03" type="0"/>
    <Peak1D F1="-45.991302" intensity="2.381047e-03" type="0"/>
    <Peak1D F1="-46.032715" intensity="2.347799e-03" type="0"/>
    <Peak1D F1="-46.100945" intensity="2.140948e-03" type="0"/>
    <Peak1D F1="-46.172791" intensity="2.100600e-03" type="0"/>
    <Peak1D F1="-46.192699" intensity="1.997734e-03" type="0"/>
    <Peak1D F1="-46.253113" intensity="1.953495e-03" type="0"/>
    <Peak1D F1="-46.300922" intensity="2.103962e-03" type="0"/>
    <Peak1D F1="-46.417007" intensity="1.979985e-03" type="0"/>
    <Peak1D F1="-46.473881" intensity="1.993034e-03" type="0"/>
    <Peak1D F1="-56.630989" intensity="1.971167e-03" type="0"/>
    <Peak1D F1="-56.653046" intensity="2.091536e-03" type="0"/>
    <Peak1D F1="-56.749603" intensity="2.012872e-03" type="0"/>
    <Peak1D F1="-56.785740" intensity="2.005941e-03" type="0"/>
    <Peak1D F1="-56.794548" intensity="2.132860e-03" type="0"/>
    <Peak1D F1="-56.860111" intensity="2.005655e-03" type="0"/>
    <Peak1D F1="-56.905365" intensity="2.169684e-03" type="0"/>
    <Peak1D F1="-56.959587" intensity="2.183683e-03" type="0"/>
    <Peak1D F1="-57.000885" intensity="2.115458e-03" type="0"/>
    <Peak1D F1="-57.024525" intensity="2.188901e-03" type="0"/>
    <Peak1D F1="-57.069450" intensity="2.165517e-03" type="0"/>
    <Peak1D F1="-57.120640" intensity="2.513461e-03" type="0"/>
    <Peak1D F1="-57.153957" intensity="2.366613e-03" type="0"/>
    <Peak1D F1="-57.174103" intensity="2.379967e-03" type="0"/>
    <Peak1D F1="-57.286720" intensity="2.491660e-03" type="0"/>
    <Peak1D F1="-57.336178" intensity="2.428320e-03" type="0"/>
    <Peak1D F1="-57.398163" intensity="2.587649e-03" type="0"/>
    <Peak1D F1="-57.430229" intensity="2.568125e-03" type="0"/>
    <Peak1D F1="-57.449650" intensity="2.600172e-03" type="0"/>
    <Peak1D F1="-57.489319" intensity="2.672647e-03" type="0"/>
    <Peak1D F1="-57.560482" intensity="2.699884e-03" type="0"/>
    <Peak1D F1="-57.652771" intensity="2.894452e-03" type="0"/>
    <Peak1D F1="-57.751408" intensity="2.893684e-03" type="0"/>
    <Peak1D F1="-57.813969" intensity="2.937186e-03" type="0"/>
    <Peak1D F1="-57.861584" intensity="3.144210e-03" type="0"/>
    <Peak1D F1="-57.900173" intensity="3.125284e-03" type="0"/>
    <Peak1D F1="-57.937950" intensity="3.052192e-03" type="0"/>
    <Peak1D F1="-57.964600" intensity="3.325111e-03" type="0"/>
    <Peak1D F1="-57.980225" intensity="3.218627e-03" type="0"/>
    <Peak1D F1="-58.037319" intensity="3.273412e-03" type="0"/>
    <Peak1D F1="-58.098927" intensity="3.181676e-03" type="0"/>
    <Peak1D F1="-58.168354" intensity="3.382877e-03" type="0"/>
    <Peak1D F1="-58.229698" intensity="3.567294e-03" type="0"/>
    <Peak1D F1="-58.278572" intensity="3.479017e-03" type="0"/>
    <Peak1D F1="-58.376423" intensity="3.621387e-03" type="0"/>
    <Peak1D F1="-58.393566" intensity="3.559326e-03" type="0"/>
    <Peak1D F1="-58.403122" intensity="3.554047e-03" type="0"/>
    <Peak1D F1="-58.439659" intensity="3.697004e-03" type="0"/>
    <Peak1D F1="-58.487743" intensity="3.812386e-03" type="0"/>
    <Peak1D F1="-58.498863" intensity="3.786461e-03" type="0"/>
    <Peak1D F1="-58.546486" intensity="3.892666e-03" type="0"/>
    <Peak1D F1="-58.582447" intensity="3.931749e-03" type="0"/>
    <Peak1D F1="-58.607449" intensity="3.982481e-03" type="0"/>
    <Peak1D F1="-58.659737" intensity="3.895501e-03" type="0"/>
    <Peak1D F1="-58.710693" intensity="4.041745e-03" type="0"/>
    <Peak1D F1="-58.764008" intensity="4.169519e-03" type="0"/>
    <Peak1D F1="-58.827526" intensity="4.380613e-03" type="0"/>
    <Peak1D F1="-58.911442" intensity="4.458298e-03" type="0"/>
    <Peak1D F1="-58.936546" intensity="4.448696e-03" type="0"/>
    <Peak1D F1="-59.007042" intensity="4.561008e-03" type="0"/>
    <Peak1D F1="-59.027451" intensity="4.563279e-03" type="0"/>
    <Peak1D F1="-59.036324" intensity="4.517631e-03" type="0"/>
    <Peak1D F1="-59.083569" intensity="4.575492e-03" type="0"/>
    <Peak1D F1="-59.226517" intensity="4.654602e-03" type="0"/>
    <Peak1D F1="-59.244923" intensity="4.664969e-03" type="0"/>
    <Peak1D F1="-59.276188" intensity="5.013362e-03" type="0"/>
    <Peak1D F1="-59.326035" intensity="5.005462e-03" type="0"/>
    <Peak1D F1="-59.397224" intensity="5.094219e-03" type="0"/>
    <Peak1D F1="-59.523762" intensity="5.408868e-03" type="0"/>
    <Peak1D F1="-59.585346" intensity="5.523680e-03" type="0"/>
    <Peak1D F1="-59.602928" intensity="5.546661e-03" type="0"/>
    <Peak1D F1="-59.653255" intensity="5.643213e-03" type="0"/>
    <Peak1D F1="-59.745293" intensity="5.880293e-03" type="0"/>
    <Peak1D F1="-59.781113" intensity="5.941916e-03" type="0"/>
    <Peak1D F1="-59.833195" intensity="6.154045e-03" type="0"/>
    <Peak1D F1="-59.908627" intensity="6.163132e-03" type="0"/>
    <Peak1D F1="-60.069923" intensity="6.527814e-03" type="0"/>
    <Peak1D F1="-60.114243" intensity="6.749985e-03" type="0"/>
    <Peak1D F1="-60.131569" intensity="6.752829e-03" type="0"/>
    <Peak1D F1="-60.174881" intensity="6.771916e-03" type="0"/>
    <Peak1D F1="-60.206310" intensity="6.899620e-03" type="0"/>
    <Peak1D F1="-60.261375" intensity="7.064212e-03" type="0"/>
    <Peak1D F1="-60.290154" intensity="7.027956e-03" type="0"/>
    <Peak1D F1="-60.354595" intensity="7.269939e-03" type="0"/>
    <Peak1D F1="-60.362862" intensity="7.385223e-03" type="0"/>
    <Peak1D F1="-60.402287" intensity="7.464417e-03" type="0"/>
    <Peak1D F1="-60.451942" intensity="7.643747e-03" type="0"/>
    <Peak1D F1="-60.493832" intensity="7.765460e-03" type="0"/>
    <Peak1D F1="-60.521194" intensity="7.972015e-03" type="0"/>
    <Peak1D F1="-60.616100" intensity="8.078048e-03" type="0"/>
    <Peak1D F1="-60.729530" intensity="8.622129e-03" type="0"/>
    <Peak1D F1="-60.762497" intensity="8.656713e-03" type="0"/>
    <Peak1D F1="-60.771736" intensity="8.700149e-03" type="0"/>
    <Peak1D F1="-60.832455" intensity="8.973761e-03" type="0"/>
    <Peak1D F1="-60.893364" intensity="9.210564e-03" type="0"/>
    <Peak1D F1="-60.957840" intensity="9.714943e-03" type="0"/>
    <Peak1D F1="-60.970413" intensity="9.585686e-03" type="0"/>
    <Peak1D F1="-60.984428" intensity="9.629163e-03" type="0"/>
    <Peak1D F1="-61.031452" intensity="1.012860e-02" type="0"/>
    <Peak1D F1="-61.049007" intensity="1.007960e-02" type="0"/>
    <Peak1D F1="-61.093628" intensity="1.030482e-02" type="0"/>
    <Peak1D F1="-61.118019" intensity="1.050282e-02" type="0"/>
    <Peak1D F1="-61.171284" intensity="1.078693e-02" type="0"/>
    <Peak1D F1="-61.304115" intensity="1.164242e-02" type="0"/>
    <Peak1D F1="-61.312607" intensity="1.197486e-02" type="0"/>
    <Peak1D F1="-61.331707" intensity="1.209598e-02" type="0"/>
    <Peak1D F1="-61.541698" intensity="1.381493e-02" type="0"/>
    <Peak1D F1="-61.945473" intensity="2.008270e-02" type="0"/>
    <Peak1D F1="-62.309673" intensity="3.541104e-02" type="0"/>
    <Peak1D F1="-62.547382" intensity="7.877030e-02" type="0"/>
    <Peak1D F1="-62.619984" intensity="1.656602e-01" type="0"/>
    <Peak1D F1="-62.652031" intensity="1.660155e-01" type="0"/>
    <Peak1D F1="-62.763859" intensity="7.505927e+00" type="0"/>
    <Peak1D F1="-78.255638" intensity="1.500000e+01" type="0"/>
    <Peak1D F1="-78.260635" intensity="2.694436e+00" type="0"/>
    <Peak1D F1="-78.332603" intensity="1.497776e-01" type="0"/>
    <Peak1D F1="-78.341072" intensity="1.346070e-01" type="0"/>
    <Peak1D F1="-78.349472" intensity="1.221127e-01" type="0"/>
    <Peak1D F1="-78.353706" intensity="1.167361e-01" type="0"/>
    <Peak1D F1="-78.362045" intensity="1.075099e-01" type="0"/>
    <Peak1D F1="-78.366081" intensity="1.033361e-01" type="0"/>
    <Peak1D F1="-78.370346" intensity="9.973953e-02" type="0"/>
    <Peak1D F1="-78.378746" intensity="9.289748e-02" type="0"/>
    <Peak1D F1="-78.383110" intensity="9.015660e-02" type="0"/>
    <Peak1D F1="-78.387230" intensity="8.676558e-02" type="0"/>
    <Peak1D F1="-78.391350" intensity="8.418664e-02" type="0"/>
    <Peak1D F1="-78.395424" intensity="8.145122e-02" type="0"/>
    <Peak1D F1="-78.399879" intensity="7.915516e-02" type="0"/>
    <Peak1D F1="-78.404068" intensity="7.675605e-02" type="0"/>
    <Peak1D F1="-78.408157" intensity="7.490440e-02" type="0"/>
    <Peak1D F1="-78.412209" intensity="7.277110e-02" type="0"/>
    <Peak1D F1="-78.416466" intensity="7.066948e-02" type="0"/>
    <Peak1D F1="-78.420692" intensity="6.925791e-02" type="0"/>
    <Peak1D F1="-78.424461" intensity="6.727977e-02" type="0"/>
    <Peak1D F1="-78.428970" intensity="6.577536e-02" type="0"/>
    <Peak1D F1="-78.433029" intensity="6.398626e-02" type="0"/>
    <Peak1D F1="-78.437553" intensity="6.268436e-02" type="0"/>
    <Peak1D F1="-78.441658" intensity="6.126246e-02" type="0"/>
    <Peak1D F1="-78.445755" intensity="5.972767e-02" type="0"/>
    <Peak1D F1="-78.449936" intensity="5.848293e-02" type="0"/>
    <Peak1D F1="-78.454170" intensity="5.740312e-02" type="0"/>
    <Peak1D F1="-78.458206" intensity="5.628361e-02" type="0"/>
    <Peak1D F1="-78.462311" intensity="5.517793e-02" type="0"/>
    <Peak1D F1="-78.466698" intensity="5.396259e-02" type="0"/>
    <Peak1D F1="-78.470795" intensity="5.298488e-02" type="0"/>
    <Peak1D F1="-78.474762" intensity="5.195720e-02" type="0"/>
    <Peak1D F1="-78.479012" intensity="5.110834e-02" type="0"/>
    <Peak1D F1="-78.483345" intensity="5.002587e-02" type="0"/>
    <Peak1D F1="-78.487404" intensity="4.902742e-02" type="0"/>
    <Peak1D F1="-78.495750" intensity="4.756865e-02" type="0"/>
    <Peak1D F1="-78.508430" intensity="4.520284e-02" type="0"/>
    <Peak1D F1="-78.512505" intensity="4.432101e-02" type="0"/>
    <Peak1D F1="-78.516708" intensity="4.344909e-02" type="0"/>
    <Peak1D F1="-78.520676" intensity="4.300671e-02" type="0"/>
    <Peak1D F1="-78.529411" intensity="4.137507e-02" type="0"/>
    <Peak1D F1="-78.533554" intensity="4.072340e-02" type="0"/>
    <Peak1D F1="-78.541634" intensity="3.988784e-02" type="0"/>
    <Peak1D F1="-78.545822" intensity="3.932543e-02" type="0"/>
    <Peak1D F1="-78.562538" intensity="3.697467e-02" type="0"/>
    <Peak1D F1="-78.575119" intensity="3.551566e-02" type="0"/>
    <Peak1D F1="-78.587723" intensity="3.396223e-02" type="0"/>
    <Peak1D F1="-78.591728" intensity="3.367640e-02" type="0"/>
    <Peak1D F1="-78.604393" intensity="3.229861e-02" type="0"/>
    <Peak1D F1="-78.608192" intensity="3.172969e-02" type="0"/>
    <Peak1D F1="-78.612724" intensity="3.138417e-02" type="0"/>
    <Peak1D F1="-78.620949" intensity="3.052704e-02" type="0"/>
    <Peak1D F1="-78.625343" intensity="3.000343e-02" type="0"/>
    <Peak1D F1="-78.637573" intensity="2.827662e-02" type="0"/>
    <Peak1D F1="-78.641876" intensity="2.790608e-02" type="0"/>
    <Peak1D F1="-78.666405" intensity="1.117622e-01" type="0"/>
    <Peak1D F1="-78.721008" intensity="2.637881e-02" type="0"/>
    <Peak1D F1="-78.734100" intensity="2.576904e-02" type="0"/>
    <Peak1D F1="-78.758354" intensity="2.423506e-02" type="0"/>
    <Peak1D F1="-78.771240" intensity="2.370810e-02" type="0"/>
    <Peak1D F1="-78.792213" intensity="2.285106e-02" type="0"/>
    <Peak1D F1="-78.800232" intensity="2.230042e-02" type="0"/>
    <Peak1D F1="-78.821045" intensity="2.161356e-02" type="0"/>
    <Peak1D F1="-78.833221" intensity="2.101254e-02" type="0"/>
    <Peak1D F1="-78.850418" intensity="2.034557e-02" type="0"/>
    <Peak1D F1="-78.925804" intensity="1.832072e-02" type="0"/>
    <Peak1D F1="-78.930061" intensity="1.807254e-02" type="0"/>
    <Peak1D F1="-78.934174" intensity="1.786523e-02" type="0"/>
    <Peak1D F1="-78.954468" intensity="1.750457e-02" type="0"/>
    <Peak1D F1="-78.979988" intensity="1.699184e-02" type="0"/>
    <Peak1D F1="-79.033730" intensity="1.582877e-02" type="0"/>
    <Peak1D F1="-79.063454" intensity="1.506226e-02" type="0"/>
    <Peak1D F1="-79.150719" intensity="1.394308e-02" type="0"/>
    <Peak1D F1="-79.158875" intensity="1.367377e-02" type="0"/>
    <Peak1D F1="-79.166977" intensity="1.339933e-02" type="0"/>
    <Peak1D F1="-79.176094" intensity="1.327065e-02" type="0"/>
    <Peak1D F1="-79.197556" intensity="1.576878e-02" type="0"/>
    <Peak1D F1="-79.209206" intensity="1.331373e-02" type="0"/>
    <Peak1D F1="-79.263802" intensity="1.236855e-02" type="0"/>
    <Peak1D F1="-79.271957" intensity="1.246572e-02" type="0"/>
    <Peak1D F1="-79.347282" intensity="1.141596e-02" type="0"/>
    <Peak1D F1="-79.371674" intensity="1.122264e-02" type="0"/>
    <Peak1D F1="-79.396400" intensity="1.120329e-02" type="0"/>
    <Peak1D F1="-79.429886" intensity="1.100453e-02" type="0"/>
    <Peak1D F1="-79.438843" intensity="1.061070e-02" type="0"/>
    <Peak1D F1="-79.505295" intensity="1.018469e-02" type="0"/>
    <Peak1D F1="-79.521156" intensity="1.015971e-02" type="0"/>
    <Peak1D F1="-79.530769" intensity="1.016296e-02" type="0"/>
    <Peak1D F1="-79.554428" intensity="9.800479e-03" type="0"/>
    <Peak1D F1="-79.621368" intensity="9.387311e-03" type="0"/>
    <Peak1D F1="-79.643341" intensity="9.325835e-03" type="0"/>
    <Peak1D F1="-79.663544" intensity="9.158665e-03" type="0"/>
    <Peak1D F1="-79.748001" intensity="8.511039e-03" type="0"/>
    <Peak1D F1="-79.757629" intensity="8.554266e-03" type="0"/>
    <Peak1D F1="-79.792404" intensity="8.566736e-03" type="0"/>
    <Peak1D F1="-79.801483" intensity="8.452772e-03" type="0"/>
    <Peak1D F1="-79.814445" intensity="8.469596e-03" type="0"/>
    <Peak1D F1="-79.826950" intensity="8.324037e-03" type="0"/>
    <Peak1D F1="-79.918411" intensity="7.983974e-03" type="0"/>
    <Peak1D F1="-79.947998" intensity="7.686953e-03" type="0"/>
    <Peak1D F1="-80.072227" intensity="7.211299e-03" type="0"/>
    <Peak1D F1="-80.127785" intensity="7.045475e-03" type="0"/>
    <Peak1D F1="-80.172592" intensity="7.036765e-03" type="0"/>
    <Peak1D F1="-80.201317" intensity="6.794072e-03" type="0"/>
    <Peak1D F1="-80.371925" intensity="6.473454e-03" type="0"/>
    <Peak1D F1="-80.433578" intensity="6.233487e-03" type="0"/>
    <Peak1D F1="-80.660912" intensity="5.575879e-03" type="0"/>
    <Peak1D F1="-80.688522" intensity="5.630504e-03" type="0"/>
    <Peak1D F1="-80.698662" intensity="5.524783e-03" type="0"/>
    <Peak1D F1="-80.742950" intensity="5.555135e-03" type="0"/>
    <Peak1D F1="-80.769127" intensity="5.485138e-03" type="0"/>
    <Peak1D F1="-80.927261" intensity="5.081377e-03" type="0"/>
    <Peak1D F1="-80.983391" intensity="4.812816e-03" type="0"/>
    <Peak1D F1="-80.998138" intensity="4.843844e-03" type="0"/>
    <Peak1D F1="-81.124550" intensity="4.830747e-03" type="0"/>
    <Peak1D F1="-81.174721" intensity="4.681136e-03" type="0"/>
    <Peak1D F1="-81.199310" intensity="4.816949e-03" type="0"/>
    <Peak1D F1="-81.307396" intensity="4.492365e-03" type="0"/>
    <Peak1D F1="-81.366249" intensity="4.215273e-03" type="0"/>
    <Peak1D F1="-81.400703" intensity="4.530149e-03" type="0"/>
    <Peak1D F1="-81.457619" intensity="4.407113e-03" type="0"/>
    <Peak1D F1="-81.477043" intensity="4.171751e-03" type="0"/>
    <Peak1D F1="-81.504547" intensity="4.225124e-03" type="0"/>
    <Peak1D F1="-81.598610" intensity="4.385556e-03" type="0"/>
    <Peak1D F1="-81.632774" intensity="4.130632e-03" type="0"/>
    <Peak1D F1="-81.653046" intensity="4.066604e-03" type="0"/>
    <Peak1D F1="-81.710991" intensity="4.005016e-03" type="0"/>
    <Peak1D F1="-81.744843" intensity="3.800576e-03" type="0"/>
    <Peak1D F1="-81.816925" intensity="3.734240e-03" type="0"/>
    <Peak1D F1="-81.866341" intensity="3.723970e-03" type="0"/>
    <Peak1D F1="-81.892372" intensity="3.674581e-03" type="0"/>
    <Peak1D F1="-81.915314" intensity="3.669857e-03" type="0"/>
    <Peak1D F1="-81.945900" intensity="3.707584e-03" type="0"/>
    <Peak1D F1="-81.984650" intensity="3.466911e-03" type="0"/>
    <Peak1D F1="-82.020515" intensity="3.573756e-03" type="0"/>
    <Peak1D F1="-82.033699" intensity="3.492392e-03" type="0"/>
    <Peak1D F1="-82.103363" intensity="3.410061e-03" type="0"/>
    <Peak1D F1="-82.163261" intensity="3.700332e-03" type="0"/>
    <Peak1D F1="-82.249893" intensity="3.401171e-03" type="0"/>
    <Peak1D F1="-82.266991" intensity="3.295264e-03" type="0"/>
    <Peak1D F1="-82.366760" intensity="3.181922e-03" type="0"/>
    <Peak1D F1="-82.388847" intensity="3.144137e-03" type="0"/>
    <Peak1D F1="-82.408119" intensity="3.252314e-03" type="0"/>
    <Peak1D F1="-82.451591" intensity="3.089902e-03" type="0"/>
    <Peak1D F1="-82.507469" intensity="3.030652e-03" type="0"/>
    <Peak1D F1="-82.612701" intensity="3.142615e-03" type="0"/>
    <Peak1D F1="-82.697350" intensity="3.101188e-03" type="0"/>
    <Peak1D F1="-82.758827" intensity="3.000471e-03" type="0"/>
    <Peak1D F1="-82.782265" intensity="2.964136e-03" type="0"/>
    <Peak1D F1="-82.820595" intensity="2.934881e-03" type="0"/>
    <Peak1D F1="-82.845490" intensity="2.948967e-03" type="0"/>
    <Peak1D F1="-82.853004" intensity="2.837755e-03" type="0"/>
    <Peak1D F1="-82.898666" intensity="2.800895e-03" type="0"/>
    <Peak1D F1="-83.005844" intensity="2.698833e-03" type="0"/>
    <Peak1D F1="-83.071381" intensity="2.669230e-03" type="0"/>
    <Peak1D F1="-83.101608" intensity="2.598940e-03" type="0"/>
    <Peak1D F1="-83.138687" intensity="2.643930e-03" type="0"/>
    <Peak1D F1="-83.201431" intensity="2.602955e-03" type="0"/>
    <Peak1D F1="-83.222275" intensity="2.546171e-03" type="0"/>
    <Peak1D F1="-83.268211" intensity="2.475966e-03" type="0"/>
    <Peak1D F1="-83.288467" intensity="2.412445e-03" type="0"/>
    <Peak1D F1="-83.364578" intensity="2.321741e-03" type="0"/>
    <Peak1D F1="-83.418533" intensity="2.355319e-03" type="0"/>
    <Peak1D F1="-83.492828" intensity="2.405335e-03" type="0"/>
    <Peak1D F1="-83.550903" intensity="2.296625e-03" type="0"/>
    <Peak1D F1="-83.672455" intensity="2.267307e-03" type="0"/>
    <Peak1D F1="-83.695564" intensity="2.388602e-03" type="0"/>
    <Peak1D F1="-83.725006" intensity="2.158607e-03" type="0"/>
    <Peak1D F1="-83.745087" intensity="2.258160e-03" type="0"/>
    <Peak1D F1="-83.840309" intensity="2.276982e-03" type="0"/>
    <Peak1D F1="-83.874252" intensity="2.198208e-03" type="0"/>
    <Peak1D F1="-83.886047" intensity="2.191989e-03" type="0"/>
    <Peak1D F1="-83.897148" intensity="2.081172e-03" type="0"/>
    <Peak1D F1="-84.041092" intensity="1.958482e-03" type="0"/>
    <Peak1D F1="-84.073792" intensity="1.963415e-03" type="0"/>
    <Peak1D F1="-84.137657" intensity="1.943460e-03" type="0"/>
    <Peak1D F1="-84.146194" intensity="1.955884e-03" type="0"/>
    <Peak1D F1="-84.206085" intensity="2.038846e-03" type="0"/>
  </PeakList1D>
</PeakList>
