<?xml version="1.0" encoding="UTF-8"?>
<PeakList>
  <PeakList1D>
    <PeakList1DHeader creator="nmr600" date="2019-07-25T16:44:40.879+02:00" expNo="90" name="6Jul2519" owner="" procNo="1" source="/opt/topspin3.0/data/nmr600/nmr">
      <PeakPickDetails>F1=16.450729ppm, F2=-4.099918ppm, MI=0.00cm, MAXI=10000.00cm, PC=1.000
      </PeakPickDetails>
    </PeakList1DHeader>
    <Peak1D F1="16.098103" intensity="1.042747e-02" type="0"/>
    <Peak1D F1="10.376269" intensity="6.372002e-03" type="0"/>
    <Peak1D F1="10.035250" intensity="5.904500e-02" type="0"/>
    <Peak1D F1="9.662024" intensity="6.711264e-03" type="0"/>
    <Peak1D F1="9.086484" intensity="1.485635e-02" type="0"/>
    <Peak1D F1="9.079650" intensity="1.516217e-02" type="0"/>
    <Peak1D F1="8.806849" intensity="4.200596e+00" type="0"/>
    <Peak1D F1="8.351539" intensity="4.681111e-02" type="0"/>
    <Peak1D F1="8.338129" intensity="5.541129e-02" type="0"/>
    <Peak1D F1="8.283408" intensity="7.716034e-02" type="0"/>
    <Peak1D F1="8.268413" intensity="6.364363e-02" type="0"/>
    <Peak1D F1="8.233948" intensity="2.670423e-02" type="0"/>
    <Peak1D F1="8.222156" intensity="2.323002e-02" type="0"/>
    <Peak1D F1="8.212139" intensity="1.927920e-02" type="0"/>
    <Peak1D F1="8.130442" intensity="8.032499e-03" type="0"/>
    <Peak1D F1="8.096869" intensity="1.088740e-01" type="0"/>
    <Peak1D F1="8.078843" intensity="2.216651e-02" type="0"/>
    <Peak1D F1="8.046948" intensity="3.662442e-02" type="0"/>
    <Peak1D F1="8.032842" intensity="6.544315e-02" type="0"/>
    <Peak1D F1="8.019221" intensity="5.344989e-02" type="0"/>
    <Peak1D F1="7.963644" intensity="1.436070e-02" type="0"/>
    <Peak1D F1="7.928526" intensity="6.920649e-02" type="0"/>
    <Peak1D F1="7.916517" intensity="6.631035e-02" type="0"/>
    <Peak1D F1="7.904694" intensity="6.562799e-02" type="0"/>
    <Peak1D F1="7.891766" intensity="6.388843e-02" type="0"/>
    <Peak1D F1="7.884709" intensity="6.201359e-02" type="0"/>
    <Peak1D F1="7.872149" intensity="6.234770e-02" type="0"/>
    <Peak1D F1="7.869211" intensity="6.187276e-02" type="0"/>
    <Peak1D F1="7.834344" intensity="3.160476e-02" type="0"/>
    <Peak1D F1="7.817628" intensity="6.771148e-02" type="0"/>
    <Peak1D F1="7.804435" intensity="6.992622e-02" type="0"/>
    <Peak1D F1="7.772880" intensity="6.464458e-02" type="0"/>
    <Peak1D F1="7.744412" intensity="1.752942e-01" type="0"/>
    <Peak1D F1="7.730951" intensity="2.112277e-01" type="0"/>
    <Peak1D F1="7.691435" intensity="8.617739e-01" type="0"/>
    <Peak1D F1="7.679865" intensity="8.540604e+00" type="0"/>
    <Peak1D F1="7.667405" intensity="8.373128e+00" type="0"/>
    <Peak1D F1="7.650049" intensity="2.927876e-01" type="0"/>
    <Peak1D F1="7.636163" intensity="4.331780e-01" type="0"/>
    <Peak1D F1="7.623084" intensity="4.339571e-01" type="0"/>
    <Peak1D F1="7.604887" intensity="1.355076e-01" type="0"/>
    <Peak1D F1="7.588311" intensity="1.751767e-01" type="0"/>
    <Peak1D F1="7.575051" intensity="1.623114e-01" type="0"/>
    <Peak1D F1="7.568698" intensity="1.757899e-01" type="0"/>
    <Peak1D F1="7.562921" intensity="2.104111e-01" type="0"/>
    <Peak1D F1="7.555683" intensity="1.985619e-01" type="0"/>
    <Peak1D F1="7.550353" intensity="2.626397e-01" type="0"/>
    <Peak1D F1="7.543889" intensity="1.826809e-01" type="0"/>
    <Peak1D F1="7.538248" intensity="2.180408e-01" type="0"/>
    <Peak1D F1="7.531965" intensity="1.856744e-01" type="0"/>
    <Peak1D F1="7.529282" intensity="1.822356e-01" type="0"/>
    <Peak1D F1="7.519785" intensity="1.657115e-01" type="0"/>
    <Peak1D F1="7.508293" intensity="2.222405e-01" type="0"/>
    <Peak1D F1="7.505465" intensity="2.300401e-01" type="0"/>
    <Peak1D F1="7.494991" intensity="2.723804e-01" type="0"/>
    <Peak1D F1="7.492233" intensity="3.013113e-01" type="0"/>
    <Peak1D F1="7.468367" intensity="4.698670e+00" type="0"/>
    <Peak1D F1="7.455785" intensity="1.049344e+01" type="0"/>
    <Peak1D F1="7.443190" intensity="6.838596e+00" type="0"/>
    <Peak1D F1="7.423026" intensity="2.704863e-01" type="0"/>
    <Peak1D F1="7.410162" intensity="2.531451e-01" type="0"/>
    <Peak1D F1="7.400433" intensity="2.873628e-01" type="0"/>
    <Peak1D F1="7.383555" intensity="5.972966e-01" type="0"/>
    <Peak1D F1="7.370750" intensity="1.291350e+00" type="0"/>
    <Peak1D F1="7.348729" intensity="1.724183e+01" type="0"/>
    <Peak1D F1="7.336280" intensity="1.874704e+01" type="0"/>
    <Peak1D F1="7.325156" intensity="6.005793e+00" type="0"/>
    <Peak1D F1="7.306453" intensity="7.603944e-01" type="0"/>
    <Peak1D F1="7.284977" intensity="1.021826e+01" type="0"/>
    <Peak1D F1="7.280386" intensity="3.540949e+00" type="0"/>
    <Peak1D F1="7.270078" intensity="8.530179e+00" type="0"/>
    <Peak1D F1="7.267947" intensity="9.012753e+00" type="0"/>
    <Peak1D F1="7.258430" intensity="1.489550e+01" type="0"/>
    <Peak1D F1="7.249022" intensity="8.512745e+00" type="0"/>
    <Peak1D F1="7.246401" intensity="8.335754e+00" type="0"/>
    <Peak1D F1="7.233878" intensity="3.869537e+00" type="0"/>
    <Peak1D F1="7.213998" intensity="8.704022e-01" type="0"/>
    <Peak1D F1="7.195254" intensity="1.046183e+01" type="0"/>
    <Peak1D F1="7.182890" intensity="8.965601e+00" type="0"/>
    <Peak1D F1="7.166470" intensity="5.393423e-01" type="0"/>
    <Peak1D F1="7.141411" intensity="1.692199e-01" type="0"/>
    <Peak1D F1="7.127903" intensity="1.974811e-01" type="0"/>
    <Peak1D F1="7.114472" intensity="1.685745e-01" type="0"/>
    <Peak1D F1="7.108075" intensity="1.877756e-01" type="0"/>
    <Peak1D F1="7.098837" intensity="1.074508e-01" type="0"/>
    <Peak1D F1="7.065586" intensity="4.336221e-01" type="0"/>
    <Peak1D F1="7.053568" intensity="4.648712e-01" type="0"/>
    <Peak1D F1="7.037838" intensity="2.962051e-01" type="0"/>
    <Peak1D F1="7.014337" intensity="2.963545e-01" type="0"/>
    <Peak1D F1="6.958552" intensity="4.299531e-02" type="0"/>
    <Peak1D F1="6.890630" intensity="2.551972e-02" type="0"/>
    <Peak1D F1="6.879794" intensity="2.220293e-02" type="0"/>
    <Peak1D F1="6.846756" intensity="6.017007e-02" type="0"/>
    <Peak1D F1="6.834427" intensity="8.296433e-02" type="0"/>
    <Peak1D F1="6.821624" intensity="1.182631e-01" type="0"/>
    <Peak1D F1="6.767984" intensity="3.126916e-01" type="0"/>
    <Peak1D F1="6.744679" intensity="3.266632e-01" type="0"/>
    <Peak1D F1="6.735696" intensity="2.419880e-01" type="0"/>
    <Peak1D F1="6.718255" intensity="7.286062e+00" type="0"/>
    <Peak1D F1="6.715141" intensity="7.463432e+00" type="0"/>
    <Peak1D F1="6.703386" intensity="7.256455e+00" type="0"/>
    <Peak1D F1="6.579491" intensity="4.299347e-02" type="0"/>
    <Peak1D F1="6.567266" intensity="3.826077e-02" type="0"/>
    <Peak1D F1="6.387954" intensity="9.841549e-03" type="0"/>
    <Peak1D F1="6.011216" intensity="3.677150e-02" type="0"/>
    <Peak1D F1="5.738112" intensity="1.014282e-02" type="0"/>
    <Peak1D F1="5.312467" intensity="4.284815e-01" type="0"/>
    <Peak1D F1="5.208024" intensity="1.500000e+01" type="0"/>
    <Peak1D F1="5.098315" intensity="7.336273e-02" type="0"/>
    <Peak1D F1="4.855028" intensity="8.673101e-03" type="0"/>
    <Peak1D F1="4.840433" intensity="1.119038e-02" type="0"/>
    <Peak1D F1="4.828949" intensity="1.150424e-02" type="0"/>
    <Peak1D F1="4.795415" intensity="6.087192e-02" type="0"/>
    <Peak1D F1="4.786338" intensity="1.223924e-01" type="0"/>
    <Peak1D F1="4.780518" intensity="1.040201e-01" type="0"/>
    <Peak1D F1="4.775908" intensity="1.525248e-01" type="0"/>
    <Peak1D F1="4.768498" intensity="1.498428e-01" type="0"/>
    <Peak1D F1="4.756632" intensity="7.525831e-02" type="0"/>
    <Peak1D F1="4.745059" intensity="2.153879e-02" type="0"/>
    <Peak1D F1="4.733377" intensity="1.389881e-02" type="0"/>
    <Peak1D F1="4.690768" intensity="1.215756e-01" type="0"/>
    <Peak1D F1="4.394517" intensity="2.354881e-02" type="0"/>
    <Peak1D F1="4.379216" intensity="2.104636e-02" type="0"/>
    <Peak1D F1="4.304969" intensity="2.051035e+00" type="0"/>
    <Peak1D F1="4.294437" intensity="4.109637e+00" type="0"/>
    <Peak1D F1="4.286952" intensity="3.895191e+00" type="0"/>
    <Peak1D F1="4.283139" intensity="3.582857e+00" type="0"/>
    <Peak1D F1="4.276886" intensity="5.188032e+00" type="0"/>
    <Peak1D F1="4.265784" intensity="2.550569e+00" type="0"/>
    <Peak1D F1="4.203957" intensity="2.897418e-02" type="0"/>
    <Peak1D F1="4.171443" intensity="3.354542e-02" type="0"/>
    <Peak1D F1="4.161468" intensity="6.412562e-02" type="0"/>
    <Peak1D F1="4.150287" intensity="5.703725e-02" type="0"/>
    <Peak1D F1="4.137319" intensity="6.367443e-02" type="0"/>
    <Peak1D F1="4.126205" intensity="8.009566e-02" type="0"/>
    <Peak1D F1="4.113990" intensity="8.150189e-02" type="0"/>
    <Peak1D F1="4.096134" intensity="8.649218e-01" type="0"/>
    <Peak1D F1="4.052313" intensity="3.639176e-02" type="0"/>
    <Peak1D F1="4.040145" intensity="9.387620e-02" type="0"/>
    <Peak1D F1="4.027990" intensity="1.103406e-01" type="0"/>
    <Peak1D F1="4.016664" intensity="8.767309e-02" type="0"/>
    <Peak1D F1="4.004697" intensity="9.054590e-02" type="0"/>
    <Peak1D F1="3.990681" intensity="2.938263e-01" type="0"/>
    <Peak1D F1="3.979361" intensity="5.093923e-01" type="0"/>
    <Peak1D F1="3.968455" intensity="2.987794e-01" type="0"/>
    <Peak1D F1="3.920739" intensity="8.546094e-02" type="0"/>
    <Peak1D F1="3.872398" intensity="8.249068e-02" type="0"/>
    <Peak1D F1="3.861521" intensity="7.379231e-02" type="0"/>
    <Peak1D F1="3.848888" intensity="6.749444e-02" type="0"/>
    <Peak1D F1="3.843101" intensity="6.632022e-02" type="0"/>
    <Peak1D F1="3.828115" intensity="6.828532e-02" type="0"/>
    <Peak1D F1="3.782928" intensity="2.400494e+00" type="0"/>
    <Peak1D F1="3.771058" intensity="4.796020e+00" type="0"/>
    <Peak1D F1="3.764291" intensity="6.866527e+00" type="0"/>
    <Peak1D F1="3.753826" intensity="9.621325e+00" type="0"/>
    <Peak1D F1="3.743937" intensity="6.735920e+00" type="0"/>
    <Peak1D F1="3.732390" intensity="4.204247e+00" type="0"/>
    <Peak1D F1="3.722258" intensity="2.368027e+00" type="0"/>
    <Peak1D F1="3.700136" intensity="8.646345e-01" type="0"/>
    <Peak1D F1="3.688949" intensity="6.251891e-01" type="0"/>
    <Peak1D F1="3.681957" intensity="5.204411e-01" type="0"/>
    <Peak1D F1="3.670231" intensity="3.242113e-01" type="0"/>
    <Peak1D F1="3.626863" intensity="2.524468e+00" type="0"/>
    <Peak1D F1="3.618063" intensity="4.580352e+00" type="0"/>
    <Peak1D F1="3.607861" intensity="4.309985e+00" type="0"/>
    <Peak1D F1="3.595588" intensity="3.565601e+00" type="0"/>
    <Peak1D F1="3.582062" intensity="3.736157e+00" type="0"/>
    <Peak1D F1="3.566004" intensity="3.926559e+00" type="0"/>
    <Peak1D F1="3.558014" intensity="3.978495e+00" type="0"/>
    <Peak1D F1="3.532751" intensity="6.578115e-01" type="0"/>
    <Peak1D F1="3.516859" intensity="2.266853e-01" type="0"/>
    <Peak1D F1="3.506832" intensity="2.024584e-01" type="0"/>
    <Peak1D F1="3.497713" intensity="1.584284e-01" type="0"/>
    <Peak1D F1="3.474468" intensity="1.139899e-01" type="0"/>
    <Peak1D F1="3.463708" intensity="1.175501e-01" type="0"/>
    <Peak1D F1="3.421504" intensity="1.314930e+00" type="0"/>
    <Peak1D F1="3.417215" intensity="1.392580e+00" type="0"/>
    <Peak1D F1="3.412255" intensity="1.486222e+00" type="0"/>
    <Peak1D F1="3.395279" intensity="3.514991e+00" type="0"/>
    <Peak1D F1="3.387319" intensity="3.685337e+00" type="0"/>
    <Peak1D F1="3.375079" intensity="1.029785e+01" type="0"/>
    <Peak1D F1="3.353312" intensity="4.409131e+00" type="0"/>
    <Peak1D F1="3.346018" intensity="3.371896e+00" type="0"/>
    <Peak1D F1="3.331509" intensity="1.555934e+00" type="0"/>
    <Peak1D F1="3.323515" intensity="1.588280e+00" type="0"/>
    <Peak1D F1="3.286212" intensity="1.091895e-01" type="0"/>
    <Peak1D F1="3.272346" intensity="1.121913e-01" type="0"/>
    <Peak1D F1="3.262167" intensity="1.220232e-01" type="0"/>
    <Peak1D F1="3.251195" intensity="9.297121e-02" type="0"/>
    <Peak1D F1="3.219097" intensity="8.363030e-02" type="0"/>
    <Peak1D F1="3.207208" intensity="9.833582e-02" type="0"/>
    <Peak1D F1="3.196645" intensity="1.397268e-01" type="0"/>
    <Peak1D F1="3.184070" intensity="1.303473e-01" type="0"/>
    <Peak1D F1="3.154313" intensity="5.542956e-02" type="0"/>
    <Peak1D F1="3.128400" intensity="6.608166e-02" type="0"/>
    <Peak1D F1="3.096241" intensity="1.010599e-01" type="0"/>
    <Peak1D F1="3.084531" intensity="1.645256e-01" type="0"/>
    <Peak1D F1="3.072443" intensity="1.675514e-01" type="0"/>
    <Peak1D F1="3.066593" intensity="1.402579e-01" type="0"/>
    <Peak1D F1="3.057894" intensity="1.726271e-01" type="0"/>
    <Peak1D F1="3.040982" intensity="8.472730e-01" type="0"/>
    <Peak1D F1="3.022681" intensity="7.154643e+00" type="0"/>
    <Peak1D F1="2.995949" intensity="3.980801e+00" type="0"/>
    <Peak1D F1="2.915026" intensity="7.208532e-02" type="0"/>
    <Peak1D F1="2.888072" intensity="6.613584e-02" type="0"/>
    <Peak1D F1="2.839782" intensity="2.788738e-02" type="0"/>
    <Peak1D F1="2.825920" intensity="2.470607e-02" type="0"/>
    <Peak1D F1="2.768214" intensity="2.281790e-02" type="0"/>
    <Peak1D F1="2.705852" intensity="1.688509e-02" type="0"/>
    <Peak1D F1="2.695466" intensity="2.261261e-02" type="0"/>
    <Peak1D F1="2.679460" intensity="2.109037e-02" type="0"/>
    <Peak1D F1="2.667466" intensity="2.026478e-02" type="0"/>
    <Peak1D F1="2.602073" intensity="1.390937e-02" type="0"/>
    <Peak1D F1="2.534053" intensity="1.097020e-02" type="0"/>
    <Peak1D F1="2.478987" intensity="8.645780e-03" type="0"/>
    <Peak1D F1="2.364417" intensity="1.837106e-02" type="0"/>
    <Peak1D F1="2.348462" intensity="1.008797e-02" type="0"/>
    <Peak1D F1="2.315480" intensity="2.229828e-02" type="0"/>
    <Peak1D F1="2.302606" intensity="2.535498e-02" type="0"/>
    <Peak1D F1="2.284846" intensity="4.953879e-02" type="0"/>
    <Peak1D F1="2.271530" intensity="3.397927e-02" type="0"/>
    <Peak1D F1="2.260381" intensity="5.175300e-02" type="0"/>
    <Peak1D F1="2.249297" intensity="7.169998e-02" type="0"/>
    <Peak1D F1="2.237982" intensity="8.309544e-02" type="0"/>
    <Peak1D F1="2.223460" intensity="9.675347e-02" type="0"/>
    <Peak1D F1="2.211274" intensity="1.229510e-01" type="0"/>
    <Peak1D F1="2.180625" intensity="7.314169e+00" type="0"/>
    <Peak1D F1="2.172274" intensity="1.998424e+00" type="0"/>
    <Peak1D F1="2.160217" intensity="4.196435e+00" type="0"/>
    <Peak1D F1="2.148737" intensity="5.703334e+00" type="0"/>
    <Peak1D F1="2.137064" intensity="9.215138e+00" type="0"/>
    <Peak1D F1="2.126230" intensity="9.623847e+00" type="0"/>
    <Peak1D F1="2.113701" intensity="7.635643e+00" type="0"/>
    <Peak1D F1="2.103094" intensity="8.010557e+00" type="0"/>
    <Peak1D F1="2.091352" intensity="6.965229e+00" type="0"/>
    <Peak1D F1="2.079102" intensity="5.501325e+00" type="0"/>
    <Peak1D F1="2.066707" intensity="3.727349e+00" type="0"/>
    <Peak1D F1="2.055085" intensity="1.840299e+00" type="0"/>
    <Peak1D F1="2.025749" intensity="3.108694e-01" type="0"/>
    <Peak1D F1="2.012551" intensity="3.007860e-01" type="0"/>
    <Peak1D F1="2.004739" intensity="2.852269e-01" type="0"/>
    <Peak1D F1="1.986308" intensity="2.598857e-01" type="0"/>
    <Peak1D F1="1.974079" intensity="2.580165e-01" type="0"/>
    <Peak1D F1="1.962447" intensity="2.524850e-01" type="0"/>
    <Peak1D F1="1.952033" intensity="2.409753e-01" type="0"/>
    <Peak1D F1="1.941883" intensity="2.427022e-01" type="0"/>
    <Peak1D F1="1.921199" intensity="2.822215e-01" type="0"/>
    <Peak1D F1="1.912765" intensity="2.746564e-01" type="0"/>
    <Peak1D F1="1.893985" intensity="3.006940e-01" type="0"/>
    <Peak1D F1="1.886810" intensity="3.781903e-01" type="0"/>
    <Peak1D F1="1.875291" intensity="1.153981e+00" type="0"/>
    <Peak1D F1="1.869971" intensity="1.375049e+00" type="0"/>
    <Peak1D F1="1.864575" intensity="2.611364e+00" type="0"/>
    <Peak1D F1="1.859200" intensity="1.386922e+00" type="0"/>
    <Peak1D F1="1.853917" intensity="1.134912e+00" type="0"/>
    <Peak1D F1="1.842273" intensity="3.444331e-01" type="0"/>
    <Peak1D F1="1.835650" intensity="2.774520e-01" type="0"/>
    <Peak1D F1="1.800123" intensity="2.187315e-01" type="0"/>
    <Peak1D F1="1.780859" intensity="4.060400e-01" type="0"/>
    <Peak1D F1="1.776666" intensity="4.181743e-01" type="0"/>
    <Peak1D F1="1.731078" intensity="1.837037e-01" type="0"/>
    <Peak1D F1="1.724989" intensity="1.899319e-01" type="0"/>
    <Peak1D F1="1.720033" intensity="2.860098e-01" type="0"/>
    <Peak1D F1="1.709309" intensity="1.603045e-01" type="0"/>
    <Peak1D F1="1.593717" intensity="8.243632e-02" type="0"/>
    <Peak1D F1="1.539252" intensity="5.380095e-02" type="0"/>
    <Peak1D F1="1.528575" intensity="5.399728e-02" type="0"/>
    <Peak1D F1="1.515807" intensity="5.406909e-02" type="0"/>
    <Peak1D F1="1.460273" intensity="4.973711e-02" type="0"/>
    <Peak1D F1="1.446364" intensity="2.171898e-01" type="0"/>
    <Peak1D F1="1.434126" intensity="4.134356e-01" type="0"/>
    <Peak1D F1="1.421842" intensity="2.174675e-01" type="0"/>
    <Peak1D F1="1.392780" intensity="1.009608e-01" type="0"/>
    <Peak1D F1="1.347222" intensity="1.670104e-01" type="0"/>
    <Peak1D F1="1.310831" intensity="2.245369e-01" type="0"/>
    <Peak1D F1="1.297506" intensity="3.713262e-01" type="0"/>
    <Peak1D F1="1.292496" intensity="3.325614e-01" type="0"/>
    <Peak1D F1="1.269119" intensity="1.277306e+00" type="0"/>
    <Peak1D F1="1.230614" intensity="1.250731e-01" type="0"/>
    <Peak1D F1="1.219223" intensity="1.122310e-01" type="0"/>
    <Peak1D F1="1.207635" intensity="8.381530e-02" type="0"/>
    <Peak1D F1="1.146765" intensity="4.750999e-02" type="0"/>
    <Peak1D F1="1.124251" intensity="9.018792e-02" type="0"/>
    <Peak1D F1="1.113481" intensity="5.652724e-02" type="0"/>
    <Peak1D F1="1.095088" intensity="4.927428e-02" type="0"/>
    <Peak1D F1="1.023074" intensity="3.740363e-02" type="0"/>
    <Peak1D F1="1.008353" intensity="3.469211e-02" type="0"/>
    <Peak1D F1="0.995602" intensity="3.196081e-02" type="0"/>
    <Peak1D F1="0.982942" intensity="5.927738e-02" type="0"/>
    <Peak1D F1="0.971914" intensity="6.126346e-02" type="0"/>
    <Peak1D F1="0.962159" intensity="3.697396e-02" type="0"/>
    <Peak1D F1="0.954897" intensity="3.685537e-02" type="0"/>
    <Peak1D F1="0.942235" intensity="4.404012e-02" type="0"/>
    <Peak1D F1="0.930052" intensity="4.034338e-02" type="0"/>
    <Peak1D F1="0.906096" intensity="2.586304e-01" type="0"/>
    <Peak1D F1="0.894835" intensity="5.073827e-01" type="0"/>
    <Peak1D F1="0.882868" intensity="3.460306e-01" type="0"/>
    <Peak1D F1="0.868298" intensity="2.347888e-01" type="0"/>
    <Peak1D F1="0.856140" intensity="2.680264e-01" type="0"/>
    <Peak1D F1="0.848796" intensity="2.298776e-01" type="0"/>
    <Peak1D F1="0.813306" intensity="8.024932e-02" type="0"/>
    <Peak1D F1="0.805592" intensity="6.200663e-02" type="0"/>
    <Peak1D F1="0.663398" intensity="6.983518e-03" type="0"/>
    <Peak1D F1="0.158401" intensity="2.111322e-02" type="0"/>
    <Peak1D F1="0.086043" intensity="1.443480e-01" type="0"/>
    <Peak1D F1="0.012639" intensity="2.897660e-02" type="0"/>
  </PeakList1D>
</PeakList>
