<?xml version="1.0" encoding="UTF-8"?>
<PeakList>
  <PeakList1D>
    <PeakList1DHeader creator="JRomeo" date="2019-09-30T12:12:07" expNo="4" name="2JR69" owner="" procNo="1" source="C:\Bruker\TOPSPIN">
      <PeakPickDetails>F1=11.123ppm, F2=10.629ppm, MI=0.05cm, MAXI=0.13cm, PC=1.000
      </PeakPickDetails>
    </PeakList1DHeader>
    <Peak1D F1="10.8697" intensity="0.07" type="0"/>
  </PeakList1D>
  <PeakList1D>
    <PeakList1DHeader creator="JRomeo" date="2019-09-30T12:12:07" expNo="4" name="2JR69" owner="" procNo="1" source="C:\Bruker\TOPSPIN">
      <PeakPickDetails>F1=6.988ppm, F2=6.672ppm, MI=0.22cm, MAXI=2.09cm, PC=1.000
      </PeakPickDetails>
    </PeakList1DHeader>
    <Peak1D F1="6.8688" intensity="0.45" type="0"/>
    <Peak1D F1="6.8375" intensity="1.11" type="0"/>
    <Peak1D F1="6.7989" intensity="1.0" type="0"/>
    <Peak1D F1="6.7676" intensity="0.41" type="0"/>
  </PeakList1D>
  <PeakList1D>
    <PeakList1DHeader creator="JRomeo" date="2019-09-30T12:12:07" expNo="4" name="2JR69" owner="" procNo="1" source="C:\Bruker\TOPSPIN">
      <PeakPickDetails>F1=1.578ppm, F2=0.925ppm, MI=0.35cm, MAXI=15.48cm, PC=1.000
      </PeakPickDetails>
    </PeakList1DHeader>
    <Peak1D F1="1.2811" intensity="15.0" type="0"/>
    <Peak1D F1="1.0415" intensity="0.66" type="0"/>
    <Peak1D F1="1.0265" intensity="0.52" type="0"/>
  </PeakList1D>
</PeakList>
