{"IFD.version":"0.1.0-beta+2025.07.24",
"FAIRSpec.extractor.version":"0.1.0-beta+2025.07.24",
"FAIRSpec.extractor.code":"https://github.com/IUPAC/IUPAC-FAIRSpec/blob/main/src/main/java/com/integratedgraphics/extractor/IFDExtractor.java",
"FAIRSpec.extractor.creation_date":"17 Aug 2025 02:44:50 GMT",
"FAIRSpec.extractor.script":"IFD-extract.json",
"FAIRSpec.extractor.sources":
["file:///c:/temp/iupac/acs/zip/22111341.zip",
"file:/C:/Users/hanso/git/IUPAC-FAIRSpec/./extract/acs.orglett.0c00967/structures/"
],
"FAIRSpec.extractor.list_type":"manifest",
"FAIRSpec.extractor.list_fileCount":224,
"FAIRSpec.extractor.list_byteCount":29497645,
"FAIRSpec.extractor.list":
[
"22111341/1d_1d-13C.jdf",
"22111341/1d_1d-1H.zip",
"22111341/1d_1d-1H_pdata_1_thumb.png",
"22111341/1e_1e-13C.zip",
"22111341/1e_1e-13C_pdata_1_thumb.png",
"22111341/1e_1e-1H.zip",
"22111341/1e_1e-1H_pdata_1_thumb.png",
"22111341/1g_1g-13C.jdf",
"22111341/1g_1g-1H.zip",
"22111341/1g_1g-1H_pdata_1_thumb.png",
"22111341/1h_1h-13C.jdf",
"22111341/1h_1h-1H.zip",
"22111341/1h_1h-1H_pdata_1_thumb.png",
"22111341/2a_2a-13C.zip",
"22111341/2a_2a-13C_4_pdata_1_thumb.png",
"22111341/2a_2a-1H.zip",
"22111341/2a_2a-1H_4_pdata_1_thumb.png",
"22111341/2b_2b-13C.zip",
"22111341/2b_2b-13C_pdata_1_thumb.png",
"22111341/2b_2b-1H.zip",
"22111341/2b_2b-1H_pdata_1_thumb.png",
"22111341/2c_2c-13C.zip",
"22111341/2c_2c-13C_1_pdata_1_thumb.png",
"22111341/2c_2c-1H.zip",
"22111341/2c_2c-1H_4_pdata_1_thumb.png",
"22111341/2d_2d-13C.zip",
"22111341/2d_2d-13C_1_pdata_1_thumb.png",
"22111341/2d_2d-1H.zip",
"22111341/2d_2d-1H_6_pdata_1_thumb.png",
"22111341/2e_2e-13C.zip",
"22111341/2e_2e-13C_2_pdata_1_thumb.png",
"22111341/2e_2e-1H.zip",
"22111341/2e_2e-1H_13_pdata_1_thumb.png",
"22111341/2f_2f-13C.zip",
"22111341/2f_2f-13C_1_pdata_1_thumb.png",
"22111341/2f_2f-1H.zip",
"22111341/2f_2f-1H_3_pdata_1_thumb.png",
"22111341/2g_2g-13C.zip",
"22111341/2g_2g-13C_1_pdata_1_thumb.png",
"22111341/2g_2g-1H.zip",
"22111341/2g_2g-1H_1_pdata_1_thumb.png",
"22111341/2h_2H-13C.zip",
"22111341/2h_2H-13C_pdata_1_thumb.png",
"22111341/2h_2h-1H.zip",
"22111341/2h_2h-1H_pdata_1_thumb.png",
"22111341/2i_2i-13C.zip",
"22111341/2i_2i-13C_5_pdata_1_thumb.png",
"22111341/2i_2i-1H.zip",
"22111341/2i_2i-1H_7_pdata_1_thumb.png",
"22111341/2j_2j-13C.zip",
"22111341/2j_2j-13C_pdata_1_thumb.png",
"22111341/2j_2j-1H.zip",
"22111341/2j_2j-1H_pdata_1_thumb.png",
"22111341/2k_2k-13C.zip",
"22111341/2k_2k-13C_pdata_1_thumb.png",
"22111341/2k_2k-1H.zip",
"22111341/2k_2k-1H_pdata_1_thumb.png",
"22111341/2l_2l-13C.zip",
"22111341/2l_2l-13C_1_pdata_1_thumb.png",
"22111341/2l_2l-1H.zip",
"22111341/2l_2l-1H_2_pdata_1_thumb.png",
"22111341/2m_2m-13C.zip",
"22111341/2m_2m-13C_pdata_1_thumb.png",
"22111341/2m_2m-1H.zip",
"22111341/2m_2m-1H_pdata_1_thumb.png",
"22111341/2n_2n-13C.zip",
"22111341/2n_2n-13C_pdata_1_thumb.png",
"22111341/2n_2n-1H.zip",
"22111341/2n_2n-1H_pdata_1_thumb.png",
"22111341/2o_2o-13c.zip",
"22111341/2o_2o-13c_7_pdata_1_thumb.png",
"22111341/2o_2o-1H.zip",
"22111341/2o_2o-1H_8_pdata_1_thumb.png",
"22111341/2p_2p-13C.zip",
"22111341/2p_2p-13C_3_pdata_1_thumb.png",
"22111341/2p_2p-1H.zip",
"22111341/2p_2p-1H_9_pdata_1_thumb.png",
"22111341/4f_4f-13C.zip",
"22111341/4f_4f-13C_pdata_1_thumb.png",
"22111341/4f_4f-1H.zip",
"22111341/4f_4f-1H_pdata_1_thumb.png",
"22111341/5a_5a-13C.zip",
"22111341/5a_5a-13C_pdata_1_thumb.png",
"22111341/5a_5a-1H.zip",
"22111341/5a_5a-1H_pdata_1_thumb.png",
"22111341/5b_5b-13C.zip",
"22111341/5b_5b-13C_pdata_1_thumb.png",
"22111341/5b_5b-1H.zip",
"22111341/5b_5b-1H_pdata_1_thumb.png",
"22111341/5c_5c-13C.zip",
"22111341/5c_5c-13C_pdata_1_thumb.png",
"22111341/5c_5c-1H.zip",
"22111341/5c_5c-1H_pdata_1_thumb.png",
"22111341/5d_5d-13C.zip",
"22111341/5d_5d-13C_pdata_1_thumb.png",
"22111341/5d_5d-1H.zip",
"22111341/5d_5d-1H_pdata_1_thumb.png",
"22111341/5e_5e-13C.zip",
"22111341/5e_5e-13C_4_pdata_1_thumb.png",
"22111341/5e_5e-1H.zip",
"22111341/5e_5e-1H_3_pdata_1_thumb.png",
"22111341/5f_5f-13C.zip",
"22111341/5f_5f-13C_pdata_1_thumb.png",
"22111341/5f_5f-1H.zip",
"22111341/5f_5f-1H_pdata_1_thumb.png",
"22111341/5g_5g-13C.zip",
"22111341/5g_5g-13C_3_pdata_1_thumb.png",
"22111341/5g_5g-1H.zip",
"22111341/5g_5g-1H_12_pdata_1_thumb.png",
"22111341/5h_5h-13C.zip",
"22111341/5h_5h-13C_pdata_1_thumb.png",
"22111341/5h_5h-1H.zip",
"22111341/5h_5h-1H_pdata_1_thumb.png",
"22111341/5i_5i-13C.zip",
"22111341/5i_5i-13C_3_pdata_1_thumb.png",
"22111341/5i_5i-1H.zip",
"22111341/5i_5i-1H_3_pdata_1_thumb.png",
"22111341/5j_5J-13C.jdf",
"22111341/5j_5j-1H.zip",
"22111341/5j_5j-1H_2_pdata_1_thumb.png",
"22111341/5k_5k-13C.zip",
"22111341/5k_5k-13C_1_pdata_1_thumb.png",
"22111341/5k_5k-1H.zip",
"22111341/5k_5k-1H_6_pdata_1_thumb.png",
"22111341/7d_7d-13C.zip",
"22111341/7d_7d-13C_pdata_1_thumb.png",
"22111341/7d_7d-1H.zip",
"22111341/7d_7d-1H_pdata_1_thumb.png"
,"structures/1d.cdxml",
"structures/1d.cdxml.mol",
"structures/1d.cdxml.png",
"structures/1e.cdxml",
"structures/1e.cdxml.mol",
"structures/1e.cdxml.png",
"structures/1g.cdxml",
"structures/1g.cdxml.mol",
"structures/1g.cdxml.png",
"structures/1h.cdxml",
"structures/1h.cdxml.mol",
"structures/1h.cdxml.png",
"structures/2H.cdxml",
"structures/2H.cdxml.mol",
"structures/2H.cdxml.png",
"structures/2a.cdxml",
"structures/2a.cdxml.mol",
"structures/2a.cdxml.png",
"structures/2b.cdxml",
"structures/2b.cdxml.mol",
"structures/2b.cdxml.png",
"structures/2c.cdxml",
"structures/2c.cdxml.mol",
"structures/2c.cdxml.png",
"structures/2d.cdxml",
"structures/2d.cdxml.mol",
"structures/2d.cdxml.png",
"structures/2e.cdxml",
"structures/2e.cdxml.mol",
"structures/2e.cdxml.png",
"structures/2f.cdxml",
"structures/2f.cdxml.mol",
"structures/2f.cdxml.png",
"structures/2g.cdxml",
"structures/2g.cdxml.mol",
"structures/2g.cdxml.png",
"structures/2i.cdxml",
"structures/2i.cdxml.mol",
"structures/2i.cdxml.png",
"structures/2j.cdxml",
"structures/2j.cdxml.mol",
"structures/2j.cdxml.png",
"structures/2k.cdxml",
"structures/2k.cdxml.mol",
"structures/2k.cdxml.png",
"structures/2l.cdxml",
"structures/2l.cdxml.mol",
"structures/2l.cdxml.png",
"structures/2m.cdxml",
"structures/2m.cdxml.mol",
"structures/2m.cdxml.png",
"structures/2n.cdxml",
"structures/2n.cdxml.mol",
"structures/2n.cdxml.png",
"structures/2o.cdxml",
"structures/2o.cdxml.mol",
"structures/2o.cdxml.png",
"structures/4f.cdxml",
"structures/4f.cdxml.mol",
"structures/4f.cdxml.png",
"structures/5a.cdxml",
"structures/5a.cdxml.mol",
"structures/5a.cdxml.png",
"structures/5b.cdxml",
"structures/5b.cdxml.mol",
"structures/5b.cdxml.png",
"structures/5c.cdxml",
"structures/5c.cdxml.mol",
"structures/5c.cdxml.png",
"structures/5d.cdxml",
"structures/5d.cdxml.mol",
"structures/5d.cdxml.png",
"structures/5e.cdxml",
"structures/5e.cdxml.mol",
"structures/5e.cdxml.png",
"structures/5f.cdxml",
"structures/5f.cdxml.mol",
"structures/5f.cdxml.png",
"structures/5g.cdxml",
"structures/5g.cdxml.mol",
"structures/5g.cdxml.png",
"structures/5h.cdxml",
"structures/5h.cdxml.mol",
"structures/5h.cdxml.png",
"structures/5i.cdxml",
"structures/5i.cdxml.mol",
"structures/5i.cdxml.png",
"structures/5j.cdxml",
"structures/5j.cdxml.mol",
"structures/5j.cdxml.png",
"structures/5k.cdxml",
"structures/5k.cdxml.mol",
"structures/5k.cdxml.png",
"structures/7d.cdxml",
"structures/7d.cdxml.mol",
"structures/7d.cdxml.png"
]
}
