<?xml version="1.0" encoding="UTF-8"?>
<PeakList>
  <PeakList1D>
    <PeakList1DHeader creator="JRomeo" date="2020-01-06T11:08:52" expNo="1" name="2JR89_p" owner="" procNo="1" source="C:\Bruker\TOPSPIN">
      <PeakPickDetails>F1=7.216ppm, F2=6.644ppm, MI=0.58cm, MAXI=2.72cm, PC=1.000
      </PeakPickDetails>
    </PeakList1DHeader>
    <Peak1D F1="6.9999" intensity="1.46" type="0"/>
    <Peak1D F1="6.9955" intensity="0.81" type="0"/>
    <Peak1D F1="6.9819" intensity="1.55" type="0"/>
    <Peak1D F1="6.8272" intensity="1.74" type="0"/>
    <Peak1D F1="6.8093" intensity="1.25" type="0"/>
  </PeakList1D>
  <PeakList1D>
    <PeakList1DHeader creator="JRomeo" date="2020-01-06T11:08:52" expNo="1" name="2JR89_p" owner="" procNo="1" source="C:\Bruker\TOPSPIN">
      <PeakPickDetails>F1=6.014ppm, F2=4.644ppm, MI=0.36cm, MAXI=2.07cm, PC=1.000
      </PeakPickDetails>
    </PeakList1DHeader>
    <Peak1D F1="5.5582" intensity="0.97" type="0"/>
    <Peak1D F1="4.9868" intensity="0.94" type="0"/>
  </PeakList1D>
  <PeakList1D>
    <PeakList1DHeader creator="JRomeo" date="2020-01-06T11:08:52" expNo="1" name="2JR89_p" owner="" procNo="1" source="C:\Bruker\TOPSPIN">
      <PeakPickDetails>F1=4.398ppm, F2=3.239ppm, MI=0.22cm, MAXI=6.45cm, PC=1.000
      </PeakPickDetails>
    </PeakList1DHeader>
    <Peak1D F1="4.3623" intensity="0.56" type="0"/>
    <Peak1D F1="4.3497" intensity="0.52" type="0"/>
    <Peak1D F1="4.1727" intensity="0.33" type="0"/>
    <Peak1D F1="4.1662" intensity="0.39" type="0"/>
    <Peak1D F1="4.1619" intensity="0.41" type="0"/>
    <Peak1D F1="4.1554" intensity="0.43" type="0"/>
    <Peak1D F1="4.1447" intensity="0.38" type="0"/>
    <Peak1D F1="3.9559" intensity="0.61" type="0"/>
    <Peak1D F1="3.9432" intensity="0.58" type="0"/>
    <Peak1D F1="3.9306" intensity="0.22" type="0"/>
    <Peak1D F1="3.9007" intensity="1.05" type="0"/>
    <Peak1D F1="3.8093" intensity="0.47" type="0"/>
    <Peak1D F1="3.8006" intensity="0.42" type="0"/>
    <Peak1D F1="3.7713" intensity="5.6" type="0"/>
    <Peak1D F1="3.5392" intensity="0.99" type="0"/>
    <Peak1D F1="3.4781" intensity="5.18" type="0"/>
  </PeakList1D>
  <PeakList1D>
    <PeakList1DHeader creator="JRomeo" date="2020-01-06T11:08:52" expNo="1" name="2JR89_p" owner="" procNo="1" source="C:\Bruker\TOPSPIN">
      <PeakPickDetails>F1=2.507ppm, F2=1.797ppm, MI=0.13cm, MAXI=1.59cm, PC=1.000
      </PeakPickDetails>
    </PeakList1DHeader>
    <Peak1D F1="2.3497" intensity="1.2" type="0"/>
    <Peak1D F1="2.1204" intensity="0.21" type="0"/>
    <Peak1D F1="2.1135" intensity="0.19" type="0"/>
    <Peak1D F1="2.0957" intensity="0.51" type="0"/>
    <Peak1D F1="2.0892" intensity="0.42" type="0"/>
    <Peak1D F1="2.0712" intensity="0.37" type="0"/>
    <Peak1D F1="2.0647" intensity="0.29" type="0"/>
    <Peak1D F1="2.029" intensity="0.56" type="0"/>
    <Peak1D F1="2.0215" intensity="0.51" type="0"/>
    <Peak1D F1="2.0043" intensity="0.34" type="0"/>
    <Peak1D F1="1.997" intensity="0.26" type="0"/>
    <Peak1D F1="1.9547" intensity="0.18" type="0"/>
    <Peak1D F1="1.9474" intensity="0.17" type="0"/>
    <Peak1D F1="1.9292" intensity="0.48" type="0"/>
    <Peak1D F1="1.9065" intensity="0.56" type="0"/>
    <Peak1D F1="1.899" intensity="0.71" type="0"/>
    <Peak1D F1="1.8853" intensity="0.57" type="0"/>
    <Peak1D F1="1.8708" intensity="0.26" type="0"/>
    <Peak1D F1="1.8602" intensity="0.18" type="0"/>
  </PeakList1D>
  <PeakList1D>
    <PeakList1DHeader creator="JRomeo" date="2020-01-06T11:08:52" expNo="1" name="2JR89_p" owner="" procNo="1" source="C:\Bruker\TOPSPIN">
      <PeakPickDetails>F1=1.485ppm, F2=1.065ppm, MI=1.52cm, MAXI=3.09cm, PC=1.000
      </PeakPickDetails>
    </PeakList1DHeader>
    <Peak1D F1="1.3084" intensity="2.68" type="0"/>
    <Peak1D F1="1.2954" intensity="2.38" type="0"/>
    <Peak1D F1="1.1947" intensity="2.44" type="0"/>
    <Peak1D F1="1.1818" intensity="2.15" type="0"/>
  </PeakList1D>
  <PeakList1D>
    <PeakList1DHeader creator="JRomeo" date="2020-01-06T11:08:52" expNo="1" name="2JR89_p" owner="" procNo="1" source="C:\Bruker\TOPSPIN">
      <PeakPickDetails>F1=0.978ppm, F2=0.065ppm, MI=3.78cm, MAXI=16.20cm, PC=1.000
      </PeakPickDetails>
    </PeakList1DHeader>
    <Peak1D F1="0.8987" intensity="15.0" type="0"/>
    <Peak1D F1="0.0986" intensity="10.58" type="0"/>
  </PeakList1D>
</PeakList>
