{"IFD.version":"0.1.0-beta+2025.07.24",
"FAIRSpec.extractor.version":"0.1.0-beta+2025.07.24",
"FAIRSpec.extractor.code":"https://github.com/IUPAC/IUPAC-FAIRSpec/blob/main/src/main/java/com/integratedgraphics/extractor/IFDExtractor.java",
"FAIRSpec.extractor.creation_date":"20 Aug 2025 03:18:25 GMT",
"FAIRSpec.extractor.script":"IFD-extract.json",
"FAIRSpec.extractor.sources":
["file:/c:/temp/iupac/stolaf/"
],
"FAIRSpec.extractor.list_type":"manifest",
"FAIRSpec.extractor.list_fileCount":312,
"FAIRSpec.extractor.list_byteCount":69307131,
"FAIRSpec.extractor.list":
[
"stolaf/Jun15-20231/1203110/",
"stolaf/Jun15-20231/1203310/",
"stolaf/Jun15-20231_1203110.zip",
"stolaf/Jun15-20231_1203110_pdata_1_email_Jun15-2023_1203110_1.pdf",
"stolaf/Jun15-20231_1203110_pdata_1_thumb.png",
"stolaf/Jun15-20231_1203310.zip",
"stolaf/Jun15-20231_1203310_pdata_1_email_Jun15-2023_1203310_1.pdf",
"stolaf/Jun15-20231_1203310_pdata_1_thumb.png",
"stolaf/Jun15-20232.zip",
"stolaf/Jun15-20232/1203510/",
"stolaf/Jun15-20232_1203510_pdata_1_email_Jun15-2023_1203510_1.pdf",
"stolaf/Jun15-20232_1203510_pdata_1_spectrum_-0.051_9.989.pdf",
"stolaf/Jun15-20232_1203510_pdata_1_spectrum_-3.837_16.187.pdf",
"stolaf/Jun15-20232_1203510_pdata_1_spectrum_0_12.pdf",
"stolaf/Jun15-20232_1203510_pdata_1_thumb.png",
"stolaf/Jun15-20232_1203510_structure.mol",
"stolaf/Jun15-20232_1203510_structure.mol.png",
"stolaf/Jun15-20233.zip",
"stolaf/Jun15-20233/1203410/",
"stolaf/Jun15-20233_1203410_pdata_1_email_Jun15-2023_1203410_1.pdf",
"stolaf/Jun15-20233_1203410_pdata_1_thumb.png",
"stolaf/Jun15-20233_1203410_structure.mol",
"stolaf/Jun15-20233_1203410_structure.mol.png",
"stolaf/Jun15-20234/1203610/",
"stolaf/Jun15-20234/1203710/",
"stolaf/Jun15-20234_1203610.zip",
"stolaf/Jun15-20234_1203610_pdata_1_email_Jun15-2023_1203610_1.pdf",
"stolaf/Jun15-20234_1203610_pdata_1_spectrum_-0.028_9.995.pdf",
"stolaf/Jun15-20234_1203610_pdata_1_spectrum_0_12.pdf",
"stolaf/Jun15-20234_1203610_pdata_1_thumb.png",
"stolaf/Jun15-20234_1203710.zip",
"stolaf/Jun15-20234_1203710_pdata_1_email_Jun15-2023_1203710_1.pdf",
"stolaf/Jun15-20234_1203710_pdata_1_spectrum_0_220.pdf",
"stolaf/Jun15-20234_1203710_pdata_1_thumb.png",
"stolaf/Jun15-20236/1203010/",
"stolaf/Jun15-20236/1203210/",
"stolaf/Jun15-20236_1203010.zip",
"stolaf/Jun15-20236_1203210.zip",
"stolaf/Jun15-20236_1203210_pdata_1_email_Jun15-2023_1203210_1.pdf",
"stolaf/Jun15-20236_1203210_pdata_1_spectrum_6.074_8.681.pdf",
"stolaf/Jun15-20236_1203210_pdata_1_thumb.png",
"stolaf/Jun20-20231.zip",
"stolaf/Jun20-20231/1210610/",
"stolaf/Jun20-20231_1210610_pdata_1_email_Jun20-2023_1210610_1.pdf",
"stolaf/Jun20-20231_1210610_pdata_1_thumb.png",
"stolaf/Jun20-20231_1210610_structure.mol",
"stolaf/Jun20-20231_1210610_structure.mol.png",
"stolaf/Jun20-20232.zip",
"stolaf/Jun20-20232/1210710/",
"stolaf/Jun20-20232_1210710_pdata_1_email_Jun20-2023_1210710_1.pdf",
"stolaf/Jun20-20232_1210710_pdata_1_thumb.png",
"stolaf/Jun20-20233.zip",
"stolaf/Jun20-20233/1210510/",
"stolaf/Jun20-20233_1210510_pdata_1_email_Jun20-2023_1210510_1.pdf",
"stolaf/Jun20-20233_1210510_pdata_1_thumb.png",
"stolaf/Jun20-20236.zip",
"stolaf/Jun20-20236/1210410/",
"stolaf/Jun20-20236_1210410_pdata_1_email_Jun20-2023_1210410_1.pdf",
"stolaf/Jun20-20236_1210410_pdata_1_thumb.png",
"stolaf/Jun27-20235/1226610/",
"stolaf/Jun27-20235/1226810/",
"stolaf/Jun27-20235_1226610.zip",
"stolaf/Jun27-20235_1226610_pdata_1_email_Jun27-2023_1226610_1.pdf",
"stolaf/Jun27-20235_1226610_pdata_1_spectrum_-3.837_16.187.pdf",
"stolaf/Jun27-20235_1226610_pdata_1_thumb.png",
"stolaf/Jun27-20235_1226610_structure.mol",
"stolaf/Jun27-20235_1226610_structure.mol.png",
"stolaf/Jun27-20235_1226810.zip",
"stolaf/Jun27-20235_1226810_pdata_1_email_Jun27-2023_1226810_1.pdf",
"stolaf/Jun27-20235_1226810_pdata_1_thumb.png",
"stolaf/Jun27-20235_1226810_structure.mol",
"stolaf/Jun27-20235_1226810_structure.mol.png",
"stolaf/chem-synthesis-summer-a-team1/nmr/",
"stolaf/chem-synthesis-summer-a-team1/nmr/Aug03-2023/1295510/",
"stolaf/chem-synthesis-summer-a-team1/nmr/Aug03-2023/1295610/",
"stolaf/chem-synthesis-summer-a-team1/nmr/Aug03-2023/1295810/",
"stolaf/chem-synthesis-summer-a-team1/nmr/Aug03-2023/1295910/",
"stolaf/chem-synthesis-summer-a-team1/nmr/Jul20-2023/1257110/",
"stolaf/chem-synthesis-summer-a-team1/nmr/Jul20-2023/1257210/",
"stolaf/chem-synthesis-summer-a-team1/nmr/Jul20-2023/1257310/",
"stolaf/chem-synthesis-summer-a-team1/nmr/Jul20-2023/1257410/",
"stolaf/chem-synthesis-summer-a-team1/nmr/Jul25-2023/1265010/",
"stolaf/chem-synthesis-summer-a-team1/nmr/Jul25-2023/1265110/",
"stolaf/chem-synthesis-summer-a-team1/nmr/Jul27-2023/1273510/",
"stolaf/chem-synthesis-summer-a-team1/nmr/Jul27-2023/1273610/",
"stolaf/chem-synthesis-summer-a-team1/nmr/Jul27-2023/1274210/",
"stolaf/chem-synthesis-summer-a-team1/nmr/Jul27-2023/1274410/",
"stolaf/chem-synthesis-summer-a-team1_nmr_Aug03-2023_1295510.zip",
"stolaf/chem-synthesis-summer-a-team1_nmr_Aug03-2023_1295510_pdata_1_email_Aug03-2023_1295510_1.pdf",
"stolaf/chem-synthesis-summer-a-team1_nmr_Aug03-2023_1295510_pdata_1_thumb.png",
"stolaf/chem-synthesis-summer-a-team1_nmr_Aug03-2023_1295610.zip",
"stolaf/chem-synthesis-summer-a-team1_nmr_Aug03-2023_1295610_pdata_1_email_Aug03-2023_1295610_1.pdf",
"stolaf/chem-synthesis-summer-a-team1_nmr_Aug03-2023_1295610_pdata_1_thumb.png",
"stolaf/chem-synthesis-summer-a-team1_nmr_Aug03-2023_1295810.zip",
"stolaf/chem-synthesis-summer-a-team1_nmr_Aug03-2023_1295810_pdata_1_email_Aug03-2023_1295810_1.pdf",
"stolaf/chem-synthesis-summer-a-team1_nmr_Aug03-2023_1295810_pdata_1_thumb.png",
"stolaf/chem-synthesis-summer-a-team1_nmr_Aug03-2023_1295910.zip",
"stolaf/chem-synthesis-summer-a-team1_nmr_Aug03-2023_1295910_pdata_1_email_Aug03-2023_1295910_1.pdf",
"stolaf/chem-synthesis-summer-a-team1_nmr_Aug03-2023_1295910_pdata_1_thumb.png",
"stolaf/chem-synthesis-summer-a-team1_nmr_Jul20-2023_1257110.zip",
"stolaf/chem-synthesis-summer-a-team1_nmr_Jul20-2023_1257110_pdata_1_email_Jul20-2023_1257110_1.pdf",
"stolaf/chem-synthesis-summer-a-team1_nmr_Jul20-2023_1257110_pdata_1_thumb.png",
"stolaf/chem-synthesis-summer-a-team1_nmr_Jul20-2023_1257210.zip",
"stolaf/chem-synthesis-summer-a-team1_nmr_Jul20-2023_1257210_pdata_1_email_Jul20-2023_1257210_1.pdf",
"stolaf/chem-synthesis-summer-a-team1_nmr_Jul20-2023_1257210_pdata_1_thumb.png",
"stolaf/chem-synthesis-summer-a-team1_nmr_Jul20-2023_1257310.zip",
"stolaf/chem-synthesis-summer-a-team1_nmr_Jul20-2023_1257310_pdata_1_email_Jul20-2023_1257310_1.pdf",
"stolaf/chem-synthesis-summer-a-team1_nmr_Jul20-2023_1257310_pdata_1_thumb.png",
"stolaf/chem-synthesis-summer-a-team1_nmr_Jul20-2023_1257410.zip",
"stolaf/chem-synthesis-summer-a-team1_nmr_Jul20-2023_1257410_pdata_1_email_Jul20-2023_1257410_1.pdf",
"stolaf/chem-synthesis-summer-a-team1_nmr_Jul20-2023_1257410_pdata_1_thumb.png",
"stolaf/chem-synthesis-summer-a-team1_nmr_Jul25-2023_1265010.zip",
"stolaf/chem-synthesis-summer-a-team1_nmr_Jul25-2023_1265010_pdata_1_email_Jul25-2023_1265010_1.pdf",
"stolaf/chem-synthesis-summer-a-team1_nmr_Jul25-2023_1265010_pdata_1_thumb.png",
"stolaf/chem-synthesis-summer-a-team1_nmr_Jul25-2023_1265110.zip",
"stolaf/chem-synthesis-summer-a-team1_nmr_Jul25-2023_1265110_pdata_1_email_Jul25-2023_1265110_1.pdf",
"stolaf/chem-synthesis-summer-a-team1_nmr_Jul25-2023_1265110_pdata_1_thumb.png",
"stolaf/chem-synthesis-summer-a-team1_nmr_Jul25-2023_1265110_structure.mol",
"stolaf/chem-synthesis-summer-a-team1_nmr_Jul25-2023_1265110_structure.mol.png",
"stolaf/chem-synthesis-summer-a-team1_nmr_Jul27-2023_1273510.zip",
"stolaf/chem-synthesis-summer-a-team1_nmr_Jul27-2023_1273510_pdata_1_email_Jul27-2023_1273510_1.pdf",
"stolaf/chem-synthesis-summer-a-team1_nmr_Jul27-2023_1273510_pdata_1_spectrum_3.164_4.929.pdf",
"stolaf/chem-synthesis-summer-a-team1_nmr_Jul27-2023_1273510_pdata_1_thumb.png",
"stolaf/chem-synthesis-summer-a-team1_nmr_Jul27-2023_1273610.zip",
"stolaf/chem-synthesis-summer-a-team1_nmr_Jul27-2023_1273610_pdata_1_email_Jul27-2023_1273610_1.pdf",
"stolaf/chem-synthesis-summer-a-team1_nmr_Jul27-2023_1273610_pdata_1_thumb.png",
"stolaf/chem-synthesis-summer-a-team1_nmr_Jul27-2023_1274210.zip",
"stolaf/chem-synthesis-summer-a-team1_nmr_Jul27-2023_1274210_pdata_1_email_Jul27-2023_1274210_1.pdf",
"stolaf/chem-synthesis-summer-a-team1_nmr_Jul27-2023_1274210_pdata_1_thumb.png",
"stolaf/chem-synthesis-summer-a-team1_nmr_Jul27-2023_1274410.zip",
"stolaf/chem-synthesis-summer-a-team1_nmr_Jul27-2023_1274410_pdata_1_email_Jul27-2023_1274410_1.pdf",
"stolaf/chem-synthesis-summer-a-team1_nmr_Jul27-2023_1274410_pdata_1_spectrum_7.071_7.392.pdf",
"stolaf/chem-synthesis-summer-a-team1_nmr_Jul27-2023_1274410_pdata_1_thumb.png",
"stolaf/chem-synthesis-summer-a-team2/nmr/",
"stolaf/chem-synthesis-summer-a-team2/nmr/Aug01-2023/1284810/",
"stolaf/chem-synthesis-summer-a-team2/nmr/Aug03-2023/1294810/",
"stolaf/chem-synthesis-summer-a-team2/nmr/Aug03-2023/1294910/",
"stolaf/chem-synthesis-summer-a-team2/nmr/Aug03-2023/1295710/",
"stolaf/chem-synthesis-summer-a-team2/nmr/Jul20-2023/1258110/",
"stolaf/chem-synthesis-summer-a-team2/nmr/Jul20-2023/1258210/",
"stolaf/chem-synthesis-summer-a-team2/nmr/Jul20-2023/1258310/",
"stolaf/chem-synthesis-summer-a-team2/nmr/Jul20-2023/1258410/",
"stolaf/chem-synthesis-summer-a-team2/nmr/Jul23-2023/1262610/",
"stolaf/chem-synthesis-summer-a-team2/nmr/Jul23-2023/1262710/",
"stolaf/chem-synthesis-summer-a-team2/nmr/Jul25-2023/1265210/",
"stolaf/chem-synthesis-summer-a-team2/nmr/Jul27-2023/1273710/",
"stolaf/chem-synthesis-summer-a-team2/nmr/Jul27-2023/1273910/",
"stolaf/chem-synthesis-summer-a-team2/nmr/Jul27-2023/1274510/",
"stolaf/chem-synthesis-summer-a-team2/nmr/Jul27-2023/1274610/",
"stolaf/chem-synthesis-summer-a-team2_nmr_Aug01-2023.zip",
"stolaf/chem-synthesis-summer-a-team2_nmr_Aug01-2023_1284810_pdata_1_email_Aug01-2023_1284810_1.pdf",
"stolaf/chem-synthesis-summer-a-team2_nmr_Aug01-2023_1284810_pdata_1_thumb.png",
"stolaf/chem-synthesis-summer-a-team2_nmr_Aug03-2023_1294810.zip",
"stolaf/chem-synthesis-summer-a-team2_nmr_Aug03-2023_1294810_pdata_1_email_Aug03-2023_1294810_1.pdf",
"stolaf/chem-synthesis-summer-a-team2_nmr_Aug03-2023_1294810_pdata_1_thumb.png",
"stolaf/chem-synthesis-summer-a-team2_nmr_Aug03-2023_1294910.zip",
"stolaf/chem-synthesis-summer-a-team2_nmr_Aug03-2023_1294910_pdata_1_email_Aug03-2023_1294910_1.pdf",
"stolaf/chem-synthesis-summer-a-team2_nmr_Aug03-2023_1294910_pdata_1_thumb.png",
"stolaf/chem-synthesis-summer-a-team2_nmr_Aug03-2023_1295710.zip",
"stolaf/chem-synthesis-summer-a-team2_nmr_Aug03-2023_1295710_pdata_1_email_Aug03-2023_1295710_1.pdf",
"stolaf/chem-synthesis-summer-a-team2_nmr_Aug03-2023_1295710_pdata_1_thumb.png",
"stolaf/chem-synthesis-summer-a-team2_nmr_Jul20-2023_1258110.zip",
"stolaf/chem-synthesis-summer-a-team2_nmr_Jul20-2023_1258110_pdata_1_email_Jul20-2023_1258110_1.pdf",
"stolaf/chem-synthesis-summer-a-team2_nmr_Jul20-2023_1258110_pdata_1_thumb.png",
"stolaf/chem-synthesis-summer-a-team2_nmr_Jul20-2023_1258210.zip",
"stolaf/chem-synthesis-summer-a-team2_nmr_Jul20-2023_1258210_pdata_1_email_Jul20-2023_1258210_1.pdf",
"stolaf/chem-synthesis-summer-a-team2_nmr_Jul20-2023_1258210_pdata_1_thumb.png",
"stolaf/chem-synthesis-summer-a-team2_nmr_Jul20-2023_1258310.zip",
"stolaf/chem-synthesis-summer-a-team2_nmr_Jul20-2023_1258310_pdata_1_email_Jul20-2023_1258310_1.pdf",
"stolaf/chem-synthesis-summer-a-team2_nmr_Jul20-2023_1258310_pdata_1_thumb.png",
"stolaf/chem-synthesis-summer-a-team2_nmr_Jul20-2023_1258410.zip",
"stolaf/chem-synthesis-summer-a-team2_nmr_Jul20-2023_1258410_pdata_1_email_Jul20-2023_1258410_1.pdf",
"stolaf/chem-synthesis-summer-a-team2_nmr_Jul20-2023_1258410_pdata_1_thumb.png",
"stolaf/chem-synthesis-summer-a-team2_nmr_Jul23-2023_1262610.zip",
"stolaf/chem-synthesis-summer-a-team2_nmr_Jul23-2023_1262610_pdata_1_email_Jul23-2023_1262610_1.pdf",
"stolaf/chem-synthesis-summer-a-team2_nmr_Jul23-2023_1262610_pdata_1_thumb.png",
"stolaf/chem-synthesis-summer-a-team2_nmr_Jul23-2023_1262710.zip",
"stolaf/chem-synthesis-summer-a-team2_nmr_Jul23-2023_1262710_pdata_1_email_Jul23-2023_1262710_1.pdf",
"stolaf/chem-synthesis-summer-a-team2_nmr_Jul23-2023_1262710_pdata_1_thumb.png",
"stolaf/chem-synthesis-summer-a-team2_nmr_Jul25-2023.zip",
"stolaf/chem-synthesis-summer-a-team2_nmr_Jul25-2023_1265210_pdata_1_email_Jul25-2023_1265210_1.pdf",
"stolaf/chem-synthesis-summer-a-team2_nmr_Jul25-2023_1265210_pdata_1_thumb.png",
"stolaf/chem-synthesis-summer-a-team2_nmr_Jul27-2023_1273710.zip",
"stolaf/chem-synthesis-summer-a-team2_nmr_Jul27-2023_1273710_pdata_1_email_Jul27-2023_1273710_1.pdf",
"stolaf/chem-synthesis-summer-a-team2_nmr_Jul27-2023_1273710_pdata_1_spectrum_-3.837_16.187.pdf",
"stolaf/chem-synthesis-summer-a-team2_nmr_Jul27-2023_1273710_pdata_1_spectrum_-3.838_16.188.pdf",
"stolaf/chem-synthesis-summer-a-team2_nmr_Jul27-2023_1273710_pdata_1_spectrum_6.725_7.438.pdf",
"stolaf/chem-synthesis-summer-a-team2_nmr_Jul27-2023_1273710_pdata_1_thumb.png",
"stolaf/chem-synthesis-summer-a-team2_nmr_Jul27-2023_1273910.zip",
"stolaf/chem-synthesis-summer-a-team2_nmr_Jul27-2023_1273910_pdata_1_email_Jul27-2023_1273910_1.pdf",
"stolaf/chem-synthesis-summer-a-team2_nmr_Jul27-2023_1273910_pdata_1_thumb.png",
"stolaf/chem-synthesis-summer-a-team2_nmr_Jul27-2023_1274510.zip",
"stolaf/chem-synthesis-summer-a-team2_nmr_Jul27-2023_1274510_pdata_1_email_Jul27-2023_1274510_1.pdf",
"stolaf/chem-synthesis-summer-a-team2_nmr_Jul27-2023_1274510_pdata_1_thumb.png",
"stolaf/chem-synthesis-summer-a-team2_nmr_Jul27-2023_1274610.zip",
"stolaf/chem-synthesis-summer-a-team2_nmr_Jul27-2023_1274610_pdata_1_email_Jul27-2023_1274610_1.pdf",
"stolaf/chem-synthesis-summer-a-team2_nmr_Jul27-2023_1274610_pdata_1_thumb.png",
"stolaf/chem-synthesis-summer-a-team3/nmr/",
"stolaf/chem-synthesis-summer-a-team3/nmr/Aug01-2023/1285010/",
"stolaf/chem-synthesis-summer-a-team3/nmr/Aug01-2023/1285210/",
"stolaf/chem-synthesis-summer-a-team3/nmr/Aug01-2023/1285310/",
"stolaf/chem-synthesis-summer-a-team3/nmr/Aug01-2023/1285810/",
"stolaf/chem-synthesis-summer-a-team3/nmr/Aug03-2023/1295310/",
"stolaf/chem-synthesis-summer-a-team3/nmr/Aug03-2023/1295410/",
"stolaf/chem-synthesis-summer-a-team3/nmr/Aug03-2023/1296010/",
"stolaf/chem-synthesis-summer-a-team3/nmr/Aug03-2023/1296110/",
"stolaf/chem-synthesis-summer-a-team3/nmr/Aug03-2023/1296210/",
"stolaf/chem-synthesis-summer-a-team3/nmr/Aug07-2023/1297410/",
"stolaf/chem-synthesis-summer-a-team3/nmr/Jul20-2023/1257510/",
"stolaf/chem-synthesis-summer-a-team3/nmr/Jul20-2023/1257610/",
"stolaf/chem-synthesis-summer-a-team3/nmr/Jul20-2023/1257710/",
"stolaf/chem-synthesis-summer-a-team3/nmr/Jul20-2023/1257810/",
"stolaf/chem-synthesis-summer-a-team3/nmr/Jul20-2023/1257910/",
"stolaf/chem-synthesis-summer-a-team3/nmr/Jul20-2023/1258010/",
"stolaf/chem-synthesis-summer-a-team3/nmr/Jul25-2023/1265310/",
"stolaf/chem-synthesis-summer-a-team3/nmr/Jul25-2023/1265510/",
"stolaf/chem-synthesis-summer-a-team3/nmr/Jul25-2023/1268810/",
"stolaf/chem-synthesis-summer-a-team3/nmr/Jul25-2023/1268910/",
"stolaf/chem-synthesis-summer-a-team3/nmr/Jul26-2023/1273110/",
"stolaf/chem-synthesis-summer-a-team3/nmr/Jul26-2023/1273210/",
"stolaf/chem-synthesis-summer-a-team3/nmr/Jul27-2023/1273810/",
"stolaf/chem-synthesis-summer-a-team3/nmr/Jul27-2023/1274010/",
"stolaf/chem-synthesis-summer-a-team3/nmr/Jul27-2023/1274110/",
"stolaf/chem-synthesis-summer-a-team3/nmr/Jul27-2023/1274810/",
"stolaf/chem-synthesis-summer-a-team3_nmr_Aug01-2023_1285010.zip",
"stolaf/chem-synthesis-summer-a-team3_nmr_Aug01-2023_1285010_pdata_1_email_Aug01-2023_1285010_1.pdf",
"stolaf/chem-synthesis-summer-a-team3_nmr_Aug01-2023_1285010_pdata_1_spectrum_-3.837_16.187.pdf",
"stolaf/chem-synthesis-summer-a-team3_nmr_Aug01-2023_1285010_pdata_1_spectrum_1.611_8.73.pdf",
"stolaf/chem-synthesis-summer-a-team3_nmr_Aug01-2023_1285010_pdata_1_spectrum_5.966_8.969.pdf",
"stolaf/chem-synthesis-summer-a-team3_nmr_Aug01-2023_1285010_pdata_1_spectrum_7.112_7.844.pdf",
"stolaf/chem-synthesis-summer-a-team3_nmr_Aug01-2023_1285010_pdata_1_thumb.png",
"stolaf/chem-synthesis-summer-a-team3_nmr_Aug01-2023_1285210.zip",
"stolaf/chem-synthesis-summer-a-team3_nmr_Aug01-2023_1285210_pdata_1_email_Aug01-2023_1285210_1.pdf",
"stolaf/chem-synthesis-summer-a-team3_nmr_Aug01-2023_1285210_pdata_1_thumb.png",
"stolaf/chem-synthesis-summer-a-team3_nmr_Aug01-2023_1285310.zip",
"stolaf/chem-synthesis-summer-a-team3_nmr_Aug01-2023_1285810.zip",
"stolaf/chem-synthesis-summer-a-team3_nmr_Aug01-2023_1285810_pdata_1_email_Aug01-2023_1285810_1.pdf",
"stolaf/chem-synthesis-summer-a-team3_nmr_Aug01-2023_1285810_pdata_1_thumb.png",
"stolaf/chem-synthesis-summer-a-team3_nmr_Aug03-2023_1295310.zip",
"stolaf/chem-synthesis-summer-a-team3_nmr_Aug03-2023_1295310_pdata_1_email_Aug03-2023_1295310_1.pdf",
"stolaf/chem-synthesis-summer-a-team3_nmr_Aug03-2023_1295310_pdata_1_spectrum_3.735_3.927.pdf",
"stolaf/chem-synthesis-summer-a-team3_nmr_Aug03-2023_1295310_pdata_1_spectrum_6.701_7.832.pdf",
"stolaf/chem-synthesis-summer-a-team3_nmr_Aug03-2023_1295310_pdata_1_thumb.png",
"stolaf/chem-synthesis-summer-a-team3_nmr_Aug03-2023_1295310_structure.mol",
"stolaf/chem-synthesis-summer-a-team3_nmr_Aug03-2023_1295310_structure.mol.png",
"stolaf/chem-synthesis-summer-a-team3_nmr_Aug03-2023_1295410.zip",
"stolaf/chem-synthesis-summer-a-team3_nmr_Aug03-2023_1295410_pdata_1_email_Aug03-2023_1295410_1.pdf",
"stolaf/chem-synthesis-summer-a-team3_nmr_Aug03-2023_1295410_pdata_1_thumb.png",
"stolaf/chem-synthesis-summer-a-team3_nmr_Aug03-2023_1296010.zip",
"stolaf/chem-synthesis-summer-a-team3_nmr_Aug03-2023_1296010_pdata_1_email_Aug03-2023_1296010_1.pdf",
"stolaf/chem-synthesis-summer-a-team3_nmr_Aug03-2023_1296010_pdata_1_thumb.png",
"stolaf/chem-synthesis-summer-a-team3_nmr_Aug03-2023_1296110.zip",
"stolaf/chem-synthesis-summer-a-team3_nmr_Aug03-2023_1296110_pdata_1_email_Aug03-2023_1296110_1.pdf",
"stolaf/chem-synthesis-summer-a-team3_nmr_Aug03-2023_1296110_pdata_1_thumb.png",
"stolaf/chem-synthesis-summer-a-team3_nmr_Aug03-2023_1296210.zip",
"stolaf/chem-synthesis-summer-a-team3_nmr_Aug03-2023_1296210_pdata_1_email_Aug03-2023_1296210_1.pdf",
"stolaf/chem-synthesis-summer-a-team3_nmr_Aug03-2023_1296210_pdata_1_thumb.png",
"stolaf/chem-synthesis-summer-a-team3_nmr_Aug03-2023_1296210_structure.mol",
"stolaf/chem-synthesis-summer-a-team3_nmr_Aug03-2023_1296210_structure.mol.png",
"stolaf/chem-synthesis-summer-a-team3_nmr_Aug07-2023.zip",
"stolaf/chem-synthesis-summer-a-team3_nmr_Jul20-2023_1257510.zip",
"stolaf/chem-synthesis-summer-a-team3_nmr_Jul20-2023_1257510_pdata_1_email_Jul20-2023_1257510_1.pdf",
"stolaf/chem-synthesis-summer-a-team3_nmr_Jul20-2023_1257510_pdata_1_spectrum_-3.837_16.187.pdf",
"stolaf/chem-synthesis-summer-a-team3_nmr_Jul20-2023_1257510_pdata_1_thumb.png",
"stolaf/chem-synthesis-summer-a-team3_nmr_Jul20-2023_1257610.zip",
"stolaf/chem-synthesis-summer-a-team3_nmr_Jul20-2023_1257610_pdata_1_email_Jul20-2023_1257610_1.pdf",
"stolaf/chem-synthesis-summer-a-team3_nmr_Jul20-2023_1257610_pdata_1_thumb.png",
"stolaf/chem-synthesis-summer-a-team3_nmr_Jul20-2023_1257710.zip",
"stolaf/chem-synthesis-summer-a-team3_nmr_Jul20-2023_1257710_pdata_1_email_Jul20-2023_1257710_1.pdf",
"stolaf/chem-synthesis-summer-a-team3_nmr_Jul20-2023_1257710_pdata_1_spectrum_-3.525_8.101.pdf",
"stolaf/chem-synthesis-summer-a-team3_nmr_Jul20-2023_1257710_pdata_1_spectrum_-3.659_8.703.pdf",
"stolaf/chem-synthesis-summer-a-team3_nmr_Jul20-2023_1257710_pdata_1_thumb.png",
"stolaf/chem-synthesis-summer-a-team3_nmr_Jul20-2023_1257810.zip",
"stolaf/chem-synthesis-summer-a-team3_nmr_Jul20-2023_1257810_pdata_1_email_Jul20-2023_1257810_1.pdf",
"stolaf/chem-synthesis-summer-a-team3_nmr_Jul20-2023_1257810_pdata_1_thumb.png",
"stolaf/chem-synthesis-summer-a-team3_nmr_Jul20-2023_1257910.zip",
"stolaf/chem-synthesis-summer-a-team3_nmr_Jul20-2023_1257910_pdata_1_email_Jul20-2023_1257910_1.pdf",
"stolaf/chem-synthesis-summer-a-team3_nmr_Jul20-2023_1257910_pdata_1_thumb.png",
"stolaf/chem-synthesis-summer-a-team3_nmr_Jul20-2023_1258010.zip",
"stolaf/chem-synthesis-summer-a-team3_nmr_Jul20-2023_1258010_pdata_1_email_Jul20-2023_1258010_1.pdf",
"stolaf/chem-synthesis-summer-a-team3_nmr_Jul20-2023_1258010_pdata_1_thumb.png",
"stolaf/chem-synthesis-summer-a-team3_nmr_Jul25-2023_1265310.zip",
"stolaf/chem-synthesis-summer-a-team3_nmr_Jul25-2023_1265310_pdata_1_email_Jul25-2023_1265310_1.pdf",
"stolaf/chem-synthesis-summer-a-team3_nmr_Jul25-2023_1265310_pdata_1_thumb.png",
"stolaf/chem-synthesis-summer-a-team3_nmr_Jul25-2023_1265510.zip",
"stolaf/chem-synthesis-summer-a-team3_nmr_Jul25-2023_1265510_pdata_1_email_Jul25-2023_1265510_1.pdf",
"stolaf/chem-synthesis-summer-a-team3_nmr_Jul25-2023_1265510_pdata_1_thumb.png",
"stolaf/chem-synthesis-summer-a-team3_nmr_Jul25-2023_1268810.zip",
"stolaf/chem-synthesis-summer-a-team3_nmr_Jul25-2023_1268810_pdata_1_email_Jul25-2023_1268810_1.pdf",
"stolaf/chem-synthesis-summer-a-team3_nmr_Jul25-2023_1268810_pdata_1_thumb.png",
"stolaf/chem-synthesis-summer-a-team3_nmr_Jul25-2023_1268910.zip",
"stolaf/chem-synthesis-summer-a-team3_nmr_Jul25-2023_1268910_pdata_1_email_Jul25-2023_1268910_1.pdf",
"stolaf/chem-synthesis-summer-a-team3_nmr_Jul25-2023_1268910_pdata_1_thumb.png",
"stolaf/chem-synthesis-summer-a-team3_nmr_Jul26-2023_1273110.zip",
"stolaf/chem-synthesis-summer-a-team3_nmr_Jul26-2023_1273110_pdata_1_email_Jul26-2023_1273110_1.pdf",
"stolaf/chem-synthesis-summer-a-team3_nmr_Jul26-2023_1273110_pdata_1_thumb.png",
"stolaf/chem-synthesis-summer-a-team3_nmr_Jul26-2023_1273210.zip",
"stolaf/chem-synthesis-summer-a-team3_nmr_Jul26-2023_1273210_pdata_1_email_Jul26-2023_1273210_1.pdf",
"stolaf/chem-synthesis-summer-a-team3_nmr_Jul26-2023_1273210_pdata_1_thumb.png",
"stolaf/chem-synthesis-summer-a-team3_nmr_Jul27-2023_1273810.zip",
"stolaf/chem-synthesis-summer-a-team3_nmr_Jul27-2023_1273810_pdata_1_email_Jul27-2023_1273810_1.pdf",
"stolaf/chem-synthesis-summer-a-team3_nmr_Jul27-2023_1273810_pdata_1_thumb.png",
"stolaf/chem-synthesis-summer-a-team3_nmr_Jul27-2023_1274010.zip",
"stolaf/chem-synthesis-summer-a-team3_nmr_Jul27-2023_1274010_pdata_1_email_Jul27-2023_1274010_1.pdf",
"stolaf/chem-synthesis-summer-a-team3_nmr_Jul27-2023_1274010_pdata_1_thumb.png",
"stolaf/chem-synthesis-summer-a-team3_nmr_Jul27-2023_1274110.zip",
"stolaf/chem-synthesis-summer-a-team3_nmr_Jul27-2023_1274110_pdata_1_email_Jul27-2023_1274110_1.pdf",
"stolaf/chem-synthesis-summer-a-team3_nmr_Jul27-2023_1274110_pdata_1_thumb.png",
"stolaf/chem-synthesis-summer-a-team3_nmr_Jul27-2023_1274810.zip",
"stolaf/chem-synthesis-summer-a-team3_nmr_Jul27-2023_1274810_pdata_1_email_Jul27-2023_1274810_1.pdf",
"stolaf/chem-synthesis-summer-a-team3_nmr_Jul27-2023_1274810_pdata_1_spectrum_-3.837_16.187.pdf",
"stolaf/chem-synthesis-summer-a-team3_nmr_Jul27-2023_1274810_pdata_1_thumb.png"
]
}
