{"IFD.version":"0.1.0-beta+2025.07.24",
"FAIRSpec.extractor.version":"0.1.0-beta+2025.07.24",
"FAIRSpec.extractor.code":"https://github.com/IUPAC/IUPAC-FAIRSpec/blob/main/src/main/java/com/integratedgraphics/extractor/IFDExtractor.java",
"FAIRSpec.extractor.creation_date":"20 Aug 2025 05:37:24 GMT",
"FAIRSpec.extractor.script":"IFD-extract.json",
"FAIRSpec.extractor.sources":
["file:/c:/temp/iupac/stolaf/"
],
"FAIRSpec.extractor.list_type":"ignored",
"FAIRSpec.extractor.list_fileCount":1,
"FAIRSpec.extractor.list_byteCount":1296,
"FAIRSpec.extractor.list":
[
"stolaf/IFD-extract.json"
]
}
