<?xml version="1.0" encoding="UTF-8"?>
<PeakList>
  <PeakList1D>
    <PeakList1DHeader creator="JRomeo" date="2020-01-04T22:38:27" expNo="5" name="2JR70_p" owner="" procNo="1" source="C:/Bruker/TOPSPIN">
      <PeakPickDetails>F1=7.880ppm, F2=7.727ppm, MI=1.14cm, MAXI=3.53cm, PC=1.000
      </PeakPickDetails>
    </PeakList1DHeader>
    <Peak1D F1="7.8124" intensity="3.29" type="0"/>
    <Peak1D F1="7.797" intensity="1.23" type="0"/>
  </PeakList1D>
  <PeakList1D>
    <PeakList1DHeader creator="JRomeo" date="2020-01-04T22:38:27" expNo="5" name="2JR70_p" owner="" procNo="1" source="C:/Bruker/TOPSPIN">
      <PeakPickDetails>F1=7.627ppm, F2=7.374ppm, MI=0.34cm, MAXI=1.66cm, PC=1.000
      </PeakPickDetails>
    </PeakList1DHeader>
    <Peak1D F1="7.56" intensity="0.81" type="0"/>
    <Peak1D F1="7.543" intensity="0.73" type="0"/>
    <Peak1D F1="7.4607" intensity="1.18" type="0"/>
    <Peak1D F1="7.4534" intensity="1.2" type="0"/>
    <Peak1D F1="7.446" intensity="1.09" type="0"/>
  </PeakList1D>
  <PeakList1D>
    <PeakList1DHeader creator="JRomeo" date="2020-01-04T22:38:27" expNo="5" name="2JR70_p" owner="" procNo="1" source="C:/Bruker/TOPSPIN">
      <PeakPickDetails>F1=7.065ppm, F2=6.921ppm, MI=0.91cm, MAXI=2.35cm, PC=1.000
      </PeakPickDetails>
    </PeakList1DHeader>
    <Peak1D F1="6.9971" intensity="1.46" type="0"/>
    <Peak1D F1="6.9794" intensity="1.73" type="0"/>
  </PeakList1D>
  <PeakList1D>
    <PeakList1DHeader creator="JRomeo" date="2020-01-04T22:38:27" expNo="5" name="2JR70_p" owner="" procNo="1" source="C:/Bruker/TOPSPIN">
      <PeakPickDetails>F1=6.876ppm, F2=6.787ppm, MI=1.07cm, MAXI=2.04cm, PC=1.000
      </PeakPickDetails>
    </PeakList1DHeader>
    <Peak1D F1="6.825" intensity="1.74" type="0"/>
    <Peak1D F1="6.8073" intensity="1.42" type="0"/>
  </PeakList1D>
  <PeakList1D>
    <PeakList1DHeader creator="JRomeo" date="2020-01-04T22:38:27" expNo="5" name="2JR70_p" owner="" procNo="1" source="C:/Bruker/TOPSPIN">
      <PeakPickDetails>F1=5.638ppm, F2=5.469ppm, MI=0.47cm, MAXI=1.49cm, PC=1.000
      </PeakPickDetails>
    </PeakList1DHeader>
    <Peak1D F1="5.5376" intensity="1.01" type="0"/>
  </PeakList1D>
  <PeakList1D>
    <PeakList1DHeader creator="JRomeo" date="2020-01-04T22:38:27" expNo="5" name="2JR70_p" owner="" procNo="1" source="C:/Bruker/TOPSPIN">
      <PeakPickDetails>F1=5.238ppm, F2=5.145ppm, MI=0.30cm, MAXI=1.03cm, PC=1.000
      </PeakPickDetails>
    </PeakList1DHeader>
    <Peak1D F1="5.1814" intensity="0.76" type="0"/>
    <Peak1D F1="5.1578" intensity="0.86" type="0"/>
  </PeakList1D>
  <PeakList1D>
    <PeakList1DHeader creator="JRomeo" date="2020-01-04T22:38:27" expNo="5" name="2JR70_p" owner="" procNo="1" source="C:/Bruker/TOPSPIN">
      <PeakPickDetails>F1=5.072ppm, F2=4.944ppm, MI=0.42cm, MAXI=1.36cm, PC=1.000
      </PeakPickDetails>
    </PeakList1DHeader>
    <Peak1D F1="5.0237" intensity="0.96" type="0"/>
  </PeakList1D>
  <PeakList1D>
    <PeakList1DHeader creator="JRomeo" date="2020-01-04T22:38:27" expNo="5" name="2JR70_p" owner="" procNo="1" source="C:/Bruker/TOPSPIN">
      <PeakPickDetails>F1=4.864ppm, F2=4.757ppm, MI=0.45cm, MAXI=1.21cm, PC=1.000
      </PeakPickDetails>
    </PeakList1DHeader>
    <Peak1D F1="4.82" intensity="0.86" type="0"/>
    <Peak1D F1="4.7964" intensity="0.77" type="0"/>
  </PeakList1D>
  <PeakList1D>
    <PeakList1DHeader creator="JRomeo" date="2020-01-04T22:38:27" expNo="5" name="2JR70_p" owner="" procNo="1" source="C:/Bruker/TOPSPIN">
      <PeakPickDetails>F1=4.341ppm, F2=4.218ppm, MI=0.30cm, MAXI=1.71cm, PC=1.000
      </PeakPickDetails>
    </PeakList1DHeader>
    <Peak1D F1="4.3194" intensity="0.78" type="0"/>
    <Peak1D F1="4.3079" intensity="1.07" type="0"/>
    <Peak1D F1="4.2928" intensity="0.59" type="0"/>
  </PeakList1D>
  <PeakList1D>
    <PeakList1DHeader creator="JRomeo" date="2020-01-04T22:38:27" expNo="5" name="2JR70_p" owner="" procNo="1" source="C:/Bruker/TOPSPIN">
      <PeakPickDetails>F1=4.044ppm, F2=3.850ppm, MI=0.25cm, MAXI=1.82cm, PC=1.000
      </PeakPickDetails>
    </PeakList1DHeader>
    <Peak1D F1="3.9393" intensity="0.66" type="0"/>
    <Peak1D F1="3.9264" intensity="0.67" type="0"/>
    <Peak1D F1="3.9133" intensity="0.31" type="0"/>
    <Peak1D F1="3.8833" intensity="1.14" type="0"/>
  </PeakList1D>
  <PeakList1D>
    <PeakList1DHeader creator="JRomeo" date="2020-01-04T22:38:27" expNo="5" name="2JR70_p" owner="" procNo="1" source="C:/Bruker/TOPSPIN">
      <PeakPickDetails>F1=3.795ppm, F2=3.681ppm, MI=4.87cm, MAXI=6.24cm, PC=1.000
      </PeakPickDetails>
    </PeakList1DHeader>
    <Peak1D F1="3.7692" intensity="5.97" type="0"/>
  </PeakList1D>
  <PeakList1D>
    <PeakList1DHeader creator="JRomeo" date="2020-01-04T22:38:27" expNo="5" name="2JR70_p" owner="" procNo="1" source="C:/Bruker/TOPSPIN">
      <PeakPickDetails>F1=3.521ppm, F2=3.409ppm, MI=2.44cm, MAXI=6.16cm, PC=1.000
      </PeakPickDetails>
    </PeakList1DHeader>
    <Peak1D F1="3.4385" intensity="5.35" type="0"/>
  </PeakList1D>
  <PeakList1D>
    <PeakList1DHeader creator="JRomeo" date="2020-01-04T22:38:27" expNo="5" name="2JR70_p" owner="" procNo="1" source="C:/Bruker/TOPSPIN">
      <PeakPickDetails>F1=2.336ppm, F2=1.841ppm, MI=0.17cm, MAXI=1.61cm, PC=1.000
      </PeakPickDetails>
    </PeakList1DHeader>
    <Peak1D F1="2.2692" intensity="0.26" type="0"/>
    <Peak1D F1="2.2629" intensity="0.28" type="0"/>
    <Peak1D F1="2.2449" intensity="0.52" type="0"/>
    <Peak1D F1="2.2389" intensity="0.51" type="0"/>
    <Peak1D F1="2.2209" intensity="0.34" type="0"/>
    <Peak1D F1="2.2151" intensity="0.33" type="0"/>
    <Peak1D F1="2.0969" intensity="0.26" type="0"/>
    <Peak1D F1="2.0787" intensity="0.54" type="0"/>
    <Peak1D F1="2.0727" intensity="0.53" type="0"/>
    <Peak1D F1="2.0542" intensity="0.4" type="0"/>
    <Peak1D F1="2.0481" intensity="0.41" type="0"/>
    <Peak1D F1="2.007" intensity="0.6" type="0"/>
    <Peak1D F1="1.9998" intensity="0.62" type="0"/>
    <Peak1D F1="1.9829" intensity="0.39" type="0"/>
    <Peak1D F1="1.9204" intensity="0.48" type="0"/>
    <Peak1D F1="1.9129" intensity="0.5" type="0"/>
    <Peak1D F1="1.8961" intensity="0.45" type="0"/>
    <Peak1D F1="1.8885" intensity="0.42" type="0"/>
  </PeakList1D>
  <PeakList1D>
    <PeakList1DHeader creator="JRomeo" date="2020-01-04T22:38:27" expNo="5" name="2JR70_p" owner="" procNo="1" source="C:/Bruker/TOPSPIN">
      <PeakPickDetails>F1=1.219ppm, F2=1.110ppm, MI=1.52cm, MAXI=6.74cm, PC=1.000
      </PeakPickDetails>
    </PeakList1DHeader>
    <Peak1D F1="1.1899" intensity="4.87" type="0"/>
    <Peak1D F1="1.1773" intensity="4.84" type="0"/>
  </PeakList1D>
  <PeakList1D>
    <PeakList1DHeader creator="JRomeo" date="2020-01-04T22:38:27" expNo="5" name="2JR70_p" owner="" procNo="1" source="C:/Bruker/TOPSPIN">
      <PeakPickDetails>F1=0.996ppm, F2=0.829ppm, MI=7.13cm, MAXI=16.61cm, PC=1.000
      </PeakPickDetails>
    </PeakList1DHeader>
    <Peak1D F1="0.9536" intensity="15.0" type="0"/>
  </PeakList1D>
  <PeakList1D>
    <PeakList1DHeader creator="JRomeo" date="2020-01-04T22:38:27" expNo="5" name="2JR70_p" owner="" procNo="1" source="C:/Bruker/TOPSPIN">
      <PeakPickDetails>F1=0.208ppm, F2=0.098ppm, MI=1.82cm, MAXI=7.75cm, PC=1.000
      </PeakPickDetails>
    </PeakList1DHeader>
    <Peak1D F1="0.1499" intensity="5.37" type="0"/>
    <Peak1D F1="0.1342" intensity="5.4" type="0"/>
  </PeakList1D>
</PeakList>
