<?xml version="1.0" encoding="UTF-8"?>
<PeakList>
  <PeakList1D>
    <PeakList1DHeader creator="nmrsu" date="2019-12-19T09:19:26.375-02:00" expNo="1" name="2B250_MS212_Last_2k" owner="" procNo="1" source="C:/NMRData/data/marcio_marilia/nmr">
      <PeakPickDetails>F1=222.593201ppm, F2=-22.602512ppm, MI=0.00cm, MAXI=10000.00cm, PC=1.400
      </PeakPickDetails>
    </PeakList1DHeader>
    <Peak1D F1="171.655655" intensity="6.768785e+000" type="0"/>
    <Peak1D F1="170.333878" intensity="6.522542e+000" type="0"/>
    <Peak1D F1="142.670776" intensity="7.213761e+000" type="0"/>
    <Peak1D F1="137.181778" intensity="6.491466e+000" type="0"/>
    <Peak1D F1="133.475708" intensity="1.198580e+001" type="0"/>
    <Peak1D F1="132.183533" intensity="1.320988e+001" type="0"/>
    <Peak1D F1="127.708023" intensity="6.941375e+000" type="0"/>
    <Peak1D F1="127.074211" intensity="1.415969e+001" type="0"/>
    <Peak1D F1="125.209923" intensity="6.368316e+000" type="0"/>
    <Peak1D F1="124.926964" intensity="1.410971e+001" type="0"/>
    <Peak1D F1="124.062271" intensity="1.367464e+001" type="0"/>
    <Peak1D F1="123.121025" intensity="6.589432e+000" type="0"/>
    <Peak1D F1="120.415886" intensity="1.353557e+001" type="0"/>
    <Peak1D F1="119.779411" intensity="1.500000e+001" type="0"/>
    <Peak1D F1="117.765488" intensity="6.109211e+000" type="0"/>
    <Peak1D F1="111.271858" intensity="1.328776e+001" type="0"/>
    <Peak1D F1="77.336716" intensity="1.824309e+002" type="0"/>
    <Peak1D F1="77.019295" intensity="1.866278e+002" type="0"/>
    <Peak1D F1="76.701889" intensity="1.839401e+002" type="0"/>
    <Peak1D F1="51.952030" intensity="1.203968e+001" type="0"/>
    <Peak1D F1="30.824387" intensity="1.314003e+001" type="0"/>
  </PeakList1D>
</PeakList>
