<?xml version="1.0" encoding="UTF-8"?>
<PeakList>
  <PeakList1D>
    <PeakList1DHeader creator="JRomeo" date="2019-07-12T12:36:59" expNo="1" name="2JR38" owner="" procNo="1" source="C:\Bruker\TOPSPIN">
      <PeakPickDetails>F1=7.939ppm, F2=7.370ppm, MI=0.52cm, MAXI=4.97cm, PC=1.000
      </PeakPickDetails>
    </PeakList1DHeader>
    <Peak1D F1="7.8404" intensity="0.92" type="0"/>
    <Peak1D F1="7.8322" intensity="4.35" type="0"/>
    <Peak1D F1="7.8217" intensity="1.55" type="0"/>
    <Peak1D F1="7.8148" intensity="2.46" type="0"/>
    <Peak1D F1="7.5751" intensity="1.07" type="0"/>
    <Peak1D F1="7.5723" intensity="1.03" type="0"/>
    <Peak1D F1="7.5585" intensity="0.9" type="0"/>
    <Peak1D F1="7.5554" intensity="0.96" type="0"/>
    <Peak1D F1="7.475" intensity="1.12" type="0"/>
    <Peak1D F1="7.4713" intensity="1.83" type="0"/>
    <Peak1D F1="7.4639" intensity="1.96" type="0"/>
    <Peak1D F1="7.4563" intensity="1.74" type="0"/>
    <Peak1D F1="7.4528" intensity="1.02" type="0"/>
  </PeakList1D>
  <PeakList1D>
    <PeakList1DHeader creator="JRomeo" date="2019-07-12T12:36:59" expNo="1" name="2JR38" owner="" procNo="1" source="C:\Bruker\TOPSPIN">
      <PeakPickDetails>F1=7.082ppm, F2=6.604ppm, MI=1.44cm, MAXI=4.38cm, PC=1.000
      </PeakPickDetails>
    </PeakList1DHeader>
    <Peak1D F1="6.9953" intensity="2.94" type="0"/>
    <Peak1D F1="6.9771" intensity="3.71" type="0"/>
    <Peak1D F1="6.8176" intensity="3.6" type="0"/>
    <Peak1D F1="6.7994" intensity="2.92" type="0"/>
  </PeakList1D>
  <PeakList1D>
    <PeakList1DHeader creator="JRomeo" date="2019-07-12T12:36:59" expNo="1" name="2JR38" owner="" procNo="1" source="C:\Bruker\TOPSPIN">
      <PeakPickDetails>F1=5.801ppm, F2=4.592ppm, MI=0.48cm, MAXI=2.98cm, PC=1.000
      </PeakPickDetails>
    </PeakList1DHeader>
    <Peak1D F1="5.5904" intensity="1.11" type="0"/>
    <Peak1D F1="5.5844" intensity="1.1" type="0"/>
    <Peak1D F1="5.1134" intensity="1.29" type="0"/>
    <Peak1D F1="5.0896" intensity="1.56" type="0"/>
    <Peak1D F1="4.8463" intensity="1.66" type="0"/>
    <Peak1D F1="4.8224" intensity="1.43" type="0"/>
  </PeakList1D>
  <PeakList1D>
    <PeakList1DHeader creator="JRomeo" date="2019-07-12T12:36:59" expNo="1" name="2JR38" owner="" procNo="1" source="C:\Bruker\TOPSPIN">
      <PeakPickDetails>F1=4.078ppm, F2=3.852ppm, MI=0.15cm, MAXI=1.77cm, PC=1.000
      </PeakPickDetails>
    </PeakList1DHeader>
    <Peak1D F1="3.9713" intensity="0.27" type="0"/>
    <Peak1D F1="3.9584" intensity="0.86" type="0"/>
    <Peak1D F1="3.9452" intensity="0.88" type="0"/>
    <Peak1D F1="3.9323" intensity="0.29" type="0"/>
    <Peak1D F1="3.9019" intensity="0.41" type="0"/>
    <Peak1D F1="3.8972" intensity="0.48" type="0"/>
    <Peak1D F1="3.8929" intensity="0.5" type="0"/>
    <Peak1D F1="3.888" intensity="0.49" type="0"/>
    <Peak1D F1="3.878" intensity="0.45" type="0"/>
    <Peak1D F1="3.8731" intensity="0.51" type="0"/>
    <Peak1D F1="3.8689" intensity="0.47" type="0"/>
    <Peak1D F1="3.864" intensity="0.45" type="0"/>
  </PeakList1D>
  <PeakList1D>
    <PeakList1DHeader creator="JRomeo" date="2019-07-12T12:36:59" expNo="1" name="2JR38" owner="" procNo="1" source="C:\Bruker\TOPSPIN">
      <PeakPickDetails>F1=3.816ppm, F2=3.410ppm, MI=0.55cm, MAXI=15.69cm, PC=1.000
      </PeakPickDetails>
    </PeakList1DHeader>
    <Peak1D F1="3.7583" intensity="15.0" type="0"/>
    <Peak1D F1="3.7046" intensity="1.36" type="0"/>
    <Peak1D F1="3.473" intensity="14.93" type="0"/>
  </PeakList1D>
  <PeakList1D>
    <PeakList1DHeader creator="JRomeo" date="2019-07-12T12:36:59" expNo="1" name="2JR38" owner="" procNo="1" source="C:\Bruker\TOPSPIN">
      <PeakPickDetails>F1=2.391ppm, F2=2.057ppm, MI=0.29cm, MAXI=1.58cm, PC=1.000
      </PeakPickDetails>
    </PeakList1DHeader>
    <Peak1D F1="2.3061" intensity="0.36" type="0"/>
    <Peak1D F1="2.2988" intensity="0.37" type="0"/>
    <Peak1D F1="2.2811" intensity="0.75" type="0"/>
    <Peak1D F1="2.2739" intensity="0.74" type="0"/>
    <Peak1D F1="2.2567" intensity="0.52" type="0"/>
    <Peak1D F1="2.2494" intensity="0.51" type="0"/>
    <Peak1D F1="2.1661" intensity="0.64" type="0"/>
    <Peak1D F1="2.1568" intensity="0.67" type="0"/>
    <Peak1D F1="2.1407" intensity="0.47" type="0"/>
    <Peak1D F1="2.1315" intensity="0.44" type="0"/>
  </PeakList1D>
  <PeakList1D>
    <PeakList1DHeader creator="JRomeo" date="2019-07-12T12:36:59" expNo="1" name="2JR38" owner="" procNo="1" source="C:\Bruker\TOPSPIN">
      <PeakPickDetails>F1=1.371ppm, F2=0.875ppm, MI=4.16cm, MAXI=6.26cm, PC=1.000
      </PeakPickDetails>
    </PeakList1DHeader>
    <Peak1D F1="1.1668" intensity="5.37" type="0"/>
    <Peak1D F1="1.1537" intensity="5.34" type="0"/>
  </PeakList1D>
</PeakList>
