<?xml version="1.0" encoding="UTF-8"?>
<PeakList>
  <PeakList1D>
    <PeakList1DHeader creator="chemist" date="2019-03-29T15:09:55.200+00:00" expNo="10" name="Y2208" owner="" procNo="1" source="d:\">
      <PeakPickDetails>F1=18.510ppm, F2=-6.510ppm, MI=0.00cm, MAXI=10000.00cm, PC=1.000
      </PeakPickDetails>
    </PeakList1DHeader>
    <Peak1D F1="16.5560" intensity="0.01" type="0"/>
    <Peak1D F1="15.9948" intensity="0.01" type="0"/>
    <Peak1D F1="8.2691" intensity="0.15" type="0"/>
    <Peak1D F1="8.2552" intensity="0.16" type="0"/>
    <Peak1D F1="8.2435" intensity="0.02" type="0"/>
    <Peak1D F1="8.2295" intensity="0.02" type="0"/>
    <Peak1D F1="8.1968" intensity="0.17" type="0"/>
    <Peak1D F1="8.1827" intensity="0.17" type="0"/>
    <Peak1D F1="8.1583" intensity="0.01" type="0"/>
    <Peak1D F1="8.1436" intensity="0.02" type="0"/>
    <Peak1D F1="8.1396" intensity="0.02" type="0"/>
    <Peak1D F1="8.1148" intensity="2.80" type="0"/>
    <Peak1D F1="8.1008" intensity="2.92" type="0"/>
    <Peak1D F1="8.0714" intensity="0.01" type="0"/>
    <Peak1D F1="8.0656" intensity="0.01" type="0"/>
    <Peak1D F1="8.0482" intensity="0.02" type="0"/>
    <Peak1D F1="8.0346" intensity="0.02" type="0"/>
    <Peak1D F1="8.0133" intensity="0.01" type="0"/>
    <Peak1D F1="7.9816" intensity="0.02" type="0"/>
    <Peak1D F1="7.9700" intensity="0.02" type="0"/>
    <Peak1D F1="7.9586" intensity="0.01" type="0"/>
    <Peak1D F1="7.9389" intensity="0.15" type="0"/>
    <Peak1D F1="7.9265" intensity="0.34" type="0"/>
    <Peak1D F1="7.9241" intensity="0.33" type="0"/>
    <Peak1D F1="7.9174" intensity="2.46" type="0"/>
    <Peak1D F1="7.9163" intensity="2.41" type="0"/>
    <Peak1D F1="7.9041" intensity="2.61" type="0"/>
    <Peak1D F1="7.9029" intensity="2.61" type="0"/>
    <Peak1D F1="7.8689" intensity="0.02" type="0"/>
    <Peak1D F1="7.8552" intensity="0.17" type="0"/>
    <Peak1D F1="7.8414" intensity="0.19" type="0"/>
    <Peak1D F1="7.8111" intensity="2.79" type="0"/>
    <Peak1D F1="7.7975" intensity="2.92" type="0"/>
    <Peak1D F1="7.7818" intensity="0.22" type="0"/>
    <Peak1D F1="7.7703" intensity="0.22" type="0"/>
    <Peak1D F1="7.7521" intensity="0.01" type="0"/>
    <Peak1D F1="7.7278" intensity="0.02" type="0"/>
    <Peak1D F1="7.7196" intensity="0.02" type="0"/>
    <Peak1D F1="7.7073" intensity="0.02" type="0"/>
    <Peak1D F1="7.6947" intensity="0.02" type="0"/>
    <Peak1D F1="7.6770" intensity="0.03" type="0"/>
    <Peak1D F1="7.6692" intensity="0.03" type="0"/>
    <Peak1D F1="7.6634" intensity="0.03" type="0"/>
    <Peak1D F1="7.6552" intensity="0.02" type="0"/>
    <Peak1D F1="7.6464" intensity="0.02" type="0"/>
    <Peak1D F1="7.6444" intensity="0.02" type="0"/>
    <Peak1D F1="7.6356" intensity="0.02" type="0"/>
    <Peak1D F1="7.6228" intensity="0.02" type="0"/>
    <Peak1D F1="7.6132" intensity="0.02" type="0"/>
    <Peak1D F1="7.5913" intensity="1.15" type="0"/>
    <Peak1D F1="7.5890" intensity="1.34" type="0"/>
    <Peak1D F1="7.5800" intensity="2.14" type="0"/>
    <Peak1D F1="7.5776" intensity="2.93" type="0"/>
    <Peak1D F1="7.5752" intensity="1.45" type="0"/>
    <Peak1D F1="7.5662" intensity="2.17" type="0"/>
    <Peak1D F1="7.5637" intensity="2.15" type="0"/>
    <Peak1D F1="7.5505" intensity="2.16" type="0"/>
    <Peak1D F1="7.5484" intensity="2.42" type="0"/>
    <Peak1D F1="7.5441" intensity="0.53" type="0"/>
    <Peak1D F1="7.5390" intensity="1.50" type="0"/>
    <Peak1D F1="7.5371" intensity="2.88" type="0"/>
    <Peak1D F1="7.5353" intensity="2.42" type="0"/>
    <Peak1D F1="7.5257" intensity="1.19" type="0"/>
    <Peak1D F1="7.5239" intensity="1.22" type="0"/>
    <Peak1D F1="7.5192" intensity="0.23" type="0"/>
    <Peak1D F1="7.5072" intensity="0.04" type="0"/>
    <Peak1D F1="7.5033" intensity="0.05" type="0"/>
    <Peak1D F1="7.4918" intensity="0.06" type="0"/>
    <Peak1D F1="7.4827" intensity="0.05" type="0"/>
    <Peak1D F1="7.4799" intensity="0.05" type="0"/>
    <Peak1D F1="7.4720" intensity="0.09" type="0"/>
    <Peak1D F1="7.4639" intensity="0.31" type="0"/>
    <Peak1D F1="7.4613" intensity="0.50" type="0"/>
    <Peak1D F1="7.4556" intensity="0.07" type="0"/>
    <Peak1D F1="7.4493" intensity="0.31" type="0"/>
    <Peak1D F1="7.4354" intensity="2.43" type="0"/>
    <Peak1D F1="7.4237" intensity="3.19" type="0"/>
    <Peak1D F1="7.4220" intensity="2.94" type="0"/>
    <Peak1D F1="7.4101" intensity="2.79" type="0"/>
    <Peak1D F1="7.4034" intensity="0.11" type="0"/>
    <Peak1D F1="7.3892" intensity="0.07" type="0"/>
    <Peak1D F1="7.3767" intensity="1.83" type="0"/>
    <Peak1D F1="7.3727" intensity="0.97" type="0"/>
    <Peak1D F1="7.3669" intensity="1.62" type="0"/>
    <Peak1D F1="7.3625" intensity="13.47" type="0"/>
    <Peak1D F1="7.3591" intensity="5.53" type="0"/>
    <Peak1D F1="7.3570" intensity="15.00" type="0"/>
    <Peak1D F1="7.3527" intensity="1.83" type="0"/>
    <Peak1D F1="7.3468" intensity="1.07" type="0"/>
    <Peak1D F1="7.3424" intensity="1.99" type="0"/>
    <Peak1D F1="7.3278" intensity="0.05" type="0"/>
    <Peak1D F1="7.3145" intensity="3.23" type="0"/>
    <Peak1D F1="7.3031" intensity="2.66" type="0"/>
    <Peak1D F1="7.2849" intensity="0.06" type="0"/>
    <Peak1D F1="7.2784" intensity="4.67" type="0"/>
    <Peak1D F1="7.2525" intensity="0.03" type="0"/>
    <Peak1D F1="7.2403" intensity="0.04" type="0"/>
    <Peak1D F1="7.2251" intensity="0.04" type="0"/>
    <Peak1D F1="7.2212" intensity="0.05" type="0"/>
    <Peak1D F1="7.2184" intensity="0.04" type="0"/>
    <Peak1D F1="7.2075" intensity="0.03" type="0"/>
    <Peak1D F1="7.2039" intensity="0.03" type="0"/>
    <Peak1D F1="7.1965" intensity="0.01" type="0"/>
    <Peak1D F1="7.1920" intensity="0.02" type="0"/>
    <Peak1D F1="7.1806" intensity="0.03" type="0"/>
    <Peak1D F1="7.1703" intensity="0.03" type="0"/>
    <Peak1D F1="7.1575" intensity="0.01" type="0"/>
    <Peak1D F1="7.1460" intensity="0.01" type="0"/>
    <Peak1D F1="7.1368" intensity="0.08" type="0"/>
    <Peak1D F1="7.1015" intensity="0.04" type="0"/>
    <Peak1D F1="7.0891" intensity="0.01" type="0"/>
    <Peak1D F1="7.0797" intensity="0.01" type="0"/>
    <Peak1D F1="7.0648" intensity="0.01" type="0"/>
    <Peak1D F1="7.0589" intensity="0.05" type="0"/>
    <Peak1D F1="7.0515" intensity="0.01" type="0"/>
    <Peak1D F1="7.0305" intensity="0.01" type="0"/>
    <Peak1D F1="7.0152" intensity="0.04" type="0"/>
    <Peak1D F1="6.9257" intensity="0.01" type="0"/>
    <Peak1D F1="6.9132" intensity="0.01" type="0"/>
    <Peak1D F1="6.8893" intensity="0.01" type="0"/>
    <Peak1D F1="6.8819" intensity="0.01" type="0"/>
    <Peak1D F1="6.8756" intensity="0.01" type="0"/>
    <Peak1D F1="6.7722" intensity="0.01" type="0"/>
    <Peak1D F1="5.8610" intensity="0.06" type="0"/>
    <Peak1D F1="5.8553" intensity="0.09" type="0"/>
    <Peak1D F1="5.8499" intensity="0.06" type="0"/>
    <Peak1D F1="5.8452" intensity="0.07" type="0"/>
    <Peak1D F1="5.8409" intensity="0.09" type="0"/>
    <Peak1D F1="5.8352" intensity="0.06" type="0"/>
    <Peak1D F1="5.1886" intensity="0.01" type="0"/>
    <Peak1D F1="5.1832" intensity="0.01" type="0"/>
    <Peak1D F1="5.1783" intensity="0.01" type="0"/>
    <Peak1D F1="5.1119" intensity="0.01" type="0"/>
    <Peak1D F1="5.0983" intensity="0.01" type="0"/>
    <Peak1D F1="5.0822" intensity="1.03" type="0"/>
    <Peak1D F1="5.0781" intensity="1.15" type="0"/>
    <Peak1D F1="5.0748" intensity="1.21" type="0"/>
    <Peak1D F1="5.0704" intensity="1.26" type="0"/>
    <Peak1D F1="5.0678" intensity="1.30" type="0"/>
    <Peak1D F1="5.0634" intensity="1.24" type="0"/>
    <Peak1D F1="5.0601" intensity="1.19" type="0"/>
    <Peak1D F1="5.0560" intensity="1.09" type="0"/>
    <Peak1D F1="4.9552" intensity="0.01" type="0"/>
    <Peak1D F1="4.9479" intensity="0.01" type="0"/>
    <Peak1D F1="4.9376" intensity="0.01" type="0"/>
    <Peak1D F1="4.1594" intensity="0.04" type="0"/>
    <Peak1D F1="4.1563" intensity="0.01" type="0"/>
    <Peak1D F1="4.1475" intensity="0.11" type="0"/>
    <Peak1D F1="4.1356" intensity="0.10" type="0"/>
    <Peak1D F1="4.1237" intensity="0.04" type="0"/>
    <Peak1D F1="3.8321" intensity="0.01" type="0"/>
    <Peak1D F1="3.7982" intensity="0.01" type="0"/>
    <Peak1D F1="3.7900" intensity="0.11" type="0"/>
    <Peak1D F1="3.7834" intensity="0.11" type="0"/>
    <Peak1D F1="3.7658" intensity="0.14" type="0"/>
    <Peak1D F1="3.7596" intensity="0.15" type="0"/>
    <Peak1D F1="3.7463" intensity="0.01" type="0"/>
    <Peak1D F1="3.7329" intensity="0.01" type="0"/>
    <Peak1D F1="3.7234" intensity="0.01" type="0"/>
    <Peak1D F1="3.6635" intensity="0.01" type="0"/>
    <Peak1D F1="3.6501" intensity="0.01" type="0"/>
    <Peak1D F1="3.6428" intensity="0.01" type="0"/>
    <Peak1D F1="3.6298" intensity="0.15" type="0"/>
    <Peak1D F1="3.6145" intensity="0.16" type="0"/>
    <Peak1D F1="3.6057" intensity="0.12" type="0"/>
    <Peak1D F1="3.5905" intensity="0.12" type="0"/>
    <Peak1D F1="3.5821" intensity="0.01" type="0"/>
    <Peak1D F1="3.5774" intensity="0.01" type="0"/>
    <Peak1D F1="3.5551" intensity="0.02" type="0"/>
    <Peak1D F1="3.5383" intensity="1.70" type="0"/>
    <Peak1D F1="3.5306" intensity="1.72" type="0"/>
    <Peak1D F1="3.5149" intensity="2.43" type="0"/>
    <Peak1D F1="3.5072" intensity="2.37" type="0"/>
    <Peak1D F1="3.4771" intensity="0.01" type="0"/>
    <Peak1D F1="3.4555" intensity="0.01" type="0"/>
    <Peak1D F1="3.4495" intensity="0.01" type="0"/>
    <Peak1D F1="3.4390" intensity="0.01" type="0"/>
    <Peak1D F1="3.4350" intensity="0.02" type="0"/>
    <Peak1D F1="3.4311" intensity="0.02" type="0"/>
    <Peak1D F1="3.4254" intensity="0.02" type="0"/>
    <Peak1D F1="3.4093" intensity="2.58" type="0"/>
    <Peak1D F1="3.3946" intensity="2.53" type="0"/>
    <Peak1D F1="3.3859" intensity="1.85" type="0"/>
    <Peak1D F1="3.3712" intensity="1.81" type="0"/>
    <Peak1D F1="3.3443" intensity="0.01" type="0"/>
    <Peak1D F1="3.3381" intensity="0.01" type="0"/>
    <Peak1D F1="3.3156" intensity="0.03" type="0"/>
    <Peak1D F1="3.3001" intensity="0.02" type="0"/>
    <Peak1D F1="3.2852" intensity="0.01" type="0"/>
    <Peak1D F1="3.2768" intensity="0.01" type="0"/>
    <Peak1D F1="3.2628" intensity="0.01" type="0"/>
    <Peak1D F1="2.9773" intensity="0.01" type="0"/>
    <Peak1D F1="2.3653" intensity="0.01" type="0"/>
    <Peak1D F1="2.1889" intensity="0.01" type="0"/>
    <Peak1D F1="2.1305" intensity="0.01" type="0"/>
    <Peak1D F1="2.1282" intensity="0.01" type="0"/>
    <Peak1D F1="2.1215" intensity="0.01" type="0"/>
    <Peak1D F1="2.1053" intensity="0.23" type="0"/>
    <Peak1D F1="2.1006" intensity="0.23" type="0"/>
    <Peak1D F1="2.0646" intensity="0.49" type="0"/>
    <Peak1D F1="2.0394" intensity="0.01" type="0"/>
    <Peak1D F1="2.0284" intensity="0.02" type="0"/>
    <Peak1D F1="2.0174" intensity="0.03" type="0"/>
    <Peak1D F1="2.0060" intensity="0.02" type="0"/>
    <Peak1D F1="1.9906" intensity="0.03" type="0"/>
    <Peak1D F1="1.9740" intensity="4.01" type="0"/>
    <Peak1D F1="1.9697" intensity="4.01" type="0"/>
    <Peak1D F1="1.9398" intensity="0.01" type="0"/>
    <Peak1D F1="1.7796" intensity="0.01" type="0"/>
    <Peak1D F1="1.7298" intensity="0.03" type="0"/>
    <Peak1D F1="1.7087" intensity="0.01" type="0"/>
    <Peak1D F1="1.7041" intensity="0.01" type="0"/>
    <Peak1D F1="1.6672" intensity="0.01" type="0"/>
    <Peak1D F1="1.6565" intensity="0.01" type="0"/>
    <Peak1D F1="1.6195" intensity="0.01" type="0"/>
    <Peak1D F1="1.6108" intensity="0.02" type="0"/>
    <Peak1D F1="1.6030" intensity="0.02" type="0"/>
    <Peak1D F1="1.5946" intensity="0.04" type="0"/>
    <Peak1D F1="1.5912" intensity="0.03" type="0"/>
    <Peak1D F1="1.5816" intensity="0.03" type="0"/>
    <Peak1D F1="1.5787" intensity="0.04" type="0"/>
    <Peak1D F1="1.5747" intensity="0.03" type="0"/>
    <Peak1D F1="1.5643" intensity="0.10" type="0"/>
    <Peak1D F1="1.5576" intensity="2.97" type="0"/>
    <Peak1D F1="1.5437" intensity="0.04" type="0"/>
    <Peak1D F1="1.5363" intensity="0.05" type="0"/>
    <Peak1D F1="1.5272" intensity="0.02" type="0"/>
    <Peak1D F1="1.5204" intensity="0.01" type="0"/>
    <Peak1D F1="1.5046" intensity="0.01" type="0"/>
    <Peak1D F1="1.4556" intensity="0.01" type="0"/>
    <Peak1D F1="1.4534" intensity="0.01" type="0"/>
    <Peak1D F1="1.4470" intensity="0.02" type="0"/>
    <Peak1D F1="1.4392" intensity="0.01" type="0"/>
    <Peak1D F1="1.4312" intensity="0.02" type="0"/>
    <Peak1D F1="1.4218" intensity="0.01" type="0"/>
    <Peak1D F1="1.4048" intensity="0.01" type="0"/>
    <Peak1D F1="1.3988" intensity="0.01" type="0"/>
    <Peak1D F1="1.3972" intensity="0.01" type="0"/>
    <Peak1D F1="1.3927" intensity="0.03" type="0"/>
    <Peak1D F1="1.3800" intensity="0.04" type="0"/>
    <Peak1D F1="1.3712" intensity="0.03" type="0"/>
    <Peak1D F1="1.3676" intensity="0.04" type="0"/>
    <Peak1D F1="1.3585" intensity="0.05" type="0"/>
    <Peak1D F1="1.3532" intensity="0.03" type="0"/>
    <Peak1D F1="1.3490" intensity="0.03" type="0"/>
    <Peak1D F1="1.3457" intensity="0.03" type="0"/>
    <Peak1D F1="1.3406" intensity="0.03" type="0"/>
    <Peak1D F1="1.3364" intensity="0.04" type="0"/>
    <Peak1D F1="1.3295" intensity="0.04" type="0"/>
    <Peak1D F1="1.3241" intensity="0.04" type="0"/>
    <Peak1D F1="1.3201" intensity="0.16" type="0"/>
    <Peak1D F1="1.3120" intensity="0.04" type="0"/>
    <Peak1D F1="1.3084" intensity="0.03" type="0"/>
    <Peak1D F1="1.3040" intensity="0.04" type="0"/>
    <Peak1D F1="1.3000" intensity="0.03" type="0"/>
    <Peak1D F1="1.2925" intensity="0.16" type="0"/>
    <Peak1D F1="1.2806" intensity="0.34" type="0"/>
    <Peak1D F1="1.2687" intensity="0.15" type="0"/>
    <Peak1D F1="1.2619" intensity="0.03" type="0"/>
    <Peak1D F1="1.2561" intensity="0.04" type="0"/>
    <Peak1D F1="1.2360" intensity="0.57" type="0"/>
    <Peak1D F1="1.2265" intensity="0.05" type="0"/>
    <Peak1D F1="1.2026" intensity="0.01" type="0"/>
    <Peak1D F1="1.1938" intensity="0.02" type="0"/>
    <Peak1D F1="1.1863" intensity="0.39" type="0"/>
    <Peak1D F1="1.1762" intensity="0.04" type="0"/>
    <Peak1D F1="1.1719" intensity="0.05" type="0"/>
    <Peak1D F1="1.1679" intensity="0.02" type="0"/>
    <Peak1D F1="1.1616" intensity="0.16" type="0"/>
    <Peak1D F1="1.1499" intensity="0.05" type="0"/>
    <Peak1D F1="1.1372" intensity="0.04" type="0"/>
    <Peak1D F1="1.1249" intensity="0.02" type="0"/>
    <Peak1D F1="1.0791" intensity="0.01" type="0"/>
    <Peak1D F1="0.9828" intensity="0.01" type="0"/>
    <Peak1D F1="0.9636" intensity="0.07" type="0"/>
    <Peak1D F1="0.9514" intensity="0.14" type="0"/>
    <Peak1D F1="0.9439" intensity="0.02" type="0"/>
    <Peak1D F1="0.9392" intensity="0.07" type="0"/>
    <Peak1D F1="0.9331" intensity="0.19" type="0"/>
    <Peak1D F1="0.9216" intensity="0.19" type="0"/>
    <Peak1D F1="0.9169" intensity="0.10" type="0"/>
    <Peak1D F1="0.9132" intensity="0.12" type="0"/>
    <Peak1D F1="0.9044" intensity="0.16" type="0"/>
    <Peak1D F1="0.9010" intensity="0.21" type="0"/>
    <Peak1D F1="0.8936" intensity="0.60" type="0"/>
    <Peak1D F1="0.8889" intensity="0.12" type="0"/>
    <Peak1D F1="0.8819" intensity="0.61" type="0"/>
    <Peak1D F1="0.8729" intensity="0.21" type="0"/>
    <Peak1D F1="0.8692" intensity="0.17" type="0"/>
    <Peak1D F1="0.8668" intensity="0.21" type="0"/>
    <Peak1D F1="0.8620" intensity="0.20" type="0"/>
    <Peak1D F1="0.8558" intensity="0.19" type="0"/>
    <Peak1D F1="0.8449" intensity="0.02" type="0"/>
    <Peak1D F1="0.8355" intensity="0.01" type="0"/>
    <Peak1D F1="0.8212" intensity="0.01" type="0"/>
    <Peak1D F1="0.0965" intensity="0.03" type="0"/>
    <Peak1D F1="-0.3936" intensity="0.01" type="0"/>
    <Peak1D F1="-1.4584" intensity="0.01" type="0"/>
    <Peak1D F1="-3.8675" intensity="0.01" type="0"/>
    <Peak1D F1="-4.6856" intensity="0.01" type="0"/>
    <Peak1D F1="-4.9699" intensity="0.01" type="0"/>
  </PeakList1D>
</PeakList>
