<?xml version="1.0" encoding="UTF-8"?>
<PeakList>
  <PeakList1D>
    <PeakList1DHeader creator="nmrsu" date="2023-07-23T19:42:19.761-05:00" expNo="1262710" name="Jul23-2023" owner="" procNo="1" source="G:/data/chem-synthesis-summer-a-team2/nmr">
      <PeakPickDetails>F1=219.460297ppm, F2=-19.460289ppm, MI=0.00cm, MAXI=10000.00cm, PC=1.400
      </PeakPickDetails>
    </PeakList1DHeader>
    <Peak1D F1="174.439804" intensity="1.776762e+000" type="0"/>
    <Peak1D F1="127.357864" intensity="3.948133e+000" type="0"/>
    <Peak1D F1="77.349838" intensity="1.426325e+001" type="0"/>
    <Peak1D F1="77.030640" intensity="1.416749e+001" type="0"/>
    <Peak1D F1="76.714043" intensity="1.294043e+001" type="0"/>
    <Peak1D F1="40.405659" intensity="1.453165e+001" type="0"/>
    <Peak1D F1="30.476988" intensity="1.500000e+001" type="0"/>
    <Peak1D F1="19.286415" intensity="8.871303e+000" type="0"/>
  </PeakList1D>
</PeakList>
