<?xml version="1.0" encoding="UTF-8"?>
<PeakList modified="2020-02-04T16:25:12">
  <PeakList1D>
    <PeakList1DHeader creator="Dell" date="2020-02-04T16:24:57" expNo="4" name="SDT252A" owner="" procNo="1" source="C:/Users/Dell/Desktop/NMR/Tetrahydroisoquinoline">
      <PeakPickDetails>F1=174.381042ppm, F2=99.306328ppm, MI=0.18cm, MAXI=1.27cm, PC=1.400
      </PeakPickDetails>
    </PeakList1DHeader>
    <Peak1D F1="165.391388" intensity="0.6635126" type="0"/>
    <Peak1D F1="155.785507" intensity="0.4242893" type="0"/>
    <Peak1D F1="154.644089" intensity="0.7690856" type="0"/>
    <Peak1D F1="136.064758" intensity="0.4844251" type="0"/>
    <Peak1D F1="135.903549" intensity="0.4813164" type="0"/>
    <Peak1D F1="129.401932" intensity="0.4555553" type="0"/>
    <Peak1D F1="111.031815" intensity="0.8333509" type="0"/>
  </PeakList1D>
  <PeakList1D>
    <PeakList1DHeader creator="Dell" date="2020-02-04T16:24:57" expNo="4" name="SDT252A" owner="" procNo="1" source="C:/Users/Dell/Desktop/NMR/Tetrahydroisoquinoline">
      <PeakPickDetails>F1=82.647095ppm, F2=72.478470ppm, MI=1.98cm, MAXI=21.85cm, PC=1.400
      </PeakPickDetails>
    </PeakList1DHeader>
    <Peak1D F1="77.383339" intensity="14.8362" type="0"/>
    <Peak1D F1="77.201736" intensity="15.0" type="0"/>
    <Peak1D F1="77.020287" intensity="14.84012" type="0"/>
  </PeakList1D>
  <PeakList1D>
    <PeakList1DHeader creator="Dell" date="2020-02-04T16:24:57" expNo="4" name="SDT252A" owner="" procNo="1" source="C:/Users/Dell/Desktop/NMR/Tetrahydroisoquinoline">
      <PeakPickDetails>F1=64.906097ppm, F2=17.524645ppm, MI=0.36cm, MAXI=2.17cm, PC=1.400
      </PeakPickDetails>
    </PeakList1DHeader>
    <Peak1D F1="62.409081" intensity="1.935354" type="0"/>
    <Peak1D F1="61.595703" intensity="0.9381001" type="0"/>
    <Peak1D F1="55.822903" intensity="1.779155" type="0"/>
    <Peak1D F1="46.939571" intensity="1.308414" type="0"/>
    <Peak1D F1="45.270798" intensity="1.29109" type="0"/>
    <Peak1D F1="30.074154" intensity="1.633527" type="0"/>
    <Peak1D F1="28.349707" intensity="1.420298" type="0"/>
  </PeakList1D>
  <PeakList1D>
    <PeakList1DHeader creator="Dell" date="2020-02-04T16:24:57" expNo="4" name="SDT252A" owner="" procNo="1" source="C:/Users/Dell/Desktop/NMR/Tetrahydroisoquinoline">
      <PeakPickDetails>F1=6.923317ppm, F2=-0.432707ppm, MI=1.18cm, MAXI=7.15cm, PC=1.400
      </PeakPickDetails>
    </PeakList1DHeader>
    <Peak1D F1="3.089984" intensity="5.285969" type="0"/>
  </PeakList1D>
  <PeakList1D>
    <PeakList1DHeader creator="Dell@Dell-PC" date="2020-02-04T16:25:14" expNo="4" name="SDT252A" owner="Dell" procNo="1" source="C:/Users/Dell/Desktop/NMR/Tetrahydroisoquinoline">
      <PeakPickDetails>Manually picked peaks
</PeakPickDetails>
    </PeakList1DHeader>
    <Peak1D F1="45.980938821097034" intensity="0.12286758292444946" type="1"/>
    <Peak1D F1="21.20265749935761" intensity="0.1293290561020552" type="1"/>
  </PeakList1D>
</PeakList>
