<?xml version="1.0" encoding="UTF-8"?>
<PeakList modified="2020-02-03T18:27:07">
  <PeakList1D>
    <PeakList1DHeader creator="Dell" date="2020-02-03T18:27:07" expNo="1" name="SDT333A2" owner="" procNo="1" source="C:/Users/Dell/Desktop/NMR/E synthesis">
      <PeakPickDetails>F1=7.477674ppm, F2=7.261919ppm, MI=5.48cm, MAXI=17.56cm, PC=1.000
      </PeakPickDetails>
    </PeakList1DHeader>
  </PeakList1D>
  <PeakList1D>
    <PeakList1DHeader creator="Dell" date="2020-02-03T18:27:07" expNo="1" name="SDT333A2" owner="" procNo="1" source="C:/Users/Dell/Desktop/NMR/E synthesis">
      <PeakPickDetails>F1=7.261919ppm, F2=7.257653ppm, MI=9.24cm, MAXI=20.45cm, PC=1.000
      </PeakPickDetails>
    </PeakList1DHeader>
    <Peak1D F1="7.259985" intensity="12.10191" type="0"/>
  </PeakList1D>
  <PeakList1D>
    <PeakList1DHeader creator="Dell" date="2020-02-03T18:27:07" expNo="1" name="SDT333A2" owner="" procNo="1" source="C:/Users/Dell/Desktop/NMR/E synthesis">
      <PeakPickDetails>F1=7.257653ppm, F2=7.007493ppm, MI=0.44cm, MAXI=3.02cm, PC=1.000
      </PeakPickDetails>
    </PeakList1DHeader>
    <Peak1D F1="7.168358" intensity="1.602892" type="0"/>
    <Peak1D F1="7.166572" intensity="1.499264" type="0"/>
    <Peak1D F1="7.156744" intensity="1.705329" type="0"/>
    <Peak1D F1="7.154899" intensity="1.537371" type="0"/>
  </PeakList1D>
  <PeakList1D>
    <PeakList1DHeader creator="Dell" date="2020-02-03T18:27:07" expNo="1" name="SDT333A2" owner="" procNo="1" source="C:/Users/Dell/Desktop/NMR/E synthesis">
      <PeakPickDetails>F1=6.962284ppm, F2=6.618691ppm, MI=0.93cm, MAXI=4.34cm, PC=1.000
      </PeakPickDetails>
    </PeakList1DHeader>
    <Peak1D F1="6.851779" intensity="1.422238" type="0"/>
    <Peak1D F1="6.840288" intensity="2.746881" type="0"/>
    <Peak1D F1="6.828783" intensity="1.679911" type="0"/>
    <Peak1D F1="6.767447" intensity="1.757039" type="0"/>
    <Peak1D F1="6.765774" intensity="1.641259" type="0"/>
    <Peak1D F1="6.756071" intensity="1.40072" type="0"/>
    <Peak1D F1="6.75431" intensity="1.248732" type="0"/>
  </PeakList1D>
  <PeakList1D>
    <PeakList1DHeader creator="Dell" date="2020-02-03T18:27:07" expNo="1" name="SDT333A2" owner="" procNo="1" source="C:/Users/Dell/Desktop/NMR/E synthesis">
      <PeakPickDetails>F1=6.088758ppm, F2=5.951894ppm, MI=0.48cm, MAXI=1.89cm, PC=1.000
      </PeakPickDetails>
    </PeakList1DHeader>
    <Peak1D F1="6.052503" intensity="0.8192763" type="0"/>
    <Peak1D F1="6.042017" intensity="1.34538" type="0"/>
    <Peak1D F1="6.031531" intensity="0.7784191" type="0"/>
  </PeakList1D>
  <PeakList1D>
    <PeakList1DHeader creator="Dell" date="2020-02-03T18:27:07" expNo="1" name="SDT333A2" owner="" procNo="1" source="C:/Users/Dell/Desktop/NMR/E synthesis">
      <PeakPickDetails>F1=4.517808ppm, F2=4.088161ppm, MI=0.70cm, MAXI=3.63cm, PC=1.000
      </PeakPickDetails>
    </PeakList1DHeader>
    <Peak1D F1="4.316198" intensity="2.430907" type="0"/>
    <Peak1D F1="4.308279" intensity="3.035053" type="0"/>
    <Peak1D F1="4.29981" intensity="2.444565" type="0"/>
  </PeakList1D>
  <PeakList1D>
    <PeakList1DHeader creator="Dell" date="2020-02-03T18:27:07" expNo="1" name="SDT333A2" owner="" procNo="1" source="C:/Users/Dell/Desktop/NMR/E synthesis">
      <PeakPickDetails>F1=4.036083ppm, F2=3.749651ppm, MI=5.10cm, MAXI=19.62cm, PC=1.000
      </PeakPickDetails>
    </PeakList1DHeader>
    <Peak1D F1="3.87422" intensity="15.0" type="0"/>
  </PeakList1D>
  <PeakList1D>
    <PeakList1DHeader creator="Dell" date="2020-02-03T18:27:07" expNo="1" name="SDT333A2" owner="" procNo="1" source="C:/Users/Dell/Desktop/NMR/E synthesis">
      <PeakPickDetails>F1=3.749651ppm, F2=3.254905ppm, MI=0.93cm, MAXI=7.41cm, PC=1.000
      </PeakPickDetails>
    </PeakList1DHeader>
    <Peak1D F1="3.62074" intensity="2.487036" type="0"/>
    <Peak1D F1="3.610863" intensity="4.80971" type="0"/>
    <Peak1D F1="3.601046" intensity="2.488567" type="0"/>
  </PeakList1D>
  <PeakList1D>
    <PeakList1DHeader creator="Dell" date="2020-02-03T18:27:07" expNo="1" name="SDT333A2" owner="" procNo="1" source="C:/Users/Dell/Desktop/NMR/E synthesis">
      <PeakPickDetails>F1=2.864317ppm, F2=2.486748ppm, MI=0.47cm, MAXI=6.76cm, PC=1.000
      </PeakPickDetails>
    </PeakList1DHeader>
    <Peak1D F1="2.683291" intensity="2.591148" type="0"/>
    <Peak1D F1="2.677271" intensity="3.651275" type="0"/>
    <Peak1D F1="2.667528" intensity="2.766865" type="0"/>
    <Peak1D F1="2.65741" intensity="1.154668" type="0"/>
  </PeakList1D>
</PeakList>
