<?xml version="1.0" encoding="UTF-8"?>
<PeakList>
  <PeakList1D>
    <PeakList1DHeader creator="nmrsu" date="2023-06-15T12:33:06.606-05:00" expNo="1203410" name="Jun15-2023" owner="" procNo="1" source="G:/data/chem-synthesis-a-team3/nmr">
      <PeakPickDetails>F1=16.187771ppm, F2=-3.837772ppm, MI=0.00cm, MAXI=10000.00cm, PC=1.000
      </PeakPickDetails>
    </PeakList1DHeader>
    <Peak1D F1="13.907805" intensity="9.163959e-004" type="0"/>
    <Peak1D F1="10.457914" intensity="5.250697e-003" type="0"/>
    <Peak1D F1="10.403069" intensity="1.187116e-003" type="0"/>
    <Peak1D F1="9.919473" intensity="1.807246e-003" type="0"/>
    <Peak1D F1="9.859513" intensity="1.742581e-003" type="0"/>
    <Peak1D F1="8.756232" intensity="9.640891e-004" type="0"/>
    <Peak1D F1="8.390191" intensity="8.937946e-004" type="0"/>
    <Peak1D F1="8.301171" intensity="1.121201e-003" type="0"/>
    <Peak1D F1="8.235766" intensity="1.316728e-003" type="0"/>
    <Peak1D F1="8.205619" intensity="1.406356e-003" type="0"/>
    <Peak1D F1="8.197406" intensity="1.729809e-003" type="0"/>
    <Peak1D F1="8.175259" intensity="3.364576e-003" type="0"/>
    <Peak1D F1="8.153840" intensity="3.510705e-003" type="0"/>
    <Peak1D F1="8.131289" intensity="6.411538e-003" type="0"/>
    <Peak1D F1="8.099038" intensity="2.159619e-003" type="0"/>
    <Peak1D F1="8.054700" intensity="2.829842e-003" type="0"/>
    <Peak1D F1="8.020735" intensity="3.431175e-003" type="0"/>
    <Peak1D F1="7.998010" intensity="3.586510e-003" type="0"/>
    <Peak1D F1="7.985391" intensity="3.903122e-003" type="0"/>
    <Peak1D F1="7.934103" intensity="5.748541e-003" type="0"/>
    <Peak1D F1="7.902167" intensity="7.356994e-003" type="0"/>
    <Peak1D F1="7.801920" intensity="3.083602e-002" type="0"/>
    <Peak1D F1="7.791376" intensity="3.144411e-002" type="0"/>
    <Peak1D F1="7.692392" intensity="7.247549e-001" type="0"/>
    <Peak1D F1="7.607437" intensity="4.887041e-002" type="0"/>
    <Peak1D F1="7.582182" intensity="4.449151e-002" type="0"/>
    <Peak1D F1="7.553497" intensity="2.168181e-002" type="0"/>
    <Peak1D F1="7.541969" intensity="2.237648e-002" type="0"/>
    <Peak1D F1="7.471639" intensity="3.257394e-002" type="0"/>
    <Peak1D F1="7.405628" intensity="3.498443e+000" type="0"/>
    <Peak1D F1="7.384896" intensity="3.911176e+000" type="0"/>
    <Peak1D F1="7.320440" intensity="4.832454e-002" type="0"/>
    <Peak1D F1="7.283055" intensity="6.124812e-001" type="0"/>
    <Peak1D F1="7.187160" intensity="1.190364e-001" type="0"/>
    <Peak1D F1="7.180433" intensity="1.110083e-001" type="0"/>
    <Peak1D F1="7.127685" intensity="3.660676e+000" type="0"/>
    <Peak1D F1="7.107246" intensity="3.077347e+000" type="0"/>
    <Peak1D F1="7.050694" intensity="7.547987e-002" type="0"/>
    <Peak1D F1="6.964908" intensity="8.511120e-003" type="0"/>
    <Peak1D F1="6.928977" intensity="2.032327e-002" type="0"/>
    <Peak1D F1="6.911841" intensity="1.633165e-002" type="0"/>
    <Peak1D F1="6.834339" intensity="2.419570e-003" type="0"/>
    <Peak1D F1="6.798022" intensity="1.753855e-003" type="0"/>
    <Peak1D F1="6.769744" intensity="1.500822e-003" type="0"/>
    <Peak1D F1="6.736210" intensity="1.375989e-003" type="0"/>
    <Peak1D F1="6.729739" intensity="1.293113e-003" type="0"/>
    <Peak1D F1="6.672972" intensity="1.036432e-003" type="0"/>
    <Peak1D F1="6.653413" intensity="1.071456e-003" type="0"/>
    <Peak1D F1="6.642493" intensity="1.125309e-003" type="0"/>
    <Peak1D F1="6.625633" intensity="1.053543e-003" type="0"/>
    <Peak1D F1="6.571218" intensity="1.091762e-003" type="0"/>
    <Peak1D F1="6.512299" intensity="1.082712e-003" type="0"/>
    <Peak1D F1="6.447342" intensity="1.086892e-003" type="0"/>
    <Peak1D F1="6.413767" intensity="9.027206e-004" type="0"/>
    <Peak1D F1="6.330328" intensity="8.873451e-004" type="0"/>
    <Peak1D F1="6.160601" intensity="9.336411e-004" type="0"/>
    <Peak1D F1="5.873718" intensity="1.917193e-003" type="0"/>
    <Peak1D F1="4.960413" intensity="9.407332e-004" type="0"/>
    <Peak1D F1="4.953204" intensity="1.178876e-003" type="0"/>
    <Peak1D F1="4.757666" intensity="1.015355e-003" type="0"/>
    <Peak1D F1="4.125168" intensity="9.320200e-004" type="0"/>
    <Peak1D F1="4.105544" intensity="2.566135e-003" type="0"/>
    <Peak1D F1="4.089724" intensity="4.413451e-003" type="0"/>
    <Peak1D F1="4.074752" intensity="2.107776e-003" type="0"/>
    <Peak1D F1="3.796837" intensity="1.101382e-003" type="0"/>
    <Peak1D F1="3.689692" intensity="1.679684e-003" type="0"/>
    <Peak1D F1="3.680404" intensity="1.616820e-003" type="0"/>
    <Peak1D F1="3.192788" intensity="9.423028e-004" type="0"/>
    <Peak1D F1="3.155273" intensity="9.342963e-004" type="0"/>
    <Peak1D F1="3.099913" intensity="1.429816e-003" type="0"/>
    <Peak1D F1="3.048245" intensity="2.034964e-003" type="0"/>
    <Peak1D F1="3.030348" intensity="2.283179e-003" type="0"/>
    <Peak1D F1="2.965898" intensity="4.617833e-003" type="0"/>
    <Peak1D F1="2.955564" intensity="4.550759e-003" type="0"/>
    <Peak1D F1="2.782852" intensity="2.168323e-002" type="0"/>
    <Peak1D F1="2.711439" intensity="1.592639e-002" type="0"/>
    <Peak1D F1="2.624398" intensity="8.335098e-003" type="0"/>
    <Peak1D F1="2.602376" intensity="1.189921e-002" type="0"/>
    <Peak1D F1="2.581491" intensity="7.687326e-003" type="0"/>
    <Peak1D F1="2.538552" intensity="8.569937e-003" type="0"/>
    <Peak1D F1="2.536159" intensity="8.733855e-003" type="0"/>
    <Peak1D F1="2.478887" intensity="8.063159e-002" type="0"/>
    <Peak1D F1="2.376245" intensity="1.955503e-001" type="0"/>
    <Peak1D F1="2.322725" intensity="1.262286e+001" type="0"/>
    <Peak1D F1="2.241010" intensity="5.475536e-002" type="0"/>
    <Peak1D F1="2.159355" intensity="1.500000e+001" type="0"/>
    <Peak1D F1="2.088472" intensity="1.013270e-001" type="0"/>
    <Peak1D F1="2.022361" intensity="1.444453e-001" type="0"/>
    <Peak1D F1="1.997637" intensity="1.213574e-001" type="0"/>
    <Peak1D F1="1.887003" intensity="6.448466e-003" type="0"/>
    <Peak1D F1="1.862369" intensity="7.729670e-003" type="0"/>
    <Peak1D F1="1.852753" intensity="7.830713e-003" type="0"/>
    <Peak1D F1="1.832660" intensity="5.669302e-003" type="0"/>
    <Peak1D F1="1.820539" intensity="4.357584e-003" type="0"/>
    <Peak1D F1="1.778638" intensity="3.937502e-003" type="0"/>
    <Peak1D F1="1.750841" intensity="3.473879e-003" type="0"/>
    <Peak1D F1="1.742018" intensity="3.377154e-003" type="0"/>
    <Peak1D F1="1.715509" intensity="3.029776e-003" type="0"/>
    <Peak1D F1="1.683315" intensity="3.127703e-003" type="0"/>
    <Peak1D F1="1.675664" intensity="3.190707e-003" type="0"/>
    <Peak1D F1="1.654015" intensity="3.257284e-003" type="0"/>
    <Peak1D F1="1.630314" intensity="3.059438e-003" type="0"/>
    <Peak1D F1="1.598933" intensity="3.001577e-003" type="0"/>
    <Peak1D F1="1.569482" intensity="3.804311e-003" type="0"/>
    <Peak1D F1="1.548503" intensity="4.329546e-003" type="0"/>
    <Peak1D F1="1.528793" intensity="3.837448e-003" type="0"/>
    <Peak1D F1="1.513282" intensity="3.368727e-003" type="0"/>
    <Peak1D F1="1.497860" intensity="2.634575e-003" type="0"/>
    <Peak1D F1="1.458850" intensity="2.542389e-003" type="0"/>
    <Peak1D F1="1.434354" intensity="2.325806e-003" type="0"/>
    <Peak1D F1="1.377466" intensity="2.276327e-003" type="0"/>
    <Peak1D F1="1.330200" intensity="3.452993e-003" type="0"/>
    <Peak1D F1="1.325874" intensity="3.689945e-003" type="0"/>
    <Peak1D F1="1.279786" intensity="1.870121e-002" type="0"/>
    <Peak1D F1="1.248153" intensity="3.255554e-003" type="0"/>
    <Peak1D F1="1.229027" intensity="2.772752e-003" type="0"/>
    <Peak1D F1="1.219897" intensity="2.473025e-003" type="0"/>
    <Peak1D F1="1.172136" intensity="1.693546e-003" type="0"/>
    <Peak1D F1="1.154632" intensity="1.655881e-003" type="0"/>
    <Peak1D F1="1.110624" intensity="1.500595e-003" type="0"/>
    <Peak1D F1="1.073700" intensity="1.631679e-003" type="0"/>
    <Peak1D F1="1.064517" intensity="1.752442e-003" type="0"/>
    <Peak1D F1="1.034590" intensity="4.927228e-003" type="0"/>
    <Peak1D F1="1.016546" intensity="8.454416e-003" type="0"/>
    <Peak1D F1="1.005625" intensity="2.623739e-003" type="0"/>
    <Peak1D F1="0.997287" intensity="4.739688e-003" type="0"/>
    <Peak1D F1="0.981242" intensity="1.756684e-003" type="0"/>
    <Peak1D F1="0.957939" intensity="1.942311e-003" type="0"/>
    <Peak1D F1="0.924236" intensity="2.670275e-003" type="0"/>
    <Peak1D F1="0.905430" intensity="4.047395e-003" type="0"/>
    <Peak1D F1="0.889420" intensity="3.264151e-003" type="0"/>
    <Peak1D F1="0.859614" intensity="1.659698e-003" type="0"/>
    <Peak1D F1="0.813015" intensity="1.459278e-003" type="0"/>
    <Peak1D F1="0.789891" intensity="1.023330e-003" type="0"/>
    <Peak1D F1="0.731279" intensity="1.134204e-003" type="0"/>
    <Peak1D F1="0.716009" intensity="1.291936e-003" type="0"/>
    <Peak1D F1="0.663715" intensity="1.056745e-003" type="0"/>
    <Peak1D F1="0.659099" intensity="9.985950e-004" type="0"/>
    <Peak1D F1="0.627838" intensity="1.076609e-003" type="0"/>
    <Peak1D F1="0.572511" intensity="1.161883e-003" type="0"/>
    <Peak1D F1="0.484197" intensity="9.527514e-004" type="0"/>
    <Peak1D F1="0.395666" intensity="1.061494e-003" type="0"/>
    <Peak1D F1="0.388382" intensity="8.980677e-004" type="0"/>
    <Peak1D F1="0.099818" intensity="1.638053e-003" type="0"/>
    <Peak1D F1="0.086106" intensity="9.609894e-004" type="0"/>
    <Peak1D F1="-3.577920" intensity="9.476045e-004" type="0"/>
    <Peak1D F1="-3.668435" intensity="1.508395e-003" type="0"/>
  </PeakList1D>
</PeakList>
