<?xml version="1.0" encoding="UTF-8"?>
<PeakList>
  <PeakList1D>
    <PeakList1DHeader creator="chemist" date="2019-02-06T18:20:06.887+00:00" expNo="10" name="Z145453" owner="" procNo="1" source="f:\data\chemist\nmr\">
      <PeakPickDetails>F1=15.000ppm, F2=-0.100ppm, MI=0.50cm, MAXI=80.00cm, PC=1.000
      </PeakPickDetails>
    </PeakList1DHeader>
    <Peak1D F1="7.9630" intensity="5.393270e-001" type="0"/>
    <Peak1D F1="7.9576" intensity="5.431390e-001" type="0"/>
    <Peak1D F1="7.9456" intensity="5.876352e-001" type="0"/>
    <Peak1D F1="7.3007" intensity="5.846828e-001" type="0"/>
    <Peak1D F1="7.2851" intensity="1.712527e+000" type="0"/>
    <Peak1D F1="7.1484" intensity="1.692194e+000" type="0"/>
    <Peak1D F1="7.1439" intensity="1.029206e+000" type="0"/>
    <Peak1D F1="7.1273" intensity="2.274130e+000" type="0"/>
    <Peak1D F1="7.0249" intensity="6.763021e-001" type="0"/>
    <Peak1D F1="7.0226" intensity="6.831977e-001" type="0"/>
    <Peak1D F1="6.8953" intensity="1.759626e+000" type="0"/>
    <Peak1D F1="6.8904" intensity="6.034428e-001" type="0"/>
    <Peak1D F1="6.8786" intensity="5.387726e-001" type="0"/>
    <Peak1D F1="6.8737" intensity="1.473174e+000" type="0"/>
    <Peak1D F1="3.8224" intensity="7.587624e+000" type="0"/>
    <Peak1D F1="3.1313" intensity="6.233275e-001" type="0"/>
    <Peak1D F1="3.1089" intensity="6.307053e-001" type="0"/>
    <Peak1D F1="3.0873" intensity="6.027785e-001" type="0"/>
    <Peak1D F1="3.0741" intensity="6.157660e-001" type="0"/>
    <Peak1D F1="2.2997" intensity="9.856632e-001" type="0"/>
    <Peak1D F1="2.2927" intensity="9.811382e-001" type="0"/>
    <Peak1D F1="1.6348" intensity="5.928634e-001" type="0"/>
    <Peak1D F1="1.5936" intensity="1.193163e+000" type="0"/>
    <Peak1D F1="1.5554" intensity="2.000000e+001" type="0"/>
    <Peak1D F1="1.3091" intensity="5.425092e-001" type="0"/>
  </PeakList1D>
</PeakList>
