<?xml version="1.0" encoding="UTF-8"?>
<PeakList>
  <PeakList1D>
    <PeakList1DHeader creator="nmrsu" date="2023-07-27T12:35:13.041-05:00" expNo="1274810" name="Jul27-2023" owner="" procNo="1" source="G:/data/chem-synthesis-summer-a-team3/nmr">
      <PeakPickDetails>F1=16.187771ppm, F2=-3.837772ppm, MI=0.00cm, MAXI=10000.00cm, PC=1.000
      </PeakPickDetails>
    </PeakList1DHeader>
    <Peak1D F1="16.103395" intensity="4.854540e-004" type="0"/>
    <Peak1D F1="16.071714" intensity="4.779299e-004" type="0"/>
    <Peak1D F1="15.975450" intensity="4.984444e-004" type="0"/>
    <Peak1D F1="15.945239" intensity="4.484984e-004" type="0"/>
    <Peak1D F1="15.894587" intensity="4.138426e-004" type="0"/>
    <Peak1D F1="15.866535" intensity="4.023201e-004" type="0"/>
    <Peak1D F1="15.824320" intensity="3.472706e-004" type="0"/>
    <Peak1D F1="15.812745" intensity="3.908865e-004" type="0"/>
    <Peak1D F1="15.779788" intensity="3.762466e-004" type="0"/>
    <Peak1D F1="15.765352" intensity="3.423211e-004" type="0"/>
    <Peak1D F1="15.748678" intensity="3.588974e-004" type="0"/>
    <Peak1D F1="15.702419" intensity="3.391585e-004" type="0"/>
    <Peak1D F1="15.685436" intensity="3.235919e-004" type="0"/>
    <Peak1D F1="15.654390" intensity="3.250336e-004" type="0"/>
    <Peak1D F1="15.629821" intensity="3.166134e-004" type="0"/>
    <Peak1D F1="15.581755" intensity="3.082724e-004" type="0"/>
    <Peak1D F1="15.555731" intensity="3.008564e-004" type="0"/>
    <Peak1D F1="15.528618" intensity="2.992340e-004" type="0"/>
    <Peak1D F1="15.458220" intensity="2.493591e-004" type="0"/>
    <Peak1D F1="15.436934" intensity="2.736013e-004" type="0"/>
    <Peak1D F1="15.419530" intensity="2.391967e-004" type="0"/>
    <Peak1D F1="15.397389" intensity="2.312693e-004" type="0"/>
    <Peak1D F1="15.378448" intensity="2.272391e-004" type="0"/>
    <Peak1D F1="15.352201" intensity="2.273987e-004" type="0"/>
    <Peak1D F1="15.334160" intensity="2.893734e-004" type="0"/>
    <Peak1D F1="15.310699" intensity="2.106924e-004" type="0"/>
    <Peak1D F1="15.210491" intensity="2.119324e-004" type="0"/>
    <Peak1D F1="10.216302" intensity="2.265798e-004" type="0"/>
    <Peak1D F1="10.210336" intensity="2.251102e-004" type="0"/>
    <Peak1D F1="10.046995" intensity="2.184958e-004" type="0"/>
    <Peak1D F1="10.033218" intensity="2.373805e-004" type="0"/>
    <Peak1D F1="9.998107" intensity="2.240235e-004" type="0"/>
    <Peak1D F1="9.992476" intensity="2.563263e-004" type="0"/>
    <Peak1D F1="9.965309" intensity="2.546709e-004" type="0"/>
    <Peak1D F1="9.943159" intensity="2.261659e-004" type="0"/>
    <Peak1D F1="9.904059" intensity="2.252143e-004" type="0"/>
    <Peak1D F1="9.877760" intensity="2.409589e-004" type="0"/>
    <Peak1D F1="9.821238" intensity="3.039518e-004" type="0"/>
    <Peak1D F1="9.814087" intensity="4.365217e-004" type="0"/>
    <Peak1D F1="9.782110" intensity="2.868413e-004" type="0"/>
    <Peak1D F1="9.741368" intensity="2.899691e-004" type="0"/>
    <Peak1D F1="9.718095" intensity="2.715921e-004" type="0"/>
    <Peak1D F1="9.701906" intensity="2.710840e-004" type="0"/>
    <Peak1D F1="9.685227" intensity="2.742916e-004" type="0"/>
    <Peak1D F1="9.637840" intensity="2.779129e-004" type="0"/>
    <Peak1D F1="9.570376" intensity="2.658015e-004" type="0"/>
    <Peak1D F1="9.558659" intensity="3.121186e-004" type="0"/>
    <Peak1D F1="9.546440" intensity="2.986882e-004" type="0"/>
    <Peak1D F1="9.491940" intensity="2.855163e-004" type="0"/>
    <Peak1D F1="9.460525" intensity="2.996636e-004" type="0"/>
    <Peak1D F1="9.438066" intensity="3.216874e-004" type="0"/>
    <Peak1D F1="9.430790" intensity="3.142897e-004" type="0"/>
    <Peak1D F1="9.407337" intensity="3.193766e-004" type="0"/>
    <Peak1D F1="9.376325" intensity="3.255757e-004" type="0"/>
    <Peak1D F1="9.329771" intensity="2.958126e-004" type="0"/>
    <Peak1D F1="9.320793" intensity="2.890118e-004" type="0"/>
    <Peak1D F1="9.302006" intensity="2.991384e-004" type="0"/>
    <Peak1D F1="9.271641" intensity="2.898770e-004" type="0"/>
    <Peak1D F1="9.258263" intensity="3.055286e-004" type="0"/>
    <Peak1D F1="9.237277" intensity="3.317839e-004" type="0"/>
    <Peak1D F1="9.183281" intensity="3.410355e-004" type="0"/>
    <Peak1D F1="9.107731" intensity="2.881549e-004" type="0"/>
    <Peak1D F1="9.092924" intensity="2.766097e-004" type="0"/>
    <Peak1D F1="9.049111" intensity="2.741556e-004" type="0"/>
    <Peak1D F1="9.016339" intensity="3.231442e-004" type="0"/>
    <Peak1D F1="9.009916" intensity="2.871655e-004" type="0"/>
    <Peak1D F1="8.988497" intensity="3.074117e-004" type="0"/>
    <Peak1D F1="8.933835" intensity="3.016138e-004" type="0"/>
    <Peak1D F1="8.925148" intensity="2.986770e-004" type="0"/>
    <Peak1D F1="8.896185" intensity="2.992685e-004" type="0"/>
    <Peak1D F1="8.864812" intensity="2.936494e-004" type="0"/>
    <Peak1D F1="8.834437" intensity="3.159214e-004" type="0"/>
    <Peak1D F1="8.820679" intensity="2.815956e-004" type="0"/>
    <Peak1D F1="8.775540" intensity="3.473379e-004" type="0"/>
    <Peak1D F1="8.723495" intensity="2.158077e-004" type="0"/>
    <Peak1D F1="8.703373" intensity="2.743124e-004" type="0"/>
    <Peak1D F1="8.679840" intensity="2.472654e-004" type="0"/>
    <Peak1D F1="8.660810" intensity="2.746017e-004" type="0"/>
    <Peak1D F1="8.645852" intensity="2.462541e-004" type="0"/>
    <Peak1D F1="8.630983" intensity="2.294047e-004" type="0"/>
    <Peak1D F1="8.617849" intensity="2.793471e-004" type="0"/>
    <Peak1D F1="8.607603" intensity="2.119734e-004" type="0"/>
    <Peak1D F1="8.599364" intensity="2.352452e-004" type="0"/>
    <Peak1D F1="8.570441" intensity="2.746504e-004" type="0"/>
    <Peak1D F1="8.516813" intensity="2.294518e-004" type="0"/>
    <Peak1D F1="8.460412" intensity="2.313850e-004" type="0"/>
    <Peak1D F1="7.935257" intensity="5.924411e-004" type="0"/>
    <Peak1D F1="7.917235" intensity="5.947984e-004" type="0"/>
    <Peak1D F1="7.884158" intensity="2.291168e-004" type="0"/>
    <Peak1D F1="7.866192" intensity="5.646429e-004" type="0"/>
    <Peak1D F1="7.847353" intensity="5.510000e-004" type="0"/>
    <Peak1D F1="7.784942" intensity="2.505345e-004" type="0"/>
    <Peak1D F1="7.763075" intensity="3.717790e-004" type="0"/>
    <Peak1D F1="7.733061" intensity="5.069303e-004" type="0"/>
    <Peak1D F1="7.717280" intensity="7.485407e-004" type="0"/>
    <Peak1D F1="7.678729" intensity="5.790133e-004" type="0"/>
    <Peak1D F1="7.663242" intensity="3.440924e-004" type="0"/>
    <Peak1D F1="7.648399" intensity="4.216805e-004" type="0"/>
    <Peak1D F1="7.626654" intensity="6.536955e-004" type="0"/>
    <Peak1D F1="7.605887" intensity="2.030972e-003" type="0"/>
    <Peak1D F1="7.585298" intensity="2.030473e-003" type="0"/>
    <Peak1D F1="7.545282" intensity="1.398882e-003" type="0"/>
    <Peak1D F1="7.534080" intensity="9.390524e-004" type="0"/>
    <Peak1D F1="7.511829" intensity="1.109903e-003" type="0"/>
    <Peak1D F1="7.482354" intensity="1.101361e-003" type="0"/>
    <Peak1D F1="7.469306" intensity="1.537563e-003" type="0"/>
    <Peak1D F1="7.450086" intensity="1.245888e-003" type="0"/>
    <Peak1D F1="7.435410" intensity="1.149151e-003" type="0"/>
    <Peak1D F1="7.411431" intensity="1.461449e-003" type="0"/>
    <Peak1D F1="7.391969" intensity="1.722185e-003" type="0"/>
    <Peak1D F1="7.377711" intensity="2.887947e-003" type="0"/>
    <Peak1D F1="7.359021" intensity="3.685390e-003" type="0"/>
    <Peak1D F1="7.338216" intensity="3.260952e-003" type="0"/>
    <Peak1D F1="7.282150" intensity="6.282377e-002" type="0"/>
    <Peak1D F1="7.255976" intensity="4.316463e-003" type="0"/>
    <Peak1D F1="7.237254" intensity="5.656670e-003" type="0"/>
    <Peak1D F1="7.182188" intensity="1.623639e-001" type="0"/>
    <Peak1D F1="7.174432" intensity="5.126465e-002" type="0"/>
    <Peak1D F1="7.162686" intensity="4.089505e-001" type="0"/>
    <Peak1D F1="7.143404" intensity="3.570822e-001" type="0"/>
    <Peak1D F1="7.096634" intensity="4.252087e-001" type="0"/>
    <Peak1D F1="7.083094" intensity="7.196938e-001" type="0"/>
    <Peak1D F1="7.055466" intensity="3.723135e-001" type="0"/>
    <Peak1D F1="7.036846" intensity="2.693011e-001" type="0"/>
    <Peak1D F1="6.976867" intensity="2.456393e-003" type="0"/>
    <Peak1D F1="6.957478" intensity="2.703081e-003" type="0"/>
    <Peak1D F1="6.945776" intensity="1.000011e-003" type="0"/>
    <Peak1D F1="6.938778" intensity="1.136479e-003" type="0"/>
    <Peak1D F1="6.923070" intensity="2.958265e-004" type="0"/>
    <Peak1D F1="6.899651" intensity="1.955299e-003" type="0"/>
    <Peak1D F1="6.884223" intensity="4.516724e-003" type="0"/>
    <Peak1D F1="6.853910" intensity="2.369675e-003" type="0"/>
    <Peak1D F1="6.833451" intensity="2.000971e-003" type="0"/>
    <Peak1D F1="6.744747" intensity="2.698912e-004" type="0"/>
    <Peak1D F1="4.429348" intensity="1.492799e-003" type="0"/>
    <Peak1D F1="4.415922" intensity="1.181174e-003" type="0"/>
    <Peak1D F1="4.358886" intensity="3.497955e-004" type="0"/>
    <Peak1D F1="4.338979" intensity="3.143309e-004" type="0"/>
    <Peak1D F1="4.320834" intensity="3.864577e-004" type="0"/>
    <Peak1D F1="4.303135" intensity="5.337452e-004" type="0"/>
    <Peak1D F1="4.224471" intensity="1.025939e-002" type="0"/>
    <Peak1D F1="4.206647" intensity="2.628579e-002" type="0"/>
    <Peak1D F1="4.188791" intensity="2.705169e-002" type="0"/>
    <Peak1D F1="4.170936" intensity="1.199327e-002" type="0"/>
    <Peak1D F1="4.150910" intensity="5.454908e-003" type="0"/>
    <Peak1D F1="4.043366" intensity="1.487837e+000" type="0"/>
    <Peak1D F1="4.025502" intensity="4.232300e+000" type="0"/>
    <Peak1D F1="4.007628" intensity="4.272423e+000" type="0"/>
    <Peak1D F1="3.989779" intensity="1.520205e+000" type="0"/>
    <Peak1D F1="3.945029" intensity="5.972623e-003" type="0"/>
    <Peak1D F1="3.927778" intensity="4.031354e-003" type="0"/>
    <Peak1D F1="3.913542" intensity="3.541859e-003" type="0"/>
    <Peak1D F1="3.899064" intensity="4.778429e-003" type="0"/>
    <Peak1D F1="3.884027" intensity="4.966185e-003" type="0"/>
    <Peak1D F1="3.868806" intensity="3.406370e-003" type="0"/>
    <Peak1D F1="3.856812" intensity="8.714523e-003" type="0"/>
    <Peak1D F1="3.839026" intensity="2.476474e-002" type="0"/>
    <Peak1D F1="3.821196" intensity="2.439107e-002" type="0"/>
    <Peak1D F1="3.803318" intensity="8.228902e-003" type="0"/>
    <Peak1D F1="3.784887" intensity="2.423912e-004" type="0"/>
    <Peak1D F1="3.753950" intensity="2.466840e-003" type="0"/>
    <Peak1D F1="3.721283" intensity="1.068325e-003" type="0"/>
    <Peak1D F1="3.705281" intensity="3.795051e-003" type="0"/>
    <Peak1D F1="3.690274" intensity="2.991968e-003" type="0"/>
    <Peak1D F1="3.674104" intensity="3.688563e-003" type="0"/>
    <Peak1D F1="3.642655" intensity="2.331508e-003" type="0"/>
    <Peak1D F1="3.628546" intensity="2.550254e-003" type="0"/>
    <Peak1D F1="3.563296" intensity="1.026712e-002" type="0"/>
    <Peak1D F1="3.441919" intensity="1.463202e-001" type="0"/>
    <Peak1D F1="3.352700" intensity="3.349894e-002" type="0"/>
    <Peak1D F1="3.311930" intensity="2.523529e-002" type="0"/>
    <Peak1D F1="3.270982" intensity="2.940189e-002" type="0"/>
    <Peak1D F1="3.253140" intensity="3.357558e-002" type="0"/>
    <Peak1D F1="3.168662" intensity="1.458057e-001" type="0"/>
    <Peak1D F1="3.080549" intensity="1.397018e-002" type="0"/>
    <Peak1D F1="3.063779" intensity="1.008606e-002" type="0"/>
    <Peak1D F1="3.000570" intensity="2.479482e-003" type="0"/>
    <Peak1D F1="2.688545" intensity="2.117425e-004" type="0"/>
    <Peak1D F1="2.657989" intensity="3.815437e-004" type="0"/>
    <Peak1D F1="2.648969" intensity="4.962874e-004" type="0"/>
    <Peak1D F1="2.634632" intensity="7.032403e-004" type="0"/>
    <Peak1D F1="2.623565" intensity="9.867988e-004" type="0"/>
    <Peak1D F1="2.593051" intensity="1.085610e-003" type="0"/>
    <Peak1D F1="2.583390" intensity="1.412899e-003" type="0"/>
    <Peak1D F1="2.557168" intensity="1.244633e-003" type="0"/>
    <Peak1D F1="2.526515" intensity="2.017254e-003" type="0"/>
    <Peak1D F1="2.509906" intensity="1.942182e-003" type="0"/>
    <Peak1D F1="2.469608" intensity="2.599982e-003" type="0"/>
    <Peak1D F1="2.451806" intensity="3.031338e-003" type="0"/>
    <Peak1D F1="2.422887" intensity="1.792610e-002" type="0"/>
    <Peak1D F1="2.338082" intensity="8.472744e-003" type="0"/>
    <Peak1D F1="2.314230" intensity="1.917118e-002" type="0"/>
    <Peak1D F1="2.266454" intensity="2.649706e+000" type="0"/>
    <Peak1D F1="2.206480" intensity="7.975640e-003" type="0"/>
    <Peak1D F1="2.189403" intensity="6.673468e-003" type="0"/>
    <Peak1D F1="2.167197" intensity="6.611101e-003" type="0"/>
    <Peak1D F1="2.158468" intensity="6.997660e-003" type="0"/>
    <Peak1D F1="2.125245" intensity="6.464367e-003" type="0"/>
    <Peak1D F1="2.106588" intensity="2.128663e-002" type="0"/>
    <Peak1D F1="2.090106" intensity="1.102988e-001" type="0"/>
    <Peak1D F1="2.053113" intensity="1.190750e-002" type="0"/>
    <Peak1D F1="2.024194" intensity="2.060920e-002" type="0"/>
    <Peak1D F1="1.999251" intensity="2.731120e-002" type="0"/>
    <Peak1D F1="1.971027" intensity="5.680990e-002" type="0"/>
    <Peak1D F1="1.930342" intensity="1.500000e+001" type="0"/>
    <Peak1D F1="1.878272" intensity="2.236826e-002" type="0"/>
    <Peak1D F1="1.866716" intensity="1.725384e-002" type="0"/>
    <Peak1D F1="1.852012" intensity="2.408436e-002" type="0"/>
    <Peak1D F1="1.839429" intensity="2.675886e-002" type="0"/>
    <Peak1D F1="1.822746" intensity="4.854065e-002" type="0"/>
    <Peak1D F1="1.805144" intensity="8.075271e-002" type="0"/>
    <Peak1D F1="1.787021" intensity="1.177238e-001" type="0"/>
    <Peak1D F1="1.767454" intensity="2.052246e-001" type="0"/>
    <Peak1D F1="1.751085" intensity="7.846969e-002" type="0"/>
    <Peak1D F1="1.732252" intensity="3.403143e-002" type="0"/>
    <Peak1D F1="1.714887" intensity="1.148936e-002" type="0"/>
    <Peak1D F1="1.668086" intensity="6.132550e-002" type="0"/>
    <Peak1D F1="1.652116" intensity="1.092980e-001" type="0"/>
    <Peak1D F1="1.639864" intensity="1.502408e-001" type="0"/>
    <Peak1D F1="1.622747" intensity="1.641520e-001" type="0"/>
    <Peak1D F1="1.611157" intensity="1.449832e-001" type="0"/>
    <Peak1D F1="1.594075" intensity="9.930506e-002" type="0"/>
    <Peak1D F1="1.566418" intensity="5.702269e-002" type="0"/>
    <Peak1D F1="1.557341" intensity="7.188545e-002" type="0"/>
    <Peak1D F1="1.538603" intensity="1.184377e-001" type="0"/>
    <Peak1D F1="1.529122" intensity="1.623536e-001" type="0"/>
    <Peak1D F1="1.518394" intensity="2.012191e-001" type="0"/>
    <Peak1D F1="1.509549" intensity="1.357968e-001" type="0"/>
    <Peak1D F1="1.501113" intensity="1.527181e-001" type="0"/>
    <Peak1D F1="1.484858" intensity="8.969872e-002" type="0"/>
    <Peak1D F1="1.477927" intensity="1.002675e-001" type="0"/>
    <Peak1D F1="1.458681" intensity="1.170284e-001" type="0"/>
    <Peak1D F1="1.440779" intensity="1.370643e-001" type="0"/>
    <Peak1D F1="1.432331" intensity="1.507168e-001" type="0"/>
    <Peak1D F1="1.421925" intensity="1.709671e-001" type="0"/>
    <Peak1D F1="1.414385" intensity="1.787846e-001" type="0"/>
    <Peak1D F1="1.402479" intensity="1.509609e-001" type="0"/>
    <Peak1D F1="1.395162" intensity="1.070476e-001" type="0"/>
    <Peak1D F1="1.385058" intensity="6.663839e-002" type="0"/>
    <Peak1D F1="1.371811" intensity="4.773441e-002" type="0"/>
    <Peak1D F1="1.358063" intensity="5.430641e-002" type="0"/>
    <Peak1D F1="1.332515" intensity="2.311629e-001" type="0"/>
    <Peak1D F1="1.310823" intensity="9.217392e-002" type="0"/>
    <Peak1D F1="1.293069" intensity="7.152814e-002" type="0"/>
    <Peak1D F1="1.275097" intensity="7.787856e-002" type="0"/>
    <Peak1D F1="1.265261" intensity="3.503101e-001" type="0"/>
    <Peak1D F1="1.242946" intensity="2.133362e-001" type="0"/>
    <Peak1D F1="1.225672" intensity="4.018978e-001" type="0"/>
    <Peak1D F1="1.211079" intensity="7.430955e-001" type="0"/>
    <Peak1D F1="1.172045" intensity="6.670455e+000" type="0"/>
    <Peak1D F1="1.154096" intensity="8.909221e+000" type="0"/>
    <Peak1D F1="1.136224" intensity="4.837637e+000" type="0"/>
    <Peak1D F1="1.097600" intensity="2.622461e-001" type="0"/>
    <Peak1D F1="1.087454" intensity="2.920551e-001" type="0"/>
    <Peak1D F1="1.082136" intensity="2.578946e-001" type="0"/>
    <Peak1D F1="1.064104" intensity="2.675545e-001" type="0"/>
    <Peak1D F1="1.045879" intensity="3.162389e-001" type="0"/>
    <Peak1D F1="1.038396" intensity="3.029532e-001" type="0"/>
    <Peak1D F1="1.028187" intensity="3.604800e-001" type="0"/>
    <Peak1D F1="1.014592" intensity="4.608135e-001" type="0"/>
    <Peak1D F1="1.002755" intensity="3.075014e-001" type="0"/>
    <Peak1D F1="0.995431" intensity="3.232007e-001" type="0"/>
    <Peak1D F1="0.982469" intensity="2.664576e-001" type="0"/>
    <Peak1D F1="0.968652" intensity="1.968893e-001" type="0"/>
    <Peak1D F1="0.963052" intensity="2.082601e-001" type="0"/>
    <Peak1D F1="0.951919" intensity="1.879048e-001" type="0"/>
    <Peak1D F1="0.932982" intensity="1.545844e-001" type="0"/>
    <Peak1D F1="0.913926" intensity="8.052816e-002" type="0"/>
    <Peak1D F1="0.877991" intensity="9.659290e-001" type="0"/>
    <Peak1D F1="0.861434" intensity="9.292348e-001" type="0"/>
    <Peak1D F1="0.831808" intensity="8.474194e-002" type="0"/>
    <Peak1D F1="0.804564" intensity="1.335539e+000" type="0"/>
    <Peak1D F1="0.788380" intensity="3.161198e+000" type="0"/>
    <Peak1D F1="0.770681" intensity="1.746727e+000" type="0"/>
    <Peak1D F1="0.762436" intensity="1.080335e+000" type="0"/>
    <Peak1D F1="0.741802" intensity="5.375309e-001" type="0"/>
    <Peak1D F1="0.713331" intensity="4.950068e-002" type="0"/>
    <Peak1D F1="0.703272" intensity="4.006203e-002" type="0"/>
    <Peak1D F1="0.695663" intensity="3.434585e-002" type="0"/>
    <Peak1D F1="0.687427" intensity="2.651401e-002" type="0"/>
    <Peak1D F1="0.660685" intensity="1.669165e-002" type="0"/>
    <Peak1D F1="0.647647" intensity="2.063771e-002" type="0"/>
    <Peak1D F1="0.631015" intensity="2.882206e-002" type="0"/>
    <Peak1D F1="0.613428" intensity="1.835040e-002" type="0"/>
    <Peak1D F1="0.605257" intensity="1.316697e-002" type="0"/>
    <Peak1D F1="0.585992" intensity="9.246781e-003" type="0"/>
    <Peak1D F1="0.570510" intensity="6.593118e-003" type="0"/>
    <Peak1D F1="0.554748" intensity="5.992930e-003" type="0"/>
    <Peak1D F1="0.485007" intensity="4.755438e-003" type="0"/>
    <Peak1D F1="0.456130" intensity="5.520586e-003" type="0"/>
    <Peak1D F1="0.426027" intensity="5.228831e-003" type="0"/>
    <Peak1D F1="0.394491" intensity="3.957735e-003" type="0"/>
    <Peak1D F1="0.357057" intensity="3.041927e-003" type="0"/>
    <Peak1D F1="0.326862" intensity="2.490966e-003" type="0"/>
    <Peak1D F1="0.224439" intensity="1.717363e-003" type="0"/>
    <Peak1D F1="0.184465" intensity="1.522664e-003" type="0"/>
    <Peak1D F1="0.094526" intensity="1.216989e-003" type="0"/>
    <Peak1D F1="0.074284" intensity="1.196463e-003" type="0"/>
    <Peak1D F1="-0.012248" intensity="1.233200e-003" type="0"/>
    <Peak1D F1="-0.038245" intensity="8.966047e-004" type="0"/>
    <Peak1D F1="-0.070957" intensity="8.149557e-004" type="0"/>
    <Peak1D F1="-0.131815" intensity="6.934565e-004" type="0"/>
    <Peak1D F1="-0.162149" intensity="6.083184e-004" type="0"/>
    <Peak1D F1="-0.176028" intensity="6.333675e-004" type="0"/>
    <Peak1D F1="-0.231767" intensity="5.353049e-004" type="0"/>
    <Peak1D F1="-0.253412" intensity="4.188935e-004" type="0"/>
    <Peak1D F1="-0.305308" intensity="4.024043e-004" type="0"/>
    <Peak1D F1="-0.323854" intensity="3.645574e-004" type="0"/>
    <Peak1D F1="-0.343238" intensity="3.313413e-004" type="0"/>
    <Peak1D F1="-0.366642" intensity="3.648764e-004" type="0"/>
    <Peak1D F1="-0.409172" intensity="2.406347e-004" type="0"/>
    <Peak1D F1="-0.494446" intensity="2.235970e-004" type="0"/>
    <Peak1D F1="-2.835393" intensity="2.182245e-004" type="0"/>
    <Peak1D F1="-2.894103" intensity="2.489519e-004" type="0"/>
    <Peak1D F1="-2.948165" intensity="2.391927e-004" type="0"/>
    <Peak1D F1="-2.972284" intensity="2.493086e-004" type="0"/>
    <Peak1D F1="-3.004585" intensity="3.128823e-004" type="0"/>
    <Peak1D F1="-3.038525" intensity="3.249196e-004" type="0"/>
    <Peak1D F1="-3.102552" intensity="3.420487e-004" type="0"/>
    <Peak1D F1="-3.131928" intensity="3.735515e-004" type="0"/>
    <Peak1D F1="-3.170462" intensity="3.736569e-004" type="0"/>
    <Peak1D F1="-3.218070" intensity="3.889679e-004" type="0"/>
    <Peak1D F1="-3.231985" intensity="4.680867e-004" type="0"/>
    <Peak1D F1="-3.256849" intensity="4.449676e-004" type="0"/>
    <Peak1D F1="-3.281587" intensity="4.465185e-004" type="0"/>
    <Peak1D F1="-3.353374" intensity="4.873518e-004" type="0"/>
    <Peak1D F1="-3.383173" intensity="4.870687e-004" type="0"/>
    <Peak1D F1="-3.414502" intensity="5.392120e-004" type="0"/>
    <Peak1D F1="-3.440275" intensity="5.516898e-004" type="0"/>
    <Peak1D F1="-3.482212" intensity="5.524410e-004" type="0"/>
    <Peak1D F1="-3.497003" intensity="5.887334e-004" type="0"/>
    <Peak1D F1="-3.528341" intensity="6.053829e-004" type="0"/>
    <Peak1D F1="-3.560169" intensity="5.791766e-004" type="0"/>
    <Peak1D F1="-3.567160" intensity="5.881349e-004" type="0"/>
    <Peak1D F1="-3.596727" intensity="6.447522e-004" type="0"/>
    <Peak1D F1="-3.613186" intensity="6.416122e-004" type="0"/>
    <Peak1D F1="-3.798462" intensity="7.820932e-004" type="0"/>
  </PeakList1D>
</PeakList>
