<?xml version="1.0" encoding="UTF-8"?>
<PeakList>
  <PeakList1D>
    <PeakList1DHeader creator="nmrsu" date="2018-09-11T12:19:49.614-03:00" expNo="1" name="2B236_MS239" owner="" procNo="1" source="C:/NMRData/data/marcio_marilia/nmr">
      <PeakPickDetails>F1=15.909ppm, F2=-1.130ppm, MI=0.00cm, MAXI=10000.00cm, PC=1.000
      </PeakPickDetails>
    </PeakList1DHeader>
    <Peak1D F1="12.8142" intensity="9.510469e-003" type="0"/>
    <Peak1D F1="12.5670" intensity="1.085027e-002" type="0"/>
    <Peak1D F1="9.1296" intensity="1.108999e-002" type="0"/>
    <Peak1D F1="8.4954" intensity="1.030321e-002" type="0"/>
    <Peak1D F1="8.4396" intensity="1.285369e-002" type="0"/>
    <Peak1D F1="8.4159" intensity="1.025476e-002" type="0"/>
    <Peak1D F1="8.3735" intensity="1.051335e-002" type="0"/>
    <Peak1D F1="8.3231" intensity="9.795696e-003" type="0"/>
    <Peak1D F1="8.3059" intensity="9.994486e-003" type="0"/>
    <Peak1D F1="8.2945" intensity="1.058929e-002" type="0"/>
    <Peak1D F1="8.2899" intensity="1.160813e-002" type="0"/>
    <Peak1D F1="8.2799" intensity="1.009511e-002" type="0"/>
    <Peak1D F1="8.2661" intensity="1.015398e-002" type="0"/>
    <Peak1D F1="8.2383" intensity="1.156420e-002" type="0"/>
    <Peak1D F1="8.2191" intensity="1.485109e-002" type="0"/>
    <Peak1D F1="8.2105" intensity="1.250004e-002" type="0"/>
    <Peak1D F1="8.2004" intensity="1.611850e-002" type="0"/>
    <Peak1D F1="8.1921" intensity="1.635999e-002" type="0"/>
    <Peak1D F1="8.1717" intensity="2.252958e-002" type="0"/>
    <Peak1D F1="8.1656" intensity="2.238346e-002" type="0"/>
    <Peak1D F1="8.1182" intensity="4.837060e-002" type="0"/>
    <Peak1D F1="8.1021" intensity="7.370527e-002" type="0"/>
    <Peak1D F1="8.0522" intensity="8.205022e-001" type="0"/>
    <Peak1D F1="7.9562" intensity="2.584416e-002" type="0"/>
    <Peak1D F1="7.9508" intensity="2.597360e-002" type="0"/>
    <Peak1D F1="7.9323" intensity="2.351881e-002" type="0"/>
    <Peak1D F1="7.9265" intensity="2.039836e-002" type="0"/>
    <Peak1D F1="7.9201" intensity="2.110207e-002" type="0"/>
    <Peak1D F1="7.9161" intensity="2.288155e-002" type="0"/>
    <Peak1D F1="7.9105" intensity="2.194610e-002" type="0"/>
    <Peak1D F1="7.9084" intensity="2.321241e-002" type="0"/>
    <Peak1D F1="7.9002" intensity="2.257010e-002" type="0"/>
    <Peak1D F1="7.8944" intensity="2.266526e-002" type="0"/>
    <Peak1D F1="7.8754" intensity="1.498014e-002" type="0"/>
    <Peak1D F1="7.8522" intensity="1.459345e-002" type="0"/>
    <Peak1D F1="7.8416" intensity="1.169842e-002" type="0"/>
    <Peak1D F1="7.8241" intensity="1.233834e-002" type="0"/>
    <Peak1D F1="7.8194" intensity="1.354037e-002" type="0"/>
    <Peak1D F1="7.7995" intensity="1.089299e-002" type="0"/>
    <Peak1D F1="7.7911" intensity="1.180955e-002" type="0"/>
    <Peak1D F1="7.7688" intensity="1.206270e-002" type="0"/>
    <Peak1D F1="7.7631" intensity="1.146762e-002" type="0"/>
    <Peak1D F1="7.7441" intensity="1.308898e-002" type="0"/>
    <Peak1D F1="7.7405" intensity="1.530439e-002" type="0"/>
    <Peak1D F1="7.7396" intensity="1.478106e-002" type="0"/>
    <Peak1D F1="7.7334" intensity="1.720502e-002" type="0"/>
    <Peak1D F1="7.7029" intensity="1.822722e-002" type="0"/>
    <Peak1D F1="7.6996" intensity="1.772795e-002" type="0"/>
    <Peak1D F1="7.6867" intensity="1.766742e-002" type="0"/>
    <Peak1D F1="7.6702" intensity="1.328265e-002" type="0"/>
    <Peak1D F1="7.6656" intensity="1.434409e-002" type="0"/>
    <Peak1D F1="7.6352" intensity="1.437742e-002" type="0"/>
    <Peak1D F1="7.6202" intensity="1.487805e-002" type="0"/>
    <Peak1D F1="7.6097" intensity="1.534487e-002" type="0"/>
    <Peak1D F1="7.6084" intensity="1.681577e-002" type="0"/>
    <Peak1D F1="7.6050" intensity="1.514570e-002" type="0"/>
    <Peak1D F1="7.5852" intensity="2.311011e-002" type="0"/>
    <Peak1D F1="7.5587" intensity="3.189950e-002" type="0"/>
    <Peak1D F1="7.5563" intensity="3.401974e-002" type="0"/>
    <Peak1D F1="7.5068" intensity="8.097797e-001" type="0"/>
    <Peak1D F1="7.4882" intensity="8.757405e-001" type="0"/>
    <Peak1D F1="7.4341" intensity="3.887954e-002" type="0"/>
    <Peak1D F1="7.3941" intensity="2.321287e-002" type="0"/>
    <Peak1D F1="7.3827" intensity="2.223381e-002" type="0"/>
    <Peak1D F1="7.3619" intensity="2.279606e-002" type="0"/>
    <Peak1D F1="7.3575" intensity="2.526772e-002" type="0"/>
    <Peak1D F1="7.3512" intensity="2.528424e-002" type="0"/>
    <Peak1D F1="7.3111" intensity="3.204448e-002" type="0"/>
    <Peak1D F1="7.2847" intensity="4.509711e-002" type="0"/>
    <Peak1D F1="7.2771" intensity="5.142506e-002" type="0"/>
    <Peak1D F1="7.2334" intensity="7.217626e-001" type="0"/>
    <Peak1D F1="7.2141" intensity="1.034679e+000" type="0"/>
    <Peak1D F1="7.1770" intensity="4.571264e-001" type="0"/>
    <Peak1D F1="7.1533" intensity="5.783141e-001" type="0"/>
    <Peak1D F1="7.1357" intensity="8.864905e-001" type="0"/>
    <Peak1D F1="7.1165" intensity="5.486242e-001" type="0"/>
    <Peak1D F1="7.0667" intensity="6.403422e-001" type="0"/>
    <Peak1D F1="7.0485" intensity="8.814629e-001" type="0"/>
    <Peak1D F1="7.0317" intensity="4.721079e-001" type="0"/>
    <Peak1D F1="7.0017" intensity="6.468560e-002" type="0"/>
    <Peak1D F1="6.9857" intensity="3.910831e-002" type="0"/>
    <Peak1D F1="6.9695" intensity="2.743996e-002" type="0"/>
    <Peak1D F1="6.9626" intensity="2.718084e-002" type="0"/>
    <Peak1D F1="6.9508" intensity="2.746747e-002" type="0"/>
    <Peak1D F1="6.9477" intensity="2.770887e-002" type="0"/>
    <Peak1D F1="6.9448" intensity="2.635696e-002" type="0"/>
    <Peak1D F1="6.9142" intensity="2.255812e-002" type="0"/>
    <Peak1D F1="6.8996" intensity="2.152929e-002" type="0"/>
    <Peak1D F1="6.8936" intensity="1.808563e-002" type="0"/>
    <Peak1D F1="6.8762" intensity="2.386245e-002" type="0"/>
    <Peak1D F1="6.8650" intensity="2.091306e-002" type="0"/>
    <Peak1D F1="6.8572" intensity="2.298921e-002" type="0"/>
    <Peak1D F1="6.8385" intensity="1.762546e-002" type="0"/>
    <Peak1D F1="6.8335" intensity="1.387483e-002" type="0"/>
    <Peak1D F1="6.8182" intensity="1.214387e-002" type="0"/>
    <Peak1D F1="6.8045" intensity="1.189860e-002" type="0"/>
    <Peak1D F1="6.8038" intensity="1.035607e-002" type="0"/>
    <Peak1D F1="6.7745" intensity="1.025941e-002" type="0"/>
    <Peak1D F1="6.7678" intensity="1.164873e-002" type="0"/>
    <Peak1D F1="6.7350" intensity="1.047136e-002" type="0"/>
    <Peak1D F1="6.7121" intensity="1.262695e-002" type="0"/>
    <Peak1D F1="6.5541" intensity="1.552783e-002" type="0"/>
    <Peak1D F1="6.5341" intensity="1.754982e-002" type="0"/>
    <Peak1D F1="6.5307" intensity="1.350173e-002" type="0"/>
    <Peak1D F1="6.5267" intensity="1.291711e-002" type="0"/>
    <Peak1D F1="6.4964" intensity="1.148864e-002" type="0"/>
    <Peak1D F1="5.2196" intensity="1.321506e-002" type="0"/>
    <Peak1D F1="4.0604" intensity="1.415105e-002" type="0"/>
    <Peak1D F1="4.0568" intensity="1.093751e-002" type="0"/>
    <Peak1D F1="4.0407" intensity="1.254579e-002" type="0"/>
    <Peak1D F1="4.0368" intensity="1.080936e-002" type="0"/>
    <Peak1D F1="4.0276" intensity="1.025829e-002" type="0"/>
    <Peak1D F1="4.0066" intensity="1.676872e-002" type="0"/>
    <Peak1D F1="3.9973" intensity="2.586293e-002" type="0"/>
    <Peak1D F1="3.9855" intensity="1.652634e-002" type="0"/>
    <Peak1D F1="3.9497" intensity="1.850192e-002" type="0"/>
    <Peak1D F1="3.9231" intensity="2.514160e-002" type="0"/>
    <Peak1D F1="3.9146" intensity="3.007771e-002" type="0"/>
    <Peak1D F1="3.9008" intensity="4.225586e-002" type="0"/>
    <Peak1D F1="3.8983" intensity="4.262842e-002" type="0"/>
    <Peak1D F1="3.8363" intensity="3.050523e+000" type="0"/>
    <Peak1D F1="3.7653" intensity="5.566640e-002" type="0"/>
    <Peak1D F1="3.7599" intensity="5.267158e-002" type="0"/>
    <Peak1D F1="3.7477" intensity="4.182027e-002" type="0"/>
    <Peak1D F1="3.7381" intensity="3.798488e-002" type="0"/>
    <Peak1D F1="3.7243" intensity="3.498765e-002" type="0"/>
    <Peak1D F1="3.7095" intensity="3.781612e-002" type="0"/>
    <Peak1D F1="3.7063" intensity="3.868048e-002" type="0"/>
    <Peak1D F1="3.6676" intensity="9.314782e-002" type="0"/>
    <Peak1D F1="3.6030" intensity="4.825689e+000" type="0"/>
    <Peak1D F1="3.5265" intensity="5.157899e-002" type="0"/>
    <Peak1D F1="3.5126" intensity="3.999801e-002" type="0"/>
    <Peak1D F1="3.5067" intensity="3.665998e-002" type="0"/>
    <Peak1D F1="3.4988" intensity="2.901855e-002" type="0"/>
    <Peak1D F1="3.4601" intensity="2.148010e-002" type="0"/>
    <Peak1D F1="3.4472" intensity="1.825561e-002" type="0"/>
    <Peak1D F1="3.4413" intensity="1.869767e-002" type="0"/>
    <Peak1D F1="3.4305" intensity="2.000522e-002" type="0"/>
    <Peak1D F1="3.4185" intensity="3.658749e-002" type="0"/>
    <Peak1D F1="3.3912" intensity="1.494978e-002" type="0"/>
    <Peak1D F1="3.3289" intensity="1.100257e-002" type="0"/>
    <Peak1D F1="3.1530" intensity="1.360476e-002" type="0"/>
    <Peak1D F1="3.0144" intensity="1.269068e-002" type="0"/>
    <Peak1D F1="2.9980" intensity="1.246650e-002" type="0"/>
    <Peak1D F1="2.9952" intensity="1.366061e-002" type="0"/>
    <Peak1D F1="2.9815" intensity="1.210698e-002" type="0"/>
    <Peak1D F1="2.8744" intensity="1.089250e-002" type="0"/>
    <Peak1D F1="2.8517" intensity="1.653864e-002" type="0"/>
    <Peak1D F1="2.8353" intensity="1.538131e-002" type="0"/>
    <Peak1D F1="2.8190" intensity="1.636501e-002" type="0"/>
    <Peak1D F1="2.8153" intensity="1.442374e-002" type="0"/>
    <Peak1D F1="2.7963" intensity="1.583692e-002" type="0"/>
    <Peak1D F1="2.7914" intensity="1.674292e-002" type="0"/>
    <Peak1D F1="2.7724" intensity="2.455831e-002" type="0"/>
    <Peak1D F1="2.7602" intensity="3.059018e-002" type="0"/>
    <Peak1D F1="2.6978" intensity="9.797410e-001" type="0"/>
    <Peak1D F1="2.6799" intensity="1.595799e+000" type="0"/>
    <Peak1D F1="2.6632" intensity="1.040459e+000" type="0"/>
    <Peak1D F1="2.6264" intensity="1.472505e-001" type="0"/>
    <Peak1D F1="2.6066" intensity="1.646491e-001" type="0"/>
    <Peak1D F1="2.5905" intensity="1.120148e-001" type="0"/>
    <Peak1D F1="2.5681" intensity="4.463937e-002" type="0"/>
    <Peak1D F1="2.5569" intensity="4.531112e-002" type="0"/>
    <Peak1D F1="2.5491" intensity="6.106526e-002" type="0"/>
    <Peak1D F1="2.5382" intensity="4.225357e-002" type="0"/>
    <Peak1D F1="2.5293" intensity="2.924339e-002" type="0"/>
    <Peak1D F1="2.5022" intensity="2.584832e-002" type="0"/>
    <Peak1D F1="2.4878" intensity="3.153121e-002" type="0"/>
    <Peak1D F1="2.4721" intensity="5.968920e-002" type="0"/>
    <Peak1D F1="2.4558" intensity="1.184179e-001" type="0"/>
    <Peak1D F1="2.4363" intensity="1.290699e-001" type="0"/>
    <Peak1D F1="2.4206" intensity="7.468460e-002" type="0"/>
    <Peak1D F1="2.4017" intensity="2.875232e-002" type="0"/>
    <Peak1D F1="2.3809" intensity="1.304695e-002" type="0"/>
    <Peak1D F1="2.3614" intensity="1.009884e-002" type="0"/>
    <Peak1D F1="2.2748" intensity="1.055081e-002" type="0"/>
    <Peak1D F1="2.2634" intensity="1.138384e-002" type="0"/>
    <Peak1D F1="2.2446" intensity="1.107914e-002" type="0"/>
    <Peak1D F1="2.2353" intensity="1.037051e-002" type="0"/>
    <Peak1D F1="2.2314" intensity="1.015865e-002" type="0"/>
    <Peak1D F1="2.1755" intensity="1.615954e-002" type="0"/>
    <Peak1D F1="2.1669" intensity="1.619061e-002" type="0"/>
    <Peak1D F1="2.1654" intensity="1.687997e-002" type="0"/>
    <Peak1D F1="2.1635" intensity="1.776441e-002" type="0"/>
    <Peak1D F1="2.1173" intensity="2.121656e-002" type="0"/>
    <Peak1D F1="1.9765" intensity="2.397886e-002" type="0"/>
    <Peak1D F1="1.8000" intensity="1.036175e-002" type="0"/>
    <Peak1D F1="1.7923" intensity="1.079236e-002" type="0"/>
    <Peak1D F1="1.7283" intensity="1.291986e-002" type="0"/>
    <Peak1D F1="1.7163" intensity="1.593262e-002" type="0"/>
    <Peak1D F1="1.6914" intensity="1.904959e-002" type="0"/>
    <Peak1D F1="1.6828" intensity="2.105108e-002" type="0"/>
    <Peak1D F1="1.6157" intensity="1.022302e-001" type="0"/>
    <Peak1D F1="1.6137" intensity="1.053924e-001" type="0"/>
    <Peak1D F1="1.6110" intensity="1.077690e-001" type="0"/>
    <Peak1D F1="1.5968" intensity="1.415036e-001" type="0"/>
    <Peak1D F1="1.5299" intensity="4.562692e-001" type="0"/>
    <Peak1D F1="1.4886" intensity="9.441821e-001" type="0"/>
    <Peak1D F1="1.4727" intensity="1.257150e+000" type="0"/>
    <Peak1D F1="1.4558" intensity="1.031247e+000" type="0"/>
    <Peak1D F1="1.3739" intensity="1.228035e-001" type="0"/>
    <Peak1D F1="1.2694" intensity="1.488588e+000" type="0"/>
    <Peak1D F1="1.2570" intensity="1.479575e+000" type="0"/>
    <Peak1D F1="1.1640" intensity="1.500000e+001" type="0"/>
    <Peak1D F1="1.0673" intensity="2.408252e-001" type="0"/>
    <Peak1D F1="1.0402" intensity="1.918758e-001" type="0"/>
    <Peak1D F1="1.0053" intensity="1.583515e-001" type="0"/>
    <Peak1D F1="1.0045" intensity="1.559077e-001" type="0"/>
    <Peak1D F1="0.9650" intensity="1.059060e-001" type="0"/>
    <Peak1D F1="0.9608" intensity="1.059475e-001" type="0"/>
    <Peak1D F1="0.9221" intensity="8.041364e-002" type="0"/>
    <Peak1D F1="0.8821" intensity="1.029732e-001" type="0"/>
    <Peak1D F1="0.8052" intensity="3.205183e+000" type="0"/>
    <Peak1D F1="0.6654" intensity="5.381074e-002" type="0"/>
    <Peak1D F1="0.6503" intensity="5.098840e-002" type="0"/>
    <Peak1D F1="0.6360" intensity="4.515291e-002" type="0"/>
    <Peak1D F1="0.6057" intensity="2.719922e-002" type="0"/>
    <Peak1D F1="0.5794" intensity="2.461275e-002" type="0"/>
    <Peak1D F1="0.5738" intensity="2.246493e-002" type="0"/>
    <Peak1D F1="0.5586" intensity="2.208457e-002" type="0"/>
    <Peak1D F1="0.5409" intensity="1.936419e-002" type="0"/>
    <Peak1D F1="0.5179" intensity="1.741317e-002" type="0"/>
    <Peak1D F1="0.4982" intensity="1.521424e-002" type="0"/>
    <Peak1D F1="0.4828" intensity="1.648712e-002" type="0"/>
    <Peak1D F1="0.4686" intensity="1.637318e-002" type="0"/>
    <Peak1D F1="0.4655" intensity="1.468431e-002" type="0"/>
    <Peak1D F1="0.4649" intensity="1.493546e-002" type="0"/>
    <Peak1D F1="0.4493" intensity="1.461143e-002" type="0"/>
    <Peak1D F1="0.4449" intensity="1.469279e-002" type="0"/>
    <Peak1D F1="0.4315" intensity="1.383677e-002" type="0"/>
    <Peak1D F1="0.4174" intensity="1.309254e-002" type="0"/>
    <Peak1D F1="0.4169" intensity="1.278113e-002" type="0"/>
    <Peak1D F1="0.4067" intensity="1.176229e-002" type="0"/>
    <Peak1D F1="0.4057" intensity="1.264670e-002" type="0"/>
    <Peak1D F1="0.3937" intensity="1.113779e-002" type="0"/>
    <Peak1D F1="0.3899" intensity="1.183562e-002" type="0"/>
    <Peak1D F1="0.3756" intensity="1.156025e-002" type="0"/>
    <Peak1D F1="0.3595" intensity="1.083989e-002" type="0"/>
    <Peak1D F1="0.3547" intensity="1.134458e-002" type="0"/>
    <Peak1D F1="0.3467" intensity="1.053520e-002" type="0"/>
    <Peak1D F1="0.3435" intensity="1.058515e-002" type="0"/>
    <Peak1D F1="0.3298" intensity="9.953989e-003" type="0"/>
    <Peak1D F1="0.3038" intensity="1.025600e-002" type="0"/>
    <Peak1D F1="0.1837" intensity="9.500958e-003" type="0"/>
    <Peak1D F1="-0.0001" intensity="5.095451e-002" type="0"/>
    <Peak1D F1="-0.0199" intensity="1.614251e-002" type="0"/>
  </PeakList1D>
</PeakList>
