<?xml version="1.0" encoding="UTF-8"?>
<PeakList>
  <PeakList1D>
    <PeakList1DHeader creator="chemist" date="2019-02-24T03:10:52.859+00:00" expNo="10" name="Y528" owner="" procNo="1" source="d:\">
      <PeakPickDetails>F1=245.691ppm, F2=-23.691ppm, MI=0.00cm, MAXI=10000.00cm, PC=1.400
      </PeakPickDetails>
    </PeakList1DHeader>
    <Peak1D F1="166.1118" intensity="1.29" type="0"/>
    <Peak1D F1="163.6576" intensity="1.08" type="0"/>
    <Peak1D F1="159.5668" intensity="1.36" type="0"/>
    <Peak1D F1="141.8330" intensity="2.00" type="0"/>
    <Peak1D F1="131.5481" intensity="4.86" type="0"/>
    <Peak1D F1="129.6514" intensity="0.16" type="0"/>
    <Peak1D F1="129.5228" intensity="1.48" type="0"/>
    <Peak1D F1="116.5732" intensity="0.88" type="0"/>
    <Peak1D F1="116.3732" intensity="2.17" type="0"/>
    <Peak1D F1="114.9627" intensity="4.80" type="0"/>
    <Peak1D F1="106.7399" intensity="1.14" type="0"/>
    <Peak1D F1="78.2384" intensity="13.34" type="0"/>
    <Peak1D F1="78.0267" intensity="13.50" type="0"/>
    <Peak1D F1="77.8150" intensity="13.34" type="0"/>
    <Peak1D F1="75.3670" intensity="2.28" type="0"/>
    <Peak1D F1="56.2721" intensity="2.52" type="0"/>
    <Peak1D F1="44.5880" intensity="2.33" type="0"/>
    <Peak1D F1="14.1839" intensity="2.27" type="0"/>
  </PeakList1D>
</PeakList>
