<?xml version="1.0" encoding="UTF-8"?>
<PeakList>
  <PeakList1D>
    <PeakList1DHeader creator="nmrsu" date="2023-07-20T13:34:51.329-05:00" expNo="1257910" name="Jul20-2023" owner="" procNo="1" source="G:/data/chem-synthesis-summer-a-team3/nmr">
      <PeakPickDetails>F1=219.460297ppm, F2=-19.460289ppm, MI=0.00cm, MAXI=10000.00cm, PC=1.400
      </PeakPickDetails>
    </PeakList1DHeader>
    <Peak1D F1="159.499115" intensity="1.758675e+000" type="0"/>
    <Peak1D F1="158.114716" intensity="9.699793e-002" type="0"/>
    <Peak1D F1="139.516571" intensity="3.590780e-001" type="0"/>
    <Peak1D F1="138.509216" intensity="1.019221e-001" type="0"/>
    <Peak1D F1="138.217850" intensity="1.500000e+001" type="0"/>
    <Peak1D F1="129.548630" intensity="3.072534e-001" type="0"/>
    <Peak1D F1="122.533623" intensity="3.786210e-001" type="0"/>
    <Peak1D F1="116.672112" intensity="1.232488e-001" type="0"/>
    <Peak1D F1="116.408844" intensity="1.361540e+001" type="0"/>
    <Peak1D F1="111.064316" intensity="2.244799e-001" type="0"/>
    <Peak1D F1="82.732254" intensity="1.948089e+000" type="0"/>
    <Peak1D F1="77.415688" intensity="2.888985e+000" type="0"/>
    <Peak1D F1="77.097687" intensity="2.925751e+000" type="0"/>
    <Peak1D F1="76.780548" intensity="2.931244e+000" type="0"/>
    <Peak1D F1="56.307194" intensity="3.917239e-001" type="0"/>
    <Peak1D F1="55.343777" intensity="6.961990e+000" type="0"/>
    <Peak1D F1="22.694973" intensity="8.895845e-002" type="0"/>
  </PeakList1D>
</PeakList>
