<?xml version="1.0" encoding="UTF-8"?>
<PeakList modified="2020-02-01T11:58:58">
  <PeakList1D>
    <PeakList1DHeader creator="Dell" date="2020-02-01T11:58:58" expNo="2" name="SDT498A" owner="" procNo="1" source="C:/Users/Dell/Desktop/NMR/Z-synthesis">
      <PeakPickDetails>F1=151.596558ppm, F2=147.274368ppm, MI=0.32cm, MAXI=2.34cm, PC=1.400
      </PeakPickDetails>
    </PeakList1DHeader>
    <Peak1D F1="150.213058" intensity="0.9397804" type="0"/>
  </PeakList1D>
  <PeakList1D>
    <PeakList1DHeader creator="Dell" date="2020-02-01T11:58:58" expNo="2" name="SDT498A" owner="" procNo="1" source="C:/Users/Dell/Desktop/NMR/Z-synthesis">
      <PeakPickDetails>F1=130.366455ppm, F2=128.848770ppm, MI=0.79cm, MAXI=4.26cm, PC=1.400
      </PeakPickDetails>
    </PeakList1DHeader>
    <Peak1D F1="130.001923" intensity="1.500508" type="0"/>
    <Peak1D F1="129.424026" intensity="2.709925" type="0"/>
  </PeakList1D>
  <PeakList1D>
    <PeakList1DHeader creator="Dell" date="2020-02-01T11:58:58" expNo="2" name="SDT498A" owner="" procNo="1" source="C:/Users/Dell/Desktop/NMR/Z-synthesis">
      <PeakPickDetails>F1=127.562599ppm, F2=126.482216ppm, MI=1.23cm, MAXI=3.57cm, PC=1.400
      </PeakPickDetails>
    </PeakList1DHeader>
    <Peak1D F1="127.066391" intensity="2.640465" type="0"/>
  </PeakList1D>
  <PeakList1D>
    <PeakList1DHeader creator="Dell" date="2020-02-01T11:58:58" expNo="2" name="SDT498A" owner="" procNo="1" source="C:/Users/Dell/Desktop/NMR/Z-synthesis">
      <PeakPickDetails>F1=125.118874ppm, F2=124.321442ppm, MI=0.88cm, MAXI=4.04cm, PC=1.400
      </PeakPickDetails>
    </PeakList1DHeader>
    <Peak1D F1="124.86747" intensity="2.747185" type="0"/>
  </PeakList1D>
  <PeakList1D>
    <PeakList1DHeader creator="Dell" date="2020-02-01T11:58:58" expNo="2" name="SDT498A" owner="" procNo="1" source="C:/Users/Dell/Desktop/NMR/Z-synthesis">
      <PeakPickDetails>F1=124.038490ppm, F2=123.446846ppm, MI=0.35cm, MAXI=1.71cm, PC=1.400
      </PeakPickDetails>
    </PeakList1DHeader>
    <Peak1D F1="123.784508" intensity="1.177473" type="0"/>
  </PeakList1D>
  <PeakList1D>
    <PeakList1DHeader creator="Dell" date="2020-02-01T11:58:58" expNo="2" name="SDT498A" owner="" procNo="1" source="C:/Users/Dell/Desktop/NMR/Z-synthesis">
      <PeakPickDetails>F1=122.006332ppm, F2=121.157463ppm, MI=0.17cm, MAXI=1.44cm, PC=1.400
      </PeakPickDetails>
    </PeakList1DHeader>
    <Peak1D F1="121.659126" intensity="0.922981" type="0"/>
  </PeakList1D>
  <PeakList1D>
    <PeakList1DHeader creator="Dell" date="2020-02-01T11:58:58" expNo="2" name="SDT498A" owner="" procNo="1" source="C:/Users/Dell/Desktop/NMR/Z-synthesis">
      <PeakPickDetails>F1=119.974182ppm, F2=119.073860ppm, MI=0.66cm, MAXI=3.85cm, PC=1.400
      </PeakPickDetails>
    </PeakList1DHeader>
    <Peak1D F1="119.719124" intensity="2.774793" type="0"/>
  </PeakList1D>
  <PeakList1D>
    <PeakList1DHeader creator="Dell" date="2020-02-01T11:58:58" expNo="2" name="SDT498A" owner="" procNo="1" source="C:/Users/Dell/Desktop/NMR/Z-synthesis">
      <PeakPickDetails>F1=84.202522ppm, F2=71.556137ppm, MI=6.83cm, MAXI=26.13cm, PC=1.400
      </PeakPickDetails>
    </PeakList1DHeader>
    <Peak1D F1="77.38018" intensity="14.74024" type="0"/>
    <Peak1D F1="77.198738" intensity="15.0" type="0"/>
    <Peak1D F1="77.01722" intensity="14.87369" type="0"/>
  </PeakList1D>
  <PeakList1D>
    <PeakList1DHeader creator="Dell" date="2020-02-01T11:58:58" expNo="2" name="SDT498A" owner="" procNo="1" source="C:/Users/Dell/Desktop/NMR/Z-synthesis">
      <PeakPickDetails>F1=71.235977ppm, F2=58.909748ppm, MI=1.12cm, MAXI=5.89cm, PC=1.400
      </PeakPickDetails>
    </PeakList1DHeader>
    <Peak1D F1="69.061554" intensity="2.801618" type="0"/>
    <Peak1D F1="63.087303" intensity="2.833187" type="0"/>
  </PeakList1D>
  <PeakList1D>
    <PeakList1DHeader creator="Dell" date="2020-02-01T11:58:58" expNo="2" name="SDT498A" owner="" procNo="1" source="C:/Users/Dell/Desktop/NMR/Z-synthesis">
      <PeakPickDetails>F1=34.062527ppm, F2=32.046230ppm, MI=1.06cm, MAXI=3.87cm, PC=1.400
      </PeakPickDetails>
    </PeakList1DHeader>
    <Peak1D F1="33.275192" intensity="2.76988" type="0"/>
    <Peak1D F1="32.926441" intensity="2.769002" type="0"/>
  </PeakList1D>
  <PeakList1D>
    <PeakList1DHeader creator="Dell" date="2020-02-01T11:58:58" expNo="2" name="SDT498A" owner="" procNo="1" source="C:/Users/Dell/Desktop/NMR/Z-synthesis">
      <PeakPickDetails>F1=29.275007ppm, F2=23.149839ppm, MI=2.90cm, MAXI=14.14cm, PC=1.400
      </PeakPickDetails>
    </PeakList1DHeader>
    <Peak1D F1="26.115803" intensity="10.76749" type="0"/>
  </PeakList1D>
  <PeakList1D>
    <PeakList1DHeader creator="Dell" date="2020-02-01T11:58:58" expNo="2" name="SDT498A" owner="" procNo="1" source="C:/Users/Dell/Desktop/NMR/Z-synthesis">
      <PeakPickDetails>F1=23.149839ppm, F2=14.928401ppm, MI=0.22cm, MAXI=4.32cm, PC=1.400
      </PeakPickDetails>
    </PeakList1DHeader>
    <Peak1D F1="18.547417" intensity="1.415901" type="0"/>
  </PeakList1D>
  <PeakList1D>
    <PeakList1DHeader creator="Dell" date="2020-02-01T11:58:58" expNo="2" name="SDT498A" owner="" procNo="1" source="C:/Users/Dell/Desktop/NMR/Z-synthesis">
      <PeakPickDetails>F1=-0.865415ppm, F2=-8.437792ppm, MI=1.58cm, MAXI=7.70cm, PC=1.400
      </PeakPickDetails>
    </PeakList1DHeader>
    <Peak1D F1="-5.069896" intensity="5.4652" type="0"/>
  </PeakList1D>
</PeakList>
