<?xml version="1.0" encoding="UTF-8"?>
<PeakList>
  <PeakList1D>
    <PeakList1DHeader creator="chemist" date="2019-02-05T15:31:19.768+00:00" expNo="10" name="Z145332" owner="" procNo="1" source="f:\data\chemist\nmr\">
      <PeakPickDetails>F1=15.000ppm, F2=-0.100ppm, MI=0.50cm, MAXI=80.00cm, PC=1.000
      </PeakPickDetails>
    </PeakList1DHeader>
    <Peak1D F1="7.3539" intensity="2.021818e+000" type="0"/>
    <Peak1D F1="7.3482" intensity="1.023938e+000" type="0"/>
    <Peak1D F1="7.3381" intensity="1.710484e+000" type="0"/>
    <Peak1D F1="7.3322" intensity="9.042552e+000" type="0"/>
    <Peak1D F1="7.3187" intensity="8.431151e+000" type="0"/>
    <Peak1D F1="7.3129" intensity="1.651027e+000" type="0"/>
    <Peak1D F1="7.3024" intensity="9.476290e-001" type="0"/>
    <Peak1D F1="7.2971" intensity="1.971285e+000" type="0"/>
    <Peak1D F1="7.2847" intensity="3.805317e+000" type="0"/>
    <Peak1D F1="7.2064" intensity="1.000456e+000" type="0"/>
    <Peak1D F1="7.1991" intensity="2.142661e+000" type="0"/>
    <Peak1D F1="7.1916" intensity="6.783213e+000" type="0"/>
    <Peak1D F1="7.1851" intensity="3.866560e+000" type="0"/>
    <Peak1D F1="7.1741" intensity="2.551846e+000" type="0"/>
    <Peak1D F1="7.1677" intensity="2.071611e+000" type="0"/>
    <Peak1D F1="7.1595" intensity="3.063171e+000" type="0"/>
    <Peak1D F1="7.1548" intensity="2.385222e+000" type="0"/>
    <Peak1D F1="7.1432" intensity="1.185563e+000" type="0"/>
    <Peak1D F1="4.9243" intensity="7.290442e-001" type="0"/>
    <Peak1D F1="4.9179" intensity="7.881655e-001" type="0"/>
    <Peak1D F1="4.9106" intensity="8.305026e-001" type="0"/>
    <Peak1D F1="4.9042" intensity="1.483740e+000" type="0"/>
    <Peak1D F1="4.8980" intensity="8.865025e-001" type="0"/>
    <Peak1D F1="4.8906" intensity="7.944117e-001" type="0"/>
    <Peak1D F1="4.8842" intensity="7.530988e-001" type="0"/>
    <Peak1D F1="3.0525" intensity="5.334553e-001" type="0"/>
    <Peak1D F1="3.0316" intensity="3.218916e+000" type="0"/>
    <Peak1D F1="3.0244" intensity="3.490957e+000" type="0"/>
    <Peak1D F1="3.0181" intensity="3.069266e+000" type="0"/>
    <Peak1D F1="3.0043" intensity="2.892465e+000" type="0"/>
    <Peak1D F1="2.9697" intensity="5.019453e-001" type="0"/>
    <Peak1D F1="2.3165" intensity="2.000000e+001" type="0"/>
    <Peak1D F1="1.9801" intensity="3.003213e+000" type="0"/>
    <Peak1D F1="1.9733" intensity="2.940295e+000" type="0"/>
    <Peak1D F1="1.5685" intensity="2.393520e+000" type="0"/>
  </PeakList1D>
</PeakList>
