<?xml version="1.0" encoding="UTF-8"?>
<PeakList>
  <PeakList1D>
    <PeakList1DHeader creator="nmr600" date="2019-07-04T14:14:23.278+02:00" expNo="11" name="6Jul0419" owner="" procNo="1" source="/opt/topspin3.0/data/nmr600/nmr">
      <PeakPickDetails>F1=219.446198ppm, F2=-19.452496ppm, MI=0.00cm, MAXI=10000.00cm, PC=1.400
      </PeakPickDetails>
    </PeakList1DHeader>
    <Peak1D F1="164.834473" intensity="-1.804038e+00" type="0"/>
    <Peak1D F1="164.818039" intensity="6.215032e-01" type="0"/>
    <Peak1D F1="159.415421" intensity="-1.905850e+00" type="0"/>
    <Peak1D F1="159.399872" intensity="4.641547e-01" type="0"/>
    <Peak1D F1="137.641251" intensity="-2.571871e+00" type="0"/>
    <Peak1D F1="132.685379" intensity="7.085566e+00" type="0"/>
    <Peak1D F1="132.517166" intensity="1.472281e-01" type="0"/>
    <Peak1D F1="132.284531" intensity="6.881565e+00" type="0"/>
    <Peak1D F1="129.840546" intensity="-2.456399e+00" type="0"/>
    <Peak1D F1="129.752472" intensity="1.410771e-01" type="0"/>
    <Peak1D F1="129.465195" intensity="6.873903e+00" type="0"/>
    <Peak1D F1="129.191772" intensity="3.883390e-01" type="0"/>
    <Peak1D F1="128.909775" intensity="2.935096e-01" type="0"/>
    <Peak1D F1="128.864273" intensity="2.946901e-01" type="0"/>
    <Peak1D F1="128.793579" intensity="3.714868e-01" type="0"/>
    <Peak1D F1="128.706055" intensity="7.008971e-01" type="0"/>
    <Peak1D F1="128.628647" intensity="-2.684085e+00" type="0"/>
    <Peak1D F1="128.597977" intensity="2.707495e-01" type="0"/>
    <Peak1D F1="128.516678" intensity="3.711322e-01" type="0"/>
    <Peak1D F1="127.798431" intensity="1.410483e-01" type="0"/>
    <Peak1D F1="127.430305" intensity="7.007666e+00" type="0"/>
    <Peak1D F1="126.930176" intensity="1.500000e+01" type="0"/>
    <Peak1D F1="126.507782" intensity="1.297748e-01" type="0"/>
    <Peak1D F1="126.313057" intensity="4.073824e-01" type="0"/>
    <Peak1D F1="123.764275" intensity="-1.633885e-01" type="0"/>
    <Peak1D F1="121.645554" intensity="-5.410256e-01" type="0"/>
    <Peak1D F1="119.526329" intensity="-5.004084e-01" type="0"/>
    <Peak1D F1="117.406242" intensity="-1.721729e-01" type="0"/>
    <Peak1D F1="115.322212" intensity="-1.967429e-01" type="0"/>
    <Peak1D F1="115.270477" intensity="1.990679e-01" type="0"/>
    <Peak1D F1="115.017998" intensity="-8.931582e-01" type="0"/>
    <Peak1D F1="114.988190" intensity="1.392685e+01" type="0"/>
    <Peak1D F1="114.858917" intensity="4.970290e-01" type="0"/>
    <Peak1D F1="114.678497" intensity="2.921090e-01" type="0"/>
    <Peak1D F1="114.113449" intensity="1.592085e-01" type="0"/>
    <Peak1D F1="114.059288" intensity="1.400420e-01" type="0"/>
    <Peak1D F1="113.775078" intensity="1.498710e-01" type="0"/>
    <Peak1D F1="80.859261" intensity="1.256940e-01" type="0"/>
    <Peak1D F1="79.469017" intensity="1.274856e-01" type="0"/>
    <Peak1D F1="77.277191" intensity="3.979727e+00" type="0"/>
    <Peak1D F1="77.257225" intensity="-2.686220e+00" type="0"/>
    <Peak1D F1="77.065208" intensity="3.934232e+00" type="0"/>
    <Peak1D F1="77.044418" intensity="-3.326060e+00" type="0"/>
    <Peak1D F1="76.853508" intensity="3.588551e+00" type="0"/>
    <Peak1D F1="76.832451" intensity="-3.723300e+00" type="0"/>
    <Peak1D F1="56.137028" intensity="-1.499617e-01" type="0"/>
    <Peak1D F1="55.831493" intensity="-3.338815e-01" type="0"/>
    <Peak1D F1="55.428898" intensity="-9.815340e+00" type="0"/>
    <Peak1D F1="55.413464" intensity="1.620321e+00" type="0"/>
    <Peak1D F1="55.378464" intensity="7.734344e-01" type="0"/>
    <Peak1D F1="51.932667" intensity="-7.069380e+00" type="0"/>
    <Peak1D F1="51.909416" intensity="1.129340e+00" type="0"/>
    <Peak1D F1="51.249542" intensity="3.966754e-01" type="0"/>
    <Peak1D F1="50.856575" intensity="8.406293e+00" type="0"/>
    <Peak1D F1="50.832798" intensity="-1.054505e+00" type="0"/>
    <Peak1D F1="50.024750" intensity="1.617307e-01" type="0"/>
    <Peak1D F1="49.504868" intensity="8.181110e+00" type="0"/>
    <Peak1D F1="49.477570" intensity="-8.909671e-01" type="0"/>
    <Peak1D F1="46.994987" intensity="1.147380e-01" type="0"/>
    <Peak1D F1="46.909908" intensity="3.110744e-01" type="0"/>
    <Peak1D F1="45.075150" intensity="3.565258e-01" type="0"/>
    <Peak1D F1="41.370281" intensity="1.109938e-01" type="0"/>
    <Peak1D F1="40.414845" intensity="8.709606e+00" type="0"/>
    <Peak1D F1="40.378929" intensity="-3.502872e-01" type="0"/>
    <Peak1D F1="34.419613" intensity="2.251571e-01" type="0"/>
    <Peak1D F1="32.025673" intensity="8.066773e+00" type="0"/>
    <Peak1D F1="30.939571" intensity="-1.764067e+00" type="0"/>
    <Peak1D F1="29.701378" intensity="2.328293e-01" type="0"/>
    <Peak1D F1="25.856464" intensity="3.173385e-01" type="0"/>
    <Peak1D F1="25.632818" intensity="2.209197e-01" type="0"/>
    <Peak1D F1="25.365885" intensity="9.248285e+00" type="0"/>
    <Peak1D F1="25.028538" intensity="9.397282e+00" type="0"/>
    <Peak1D F1="24.836733" intensity="2.247703e-01" type="0"/>
    <Peak1D F1="24.121868" intensity="3.506111e-01" type="0"/>
  </PeakList1D>
</PeakList>
