<?xml version="1.0" encoding="UTF-8"?>
<PeakList>
  <PeakList1D>
    <PeakList1DHeader creator="pjw" date="2020-02-23T17:46:05.587-05:00" expNo="2" name="hz-08-d" owner="" procNo="1" source="D:\pjw-UNI500">
      <PeakPickDetails>F1=218.326508ppm, F2=-18.334021ppm, MI=0.00cm, MAXI=10000.00cm, PC=1.400
      </PeakPickDetails>
    </PeakList1DHeader>
    <Peak1D F1="168.593521" intensity="2.613048e+000" type="0"/>
    <Peak1D F1="139.669785" intensity="2.832861e+000" type="0"/>
    <Peak1D F1="128.707352" intensity="1.420735e+001" type="0"/>
    <Peak1D F1="128.383224" intensity="1.500000e+001" type="0"/>
    <Peak1D F1="126.621109" intensity="7.990207e+000" type="0"/>
    <Peak1D F1="77.448120" intensity="3.145205e+000" type="0"/>
    <Peak1D F1="77.193291" intensity="3.279393e+000" type="0"/>
    <Peak1D F1="76.939056" intensity="3.221219e+000" type="0"/>
    <Peak1D F1="36.869198" intensity="8.481478e+000" type="0"/>
    <Peak1D F1="30.251223" intensity="7.411834e+000" type="0"/>
  </PeakList1D>
</PeakList>
