<?xml version="1.0" encoding="UTF-8"?>
<PeakList>
  <PeakList1D>
    <PeakList1DHeader creator="nightrun" date="2020-01-14T20:56:54.086+09:00" expNo="1" name="200114_KG15-74-P_1H" owner="" procNo="1" source="/opt/topspin3.5pl7/data/geon0202">
      <PeakPickDetails>F1=15.985210ppm, F2=-4.040829ppm, MI=0.00cm, MAXI=10000.00cm, PC=1.000
      </PeakPickDetails>
    </PeakList1DHeader>
    <Peak1D F1="14.189798" intensity="8.875005e-04" type="0"/>
    <Peak1D F1="12.518978" intensity="9.168606e-04" type="0"/>
    <Peak1D F1="11.655353" intensity="8.470983e-04" type="0"/>
    <Peak1D F1="10.972029" intensity="9.032170e-04" type="0"/>
    <Peak1D F1="9.358710" intensity="8.605488e-04" type="0"/>
    <Peak1D F1="7.339742" intensity="4.002346e-03" type="0"/>
    <Peak1D F1="7.325271" intensity="1.330176e-03" type="0"/>
    <Peak1D F1="7.306789" intensity="1.448951e-03" type="0"/>
    <Peak1D F1="7.232589" intensity="1.188305e-03" type="0"/>
    <Peak1D F1="7.215138" intensity="1.465232e-03" type="0"/>
    <Peak1D F1="7.195673" intensity="1.818035e-03" type="0"/>
    <Peak1D F1="7.166028" intensity="1.503169e-03" type="0"/>
    <Peak1D F1="7.156380" intensity="2.370830e-03" type="0"/>
    <Peak1D F1="7.130156" intensity="2.125209e-03" type="0"/>
    <Peak1D F1="7.081027" intensity="7.664917e-01" type="0"/>
    <Peak1D F1="6.817498" intensity="3.961355e-03" type="0"/>
    <Peak1D F1="6.683663" intensity="8.685436e-03" type="0"/>
    <Peak1D F1="6.661751" intensity="9.589828e-03" type="0"/>
    <Peak1D F1="6.589546" intensity="1.910982e-03" type="0"/>
    <Peak1D F1="6.393776" intensity="2.120547e-03" type="0"/>
    <Peak1D F1="6.388016" intensity="1.787131e-03" type="0"/>
    <Peak1D F1="6.367973" intensity="2.700771e-03" type="0"/>
    <Peak1D F1="6.361393" intensity="1.473236e-03" type="0"/>
    <Peak1D F1="6.311437" intensity="1.508671e-03" type="0"/>
    <Peak1D F1="6.294680" intensity="1.793124e-03" type="0"/>
    <Peak1D F1="6.268517" intensity="1.177134e-02" type="0"/>
    <Peak1D F1="6.261439" intensity="1.184729e-02" type="0"/>
    <Peak1D F1="6.198160" intensity="2.596114e-01" type="0"/>
    <Peak1D F1="6.191974" intensity="4.612990e-01" type="0"/>
    <Peak1D F1="6.185715" intensity="2.644445e-01" type="0"/>
    <Peak1D F1="6.171867" intensity="2.864015e-01" type="0"/>
    <Peak1D F1="6.165685" intensity="5.082580e-01" type="0"/>
    <Peak1D F1="6.159419" intensity="2.885940e-01" type="0"/>
    <Peak1D F1="6.111094" intensity="1.019809e-03" type="0"/>
    <Peak1D F1="6.104628" intensity="1.039598e-03" type="0"/>
    <Peak1D F1="6.062848" intensity="2.610253e-03" type="0"/>
    <Peak1D F1="6.050246" intensity="5.396686e-03" type="0"/>
    <Peak1D F1="6.042763" intensity="4.996328e-03" type="0"/>
    <Peak1D F1="6.028099" intensity="5.178277e-03" type="0"/>
    <Peak1D F1="6.020833" intensity="4.815524e-03" type="0"/>
    <Peak1D F1="5.990919" intensity="1.674629e-03" type="0"/>
    <Peak1D F1="5.985178" intensity="2.273794e-03" type="0"/>
    <Peak1D F1="5.978359" intensity="1.595174e-03" type="0"/>
    <Peak1D F1="5.964440" intensity="1.782170e-03" type="0"/>
    <Peak1D F1="5.959113" intensity="3.143276e-03" type="0"/>
    <Peak1D F1="5.950588" intensity="5.028116e-03" type="0"/>
    <Peak1D F1="5.923490" intensity="4.556792e-03" type="0"/>
    <Peak1D F1="5.906375" intensity="5.454065e-03" type="0"/>
    <Peak1D F1="5.898649" intensity="3.395363e-03" type="0"/>
    <Peak1D F1="5.879599" intensity="5.811508e-03" type="0"/>
    <Peak1D F1="5.818645" intensity="1.115743e-03" type="0"/>
    <Peak1D F1="5.791302" intensity="3.116599e-03" type="0"/>
    <Peak1D F1="5.767953" intensity="3.621122e-03" type="0"/>
    <Peak1D F1="5.697485" intensity="5.527971e-01" type="0"/>
    <Peak1D F1="5.692656" intensity="5.562779e-01" type="0"/>
    <Peak1D F1="5.671189" intensity="4.957084e-01" type="0"/>
    <Peak1D F1="5.666355" intensity="5.032200e-01" type="0"/>
    <Peak1D F1="5.480925" intensity="2.158367e-02" type="0"/>
    <Peak1D F1="5.460808" intensity="2.758344e-03" type="0"/>
    <Peak1D F1="5.455643" intensity="3.355312e-03" type="0"/>
    <Peak1D F1="5.366350" intensity="1.658790e-03" type="0"/>
    <Peak1D F1="5.182100" intensity="8.514148e-04" type="0"/>
    <Peak1D F1="5.117187" intensity="6.718797e-03" type="0"/>
    <Peak1D F1="5.056883" intensity="7.600010e-03" type="0"/>
    <Peak1D F1="5.031904" intensity="2.243282e-03" type="0"/>
    <Peak1D F1="5.012579" intensity="7.384328e-03" type="0"/>
    <Peak1D F1="4.981940" intensity="7.135126e-03" type="0"/>
    <Peak1D F1="4.955371" intensity="7.252946e-03" type="0"/>
    <Peak1D F1="4.867071" intensity="1.382673e-01" type="0"/>
    <Peak1D F1="4.863781" intensity="1.771951e-01" type="0"/>
    <Peak1D F1="4.860455" intensity="1.500477e-01" type="0"/>
    <Peak1D F1="4.846938" intensity="3.087196e-01" type="0"/>
    <Peak1D F1="4.844033" intensity="3.093386e-01" type="0"/>
    <Peak1D F1="4.830573" intensity="1.518613e-01" type="0"/>
    <Peak1D F1="4.827198" intensity="1.796333e-01" type="0"/>
    <Peak1D F1="4.823972" intensity="1.410174e-01" type="0"/>
    <Peak1D F1="4.753310" intensity="3.727884e-03" type="0"/>
    <Peak1D F1="4.747381" intensity="4.135776e-03" type="0"/>
    <Peak1D F1="4.729095" intensity="1.573295e-03" type="0"/>
    <Peak1D F1="4.667575" intensity="5.094414e-03" type="0"/>
    <Peak1D F1="4.647975" intensity="4.515294e-03" type="0"/>
    <Peak1D F1="4.588183" intensity="2.929420e-01" type="0"/>
    <Peak1D F1="4.582486" intensity="6.558224e-01" type="0"/>
    <Peak1D F1="4.576673" intensity="6.557074e-01" type="0"/>
    <Peak1D F1="4.570964" intensity="2.900744e-01" type="0"/>
    <Peak1D F1="4.556725" intensity="1.661351e-02" type="0"/>
    <Peak1D F1="4.550657" intensity="1.339872e-02" type="0"/>
    <Peak1D F1="4.479016" intensity="6.498161e-03" type="0"/>
    <Peak1D F1="4.438476" intensity="2.313864e-03" type="0"/>
    <Peak1D F1="4.406983" intensity="3.300733e-03" type="0"/>
    <Peak1D F1="4.400753" intensity="3.319381e-03" type="0"/>
    <Peak1D F1="4.313080" intensity="9.591698e-04" type="0"/>
    <Peak1D F1="4.297551" intensity="1.003480e-03" type="0"/>
    <Peak1D F1="4.063506" intensity="8.715360e-04" type="0"/>
    <Peak1D F1="3.966107" intensity="3.025569e-03" type="0"/>
    <Peak1D F1="3.947649" intensity="8.711112e-03" type="0"/>
    <Peak1D F1="3.929839" intensity="8.236855e-03" type="0"/>
    <Peak1D F1="3.911692" intensity="2.820613e-03" type="0"/>
    <Peak1D F1="3.841773" intensity="1.316625e-03" type="0"/>
    <Peak1D F1="3.826104" intensity="1.432787e-03" type="0"/>
    <Peak1D F1="3.714300" intensity="1.081467e-03" type="0"/>
    <Peak1D F1="3.698060" intensity="1.341834e-03" type="0"/>
    <Peak1D F1="3.692757" intensity="1.109617e-03" type="0"/>
    <Peak1D F1="3.649148" intensity="9.304067e-04" type="0"/>
    <Peak1D F1="3.622226" intensity="1.582172e-03" type="0"/>
    <Peak1D F1="3.584895" intensity="1.587481e-03" type="0"/>
    <Peak1D F1="3.571789" intensity="3.746235e-03" type="0"/>
    <Peak1D F1="3.558581" intensity="4.302794e-03" type="0"/>
    <Peak1D F1="3.553503" intensity="6.033005e-03" type="0"/>
    <Peak1D F1="3.546554" intensity="3.377687e-03" type="0"/>
    <Peak1D F1="3.504677" intensity="1.290755e-03" type="0"/>
    <Peak1D F1="3.481482" intensity="1.137739e-03" type="0"/>
    <Peak1D F1="3.457519" intensity="3.517817e-03" type="0"/>
    <Peak1D F1="3.441675" intensity="7.151720e-03" type="0"/>
    <Peak1D F1="3.427442" intensity="3.931515e-03" type="0"/>
    <Peak1D F1="3.402009" intensity="3.154802e-03" type="0"/>
    <Peak1D F1="3.389711" intensity="4.045527e-03" type="0"/>
    <Peak1D F1="3.382293" intensity="5.215986e-03" type="0"/>
    <Peak1D F1="3.375244" intensity="5.254765e-03" type="0"/>
    <Peak1D F1="3.354445" intensity="1.361797e-02" type="0"/>
    <Peak1D F1="3.347259" intensity="2.319849e-02" type="0"/>
    <Peak1D F1="3.334204" intensity="4.979318e-01" type="0"/>
    <Peak1D F1="3.327409" intensity="9.487805e-01" type="0"/>
    <Peak1D F1="3.320622" intensity="4.962319e-01" type="0"/>
    <Peak1D F1="3.301281" intensity="1.021966e-02" type="0"/>
    <Peak1D F1="3.297585" intensity="9.439215e-03" type="0"/>
    <Peak1D F1="3.287695" intensity="1.002748e-02" type="0"/>
    <Peak1D F1="3.280588" intensity="5.825453e-03" type="0"/>
    <Peak1D F1="3.264578" intensity="2.606267e-03" type="0"/>
    <Peak1D F1="3.255460" intensity="1.278420e-03" type="0"/>
    <Peak1D F1="3.232901" intensity="2.909174e-03" type="0"/>
    <Peak1D F1="3.217287" intensity="2.012692e-03" type="0"/>
    <Peak1D F1="3.205360" intensity="1.413445e-03" type="0"/>
    <Peak1D F1="3.196704" intensity="9.710636e-04" type="0"/>
    <Peak1D F1="3.178472" intensity="8.768283e-04" type="0"/>
    <Peak1D F1="3.157553" intensity="1.810382e-02" type="0"/>
    <Peak1D F1="3.147623" intensity="9.083184e-03" type="0"/>
    <Peak1D F1="3.104536" intensity="3.228287e-03" type="0"/>
    <Peak1D F1="3.097678" intensity="4.619000e-03" type="0"/>
    <Peak1D F1="3.091084" intensity="2.506740e-03" type="0"/>
    <Peak1D F1="3.083250" intensity="2.313813e-03" type="0"/>
    <Peak1D F1="3.023915" intensity="1.049108e-03" type="0"/>
    <Peak1D F1="2.835526" intensity="1.132392e-03" type="0"/>
    <Peak1D F1="2.824616" intensity="1.073324e-03" type="0"/>
    <Peak1D F1="2.793740" intensity="2.479212e-03" type="0"/>
    <Peak1D F1="2.781861" intensity="1.124301e-03" type="0"/>
    <Peak1D F1="2.753446" intensity="1.425319e-03" type="0"/>
    <Peak1D F1="2.736644" intensity="1.014473e-03" type="0"/>
    <Peak1D F1="2.711696" intensity="9.318411e-04" type="0"/>
    <Peak1D F1="2.635710" intensity="2.074736e-01" type="0"/>
    <Peak1D F1="2.616202" intensity="2.069339e-01" type="0"/>
    <Peak1D F1="2.597318" intensity="2.555055e-01" type="0"/>
    <Peak1D F1="2.577874" intensity="2.476823e-01" type="0"/>
    <Peak1D F1="2.509501" intensity="9.737728e-04" type="0"/>
    <Peak1D F1="2.452977" intensity="1.695264e-03" type="0"/>
    <Peak1D F1="2.432938" intensity="3.355829e-03" type="0"/>
    <Peak1D F1="2.418581" intensity="1.930663e-03" type="0"/>
    <Peak1D F1="2.384816" intensity="1.317602e-03" type="0"/>
    <Peak1D F1="2.368516" intensity="1.066937e-03" type="0"/>
    <Peak1D F1="2.337666" intensity="1.775367e-03" type="0"/>
    <Peak1D F1="2.265330" intensity="2.127620e-01" type="0"/>
    <Peak1D F1="2.248286" intensity="2.114740e-01" type="0"/>
    <Peak1D F1="2.226953" intensity="1.758229e-01" type="0"/>
    <Peak1D F1="2.209932" intensity="1.703559e-01" type="0"/>
    <Peak1D F1="2.168550" intensity="2.018028e-03" type="0"/>
    <Peak1D F1="2.158477" intensity="1.430461e-03" type="0"/>
    <Peak1D F1="2.093786" intensity="2.479003e-03" type="0"/>
    <Peak1D F1="2.080125" intensity="2.560975e-03" type="0"/>
    <Peak1D F1="2.071686" intensity="2.505552e-03" type="0"/>
    <Peak1D F1="2.056748" intensity="2.744316e-03" type="0"/>
    <Peak1D F1="2.044811" intensity="2.361355e-03" type="0"/>
    <Peak1D F1="2.038373" intensity="2.159532e-03" type="0"/>
    <Peak1D F1="2.023569" intensity="3.055501e-03" type="0"/>
    <Peak1D F1="2.013565" intensity="1.206199e-03" type="0"/>
    <Peak1D F1="1.988320" intensity="1.402639e-02" type="0"/>
    <Peak1D F1="1.970760" intensity="3.523051e-03" type="0"/>
    <Peak1D F1="1.952144" intensity="5.334411e-03" type="0"/>
    <Peak1D F1="1.932797" intensity="3.427268e-03" type="0"/>
    <Peak1D F1="1.912544" intensity="2.285154e-03" type="0"/>
    <Peak1D F1="1.887454" intensity="1.181378e-03" type="0"/>
    <Peak1D F1="1.861733" intensity="3.763546e-02" type="0"/>
    <Peak1D F1="1.836390" intensity="1.482643e-03" type="0"/>
    <Peak1D F1="1.817733" intensity="1.029557e-03" type="0"/>
    <Peak1D F1="1.715255" intensity="1.152761e-03" type="0"/>
    <Peak1D F1="1.682707" intensity="1.482574e-02" type="0"/>
    <Peak1D F1="1.660388" intensity="2.685184e-03" type="0"/>
    <Peak1D F1="1.653795" intensity="2.727662e-03" type="0"/>
    <Peak1D F1="1.619554" intensity="1.971636e-02" type="0"/>
    <Peak1D F1="1.604185" intensity="1.103628e-02" type="0"/>
    <Peak1D F1="1.587923" intensity="1.201724e-02" type="0"/>
    <Peak1D F1="1.558041" intensity="5.264143e-02" type="0"/>
    <Peak1D F1="1.528286" intensity="2.459547e+00" type="0"/>
    <Peak1D F1="1.463813" intensity="2.790018e+00" type="0"/>
    <Peak1D F1="1.418847" intensity="1.850416e-02" type="0"/>
    <Peak1D F1="1.393022" intensity="3.153950e-01" type="0"/>
    <Peak1D F1="1.371233" intensity="2.354324e-02" type="0"/>
    <Peak1D F1="1.359340" intensity="1.199743e-02" type="0"/>
    <Peak1D F1="1.348482" intensity="9.363756e-03" type="0"/>
    <Peak1D F1="1.323995" intensity="3.976019e-03" type="0"/>
    <Peak1D F1="1.304904" intensity="1.772427e-02" type="0"/>
    <Peak1D F1="1.273340" intensity="3.878150e-03" type="0"/>
    <Peak1D F1="1.250851" intensity="1.103221e-01" type="0"/>
    <Peak1D F1="1.232303" intensity="3.168513e-02" type="0"/>
    <Peak1D F1="1.211187" intensity="6.104709e-03" type="0"/>
    <Peak1D F1="1.205035" intensity="5.465243e-03" type="0"/>
    <Peak1D F1="1.193459" intensity="5.316266e-03" type="0"/>
    <Peak1D F1="1.175376" intensity="3.860268e-03" type="0"/>
    <Peak1D F1="1.148016" intensity="6.646806e-03" type="0"/>
    <Peak1D F1="1.131167" intensity="8.240905e-03" type="0"/>
    <Peak1D F1="1.116354" intensity="9.727069e-03" type="0"/>
    <Peak1D F1="1.094320" intensity="2.499346e-02" type="0"/>
    <Peak1D F1="1.071872" intensity="3.366895e-01" type="0"/>
    <Peak1D F1="1.058661" intensity="2.783185e-02" type="0"/>
    <Peak1D F1="1.044108" intensity="1.150420e-02" type="0"/>
    <Peak1D F1="1.025169" intensity="1.583860e-02" type="0"/>
    <Peak1D F1="1.008148" intensity="4.980497e-03" type="0"/>
    <Peak1D F1="0.992333" intensity="9.129304e-03" type="0"/>
    <Peak1D F1="0.970787" intensity="3.735093e-03" type="0"/>
    <Peak1D F1="0.925882" intensity="1.617831e-01" type="0"/>
    <Peak1D F1="0.909674" intensity="9.217637e-03" type="0"/>
    <Peak1D F1="0.902820" intensity="8.754017e-03" type="0"/>
    <Peak1D F1="0.886746" intensity="8.365070e-03" type="0"/>
    <Peak1D F1="0.856951" intensity="1.264227e-02" type="0"/>
    <Peak1D F1="0.845921" intensity="3.676011e-02" type="0"/>
    <Peak1D F1="0.834040" intensity="2.569122e-02" type="0"/>
    <Peak1D F1="0.828962" intensity="2.763022e-02" type="0"/>
    <Peak1D F1="0.820951" intensity="4.380638e-02" type="0"/>
    <Peak1D F1="0.812763" intensity="5.593351e-02" type="0"/>
    <Peak1D F1="0.809213" intensity="5.929344e-02" type="0"/>
    <Peak1D F1="0.777619" intensity="1.289038e+00" type="0"/>
    <Peak1D F1="0.770657" intensity="1.500000e+01" type="0"/>
    <Peak1D F1="0.763791" intensity="1.170690e+00" type="0"/>
    <Peak1D F1="0.746764" intensity="1.043011e-01" type="0"/>
    <Peak1D F1="0.743146" intensity="9.246059e-02" type="0"/>
    <Peak1D F1="0.732135" intensity="1.174790e-01" type="0"/>
    <Peak1D F1="0.714453" intensity="8.129807e-02" type="0"/>
    <Peak1D F1="0.708670" intensity="1.787005e-01" type="0"/>
    <Peak1D F1="0.697680" intensity="3.755263e-02" type="0"/>
    <Peak1D F1="0.689017" intensity="2.100278e-02" type="0"/>
    <Peak1D F1="0.679859" intensity="1.999425e-02" type="0"/>
    <Peak1D F1="0.670783" intensity="1.221979e-02" type="0"/>
    <Peak1D F1="0.662916" intensity="1.090391e-02" type="0"/>
    <Peak1D F1="0.646192" intensity="7.863737e-03" type="0"/>
    <Peak1D F1="0.635516" intensity="5.191675e-03" type="0"/>
    <Peak1D F1="0.628837" intensity="7.965119e-03" type="0"/>
    <Peak1D F1="0.612340" intensity="7.566577e-02" type="0"/>
    <Peak1D F1="0.563926" intensity="3.149197e-03" type="0"/>
    <Peak1D F1="0.551293" intensity="2.660985e-03" type="0"/>
    <Peak1D F1="0.518848" intensity="2.191341e-03" type="0"/>
    <Peak1D F1="0.505679" intensity="1.873886e-03" type="0"/>
    <Peak1D F1="0.499084" intensity="1.729441e-03" type="0"/>
    <Peak1D F1="0.477864" intensity="1.154945e-03" type="0"/>
    <Peak1D F1="0.466684" intensity="1.216504e-03" type="0"/>
    <Peak1D F1="0.429289" intensity="1.359793e-03" type="0"/>
    <Peak1D F1="0.366499" intensity="9.591197e-04" type="0"/>
    <Peak1D F1="0.346637" intensity="9.460486e-04" type="0"/>
    <Peak1D F1="0.297841" intensity="9.198823e-04" type="0"/>
    <Peak1D F1="0.291694" intensity="9.981503e-04" type="0"/>
    <Peak1D F1="0.216876" intensity="9.891286e-04" type="0"/>
    <Peak1D F1="0.183497" intensity="1.875222e-03" type="0"/>
    <Peak1D F1="0.164702" intensity="2.295468e-03" type="0"/>
    <Peak1D F1="0.147683" intensity="3.640316e-02" type="0"/>
    <Peak1D F1="0.133599" intensity="5.660360e-03" type="0"/>
    <Peak1D F1="0.116189" intensity="4.536405e-03" type="0"/>
    <Peak1D F1="0.092978" intensity="8.631003e-03" type="0"/>
    <Peak1D F1="0.076161" intensity="2.050215e-02" type="0"/>
    <Peak1D F1="0.046358" intensity="3.062161e-02" type="0"/>
    <Peak1D F1="-0.000157" intensity="6.774097e+00" type="0"/>
    <Peak1D F1="-0.029035" intensity="5.360952e-02" type="0"/>
    <Peak1D F1="-0.042336" intensity="4.730167e-02" type="0"/>
    <Peak1D F1="-0.050833" intensity="2.235299e-02" type="0"/>
    <Peak1D F1="-0.061963" intensity="1.476155e-02" type="0"/>
    <Peak1D F1="-0.065421" intensity="1.495778e-02" type="0"/>
    <Peak1D F1="-0.071965" intensity="1.292813e-02" type="0"/>
    <Peak1D F1="-0.083420" intensity="1.359469e-02" type="0"/>
    <Peak1D F1="-0.102871" intensity="3.181502e-02" type="0"/>
    <Peak1D F1="-0.113209" intensity="7.367907e-02" type="0"/>
    <Peak1D F1="-0.137702" intensity="8.122856e-02" type="0"/>
    <Peak1D F1="-0.150791" intensity="3.962928e-02" type="0"/>
    <Peak1D F1="-0.231997" intensity="1.932799e-03" type="0"/>
    <Peak1D F1="-0.286551" intensity="1.561093e-03" type="0"/>
    <Peak1D F1="-0.332698" intensity="1.357240e-03" type="0"/>
    <Peak1D F1="-0.339434" intensity="1.349281e-03" type="0"/>
    <Peak1D F1="-0.352307" intensity="1.406986e-03" type="0"/>
    <Peak1D F1="-0.382877" intensity="1.168475e-03" type="0"/>
  </PeakList1D>
</PeakList>
