<?xml version="1.0" encoding="UTF-8"?>
<PeakList>
  <PeakList1D>
    <PeakList1DHeader creator="chemist" date="2019-02-12T07:12:23.253+00:00" expNo="10" name="Z145737" owner="" procNo="1" source="f:\data\chemist\nmr\">
      <PeakPickDetails>F1=250.000ppm, F2=-10.000ppm, MI=1.00cm, MAXI=2000.00cm, PC=1.000
      </PeakPickDetails>
    </PeakList1DHeader>
    <Peak1D F1="149.4263" intensity="2.543197e+000" type="0"/>
    <Peak1D F1="147.7074" intensity="2.629996e+000" type="0"/>
    <Peak1D F1="142.8846" intensity="2.091199e+000" type="0"/>
    <Peak1D F1="138.4866" intensity="1.146728e+000" type="0"/>
    <Peak1D F1="133.5426" intensity="2.793471e+000" type="0"/>
    <Peak1D F1="132.2512" intensity="6.528039e+000" type="0"/>
    <Peak1D F1="130.4203" intensity="6.304674e+000" type="0"/>
    <Peak1D F1="123.5353" intensity="1.612278e+000" type="0"/>
    <Peak1D F1="110.8299" intensity="1.397658e+000" type="0"/>
    <Peak1D F1="77.3362" intensity="1.521220e+002" type="0"/>
    <Peak1D F1="77.2209" intensity="6.068641e+000" type="0"/>
    <Peak1D F1="77.0182" intensity="1.547389e+002" type="0"/>
    <Peak1D F1="76.7003" intensity="1.518988e+002" type="0"/>
    <Peak1D F1="72.6740" intensity="2.968374e+000" type="0"/>
    <Peak1D F1="45.6681" intensity="2.972348e+000" type="0"/>
  </PeakList1D>
</PeakList>
