<?xml version="1.0" encoding="UTF-8"?>
<PeakList>
  <PeakList1D>
    <PeakList1DHeader creator="chemist" date="2019-03-01T06:49:58.125+00:00" expNo="10" name="Y809" owner="" procNo="1" source="d:\">
      <PeakPickDetails>F1=245.691ppm, F2=-23.691ppm, MI=0.00cm, MAXI=10000.00cm, PC=1.400
      </PeakPickDetails>
    </PeakList1DHeader>
    <Peak1D F1="160.0159" intensity="0.72" type="0"/>
    <Peak1D F1="138.2473" intensity="0.54" type="0"/>
    <Peak1D F1="132.7894" intensity="2.15" type="0"/>
    <Peak1D F1="129.4696" intensity="1.13" type="0"/>
    <Peak1D F1="129.2344" intensity="2.16" type="0"/>
    <Peak1D F1="127.4624" intensity="0.88" type="0"/>
    <Peak1D F1="127.4537" intensity="0.90" type="0"/>
    <Peak1D F1="125.7444" intensity="0.54" type="0"/>
    <Peak1D F1="125.5972" intensity="0.12" type="0"/>
    <Peak1D F1="114.8955" intensity="2.91" type="0"/>
    <Peak1D F1="78.2230" intensity="13.32" type="0"/>
    <Peak1D F1="78.0114" intensity="13.50" type="0"/>
    <Peak1D F1="77.7997" intensity="13.39" type="0"/>
    <Peak1D F1="56.1623" intensity="1.51" type="0"/>
    <Peak1D F1="41.9494" intensity="0.61" type="0"/>
  </PeakList1D>
</PeakList>
