<?xml version="1.0" encoding="UTF-8"?>
<PeakList>
  <PeakList1D>
    <PeakList1DHeader creator="nmrsu" date="2023-06-15T12:38:15.220-05:00" expNo="1203510" name="Jun15-2023" owner="" procNo="1" source="G:/data/chem-synthesis-a-team2/nmr">
      <PeakPickDetails>F1=16.187771ppm, F2=-3.837772ppm, MI=0.00cm, MAXI=10000.00cm, PC=1.000
      </PeakPickDetails>
    </PeakList1DHeader>
    <Peak1D F1="15.100195" intensity="5.098219e-004" type="0"/>
    <Peak1D F1="12.495380" intensity="4.807136e-004" type="0"/>
    <Peak1D F1="12.214662" intensity="4.878334e-004" type="0"/>
    <Peak1D F1="8.985997" intensity="4.799497e-004" type="0"/>
    <Peak1D F1="8.949133" intensity="6.366934e-004" type="0"/>
    <Peak1D F1="8.938765" intensity="7.130725e-004" type="0"/>
    <Peak1D F1="8.885509" intensity="9.754702e-004" type="0"/>
    <Peak1D F1="8.838467" intensity="1.187547e-003" type="0"/>
    <Peak1D F1="8.820820" intensity="1.365936e-003" type="0"/>
    <Peak1D F1="8.787710" intensity="1.537958e-003" type="0"/>
    <Peak1D F1="8.752532" intensity="1.605413e-003" type="0"/>
    <Peak1D F1="8.717936" intensity="1.815070e-003" type="0"/>
    <Peak1D F1="8.690618" intensity="1.991301e-003" type="0"/>
    <Peak1D F1="8.663529" intensity="2.304303e-003" type="0"/>
    <Peak1D F1="8.520601" intensity="1.596641e-002" type="0"/>
    <Peak1D F1="8.514737" intensity="1.773542e-002" type="0"/>
    <Peak1D F1="8.497542" intensity="1.957827e-002" type="0"/>
    <Peak1D F1="8.493998" intensity="2.050753e-002" type="0"/>
    <Peak1D F1="8.456659" intensity="1.116294e-002" type="0"/>
    <Peak1D F1="8.439528" intensity="2.460056e-002" type="0"/>
    <Peak1D F1="8.420343" intensity="2.844020e-002" type="0"/>
    <Peak1D F1="8.415895" intensity="2.829387e-002" type="0"/>
    <Peak1D F1="8.398651" intensity="1.837214e-002" type="0"/>
    <Peak1D F1="8.307460" intensity="2.432523e+000" type="0"/>
    <Peak1D F1="8.285300" intensity="4.312541e+000" type="0"/>
    <Peak1D F1="8.229645" intensity="4.426195e+000" type="0"/>
    <Peak1D F1="8.207453" intensity="2.526935e+000" type="0"/>
    <Peak1D F1="8.171624" intensity="7.998480e-003" type="0"/>
    <Peak1D F1="8.142004" intensity="4.057258e-003" type="0"/>
    <Peak1D F1="8.120426" intensity="2.713260e-003" type="0"/>
    <Peak1D F1="8.088739" intensity="1.737493e-002" type="0"/>
    <Peak1D F1="8.070837" intensity="1.173287e-002" type="0"/>
    <Peak1D F1="8.065615" intensity="1.131434e-002" type="0"/>
    <Peak1D F1="8.017781" intensity="1.821301e-002" type="0"/>
    <Peak1D F1="7.999010" intensity="1.296555e-002" type="0"/>
    <Peak1D F1="7.993990" intensity="1.227872e-002" type="0"/>
    <Peak1D F1="7.963311" intensity="9.528776e-004" type="0"/>
    <Peak1D F1="7.952023" intensity="6.195745e-004" type="0"/>
    <Peak1D F1="7.906710" intensity="5.054029e-004" type="0"/>
    <Peak1D F1="7.829429" intensity="4.800329e-004" type="0"/>
    <Peak1D F1="7.541420" intensity="1.548077e-003" type="0"/>
    <Peak1D F1="7.403190" intensity="5.106147e-004" type="0"/>
    <Peak1D F1="7.373042" intensity="6.791769e-004" type="0"/>
    <Peak1D F1="7.328628" intensity="1.289120e-003" type="0"/>
    <Peak1D F1="7.282857" intensity="2.953058e-001" type="0"/>
    <Peak1D F1="7.019036" intensity="1.423832e-003" type="0"/>
    <Peak1D F1="5.384679" intensity="4.749474e-004" type="0"/>
    <Peak1D F1="5.363488" intensity="4.752859e-004" type="0"/>
    <Peak1D F1="5.334786" intensity="5.130810e-004" type="0"/>
    <Peak1D F1="4.785144" intensity="5.308285e-004" type="0"/>
    <Peak1D F1="4.762644" intensity="5.199112e-004" type="0"/>
    <Peak1D F1="4.734394" intensity="5.887001e-004" type="0"/>
    <Peak1D F1="4.665580" intensity="7.199824e-004" type="0"/>
    <Peak1D F1="4.591999" intensity="1.238924e-003" type="0"/>
    <Peak1D F1="4.555636" intensity="1.452669e-003" type="0"/>
    <Peak1D F1="4.478164" intensity="1.689274e-003" type="0"/>
    <Peak1D F1="4.437803" intensity="1.774830e-003" type="0"/>
    <Peak1D F1="4.397904" intensity="1.794148e-003" type="0"/>
    <Peak1D F1="4.378362" intensity="2.001613e-003" type="0"/>
    <Peak1D F1="4.337028" intensity="2.542229e-003" type="0"/>
    <Peak1D F1="4.270181" intensity="3.806529e-003" type="0"/>
    <Peak1D F1="4.173780" intensity="9.041879e-002" type="0"/>
    <Peak1D F1="4.152302" intensity="9.748523e-003" type="0"/>
    <Peak1D F1="4.085713" intensity="2.229667e-002" type="0"/>
    <Peak1D F1="3.991631" intensity="1.500000e+001" type="0"/>
    <Peak1D F1="3.955486" intensity="2.104350e-002" type="0"/>
    <Peak1D F1="3.931470" intensity="8.496832e-003" type="0"/>
    <Peak1D F1="3.903959" intensity="4.815545e-003" type="0"/>
    <Peak1D F1="3.886582" intensity="2.805150e-003" type="0"/>
    <Peak1D F1="3.866305" intensity="2.549285e-003" type="0"/>
    <Peak1D F1="3.848524" intensity="1.563412e-003" type="0"/>
    <Peak1D F1="3.837812" intensity="1.521183e-003" type="0"/>
    <Peak1D F1="3.804456" intensity="8.348310e-002" type="0"/>
    <Peak1D F1="3.749128" intensity="1.070906e-003" type="0"/>
    <Peak1D F1="3.731670" intensity="1.181377e-003" type="0"/>
    <Peak1D F1="3.705355" intensity="9.458732e-004" type="0"/>
    <Peak1D F1="3.677346" intensity="3.377188e-003" type="0"/>
    <Peak1D F1="3.619020" intensity="8.026453e-004" type="0"/>
    <Peak1D F1="3.580234" intensity="4.850431e-004" type="0"/>
    <Peak1D F1="3.545264" intensity="4.942353e-004" type="0"/>
    <Peak1D F1="3.520066" intensity="5.141493e-004" type="0"/>
    <Peak1D F1="3.510548" intensity="5.147533e-004" type="0"/>
    <Peak1D F1="3.498312" intensity="6.833525e-004" type="0"/>
    <Peak1D F1="3.438334" intensity="5.060781e-004" type="0"/>
    <Peak1D F1="2.915242" intensity="6.114321e-004" type="0"/>
    <Peak1D F1="2.378915" intensity="5.420655e-004" type="0"/>
    <Peak1D F1="2.361727" intensity="5.919539e-004" type="0"/>
    <Peak1D F1="2.190469" intensity="5.283473e-004" type="0"/>
    <Peak1D F1="2.078315" intensity="5.291965e-004" type="0"/>
    <Peak1D F1="2.054000" intensity="9.221382e-004" type="0"/>
    <Peak1D F1="2.023432" intensity="7.485664e-004" type="0"/>
    <Peak1D F1="2.007535" intensity="7.589781e-004" type="0"/>
    <Peak1D F1="1.982917" intensity="6.830117e-004" type="0"/>
    <Peak1D F1="1.961425" intensity="6.658385e-004" type="0"/>
    <Peak1D F1="1.943268" intensity="7.974469e-004" type="0"/>
    <Peak1D F1="1.911544" intensity="8.275554e-004" type="0"/>
    <Peak1D F1="1.673727" intensity="4.409944e-002" type="0"/>
    <Peak1D F1="1.507390" intensity="1.197154e-003" type="0"/>
    <Peak1D F1="1.473208" intensity="9.123182e-004" type="0"/>
    <Peak1D F1="1.454371" intensity="6.859562e-004" type="0"/>
    <Peak1D F1="1.423078" intensity="6.959667e-004" type="0"/>
    <Peak1D F1="1.395864" intensity="7.276415e-004" type="0"/>
    <Peak1D F1="1.366125" intensity="8.851286e-004" type="0"/>
    <Peak1D F1="1.258416" intensity="1.258444e-002" type="0"/>
    <Peak1D F1="1.223568" intensity="1.444250e-003" type="0"/>
    <Peak1D F1="1.208587" intensity="1.429924e-003" type="0"/>
    <Peak1D F1="1.126367" intensity="5.163718e-004" type="0"/>
    <Peak1D F1="1.063022" intensity="6.214469e-004" type="0"/>
    <Peak1D F1="0.896174" intensity="1.443442e-003" type="0"/>
    <Peak1D F1="0.883749" intensity="2.654859e-003" type="0"/>
    <Peak1D F1="0.864476" intensity="1.519881e-003" type="0"/>
    <Peak1D F1="0.084595" intensity="1.269922e-003" type="0"/>
    <Peak1D F1="-3.187689" intensity="5.488491e-004" type="0"/>
  </PeakList1D>
</PeakList>
