<?xml version="1.0" encoding="UTF-8"?>
<PeakList modified="2020-02-04T16:20:51">
  <PeakList1D>
    <PeakList1DHeader creator="tanpures" date="2018-08-15T17:25:09" expNo="1" name="SDT252A" owner="" procNo="1" source="/opt/osu/chemistry">
      <PeakPickDetails>F1=8.093ppm, F2=6.072ppm, MI=0.72cm, MAXI=3.03cm, PC=1.000
      </PeakPickDetails>
    </PeakList1DHeader>
    <Peak1D F1="7.26" intensity="0.95" type="0"/>
    <Peak1D F1="6.6411" intensity="1.32" type="0"/>
  </PeakList1D>
  <PeakList1D>
    <PeakList1DHeader creator="tanpures" date="2018-08-15T17:25:09" expNo="1" name="SDT252A" owner="" procNo="1" source="/opt/osu/chemistry">
      <PeakPickDetails>F1=4.375ppm, F2=2.564ppm, MI=0.25cm, MAXI=6.24cm, PC=1.000
      </PeakPickDetails>
    </PeakList1DHeader>
    <Peak1D F1="4.1694" intensity="0.71" type="0"/>
    <Peak1D F1="4.1536" intensity="1.44" type="0"/>
    <Peak1D F1="4.1376" intensity="0.7" type="0"/>
    <Peak1D F1="3.8612" intensity="5.22" type="0"/>
    <Peak1D F1="3.7749" intensity="0.34" type="0"/>
    <Peak1D F1="3.7626" intensity="5.64" type="0"/>
    <Peak1D F1="3.6453" intensity="0.63" type="0"/>
    <Peak1D F1="3.6276" intensity="0.99" type="0"/>
    <Peak1D F1="3.6097" intensity="0.64" type="0"/>
    <Peak1D F1="3.5387" intensity="0.61" type="0"/>
    <Peak1D F1="3.5234" intensity="0.99" type="0"/>
    <Peak1D F1="3.5074" intensity="0.66" type="0"/>
    <Peak1D F1="2.8744" intensity="0.59" type="0"/>
    <Peak1D F1="2.8587" intensity="0.92" type="0"/>
    <Peak1D F1="2.8432" intensity="0.55" type="0"/>
  </PeakList1D>
  <PeakList1D>
    <PeakList1DHeader creator="tanpures" date="2018-08-15T17:25:09" expNo="1" name="SDT252A" owner="" procNo="1" source="/opt/osu/chemistry">
      <PeakPickDetails>F1=2.237ppm, F2=1.850ppm, MI=0.41cm, MAXI=1.12cm, PC=1.000
      </PeakPickDetails>
    </PeakList1DHeader>
    <Peak1D F1="2.0137" intensity="0.54" type="0"/>
    <Peak1D F1="1.9958" intensity="0.7" type="0"/>
    <Peak1D F1="1.9787" intensity="0.51" type="0"/>
  </PeakList1D>
  <PeakList1D>
    <PeakList1DHeader creator="tanpures" date="2018-08-15T17:25:09" expNo="1" name="SDT252A" owner="" procNo="1" source="/opt/osu/chemistry">
      <PeakPickDetails>F1=1.477ppm, F2=0.865ppm, MI=3.08cm, MAXI=10.96cm, PC=1.000
      </PeakPickDetails>
    </PeakList1DHeader>
    <Peak1D F1="1.2203" intensity="8.05" type="0"/>
    <Peak1D F1="1.2033" intensity="8.31" type="0"/>
  </PeakList1D>
  <PeakList1D>
    <PeakList1DHeader creator="tanpures" date="2018-08-15T17:25:09" expNo="1" name="SDT252A" owner="" procNo="1" source="/opt/osu/chemistry">
      <PeakPickDetails>F1=0.641ppm, F2=-0.492ppm, MI=4.33cm, MAXI=16.42cm, PC=1.000
      </PeakPickDetails>
    </PeakList1DHeader>
    <Peak1D F1="0.3515" intensity="15.0" type="0"/>
  </PeakList1D>
  <PeakList1D>
    <PeakList1DHeader creator="Dell@Dell-PC" date="2020-02-04T16:20:53" expNo="1" name="SDT252A 400 mhz" owner="Dell" procNo="1" source="C:/Users/Dell/Desktop/NMR/Tetrahydroisoquinoline/SDT252A">
      <PeakPickDetails>Manually picked peaks
</PeakPickDetails>
    </PeakList1DHeader>
    <Peak1D F1="2.0308098823835294" intensity="0.1980466272219071" type="1"/>
    <Peak1D F1="1.962074778672087" intensity="0.17366304452733164" type="1"/>
  </PeakList1D>
</PeakList>
