<?xml version="1.0" encoding="UTF-8"?>
<PeakList>
  <PeakList1D>
    <PeakList1DHeader creator="JRomeo" date="2019-11-13T19:40:30" expNo="2" name="2JR72_3" owner="" procNo="1" source="C:\Bruker\TOPSPIN">
      <PeakPickDetails>F1=8.257ppm, F2=7.517ppm, MI=0.31cm, MAXI=2.59cm, PC=1.000
      </PeakPickDetails>
    </PeakList1DHeader>
    <Peak1D F1="7.8669" intensity="0.81" type="0"/>
    <Peak1D F1="7.6715" intensity="0.62" type="0"/>
    <Peak1D F1="7.6652" intensity="0.34" type="0"/>
    <Peak1D F1="7.654" intensity="1.63" type="0"/>
    <Peak1D F1="7.6427" intensity="0.33" type="0"/>
    <Peak1D F1="7.6343" intensity="0.39" type="0"/>
    <Peak1D F1="7.6249" intensity="0.66" type="0"/>
    <Peak1D F1="7.622" intensity="0.65" type="0"/>
    <Peak1D F1="7.608" intensity="0.31" type="0"/>
  </PeakList1D>
  <PeakList1D>
    <PeakList1DHeader creator="JRomeo" date="2019-11-13T19:40:30" expNo="2" name="2JR72_3" owner="" procNo="1" source="C:\Bruker\TOPSPIN">
      <PeakPickDetails>F1=7.397ppm, F2=7.225ppm, MI=0.34cm, MAXI=1.09cm, PC=1.000
      </PeakPickDetails>
    </PeakList1DHeader>
    <Peak1D F1="7.2716" intensity="0.58" type="0"/>
    <Peak1D F1="7.269" intensity="0.69" type="0"/>
    <Peak1D F1="7.2611" intensity="0.8" type="0"/>
    <Peak1D F1="7.253" intensity="0.67" type="0"/>
    <Peak1D F1="7.2503" intensity="0.53" type="0"/>
  </PeakList1D>
  <PeakList1D>
    <PeakList1DHeader creator="JRomeo" date="2019-11-13T19:40:30" expNo="2" name="2JR72_3" owner="" procNo="1" source="C:\Bruker\TOPSPIN">
      <PeakPickDetails>F1=7.105ppm, F2=6.634ppm, MI=0.42cm, MAXI=1.94cm, PC=1.000
      </PeakPickDetails>
    </PeakList1DHeader>
    <Peak1D F1="7.0893" intensity="1.39" type="0"/>
    <Peak1D F1="7.0848" intensity="0.45" type="0"/>
    <Peak1D F1="7.0758" intensity="0.46" type="0"/>
    <Peak1D F1="7.0712" intensity="1.58" type="0"/>
    <Peak1D F1="6.77" intensity="1.54" type="0"/>
    <Peak1D F1="6.7654" intensity="0.48" type="0"/>
    <Peak1D F1="6.7564" intensity="0.43" type="0"/>
    <Peak1D F1="6.7518" intensity="1.38" type="0"/>
  </PeakList1D>
  <PeakList1D>
    <PeakList1DHeader creator="JRomeo" date="2019-11-13T19:40:30" expNo="2" name="2JR72_3" owner="" procNo="1" source="C:\Bruker\TOPSPIN">
      <PeakPickDetails>F1=5.699ppm, F2=4.331ppm, MI=0.13cm, MAXI=1.61cm, PC=1.000
      </PeakPickDetails>
    </PeakList1DHeader>
    <Peak1D F1="5.423" intensity="0.5" type="0"/>
    <Peak1D F1="5.4175" intensity="0.48" type="0"/>
    <Peak1D F1="5.2764" intensity="0.48" type="0"/>
    <Peak1D F1="5.2708" intensity="0.46" type="0"/>
    <Peak1D F1="5.1891" intensity="0.54" type="0"/>
    <Peak1D F1="5.1656" intensity="0.61" type="0"/>
    <Peak1D F1="5.0749" intensity="0.47" type="0"/>
    <Peak1D F1="5.0687" intensity="0.46" type="0"/>
    <Peak1D F1="4.9392" intensity="0.47" type="0"/>
    <Peak1D F1="4.9344" intensity="0.46" type="0"/>
    <Peak1D F1="4.728" intensity="0.62" type="0"/>
    <Peak1D F1="4.7044" intensity="0.57" type="0"/>
    <Peak1D F1="4.4896" intensity="0.35" type="0"/>
    <Peak1D F1="4.476" intensity="0.36" type="0"/>
    <Peak1D F1="4.4658" intensity="0.25" type="0"/>
    <Peak1D F1="4.4616" intensity="0.28" type="0"/>
    <Peak1D F1="4.4531" intensity="0.19" type="0"/>
    <Peak1D F1="4.4374" intensity="0.31" type="0"/>
    <Peak1D F1="4.4277" intensity="0.54" type="0"/>
    <Peak1D F1="4.4151" intensity="0.61" type="0"/>
    <Peak1D F1="4.403" intensity="0.44" type="0"/>
  </PeakList1D>
  <PeakList1D>
    <PeakList1DHeader creator="JRomeo" date="2019-11-13T19:40:30" expNo="2" name="2JR72_3" owner="" procNo="1" source="C:\Bruker\TOPSPIN">
      <PeakPickDetails>F1=4.061ppm, F2=3.096ppm, MI=0.21cm, MAXI=8.05cm, PC=1.000
      </PeakPickDetails>
    </PeakList1DHeader>
    <Peak1D F1="3.8838" intensity="0.21" type="0"/>
    <Peak1D F1="3.8635" intensity="0.41" type="0"/>
    <Peak1D F1="3.8589" intensity="0.36" type="0"/>
    <Peak1D F1="3.8424" intensity="0.23" type="0"/>
    <Peak1D F1="3.811" intensity="0.59" type="0"/>
    <Peak1D F1="3.7495" intensity="0.55" type="0"/>
    <Peak1D F1="3.746" intensity="0.54" type="0"/>
    <Peak1D F1="3.7153" intensity="0.51" type="0"/>
    <Peak1D F1="3.7031" intensity="0.54" type="0"/>
    <Peak1D F1="3.6899" intensity="0.3" type="0"/>
    <Peak1D F1="3.6848" intensity="0.24" type="0"/>
    <Peak1D F1="3.6813" intensity="0.21" type="0"/>
    <Peak1D F1="3.5443" intensity="0.56" type="0"/>
    <Peak1D F1="3.5404" intensity="0.54" type="0"/>
    <Peak1D F1="3.4626" intensity="0.6" type="0"/>
    <Peak1D F1="3.3193" intensity="7.13" type="0"/>
    <Peak1D F1="3.264" intensity="5.72" type="0"/>
    <Peak1D F1="3.2116" intensity="5.78" type="0"/>
    <Peak1D F1="3.1469" intensity="6.42" type="0"/>
  </PeakList1D>
  <PeakList1D>
    <PeakList1DHeader creator="JRomeo" date="2019-11-13T19:40:30" expNo="2" name="2JR72_3" owner="" procNo="1" source="C:\Bruker\TOPSPIN">
      <PeakPickDetails>F1=2.655ppm, F2=1.885ppm, MI=0.14cm, MAXI=0.83cm, PC=1.000
      </PeakPickDetails>
    </PeakList1DHeader>
    <Peak1D F1="2.431" intensity="0.29" type="0"/>
    <Peak1D F1="2.4237" intensity="0.29" type="0"/>
    <Peak1D F1="2.4068" intensity="0.24" type="0"/>
    <Peak1D F1="2.4035" intensity="0.22" type="0"/>
    <Peak1D F1="2.4" intensity="0.21" type="0"/>
    <Peak1D F1="2.3862" intensity="0.28" type="0"/>
    <Peak1D F1="2.3794" intensity="0.28" type="0"/>
    <Peak1D F1="2.3622" intensity="0.15" type="0"/>
    <Peak1D F1="2.3133" intensity="0.29" type="0"/>
    <Peak1D F1="2.3064" intensity="0.28" type="0"/>
    <Peak1D F1="2.289" intensity="0.19" type="0"/>
    <Peak1D F1="2.2813" intensity="0.27" type="0"/>
    <Peak1D F1="2.278" intensity="0.27" type="0"/>
    <Peak1D F1="2.2689" intensity="0.26" type="0"/>
    <Peak1D F1="2.2536" intensity="0.2" type="0"/>
    <Peak1D F1="2.2448" intensity="0.19" type="0"/>
    <Peak1D F1="2.2221" intensity="0.24" type="0"/>
    <Peak1D F1="2.2135" intensity="0.27" type="0"/>
    <Peak1D F1="2.1982" intensity="0.19" type="0"/>
    <Peak1D F1="2.1895" intensity="0.17" type="0"/>
    <Peak1D F1="2.1493" intensity="0.29" type="0"/>
    <Peak1D F1="2.1424" intensity="0.29" type="0"/>
    <Peak1D F1="2.1247" intensity="0.19" type="0"/>
    <Peak1D F1="2.1178" intensity="0.18" type="0"/>
    <Peak1D F1="2.0508" intensity="0.24" type="0"/>
    <Peak1D F1="2.0418" intensity="0.27" type="0"/>
    <Peak1D F1="2.026" intensity="0.19" type="0"/>
    <Peak1D F1="2.0169" intensity="0.18" type="0"/>
    <Peak1D F1="2.003" intensity="0.21" type="0"/>
    <Peak1D F1="1.995" intensity="0.23" type="0"/>
    <Peak1D F1="1.9794" intensity="0.21" type="0"/>
    <Peak1D F1="1.9714" intensity="0.19" type="0"/>
  </PeakList1D>
  <PeakList1D>
    <PeakList1DHeader creator="JRomeo" date="2019-11-13T19:40:30" expNo="2" name="2JR72_3" owner="" procNo="1" source="C:\Bruker\TOPSPIN">
      <PeakPickDetails>F1=1.645ppm, F2=0.075ppm, MI=0.77cm, MAXI=15.69cm, PC=1.000
      </PeakPickDetails>
    </PeakList1DHeader>
    <Peak1D F1="1.394" intensity="2.12" type="0"/>
    <Peak1D F1="1.3812" intensity="2.13" type="0"/>
    <Peak1D F1="1.2526" intensity="1.64" type="0"/>
    <Peak1D F1="1.2396" intensity="1.66" type="0"/>
    <Peak1D F1="1.2239" intensity="1.63" type="0"/>
    <Peak1D F1="1.2108" intensity="1.6" type="0"/>
    <Peak1D F1="1.026" intensity="15.0" type="0"/>
    <Peak1D F1="0.9828" intensity="1.74" type="0"/>
    <Peak1D F1="0.9698" intensity="1.73" type="0"/>
    <Peak1D F1="0.1926" intensity="10.43" type="0"/>
  </PeakList1D>
</PeakList>
