<?xml version="1.0" encoding="UTF-8"?>
<PeakList>
  <PeakList1D>
    <PeakList1DHeader creator="Lijin_Xu" date="2017-12-12T15:36:03.362+08:00" expNo="2" name="zhq-492" owner="" procNo="1" source="D:">
      <PeakPickDetails>F1=235.494ppm, F2=-15.494ppm, MI=0.00cm, MAXI=10000.00cm, PC=1.400
      </PeakPickDetails>
    </PeakList1DHeader>
    <Peak1D F1="162.8387" intensity="2.24" type="0"/>
    <Peak1D F1="151.2149" intensity="5.13" type="0"/>
    <Peak1D F1="150.0742" intensity="15.00" type="0"/>
    <Peak1D F1="147.4485" intensity="6.02" type="0"/>
    <Peak1D F1="146.3237" intensity="6.74" type="0"/>
    <Peak1D F1="138.8722" intensity="13.62" type="0"/>
    <Peak1D F1="124.3303" intensity="14.74" type="0"/>
    <Peak1D F1="123.6071" intensity="12.32" type="0"/>
    <Peak1D F1="117.1226" intensity="10.09" type="0"/>
    <Peak1D F1="108.1030" intensity="13.49" type="0"/>
    <Peak1D F1="77.3920" intensity="66.25" type="0"/>
    <Peak1D F1="77.2790" intensity="7.77" type="0"/>
    <Peak1D F1="77.0744" intensity="67.63" type="0"/>
    <Peak1D F1="76.7564" intensity="66.69" type="0"/>
    <Peak1D F1="20.5552" intensity="13.85" type="0"/>
  </PeakList1D>
</PeakList>
