<?xml version="1.0" encoding="UTF-8"?>
<PeakList>
  <PeakList1D>
    <PeakList1DHeader creator="nmrsu" date="2023-08-03T12:31:58.259-05:00" expNo="1295810" name="Aug03-2023" owner="" procNo="1" source="G:/data/chem-synthesis-summer-a-team1/nmr">
      <PeakPickDetails>F1=16.187771ppm, F2=-3.837772ppm, MI=0.00cm, MAXI=10000.00cm, PC=1.000
      </PeakPickDetails>
    </PeakList1DHeader>
    <Peak1D F1="16.105309" intensity="1.213865e-003" type="0"/>
    <Peak1D F1="16.012115" intensity="1.092842e-003" type="0"/>
    <Peak1D F1="15.990047" intensity="1.144090e-003" type="0"/>
    <Peak1D F1="15.886000" intensity="1.071541e-003" type="0"/>
    <Peak1D F1="15.846574" intensity="1.196867e-003" type="0"/>
    <Peak1D F1="15.837070" intensity="1.146957e-003" type="0"/>
    <Peak1D F1="15.780327" intensity="1.136500e-003" type="0"/>
    <Peak1D F1="15.715757" intensity="1.135652e-003" type="0"/>
    <Peak1D F1="12.549764" intensity="1.077289e-003" type="0"/>
    <Peak1D F1="11.728160" intensity="1.233732e-003" type="0"/>
    <Peak1D F1="11.515553" intensity="1.304114e-003" type="0"/>
    <Peak1D F1="11.142451" intensity="1.016405e-003" type="0"/>
    <Peak1D F1="10.878188" intensity="1.032253e-003" type="0"/>
    <Peak1D F1="10.585062" intensity="1.039384e-003" type="0"/>
    <Peak1D F1="10.528475" intensity="1.946388e-003" type="0"/>
    <Peak1D F1="10.041873" intensity="7.872060e-003" type="0"/>
    <Peak1D F1="9.936288" intensity="1.029567e-003" type="0"/>
    <Peak1D F1="9.738317" intensity="1.431412e-003" type="0"/>
    <Peak1D F1="9.681161" intensity="1.427570e-003" type="0"/>
    <Peak1D F1="8.317136" intensity="1.037813e-003" type="0"/>
    <Peak1D F1="8.059489" intensity="1.445777e-003" type="0"/>
    <Peak1D F1="8.041104" intensity="1.307564e-003" type="0"/>
    <Peak1D F1="7.912108" intensity="5.091822e-003" type="0"/>
    <Peak1D F1="7.893016" intensity="5.876790e-003" type="0"/>
    <Peak1D F1="7.671103" intensity="1.049627e-003" type="0"/>
    <Peak1D F1="7.653935" intensity="2.555723e-003" type="0"/>
    <Peak1D F1="7.635479" intensity="1.457159e-003" type="0"/>
    <Peak1D F1="7.572853" intensity="5.120570e-003" type="0"/>
    <Peak1D F1="7.554076" intensity="9.018831e-003" type="0"/>
    <Peak1D F1="7.539948" intensity="9.236881e-003" type="0"/>
    <Peak1D F1="7.521581" intensity="6.343137e-003" type="0"/>
    <Peak1D F1="7.501284" intensity="1.682606e-003" type="0"/>
    <Peak1D F1="7.469992" intensity="2.735783e-003" type="0"/>
    <Peak1D F1="7.448742" intensity="4.401232e-003" type="0"/>
    <Peak1D F1="7.430476" intensity="1.566351e-002" type="0"/>
    <Peak1D F1="7.411525" intensity="2.321425e-002" type="0"/>
    <Peak1D F1="7.389671" intensity="3.349133e-003" type="0"/>
    <Peak1D F1="7.370028" intensity="4.228609e-002" type="0"/>
    <Peak1D F1="7.353310" intensity="1.315313e-002" type="0"/>
    <Peak1D F1="7.335310" intensity="2.204136e-002" type="0"/>
    <Peak1D F1="7.315935" intensity="1.554907e-002" type="0"/>
    <Peak1D F1="7.283943" intensity="6.183707e-001" type="0"/>
    <Peak1D F1="7.260557" intensity="1.910794e-002" type="0"/>
    <Peak1D F1="7.245536" intensity="3.198561e-002" type="0"/>
    <Peak1D F1="7.230436" intensity="2.044465e-002" type="0"/>
    <Peak1D F1="7.212149" intensity="1.332306e-002" type="0"/>
    <Peak1D F1="7.191404" intensity="6.603339e-003" type="0"/>
    <Peak1D F1="7.125987" intensity="6.389573e-003" type="0"/>
    <Peak1D F1="7.020017" intensity="3.269091e-003" type="0"/>
    <Peak1D F1="7.000751" intensity="1.124136e-003" type="0"/>
    <Peak1D F1="6.767445" intensity="5.432004e-003" type="0"/>
    <Peak1D F1="6.740259" intensity="5.476191e-003" type="0"/>
    <Peak1D F1="6.723035" intensity="5.026526e-003" type="0"/>
    <Peak1D F1="6.697028" intensity="5.348073e-003" type="0"/>
    <Peak1D F1="6.609856" intensity="2.076739e-002" type="0"/>
    <Peak1D F1="6.017325" intensity="1.328191e-002" type="0"/>
    <Peak1D F1="6.009285" intensity="1.064238e-002" type="0"/>
    <Peak1D F1="6.003450" intensity="1.523989e-002" type="0"/>
    <Peak1D F1="5.947982" intensity="1.254902e-002" type="0"/>
    <Peak1D F1="5.944189" intensity="1.428992e-002" type="0"/>
    <Peak1D F1="5.904356" intensity="1.992360e-002" type="0"/>
    <Peak1D F1="5.840461" intensity="1.777518e-002" type="0"/>
    <Peak1D F1="5.826699" intensity="2.367289e-002" type="0"/>
    <Peak1D F1="5.815033" intensity="1.370420e-002" type="0"/>
    <Peak1D F1="5.781481" intensity="1.467594e-002" type="0"/>
    <Peak1D F1="5.768121" intensity="3.356215e-003" type="0"/>
    <Peak1D F1="5.753659" intensity="6.027193e-003" type="0"/>
    <Peak1D F1="5.736415" intensity="2.057793e-002" type="0"/>
    <Peak1D F1="5.710691" intensity="2.051460e-002" type="0"/>
    <Peak1D F1="5.692905" intensity="2.653615e-002" type="0"/>
    <Peak1D F1="5.675673" intensity="2.851079e-002" type="0"/>
    <Peak1D F1="5.668580" intensity="3.527007e-002" type="0"/>
    <Peak1D F1="5.660135" intensity="3.586923e-002" type="0"/>
    <Peak1D F1="5.642130" intensity="1.205194e-001" type="0"/>
    <Peak1D F1="5.617557" intensity="5.794246e+000" type="0"/>
    <Peak1D F1="5.525220" intensity="1.297710e-002" type="0"/>
    <Peak1D F1="5.509096" intensity="1.065762e-002" type="0"/>
    <Peak1D F1="5.460371" intensity="6.341169e-003" type="0"/>
    <Peak1D F1="5.416203" intensity="1.611931e-002" type="0"/>
    <Peak1D F1="5.406649" intensity="1.516236e-002" type="0"/>
    <Peak1D F1="5.401788" intensity="1.617069e-002" type="0"/>
    <Peak1D F1="5.363507" intensity="5.837040e-003" type="0"/>
    <Peak1D F1="5.348011" intensity="6.653517e-003" type="0"/>
    <Peak1D F1="5.320803" intensity="4.899073e-003" type="0"/>
    <Peak1D F1="5.306822" intensity="4.679481e-003" type="0"/>
    <Peak1D F1="5.279832" intensity="4.463878e-003" type="0"/>
    <Peak1D F1="5.266331" intensity="1.454164e-002" type="0"/>
    <Peak1D F1="5.239026" intensity="1.341248e-002" type="0"/>
    <Peak1D F1="5.197736" intensity="6.328799e-003" type="0"/>
    <Peak1D F1="5.176297" intensity="3.541805e-003" type="0"/>
    <Peak1D F1="5.152641" intensity="5.359596e-003" type="0"/>
    <Peak1D F1="5.122352" intensity="2.542940e-002" type="0"/>
    <Peak1D F1="5.110058" intensity="2.507816e-002" type="0"/>
    <Peak1D F1="5.096953" intensity="2.756720e-002" type="0"/>
    <Peak1D F1="5.072590" intensity="5.732810e-002" type="0"/>
    <Peak1D F1="5.047767" intensity="1.941547e-002" type="0"/>
    <Peak1D F1="5.002864" intensity="1.855522e-003" type="0"/>
    <Peak1D F1="4.975249" intensity="1.326506e-003" type="0"/>
    <Peak1D F1="4.918052" intensity="5.986483e-002" type="0"/>
    <Peak1D F1="4.913940" intensity="6.326952e-002" type="0"/>
    <Peak1D F1="4.867373" intensity="1.505828e-003" type="0"/>
    <Peak1D F1="4.809797" intensity="5.768976e-002" type="0"/>
    <Peak1D F1="4.805054" intensity="6.129360e-002" type="0"/>
    <Peak1D F1="4.762174" intensity="1.629731e-003" type="0"/>
    <Peak1D F1="4.751280" intensity="1.688712e-003" type="0"/>
    <Peak1D F1="4.713871" intensity="1.328201e-003" type="0"/>
    <Peak1D F1="4.683489" intensity="1.453689e-003" type="0"/>
    <Peak1D F1="4.662986" intensity="1.489953e-003" type="0"/>
    <Peak1D F1="4.640998" intensity="2.070137e-003" type="0"/>
    <Peak1D F1="4.632689" intensity="2.039838e-003" type="0"/>
    <Peak1D F1="4.599253" intensity="2.230068e-003" type="0"/>
    <Peak1D F1="4.592905" intensity="1.971405e-003" type="0"/>
    <Peak1D F1="4.585396" intensity="2.358099e-003" type="0"/>
    <Peak1D F1="4.555290" intensity="2.568877e-003" type="0"/>
    <Peak1D F1="4.542407" intensity="2.919361e-003" type="0"/>
    <Peak1D F1="4.503802" intensity="3.050145e-003" type="0"/>
    <Peak1D F1="4.489460" intensity="4.003935e-003" type="0"/>
    <Peak1D F1="4.417522" intensity="1.999627e-002" type="0"/>
    <Peak1D F1="4.399480" intensity="4.623507e-002" type="0"/>
    <Peak1D F1="4.381656" intensity="4.936158e-002" type="0"/>
    <Peak1D F1="4.363811" intensity="2.565636e-002" type="0"/>
    <Peak1D F1="4.235190" intensity="2.454173e+000" type="0"/>
    <Peak1D F1="4.217413" intensity="7.268096e+000" type="0"/>
    <Peak1D F1="4.199618" intensity="7.463492e+000" type="0"/>
    <Peak1D F1="4.181808" intensity="2.708209e+000" type="0"/>
    <Peak1D F1="4.162457" intensity="1.567083e-001" type="0"/>
    <Peak1D F1="4.047985" intensity="2.236155e-002" type="0"/>
    <Peak1D F1="4.029984" intensity="4.725273e-002" type="0"/>
    <Peak1D F1="4.012126" intensity="4.745314e-002" type="0"/>
    <Peak1D F1="3.994246" intensity="2.148447e-002" type="0"/>
    <Peak1D F1="3.899259" intensity="5.322298e-003" type="0"/>
    <Peak1D F1="3.873350" intensity="5.064860e-003" type="0"/>
    <Peak1D F1="3.859438" intensity="5.007599e-003" type="0"/>
    <Peak1D F1="3.842257" intensity="5.524350e-003" type="0"/>
    <Peak1D F1="3.767340" intensity="8.359346e-003" type="0"/>
    <Peak1D F1="3.758242" intensity="8.994475e-003" type="0"/>
    <Peak1D F1="3.748443" intensity="1.524220e-002" type="0"/>
    <Peak1D F1="3.727047" intensity="1.335484e-002" type="0"/>
    <Peak1D F1="3.715470" intensity="1.280416e-002" type="0"/>
    <Peak1D F1="3.704334" intensity="1.864898e-002" type="0"/>
    <Peak1D F1="3.690712" intensity="2.118084e-002" type="0"/>
    <Peak1D F1="3.680441" intensity="2.288268e-002" type="0"/>
    <Peak1D F1="3.654599" intensity="1.501664e-002" type="0"/>
    <Peak1D F1="3.640287" intensity="1.590132e-002" type="0"/>
    <Peak1D F1="3.578775" intensity="6.312943e-003" type="0"/>
    <Peak1D F1="3.566253" intensity="5.898344e-003" type="0"/>
    <Peak1D F1="3.545961" intensity="6.350053e-003" type="0"/>
    <Peak1D F1="3.518486" intensity="6.535221e-003" type="0"/>
    <Peak1D F1="3.491332" intensity="6.006910e-003" type="0"/>
    <Peak1D F1="3.451107" intensity="6.423048e-003" type="0"/>
    <Peak1D F1="3.431605" intensity="8.074708e-003" type="0"/>
    <Peak1D F1="3.413137" intensity="6.947530e-003" type="0"/>
    <Peak1D F1="3.361434" intensity="7.919698e-003" type="0"/>
    <Peak1D F1="3.343598" intensity="7.726064e-003" type="0"/>
    <Peak1D F1="3.328204" intensity="8.614545e-003" type="0"/>
    <Peak1D F1="3.311517" intensity="9.136683e-003" type="0"/>
    <Peak1D F1="3.305425" intensity="9.090351e-003" type="0"/>
    <Peak1D F1="3.257354" intensity="1.126487e-002" type="0"/>
    <Peak1D F1="3.245255" intensity="1.206551e-002" type="0"/>
    <Peak1D F1="3.229539" intensity="1.395791e-002" type="0"/>
    <Peak1D F1="3.188911" intensity="6.320682e-002" type="0"/>
    <Peak1D F1="3.079167" intensity="7.944068e-002" type="0"/>
    <Peak1D F1="3.023419" intensity="1.475559e+001" type="0"/>
    <Peak1D F1="2.970886" intensity="7.261761e-002" type="0"/>
    <Peak1D F1="2.966118" intensity="6.930657e-002" type="0"/>
    <Peak1D F1="2.923621" intensity="3.636876e-002" type="0"/>
    <Peak1D F1="2.887573" intensity="1.145704e-002" type="0"/>
    <Peak1D F1="2.853347" intensity="5.719372e-002" type="0"/>
    <Peak1D F1="2.828212" intensity="1.397206e-002" type="0"/>
    <Peak1D F1="2.798196" intensity="5.848724e-002" type="0"/>
    <Peak1D F1="2.780406" intensity="5.596691e-002" type="0"/>
    <Peak1D F1="2.721624" intensity="2.210124e-002" type="0"/>
    <Peak1D F1="2.663262" intensity="6.818671e-002" type="0"/>
    <Peak1D F1="2.645033" intensity="7.097987e-002" type="0"/>
    <Peak1D F1="2.576115" intensity="8.448622e-002" type="0"/>
    <Peak1D F1="2.552768" intensity="6.828869e-002" type="0"/>
    <Peak1D F1="2.533784" intensity="4.139278e-002" type="0"/>
    <Peak1D F1="2.514165" intensity="3.002895e-002" type="0"/>
    <Peak1D F1="2.483895" intensity="5.260427e-002" type="0"/>
    <Peak1D F1="2.470040" intensity="6.549475e-002" type="0"/>
    <Peak1D F1="2.457063" intensity="4.596914e-002" type="0"/>
    <Peak1D F1="2.443278" intensity="3.260244e-002" type="0"/>
    <Peak1D F1="2.434296" intensity="2.966581e-002" type="0"/>
    <Peak1D F1="2.416821" intensity="2.472239e-002" type="0"/>
    <Peak1D F1="2.391373" intensity="2.304663e-002" type="0"/>
    <Peak1D F1="2.375935" intensity="2.325385e-002" type="0"/>
    <Peak1D F1="2.364906" intensity="2.410286e-002" type="0"/>
    <Peak1D F1="2.324745" intensity="3.510714e-002" type="0"/>
    <Peak1D F1="2.315656" intensity="3.602804e-002" type="0"/>
    <Peak1D F1="2.291507" intensity="4.533720e-002" type="0"/>
    <Peak1D F1="2.274094" intensity="5.024296e-002" type="0"/>
    <Peak1D F1="2.188981" intensity="9.100902e-002" type="0"/>
    <Peak1D F1="2.181371" intensity="9.667623e-002" type="0"/>
    <Peak1D F1="2.161684" intensity="1.053938e-001" type="0"/>
    <Peak1D F1="2.146062" intensity="1.073547e-001" type="0"/>
    <Peak1D F1="2.117298" intensity="1.162436e-001" type="0"/>
    <Peak1D F1="2.086264" intensity="1.395646e-001" type="0"/>
    <Peak1D F1="2.056002" intensity="1.311400e-001" type="0"/>
    <Peak1D F1="1.989477" intensity="1.821786e-001" type="0"/>
    <Peak1D F1="1.965971" intensity="2.089065e-001" type="0"/>
    <Peak1D F1="1.875058" intensity="2.270160e-001" type="0"/>
    <Peak1D F1="1.854116" intensity="1.778702e-001" type="0"/>
    <Peak1D F1="1.843152" intensity="1.548481e-001" type="0"/>
    <Peak1D F1="1.832001" intensity="1.702275e-001" type="0"/>
    <Peak1D F1="1.800138" intensity="1.318764e-001" type="0"/>
    <Peak1D F1="1.771641" intensity="2.415452e-001" type="0"/>
    <Peak1D F1="1.767151" intensity="2.632138e-001" type="0"/>
    <Peak1D F1="1.755934" intensity="2.344806e-001" type="0"/>
    <Peak1D F1="1.752325" intensity="2.251404e-001" type="0"/>
    <Peak1D F1="1.726705" intensity="1.539052e-001" type="0"/>
    <Peak1D F1="1.676284" intensity="1.212529e-001" type="0"/>
    <Peak1D F1="1.649305" intensity="1.139063e-001" type="0"/>
    <Peak1D F1="1.624642" intensity="1.113315e-001" type="0"/>
    <Peak1D F1="1.610983" intensity="1.042407e-001" type="0"/>
    <Peak1D F1="1.588555" intensity="9.111401e-002" type="0"/>
    <Peak1D F1="1.519608" intensity="1.433570e-001" type="0"/>
    <Peak1D F1="1.491909" intensity="1.478599e-001" type="0"/>
    <Peak1D F1="1.461826" intensity="1.075430e-001" type="0"/>
    <Peak1D F1="1.437436" intensity="1.323403e-001" type="0"/>
    <Peak1D F1="1.419655" intensity="1.638843e-001" type="0"/>
    <Peak1D F1="1.401838" intensity="1.245590e-001" type="0"/>
    <Peak1D F1="1.280346" intensity="8.092373e+000" type="0"/>
    <Peak1D F1="1.262583" intensity="1.500000e+001" type="0"/>
    <Peak1D F1="1.244793" intensity="7.535144e+000" type="0"/>
    <Peak1D F1="1.198683" intensity="6.216509e-002" type="0"/>
    <Peak1D F1="1.169258" intensity="3.792903e-002" type="0"/>
    <Peak1D F1="1.150160" intensity="3.866291e-002" type="0"/>
    <Peak1D F1="1.143696" intensity="3.641915e-002" type="0"/>
    <Peak1D F1="1.124948" intensity="2.138439e-001" type="0"/>
    <Peak1D F1="1.109382" intensity="2.039511e-001" type="0"/>
    <Peak1D F1="1.102073" intensity="1.136982e-001" type="0"/>
    <Peak1D F1="1.084158" intensity="5.837448e-002" type="0"/>
    <Peak1D F1="1.038573" intensity="1.287964e-002" type="0"/>
    <Peak1D F1="1.028859" intensity="1.052323e-002" type="0"/>
    <Peak1D F1="1.017286" intensity="1.072986e-002" type="0"/>
    <Peak1D F1="1.009056" intensity="1.174646e-002" type="0"/>
    <Peak1D F1="0.985124" intensity="6.163498e-002" type="0"/>
    <Peak1D F1="0.968621" intensity="6.302795e-002" type="0"/>
    <Peak1D F1="0.947068" intensity="8.130517e-002" type="0"/>
    <Peak1D F1="0.929096" intensity="1.380641e-001" type="0"/>
    <Peak1D F1="0.910487" intensity="1.715463e-001" type="0"/>
    <Peak1D F1="0.894057" intensity="2.682823e-001" type="0"/>
    <Peak1D F1="0.886119" intensity="1.533052e-001" type="0"/>
    <Peak1D F1="0.876825" intensity="1.650691e-001" type="0"/>
    <Peak1D F1="0.867062" intensity="1.679565e-001" type="0"/>
    <Peak1D F1="0.845850" intensity="9.154832e-002" type="0"/>
    <Peak1D F1="0.830794" intensity="2.560089e-002" type="0"/>
    <Peak1D F1="0.786494" intensity="6.548700e-003" type="0"/>
    <Peak1D F1="0.772133" intensity="3.130479e-003" type="0"/>
    <Peak1D F1="0.754886" intensity="2.336985e-003" type="0"/>
    <Peak1D F1="0.081938" intensity="4.907697e-003" type="0"/>
    <Peak1D F1="-0.183711" intensity="1.031271e-003" type="0"/>
    <Peak1D F1="-0.228019" intensity="1.181888e-003" type="0"/>
    <Peak1D F1="-0.272185" intensity="1.141241e-003" type="0"/>
    <Peak1D F1="-0.314208" intensity="1.127635e-003" type="0"/>
    <Peak1D F1="-0.324773" intensity="1.323655e-003" type="0"/>
    <Peak1D F1="-0.362738" intensity="1.613589e-003" type="0"/>
    <Peak1D F1="-0.373918" intensity="1.639856e-003" type="0"/>
    <Peak1D F1="-0.431135" intensity="1.245672e-003" type="0"/>
    <Peak1D F1="-0.473339" intensity="1.257310e-003" type="0"/>
    <Peak1D F1="-0.487020" intensity="1.169830e-003" type="0"/>
    <Peak1D F1="-0.500915" intensity="1.046746e-003" type="0"/>
    <Peak1D F1="-0.539892" intensity="1.099801e-003" type="0"/>
    <Peak1D F1="-2.220960" intensity="1.112619e-003" type="0"/>
    <Peak1D F1="-2.443276" intensity="1.127388e-003" type="0"/>
    <Peak1D F1="-2.669803" intensity="1.094138e-003" type="0"/>
    <Peak1D F1="-3.036777" intensity="1.081715e-003" type="0"/>
  </PeakList1D>
</PeakList>
