<?xml version="1.0" encoding="UTF-8"?>
<PeakList>
  <PeakList1D>
    <PeakList1DHeader creator="nmr" date="2018-11-16T07:37:44.333-02:00" expNo="18" name="UFSCARBannyMarilia" owner="" procNo="1" source="C:\Bruker\TopSpin3.2\data\Banny">
      <PeakPickDetails>F1=220.050400ppm, F2=-20.050394ppm, MI=0.00cm, MAXI=10000.00cm, PC=1.400
      </PeakPickDetails>
    </PeakList1DHeader>
    <Peak1D F1="171.964081" intensity="5.901042e+000" type="0"/>
    <Peak1D F1="148.610565" intensity="4.309142e+000" type="0"/>
    <Peak1D F1="136.597397" intensity="7.487109e+000" type="0"/>
    <Peak1D F1="136.235214" intensity="6.369251e+000" type="0"/>
    <Peak1D F1="136.165146" intensity="1.340055e+001" type="0"/>
    <Peak1D F1="125.876236" intensity="5.123631e+000" type="0"/>
    <Peak1D F1="123.055534" intensity="1.500000e+001" type="0"/>
    <Peak1D F1="120.206223" intensity="1.310716e+001" type="0"/>
    <Peak1D F1="118.931953" intensity="1.263690e+001" type="0"/>
    <Peak1D F1="118.657356" intensity="1.127464e+001" type="0"/>
    <Peak1D F1="115.398895" intensity="1.477808e+001" type="0"/>
    <Peak1D F1="114.049805" intensity="6.153059e+000" type="0"/>
    <Peak1D F1="111.961914" intensity="5.818600e+000" type="0"/>
    <Peak1D F1="110.716591" intensity="1.466552e+001" type="0"/>
    <Peak1D F1="77.233208" intensity="4.457547e+002" type="0"/>
    <Peak1D F1="77.022133" intensity="4.476491e+002" type="0"/>
    <Peak1D F1="76.810677" intensity="4.496851e+002" type="0"/>
    <Peak1D F1="52.123833" intensity="9.700328e+000" type="0"/>
    <Peak1D F1="30.560247" intensity="1.272371e+001" type="0"/>
    <Peak1D F1="0.000205" intensity="9.366939e+000" type="0"/>
  </PeakList1D>
</PeakList>
