<?xml version="1.0" encoding="UTF-8"?>
<PeakList>
  <PeakList1D>
    <PeakList1DHeader creator="nmrsu" date="2018-08-22T09:04:03.152-03:00" expNo="1" name="2B233_MS225_2" owner="" procNo="1" source="C:/NMRData/data/marcio_marilia/nmr">
      <PeakPickDetails>F1=15.923ppm, F2=-1.116ppm, MI=0.00cm, MAXI=10000.00cm, PC=1.000
      </PeakPickDetails>
    </PeakList1DHeader>
    <Peak1D F1="15.0613" intensity="2.479038e-002" type="0"/>
    <Peak1D F1="14.3003" intensity="2.332833e-002" type="0"/>
    <Peak1D F1="13.7250" intensity="2.425427e-002" type="0"/>
    <Peak1D F1="13.5292" intensity="2.645135e-002" type="0"/>
    <Peak1D F1="10.7651" intensity="2.375753e-002" type="0"/>
    <Peak1D F1="8.4195" intensity="2.413476e-002" type="0"/>
    <Peak1D F1="8.2211" intensity="2.389880e-002" type="0"/>
    <Peak1D F1="8.0568" intensity="2.330196e-002" type="0"/>
    <Peak1D F1="8.0303" intensity="3.926601e-002" type="0"/>
    <Peak1D F1="7.9952" intensity="9.048088e-002" type="0"/>
    <Peak1D F1="7.9585" intensity="6.786510e-001" type="0"/>
    <Peak1D F1="7.9497" intensity="4.565435e-001" type="0"/>
    <Peak1D F1="7.9000" intensity="4.269128e-002" type="0"/>
    <Peak1D F1="7.8565" intensity="2.700045e-002" type="0"/>
    <Peak1D F1="7.8337" intensity="2.432566e-002" type="0"/>
    <Peak1D F1="7.7097" intensity="2.649554e-002" type="0"/>
    <Peak1D F1="7.5328" intensity="1.413598e+000" type="0"/>
    <Peak1D F1="7.5130" intensity="1.543706e+000" type="0"/>
    <Peak1D F1="7.4975" intensity="4.933809e-002" type="0"/>
    <Peak1D F1="7.4619" intensity="2.761288e-002" type="0"/>
    <Peak1D F1="7.4461" intensity="4.894440e-002" type="0"/>
    <Peak1D F1="7.3828" intensity="2.406369e-002" type="0"/>
    <Peak1D F1="7.3761" intensity="2.398126e-002" type="0"/>
    <Peak1D F1="7.3114" intensity="3.838743e-002" type="0"/>
    <Peak1D F1="7.2777" intensity="9.032220e-001" type="0"/>
    <Peak1D F1="7.2578" intensity="1.267361e+000" type="0"/>
    <Peak1D F1="7.2227" intensity="4.415800e-002" type="0"/>
    <Peak1D F1="7.1875" intensity="6.957370e+000" type="0"/>
    <Peak1D F1="7.1650" intensity="1.221794e+000" type="0"/>
    <Peak1D F1="7.1460" intensity="6.805198e-001" type="0"/>
    <Peak1D F1="7.1143" intensity="3.671564e-002" type="0"/>
    <Peak1D F1="7.1070" intensity="3.329154e-002" type="0"/>
    <Peak1D F1="7.0822" intensity="1.069824e+000" type="0"/>
    <Peak1D F1="7.0635" intensity="1.458480e+000" type="0"/>
    <Peak1D F1="7.0450" intensity="7.107094e-001" type="0"/>
    <Peak1D F1="7.0249" intensity="2.374679e-002" type="0"/>
    <Peak1D F1="6.9239" intensity="3.567938e-002" type="0"/>
    <Peak1D F1="6.8668" intensity="2.437269e-002" type="0"/>
    <Peak1D F1="4.0623" intensity="2.810726e-002" type="0"/>
    <Peak1D F1="4.0438" intensity="2.479805e-002" type="0"/>
    <Peak1D F1="4.0321" intensity="2.734338e-002" type="0"/>
    <Peak1D F1="4.0266" intensity="4.650065e-002" type="0"/>
    <Peak1D F1="3.8669" intensity="9.273948e+000" type="0"/>
    <Peak1D F1="3.7975" intensity="2.372566e-002" type="0"/>
    <Peak1D F1="3.7874" intensity="8.432233e-002" type="0"/>
    <Peak1D F1="3.7035" intensity="5.801158e-002" type="0"/>
    <Peak1D F1="3.6998" intensity="3.165159e-002" type="0"/>
    <Peak1D F1="3.6793" intensity="2.675021e-002" type="0"/>
    <Peak1D F1="3.6764" intensity="2.407594e-002" type="0"/>
    <Peak1D F1="3.6543" intensity="3.446860e-002" type="0"/>
    <Peak1D F1="3.6411" intensity="4.679026e-002" type="0"/>
    <Peak1D F1="3.6058" intensity="1.500000e+001" type="0"/>
    <Peak1D F1="3.5714" intensity="4.651925e-002" type="0"/>
    <Peak1D F1="3.5658" intensity="3.635147e-002" type="0"/>
    <Peak1D F1="3.5594" intensity="2.676561e-002" type="0"/>
    <Peak1D F1="3.5346" intensity="2.429900e-002" type="0"/>
    <Peak1D F1="3.4198" intensity="9.232256e-002" type="0"/>
    <Peak1D F1="3.2812" intensity="3.852199e-002" type="0"/>
    <Peak1D F1="2.3621" intensity="2.297675e-002" type="0"/>
    <Peak1D F1="2.1427" intensity="3.522580e-002" type="0"/>
    <Peak1D F1="2.1359" intensity="3.613020e-002" type="0"/>
    <Peak1D F1="2.1238" intensity="2.771321e-002" type="0"/>
    <Peak1D F1="2.1133" intensity="2.989214e-002" type="0"/>
    <Peak1D F1="2.1035" intensity="9.608173e-002" type="0"/>
    <Peak1D F1="2.0693" intensity="3.200212e-002" type="0"/>
    <Peak1D F1="2.0410" intensity="2.657361e-002" type="0"/>
    <Peak1D F1="2.0147" intensity="2.571467e-002" type="0"/>
    <Peak1D F1="1.9952" intensity="3.846817e-002" type="0"/>
    <Peak1D F1="1.9846" intensity="4.806957e-002" type="0"/>
    <Peak1D F1="1.9773" intensity="1.706642e-001" type="0"/>
    <Peak1D F1="1.9433" intensity="2.966546e+000" type="0"/>
    <Peak1D F1="1.8930" intensity="4.437657e-002" type="0"/>
    <Peak1D F1="1.8588" intensity="5.363849e-002" type="0"/>
    <Peak1D F1="1.8414" intensity="8.107462e-002" type="0"/>
    <Peak1D F1="1.8343" intensity="1.054072e-001" type="0"/>
    <Peak1D F1="1.8050" intensity="9.612689e+000" type="0"/>
    <Peak1D F1="1.7992" intensity="9.034557e+000" type="0"/>
    <Peak1D F1="1.7521" intensity="7.314285e-002" type="0"/>
    <Peak1D F1="1.7373" intensity="5.056452e-002" type="0"/>
    <Peak1D F1="1.7241" intensity="5.685762e-002" type="0"/>
    <Peak1D F1="1.7145" intensity="6.021755e-002" type="0"/>
    <Peak1D F1="1.7070" intensity="4.689541e-002" type="0"/>
    <Peak1D F1="1.6947" intensity="5.371488e-002" type="0"/>
    <Peak1D F1="1.6902" intensity="5.851069e-002" type="0"/>
    <Peak1D F1="1.6812" intensity="5.179584e-002" type="0"/>
    <Peak1D F1="1.6741" intensity="5.146281e-002" type="0"/>
    <Peak1D F1="1.6694" intensity="5.326682e-002" type="0"/>
    <Peak1D F1="1.6368" intensity="9.265412e-002" type="0"/>
    <Peak1D F1="1.6349" intensity="8.757999e-002" type="0"/>
    <Peak1D F1="1.5899" intensity="9.776720e-001" type="0"/>
    <Peak1D F1="1.5594" intensity="3.476924e+000" type="0"/>
    <Peak1D F1="1.5377" intensity="3.528882e+000" type="0"/>
    <Peak1D F1="1.5070" intensity="1.123908e+000" type="0"/>
    <Peak1D F1="1.4412" intensity="8.536644e-002" type="0"/>
    <Peak1D F1="1.4204" intensity="7.290941e-002" type="0"/>
    <Peak1D F1="1.4081" intensity="6.390928e-002" type="0"/>
    <Peak1D F1="1.4043" intensity="6.332429e-002" type="0"/>
    <Peak1D F1="1.3816" intensity="5.851298e-002" type="0"/>
    <Peak1D F1="1.3733" intensity="5.999088e-002" type="0"/>
    <Peak1D F1="1.3698" intensity="5.205719e-002" type="0"/>
    <Peak1D F1="1.3569" intensity="6.035371e-002" type="0"/>
    <Peak1D F1="1.3481" intensity="4.926153e-002" type="0"/>
    <Peak1D F1="1.3447" intensity="5.161408e-002" type="0"/>
    <Peak1D F1="1.3244" intensity="4.164962e-002" type="0"/>
    <Peak1D F1="1.3216" intensity="3.729210e-002" type="0"/>
    <Peak1D F1="1.3003" intensity="3.413768e-002" type="0"/>
    <Peak1D F1="1.2974" intensity="2.965184e-002" type="0"/>
    <Peak1D F1="1.2937" intensity="3.199242e-002" type="0"/>
    <Peak1D F1="1.2902" intensity="3.791014e-002" type="0"/>
    <Peak1D F1="1.2776" intensity="3.648940e-002" type="0"/>
    <Peak1D F1="1.2735" intensity="4.156846e-002" type="0"/>
    <Peak1D F1="1.2631" intensity="4.817398e-002" type="0"/>
    <Peak1D F1="1.2451" intensity="4.881041e-002" type="0"/>
    <Peak1D F1="1.2374" intensity="5.463509e-002" type="0"/>
    <Peak1D F1="1.2297" intensity="6.806222e-002" type="0"/>
    <Peak1D F1="1.2137" intensity="9.685961e-002" type="0"/>
    <Peak1D F1="1.2065" intensity="1.092820e-001" type="0"/>
    <Peak1D F1="1.1833" intensity="7.261152e-001" type="0"/>
    <Peak1D F1="1.1637" intensity="9.200508e-002" type="0"/>
    <Peak1D F1="1.1526" intensity="7.779843e-002" type="0"/>
    <Peak1D F1="1.1245" intensity="4.448331e-002" type="0"/>
    <Peak1D F1="1.1234" intensity="4.341103e-002" type="0"/>
    <Peak1D F1="1.1159" intensity="4.244025e-002" type="0"/>
    <Peak1D F1="1.1050" intensity="3.489467e-002" type="0"/>
    <Peak1D F1="1.0993" intensity="3.462633e-002" type="0"/>
    <Peak1D F1="1.0975" intensity="2.965337e-002" type="0"/>
    <Peak1D F1="1.0907" intensity="2.945966e-002" type="0"/>
    <Peak1D F1="1.0720" intensity="2.699965e-002" type="0"/>
    <Peak1D F1="1.0644" intensity="3.299757e-002" type="0"/>
    <Peak1D F1="1.0595" intensity="3.166685e-002" type="0"/>
    <Peak1D F1="1.0552" intensity="2.865329e-002" type="0"/>
    <Peak1D F1="1.0400" intensity="3.972486e-002" type="0"/>
    <Peak1D F1="1.0340" intensity="3.999298e-002" type="0"/>
    <Peak1D F1="1.0278" intensity="3.322948e-002" type="0"/>
    <Peak1D F1="1.0148" intensity="2.888340e-002" type="0"/>
    <Peak1D F1="1.0036" intensity="2.650379e-002" type="0"/>
    <Peak1D F1="0.9914" intensity="2.532658e-002" type="0"/>
    <Peak1D F1="0.9799" intensity="2.896205e-002" type="0"/>
    <Peak1D F1="0.9776" intensity="3.107562e-002" type="0"/>
    <Peak1D F1="0.9641" intensity="2.840225e-002" type="0"/>
    <Peak1D F1="0.9579" intensity="2.623308e-002" type="0"/>
    <Peak1D F1="0.9488" intensity="2.449446e-002" type="0"/>
    <Peak1D F1="0.9451" intensity="2.497340e-002" type="0"/>
    <Peak1D F1="0.9389" intensity="2.891460e-002" type="0"/>
    <Peak1D F1="0.9086" intensity="2.726067e-002" type="0"/>
    <Peak1D F1="0.9076" intensity="3.142451e-002" type="0"/>
    <Peak1D F1="0.8902" intensity="3.520901e-002" type="0"/>
    <Peak1D F1="0.8785" intensity="2.428000e-002" type="0"/>
    <Peak1D F1="0.8655" intensity="2.572608e-002" type="0"/>
    <Peak1D F1="0.8503" intensity="3.226904e-002" type="0"/>
    <Peak1D F1="0.8250" intensity="7.130739e-002" type="0"/>
    <Peak1D F1="0.8102" intensity="9.092865e-002" type="0"/>
    <Peak1D F1="0.8032" intensity="6.574274e-002" type="0"/>
    <Peak1D F1="0.7917" intensity="7.285593e-002" type="0"/>
    <Peak1D F1="0.7873" intensity="7.272337e-002" type="0"/>
    <Peak1D F1="0.7744" intensity="7.797977e-002" type="0"/>
    <Peak1D F1="0.7730" intensity="7.892377e-002" type="0"/>
    <Peak1D F1="0.7603" intensity="6.993923e-002" type="0"/>
    <Peak1D F1="0.7239" intensity="2.781468e-002" type="0"/>
    <Peak1D F1="-0.0001" intensity="1.649252e-001" type="0"/>
    <Peak1D F1="-0.7321" intensity="2.469712e-002" type="0"/>
  </PeakList1D>
</PeakList>
