<?xml version="1.0" encoding="UTF-8"?>
<PeakList>
  <PeakList1D>
    <PeakList1DHeader creator="chemist" date="2019-01-19T18:50:49.180+00:00" expNo="10" name="Z144085" owner="" procNo="1" source="f:\data\chemist\nmr\">
      <PeakPickDetails>F1=15.000ppm, F2=-0.100ppm, MI=0.50cm, MAXI=80.00cm, PC=1.000
      </PeakPickDetails>
    </PeakList1DHeader>
    <Peak1D F1="8.5394" intensity="2.326828e+000" type="0"/>
    <Peak1D F1="8.5343" intensity="2.378531e+000" type="0"/>
    <Peak1D F1="8.5216" intensity="1.636454e+000" type="0"/>
    <Peak1D F1="8.5176" intensity="1.684062e+000" type="0"/>
    <Peak1D F1="8.5095" intensity="1.665999e+000" type="0"/>
    <Peak1D F1="8.5056" intensity="1.626108e+000" type="0"/>
    <Peak1D F1="7.7121" intensity="7.989208e-001" type="0"/>
    <Peak1D F1="7.7074" intensity="1.305308e+000" type="0"/>
    <Peak1D F1="7.7028" intensity="8.509214e-001" type="0"/>
    <Peak1D F1="7.6924" intensity="9.105200e-001" type="0"/>
    <Peak1D F1="7.6876" intensity="1.438744e+000" type="0"/>
    <Peak1D F1="7.6831" intensity="8.930783e-001" type="0"/>
    <Peak1D F1="7.3019" intensity="1.259651e+000" type="0"/>
    <Peak1D F1="7.2849" intensity="3.379718e+000" type="0"/>
    <Peak1D F1="7.2703" intensity="1.141577e+000" type="0"/>
    <Peak1D F1="7.1181" intensity="3.600017e+000" type="0"/>
    <Peak1D F1="7.0966" intensity="4.300561e+000" type="0"/>
    <Peak1D F1="6.8822" intensity="5.967664e-001" type="0"/>
    <Peak1D F1="6.8750" intensity="4.739103e+000" type="0"/>
    <Peak1D F1="6.8700" intensity="1.665529e+000" type="0"/>
    <Peak1D F1="6.8583" intensity="1.473438e+000" type="0"/>
    <Peak1D F1="6.8535" intensity="3.977987e+000" type="0"/>
    <Peak1D F1="6.8463" intensity="5.271560e-001" type="0"/>
    <Peak1D F1="4.9344" intensity="1.084483e+000" type="0"/>
    <Peak1D F1="4.9213" intensity="1.184879e+000" type="0"/>
    <Peak1D F1="4.9141" intensity="1.263707e+000" type="0"/>
    <Peak1D F1="4.9010" intensity="1.141162e+000" type="0"/>
    <Peak1D F1="3.8128" intensity="2.000000e+001" type="0"/>
    <Peak1D F1="3.5023" intensity="1.153694e+000" type="0"/>
    <Peak1D F1="3.0288" intensity="5.692300e-001" type="0"/>
    <Peak1D F1="3.0074" intensity="1.916247e+000" type="0"/>
    <Peak1D F1="2.9943" intensity="1.937920e+000" type="0"/>
    <Peak1D F1="2.9863" intensity="2.125128e+000" type="0"/>
    <Peak1D F1="2.9658" intensity="1.901143e+000" type="0"/>
    <Peak1D F1="2.9519" intensity="5.641126e-001" type="0"/>
    <Peak1D F1="2.9314" intensity="6.028254e-001" type="0"/>
  </PeakList1D>
</PeakList>
