<?xml version="1.0" encoding="UTF-8"?>
<PeakList modified="2020-02-03T10:30:59">
  <PeakList1D>
    <PeakList1DHeader creator="Dell" date="2020-02-03T10:30:59" expNo="2" name="SDT476" owner="" procNo="1" source="C:/Users/Dell/Desktop/NMR/E synthesis">
      <PeakPickDetails>F1=160.318054ppm, F2=108.609528ppm, MI=0.27cm, MAXI=4.28cm, PC=1.400
      </PeakPickDetails>
    </PeakList1DHeader>
    <Peak1D F1="149.970871" intensity="0.8410984" type="0"/>
    <Peak1D F1="129.262405" intensity="1.284672" type="0"/>
    <Peak1D F1="128.872086" intensity="2.499375" type="0"/>
    <Peak1D F1="124.806526" intensity="1.09505" type="0"/>
    <Peak1D F1="122.423302" intensity="2.541027" type="0"/>
    <Peak1D F1="122.372795" intensity="0.8824145" type="0"/>
    <Peak1D F1="120.786705" intensity="2.69256" type="0"/>
    <Peak1D F1="120.478905" intensity="2.515633" type="0"/>
  </PeakList1D>
  <PeakList1D>
    <PeakList1DHeader creator="Dell" date="2020-02-03T10:30:59" expNo="2" name="SDT476" owner="" procNo="1" source="C:/Users/Dell/Desktop/NMR/E synthesis">
      <PeakPickDetails>F1=82.863441ppm, F2=73.127533ppm, MI=9.34cm, MAXI=19.02cm, PC=1.400
      </PeakPickDetails>
    </PeakList1DHeader>
    <Peak1D F1="77.380623" intensity="14.71026" type="0"/>
    <Peak1D F1="77.199158" intensity="15.0" type="0"/>
    <Peak1D F1="77.017639" intensity="14.83188" type="0"/>
  </PeakList1D>
  <PeakList1D>
    <PeakList1DHeader creator="Dell" date="2020-02-03T10:30:59" expNo="2" name="SDT476" owner="" procNo="1" source="C:/Users/Dell/Desktop/NMR/E synthesis">
      <PeakPickDetails>F1=69.449516ppm, F2=57.333714ppm, MI=1.02cm, MAXI=3.84cm, PC=1.400
      </PeakPickDetails>
    </PeakList1DHeader>
    <Peak1D F1="67.193542" intensity="2.623377" type="0"/>
    <Peak1D F1="62.713509" intensity="2.623582" type="0"/>
  </PeakList1D>
  <PeakList1D>
    <PeakList1DHeader creator="Dell" date="2020-02-03T10:30:59" expNo="2" name="SDT476" owner="" procNo="1" source="C:/Users/Dell/Desktop/NMR/E synthesis">
      <PeakPickDetails>F1=38.727303ppm, F2=23.366194ppm, MI=1.84cm, MAXI=11.48cm, PC=1.400
      </PeakPickDetails>
    </PeakList1DHeader>
    <Peak1D F1="31.739183" intensity="2.612983" type="0"/>
    <Peak1D F1="26.116863" intensity="9.108296" type="0"/>
    <Peak1D F1="25.798517" intensity="2.633661" type="0"/>
  </PeakList1D>
  <PeakList1D>
    <PeakList1DHeader creator="Dell" date="2020-02-03T10:30:59" expNo="2" name="SDT476" owner="" procNo="1" source="C:/Users/Dell/Desktop/NMR/E synthesis">
      <PeakPickDetails>F1=21.851717ppm, F2=14.062986ppm, MI=0.58cm, MAXI=2.88cm, PC=1.400
      </PeakPickDetails>
    </PeakList1DHeader>
    <Peak1D F1="18.537163" intensity="1.327063" type="0"/>
  </PeakList1D>
  <PeakList1D>
    <PeakList1DHeader creator="Dell" date="2020-02-03T10:30:59" expNo="2" name="SDT476" owner="" procNo="1" source="C:/Users/Dell/Desktop/NMR/E synthesis">
      <PeakPickDetails>F1=-2.379890ppm, F2=-8.870500ppm, MI=1.46cm, MAXI=6.55cm, PC=1.400
      </PeakPickDetails>
    </PeakList1DHeader>
    <Peak1D F1="-5.068015" intensity="4.699853" type="0"/>
  </PeakList1D>
</PeakList>
