{"FAIRSpec.extract.version":"0.2.0-alpha","keys":[
 {"example":"compound directories containing identified bruker directories"},

 "This collection has a mixture of standard and 'broken' Bruker directories missing their /n/ directories, for example /10/.",
 "   (This means that these directories could not be read back into TopSpin.)",
 "   IDFExtractor fixes this problem, zipping the directories up with an added /1/ subdirectory.",
 
 "The collection consists of directory containing a set of proper Bruker directories, some with mulitple experiments",
 "  NMR fids/             ",
 "       Compound 5/      ",
 "           13C/1/pdata  ",
 "           1H/pdata     ",

 " An added structures/ directory accompanies this JSON file ",
 " It was created by hand in order referring to the publication",
 " Note: The article has wrong structure for amide 28",
 
 {"journal":"acs.orglett"},{"hash":"0c01297"},
 {"figshareid":"22612484"},

 {"IFD.property.collectionset.source_data_license_uri":"https://creativecommons.org/licenses/by-nc/4.0"},
 {"IFD.property.collectionset.source_data_license_name":"cc-by-nc-4.0"},
 {"IFDid=IFD.property.collectionset.id":"{journal}.{hash}"},
 {"IFD.property.collectionset.source_publication_uri":"https://doi.org/10.1021/{IFDid}"},

 {"#IFD.property.collectionset.source_repository_uri":"https://pubs.acs.org/doi/suppl/10.1021/{IFDid}/suppl_file/ol{hash}_si_002.zip"},
 {"IFD.property.collectionset.source_repository_uri":"https://ndownloader.figshare.com/files/{figshareid}"},

	{"FAIRSpec.extractor.replacements":[
		["Compound ", ""]
		]},
			
			
 "a single mnova file with 26 pages buried in the Compound 4c/13C Bruker directory is rejected",		
 {"FAIRSpec.extractor.reject": ["mnova"]},

 {"path":"NMR fids"},
 "this next is commented out, since we are rejecting this single mnova file inside the 4/13C/ Bruker directory ",
 {"#FAIRSpec.extractor.object":"{path}/{IFD.representation.dataobject.fairspec.nmr.vendor_dataset::{IFD.property.dataobject.id::{id=IFD.property.fairspec.compound.id::*}/**/*.mnova}}"},

 "picking up two possibilities for Bruker directories",
 {"FAIRSpec.extractor.object":"{path}/{IFD.representation.dataobject.fairspec.nmr.vendor_dataset::{IFD.property.dataobject.id::{id=IFD.property.fairspec.compound.id::*}/*}/}"},
 
 "---end---"
 
 

]}