{"IFD.version":"0.1.0-beta+2025.07.24",
"FAIRSpec.extractor.version":"0.1.0-beta+2025.07.24",
"FAIRSpec.extractor.code":"https://github.com/IUPAC/IUPAC-FAIRSpec/blob/main/src/main/java/com/integratedgraphics/extractor/IFDExtractor.java",
"FAIRSpec.extractor.creation_date":"17 Aug 2025 02:49:36 GMT",
"FAIRSpec.extractor.script":"IFD-extract.json",
"FAIRSpec.extractor.sources":
["file:///c:/temp/iupac/acs/zip/22612484.zip",
"file:/C:/Users/hanso/git/IUPAC-FAIRSpec/./extract/acs.orglett.0c01297/structures/"
],
"FAIRSpec.extractor.list_type":"manifest",
"FAIRSpec.extractor.list_fileCount":204,
"FAIRSpec.extractor.list_byteCount":39915867,
"FAIRSpec.extractor.list":
[
"22612484/NMR_fids_Compound_10_13C.zip",
"22612484/NMR_fids_Compound_10_1H.zip",
"22612484/NMR_fids_Compound_11_13C.zip",
"22612484/NMR_fids_Compound_11_13C_pdata_1_email_2B202_MS293_3_1.pdf",
"22612484/NMR_fids_Compound_11_1H.zip",
"22612484/NMR_fids_Compound_11_1H_pdata_1_email_2B202_MS293_1_1.pdf",
"22612484/NMR_fids_Compound_14_13C.zip",
"22612484/NMR_fids_Compound_14_13C_pdata_1_email_2B232_MS221_8_1.pdf",
"22612484/NMR_fids_Compound_14_1H.zip",
"22612484/NMR_fids_Compound_14_1H_pdata_1_email_2B232_MS221_1_1.pdf",
"22612484/NMR_fids_Compound_15_13C.zip",
"22612484/NMR_fids_Compound_15_13C_pdata_1_email_2B236_MS239_2_1.pdf",
"22612484/NMR_fids_Compound_15_1H.zip",
"22612484/NMR_fids_Compound_15_1H_pdata_1_email_2B236_MS239_1_1.pdf",
"22612484/NMR_fids_Compound_16_13C.zip",
"22612484/NMR_fids_Compound_16_13C_pdata_1_email_2B236_MS241_2_1.pdf",
"22612484/NMR_fids_Compound_16_1H.zip",
"22612484/NMR_fids_Compound_16_1H_pdata_1_email_2B236_MS241_1_1.pdf",
"22612484/NMR_fids_Compound_17_13C.zip",
"22612484/NMR_fids_Compound_17_1H.zip",
"22612484/NMR_fids_Compound_18_13C.zip",
"22612484/NMR_fids_Compound_18_13C_1_pdata_1_email_2B234_MS225C_1_1.pdf",
"22612484/NMR_fids_Compound_18_1H.zip",
"22612484/NMR_fids_Compound_18_1H_1_pdata_1_email_2B233_MS225_2_1_1.pdf",
"22612484/NMR_fids_Compound_19_13C.zip",
"22612484/NMR_fids_Compound_19_13C_pdata_1_email_2B236_MS241_2_1.pdf",
"22612484/NMR_fids_Compound_19_1H.zip",
"22612484/NMR_fids_Compound_19_1H_pdata_1_email_2B236_MS241_1_1.pdf",
"22612484/NMR_fids_Compound_20_13C.zip",
"22612484/NMR_fids_Compound_20_13C_pdata_1_thumb.png",
"22612484/NMR_fids_Compound_20_1H.zip",
"22612484/NMR_fids_Compound_20_1H_1_pdata_1_email_2B216_MS311_1_1.pdf",
"22612484/NMR_fids_Compound_21_13C.zip",
"22612484/NMR_fids_Compound_21_13C_pdata_1_email_UFSCARBanny_2_1.pdf",
"22612484/NMR_fids_Compound_21_13C_pdata_1_thumb.png",
"22612484/NMR_fids_Compound_21_1H.zip",
"22612484/NMR_fids_Compound_21_1H_pdata_1_email_2B246_MS245m1_1_1.pdf",
"22612484/NMR_fids_Compound_22_13C.zip",
"22612484/NMR_fids_Compound_22_13C_pdata_1_email_UFSCARBannyMarilia_12_1.pdf",
"22612484/NMR_fids_Compound_22_13C_pdata_1_thumb.png",
"22612484/NMR_fids_Compound_22_1H.zip",
"22612484/NMR_fids_Compound_22_1H_pdata_1_email_UFSCARBannyMarilia_11_1.pdf",
"22612484/NMR_fids_Compound_22_1H_pdata_1_thumb.png",
"22612484/NMR_fids_Compound_23_13C.zip",
"22612484/NMR_fids_Compound_23_13C_pdata_1_email_2A127_CMK_ms330-2_2_1.pdf",
"22612484/NMR_fids_Compound_23_1H.zip",
"22612484/NMR_fids_Compound_23_1H_pdata_1_email_2A127_CMK_ms330-2_1_1.pdf",
"22612484/NMR_fids_Compound_24_13C.zip",
"22612484/NMR_fids_Compound_24_13C_pdata_1_email_2B226_MS331.2_2_1.pdf",
"22612484/NMR_fids_Compound_24_1H.zip",
"22612484/NMR_fids_Compound_24_1H_pdata_1_email_2B226_MS331.2_1_1.pdf",
"22612484/NMR_fids_Compound_25_13C.zip",
"22612484/NMR_fids_Compound_25_13C_pdata_1_email_2A644_JACD-Marilia-Naftalene-thiol_2_1.pdf",
"22612484/NMR_fids_Compound_25_1H.zip",
"22612484/NMR_fids_Compound_25_1H_pdata_1_email_2A644_JACD-Marilia-Naftalene-thiol_1_1.pdf",
"22612484/NMR_fids_Compound_26_13C.zip",
"22612484/NMR_fids_Compound_26_13C_pdata_1_email_UFSCARBannyMarilia_7_1.pdf",
"22612484/NMR_fids_Compound_26_13C_pdata_1_thumb.png",
"22612484/NMR_fids_Compound_26_1H.zip",
"22612484/NMR_fids_Compound_26_1H_1_pdata_1_email_2B237_MS234B_1_1.pdf",
"22612484/NMR_fids_Compound_27_13C.zip",
"22612484/NMR_fids_Compound_27_13C_pdata_1_email_UFSCARBannyMarilia_14_1.pdf",
"22612484/NMR_fids_Compound_27_13C_pdata_1_thumb.png",
"22612484/NMR_fids_Compound_27_1H.zip",
"22612484/NMR_fids_Compound_27_1H_pdata_1_email_UFSCARBannyMarilia_13_1.pdf",
"22612484/NMR_fids_Compound_27_1H_pdata_1_thumb.png",
"22612484/NMR_fids_Compound_28_13C.zip",
"22612484/NMR_fids_Compound_28_13C_1_pdata_1_email_2B209_MS305Carb_1_1.pdf",
"22612484/NMR_fids_Compound_28_1H.zip",
"22612484/NMR_fids_Compound_28_1H_1_pdata_1_email_2B208_MS305f1_1_1.pdf",
"22612484/NMR_fids_Compound_29_13C.zip",
"22612484/NMR_fids_Compound_29_1H.zip",
"22612484/NMR_fids_Compound_30_13C.zip",
"22612484/NMR_fids_Compound_30_13C_pdata_1_email_2B239_MS5291.32k_2_1.pdf",
"22612484/NMR_fids_Compound_30_1H.zip",
"22612484/NMR_fids_Compound_30_1H_pdata_1_email_2B201_MS291_2_1.pdf",
"22612484/NMR_fids_Compound_31_13C.zip",
"22612484/NMR_fids_Compound_31_13C_pdata_1_email_2B236_ms238.2_2_1.pdf",
"22612484/NMR_fids_Compound_31_1H.zip",
"22612484/NMR_fids_Compound_31_1H_pdata_1_email_2A105_MS374-DV_1_1.pdf",
"22612484/NMR_fids_Compound_32_13C.zip",
"22612484/NMR_fids_Compound_32_13C_pdata_1_thumb.png",
"22612484/NMR_fids_Compound_32_1H.zip",
"22612484/NMR_fids_Compound_32_1H_pdata_1_thumb.png",
"22612484/NMR_fids_Compound_33_13C.zip",
"22612484/NMR_fids_Compound_33_13C_pdata_1_email_2B239_CMK90Carb_1_1.pdf",
"22612484/NMR_fids_Compound_33_1H.zip",
"22612484/NMR_fids_Compound_33_1H_pdata_1_thumb.png",
"22612484/NMR_fids_Compound_3_13C.zip",
"22612484/NMR_fids_Compound_3_13C_pdata_1_email_2B203_Indole_padrao_2_1.pdf",
"22612484/NMR_fids_Compound_3_1H.zip",
"22612484/NMR_fids_Compound_3_1H_pdata_1_email_2B203_Indole_padrao_1_1.pdf",
"22612484/NMR_fids_Compound_4_13C.zip",
"22612484/NMR_fids_Compound_4_13C_pdata_1_email_2B248_MS211_2_2_1.pdf",
"22612484/NMR_fids_Compound_4_1H.zip",
"22612484/NMR_fids_Compound_4_1H_pdata_1_email_2B248_MS211_2_1_1.pdf",
"22612484/NMR_fids_Compound_5_13C.zip",
"22612484/NMR_fids_Compound_5_13C_1_pdata_1_email_2B234_MS218_1_1.pdf",
"22612484/NMR_fids_Compound_5_1H.zip",
"22612484/NMR_fids_Compound_5_1H_pdata_1_email_2B203_MS368_1_1.pdf",
"22612484/NMR_fids_Compound_6_13C.zip",
"22612484/NMR_fids_Compound_6_13C_pdata_1_email_2A644_JACD-Marilia-Naftalene-thiol_2_1.pdf",
"22612484/NMR_fids_Compound_6_1H.zip",
"22612484/NMR_fids_Compound_6_1H_pdata_1_email_2A644_JACD-Marilia-Naftalene-thiol_1_1.pdf",
"22612484/NMR_fids_Compound_7_13C.zip",
"22612484/NMR_fids_Compound_7_13C_pdata_1_email_2B247_MS231B_2_2_1.pdf",
"22612484/NMR_fids_Compound_7_1H.zip",
"22612484/NMR_fids_Compound_7_1H_pdata_1_email_2B247_MS231B_2_1_1.pdf",
"22612484/NMR_fids_Compound_8_13C.zip",
"22612484/NMR_fids_Compound_8_13C_1_pdata_1_email_2B250_MS212_Last_2k_1_1.pdf",
"22612484/NMR_fids_Compound_8_1H.zip",
"22612484/NMR_fids_Compound_8_1H_pdata_1_email_2B247_MS212m3_1_1.pdf",
"22612484/NMR_fids_Compound_9_13C.zip",
"22612484/NMR_fids_Compound_9_13C_pdata_1_email_UFSCARBannyMarilia_18_1.pdf",
"22612484/NMR_fids_Compound_9_13C_pdata_1_thumb.png",
"22612484/NMR_fids_Compound_9_1H.zip",
"22612484/NMR_fids_Compound_9_1H_pdata_1_email_2B234_MS230B_1_1.pdf"
,"structures/10.cdxml",
"structures/10.cdxml.mol",
"structures/10.cdxml.png",
"structures/11.cdxml",
"structures/11.cdxml.mol",
"structures/11.cdxml.png",
"structures/14.cdxml",
"structures/14.cdxml.mol",
"structures/14.cdxml.png",
"structures/15.cdxml",
"structures/15.cdxml.mol",
"structures/15.cdxml.png",
"structures/16.cdxml",
"structures/16.cdxml.mol",
"structures/16.cdxml.png",
"structures/17.cdxml",
"structures/17.cdxml.mol",
"structures/17.cdxml.png",
"structures/18.cdxml",
"structures/18.cdxml.mol",
"structures/18.cdxml.png",
"structures/19.cdxml",
"structures/19.cdxml.mol",
"structures/19.cdxml.png",
"structures/20.cdxml",
"structures/20.cdxml.mol",
"structures/20.cdxml.png",
"structures/21.cdxml",
"structures/21.cdxml.mol",
"structures/21.cdxml.png",
"structures/22.cdxml",
"structures/22.cdxml.mol",
"structures/22.cdxml.png",
"structures/23.cdxml",
"structures/23.cdxml.mol",
"structures/23.cdxml.png",
"structures/24.cdxml",
"structures/24.cdxml.mol",
"structures/24.cdxml.png",
"structures/25.cdxml",
"structures/25.cdxml.mol",
"structures/25.cdxml.png",
"structures/26.cdxml",
"structures/26.cdxml.mol",
"structures/26.cdxml.png",
"structures/27.cdxml",
"structures/27.cdxml.mol",
"structures/27.cdxml.png",
"structures/28.cdxml",
"structures/28.cdxml.mol",
"structures/28.cdxml.png",
"structures/29.cdxml",
"structures/29.cdxml.mol",
"structures/29.cdxml.png",
"structures/3.cdxml",
"structures/3.cdxml.mol",
"structures/3.cdxml.png",
"structures/30.cdxml",
"structures/30.cdxml.mol",
"structures/30.cdxml.png",
"structures/31.cdxml",
"structures/31.cdxml.mol",
"structures/31.cdxml.png",
"structures/32.cdxml",
"structures/32.cdxml.mol",
"structures/32.cdxml.png",
"structures/33.cdxml",
"structures/33.cdxml.mol",
"structures/33.cdxml.png",
"structures/4.cdxml",
"structures/4.cdxml.mol",
"structures/4.cdxml.png",
"structures/5.cdxml",
"structures/5.cdxml.mol",
"structures/5.cdxml.png",
"structures/6.cdxml",
"structures/6.cdxml.mol",
"structures/6.cdxml.png",
"structures/7.cdxml",
"structures/7.cdxml.mol",
"structures/7.cdxml.png",
"structures/8.cdxml",
"structures/8.cdxml.mol",
"structures/8.cdxml.png",
"structures/9.cdxml",
"structures/9.cdxml.mol",
"structures/9.cdxml.png"
]
}
