<?xml version="1.0" encoding="UTF-8"?>
<PeakList>
  <PeakList1D>
    <PeakList1DHeader creator="nmr600" date="2019-06-26T22:30:17.560+02:00" expNo="21" name="6Jun2619" owner="" procNo="1" source="/opt/topspin3.0/data/nmr600/nmr">
      <PeakPickDetails>F1=219.446198ppm, F2=-19.452496ppm, MI=0.00cm, MAXI=10000.00cm, PC=1.400
      </PeakPickDetails>
    </PeakList1DHeader>
    <Peak1D F1="164.058807" intensity="-2.188073e+00" type="0"/>
    <Peak1D F1="162.189346" intensity="-1.278822e+00" type="0"/>
    <Peak1D F1="160.547958" intensity="-1.245889e+00" type="0"/>
    <Peak1D F1="136.179138" intensity="-2.716605e+00" type="0"/>
    <Peak1D F1="134.088028" intensity="3.189772e+00" type="0"/>
    <Peak1D F1="134.036057" intensity="3.203003e+00" type="0"/>
    <Peak1D F1="133.364120" intensity="-1.278479e+00" type="0"/>
    <Peak1D F1="133.341049" intensity="-1.292614e+00" type="0"/>
    <Peak1D F1="131.070663" intensity="-1.003750e+00" type="0"/>
    <Peak1D F1="131.025314" intensity="-9.767365e-01" type="0"/>
    <Peak1D F1="130.039215" intensity="2.033884e-01" type="0"/>
    <Peak1D F1="129.826416" intensity="1.464098e+01" type="0"/>
    <Peak1D F1="129.613876" intensity="1.664083e-01" type="0"/>
    <Peak1D F1="129.353043" intensity="1.376979e-01" type="0"/>
    <Peak1D F1="129.128540" intensity="1.267492e-01" type="0"/>
    <Peak1D F1="128.733505" intensity="1.950646e-01" type="0"/>
    <Peak1D F1="128.564957" intensity="6.814335e+00" type="0"/>
    <Peak1D F1="128.317169" intensity="1.203241e-01" type="0"/>
    <Peak1D F1="127.490334" intensity="2.331776e-01" type="0"/>
    <Peak1D F1="126.568764" intensity="1.353311e-01" type="0"/>
    <Peak1D F1="125.609772" intensity="1.500000e+01" type="0"/>
    <Peak1D F1="125.387695" intensity="1.507622e-01" type="0"/>
    <Peak1D F1="123.716530" intensity="-1.612168e-01" type="0"/>
    <Peak1D F1="121.598854" intensity="-5.459600e-01" type="0"/>
    <Peak1D F1="119.480621" intensity="-5.118056e-01" type="0"/>
    <Peak1D F1="119.234818" intensity="3.489940e+00" type="0"/>
    <Peak1D F1="119.089539" intensity="3.501019e+00" type="0"/>
    <Peak1D F1="117.362946" intensity="-1.442817e-01" type="0"/>
    <Peak1D F1="116.822449" intensity="3.191944e+00" type="0"/>
    <Peak1D F1="116.685799" intensity="3.147862e+00" type="0"/>
    <Peak1D F1="115.642609" intensity="1.532315e-01" type="0"/>
    <Peak1D F1="115.501930" intensity="1.765557e-01" type="0"/>
    <Peak1D F1="77.249252" intensity="-9.468728e+00" type="0"/>
    <Peak1D F1="77.037354" intensity="-1.034693e+01" type="0"/>
    <Peak1D F1="76.825600" intensity="-1.044875e+01" type="0"/>
    <Peak1D F1="52.205368" intensity="5.315823e+00" type="0"/>
    <Peak1D F1="50.978966" intensity="-9.667132e+00" type="0"/>
    <Peak1D F1="49.808678" intensity="-1.881877e-01" type="0"/>
    <Peak1D F1="49.698837" intensity="-9.405277e+00" type="0"/>
    <Peak1D F1="49.581802" intensity="-1.291160e-01" type="0"/>
    <Peak1D F1="45.234547" intensity="-1.276487e-01" type="0"/>
    <Peak1D F1="40.440048" intensity="-8.886856e+00" type="0"/>
    <Peak1D F1="31.413973" intensity="-8.556871e+00" type="0"/>
    <Peak1D F1="30.941380" intensity="1.729502e-01" type="0"/>
    <Peak1D F1="29.705677" intensity="-1.401712e-01" type="0"/>
    <Peak1D F1="25.378588" intensity="-9.452014e+00" type="0"/>
    <Peak1D F1="25.057430" intensity="-9.595602e+00" type="0"/>
    <Peak1D F1="24.952570" intensity="-1.638947e-01" type="0"/>
  </PeakList1D>
</PeakList>
