{"IFD.version":"0.1.0-beta+2025.07.24",
"FAIRSpec.extractor.version":"0.1.0-beta+2025.07.24",
"FAIRSpec.extractor.code":"https://github.com/IUPAC/IUPAC-FAIRSpec/blob/main/src/main/java/com/integratedgraphics/extractor/IFDExtractor.java",
"FAIRSpec.extractor.creation_date":"17 Aug 2025 02:42:57 GMT",
"FAIRSpec.extractor.script":"IFD-extract.json",
"FAIRSpec.extractor.sources":
["file:///c:/temp/iupac/acs/zip/21947274.zip",
"file:/C:/Users/hanso/git/IUPAC-FAIRSpec/./extract/acs.orglett.0c00624/structures/"
],
"FAIRSpec.extractor.list_type":"manifest",
"FAIRSpec.extractor.list_fileCount":206,
"FAIRSpec.extractor.list_byteCount":16029877,
"FAIRSpec.extractor.list":
[
"21947274/primary_NMR_data_3aa_3aa-C.zip",
"21947274/primary_NMR_data_3aa_3aa-H.zip",
"21947274/primary_NMR_data_3ab_3ab-C.zip",
"21947274/primary_NMR_data_3ab_3ab-H.zip",
"21947274/primary_NMR_data_3ac_3ac-C.zip",
"21947274/primary_NMR_data_3ac_3ac-H.zip",
"21947274/primary_NMR_data_3ad_3ad-C.zip",
"21947274/primary_NMR_data_3ad_3ad-H.zip",
"21947274/primary_NMR_data_3ae_3ae-C.zip",
"21947274/primary_NMR_data_3ae_3ae-H.zip",
"21947274/primary_NMR_data_3af_3af-C.zip",
"21947274/primary_NMR_data_3af_3af-H.zip",
"21947274/primary_NMR_data_3ag_3ag-C.zip",
"21947274/primary_NMR_data_3ag_3ag-H.zip",
"21947274/primary_NMR_data_3ah_3ah-C.zip",
"21947274/primary_NMR_data_3ah_3ah-H.zip",
"21947274/primary_NMR_data_3ai_3ai-C.zip",
"21947274/primary_NMR_data_3ai_3ai-H.zip",
"21947274/primary_NMR_data_3aj_3aj-C.zip",
"21947274/primary_NMR_data_3aj_3aj-H.zip",
"21947274/primary_NMR_data_3ak_3ak-C.zip",
"21947274/primary_NMR_data_3ak_3ak-H.zip",
"21947274/primary_NMR_data_3al_3al-C.zip",
"21947274/primary_NMR_data_3al_3al-H.zip",
"21947274/primary_NMR_data_3am_3am-C.zip",
"21947274/primary_NMR_data_3am_3am-H.zip",
"21947274/primary_NMR_data_3an_3an-C.zip",
"21947274/primary_NMR_data_3an_3an-H.zip",
"21947274/primary_NMR_data_3ao_3ao-C.zip",
"21947274/primary_NMR_data_3ao_3ao-H.zip",
"21947274/primary_NMR_data_3ap_3ap-C.zip",
"21947274/primary_NMR_data_3ap_3ap-H.zip",
"21947274/primary_NMR_data_3aq_3aq-C.zip",
"21947274/primary_NMR_data_3aq_3aq-H.zip",
"21947274/primary_NMR_data_3ar_3ar-C.zip",
"21947274/primary_NMR_data_3ar_3ar-H.zip",
"21947274/primary_NMR_data_3at_3at-C.zip",
"21947274/primary_NMR_data_3at_3at-H.zip",
"21947274/primary_NMR_data_3au_3au-C.zip",
"21947274/primary_NMR_data_3au_3au-H.zip",
"21947274/primary_NMR_data_3av_3av-C.zip",
"21947274/primary_NMR_data_3av_3av-H.zip",
"21947274/primary_NMR_data_3aw_3aw-C.zip",
"21947274/primary_NMR_data_3aw_3aw-H.zip",
"21947274/primary_NMR_data_3ax_3ax-C.zip",
"21947274/primary_NMR_data_3ax_3ax-H.zip",
"21947274/primary_NMR_data_3ay_3ay-C.zip",
"21947274/primary_NMR_data_3ay_3ay-C_pdata_1_thumb.png",
"21947274/primary_NMR_data_3ay_3ay-H.zip",
"21947274/primary_NMR_data_3az_3az-C.zip",
"21947274/primary_NMR_data_3az_3az-C_pdata_1_thumb.png",
"21947274/primary_NMR_data_3az_3az-H.zip",
"21947274/primary_NMR_data_3ba_3ba-C.zip",
"21947274/primary_NMR_data_3ba_3ba-H.zip",
"21947274/primary_NMR_data_3bq_3bq-C.zip",
"21947274/primary_NMR_data_3bq_3bq-H.zip",
"21947274/primary_NMR_data_3bx_3bx-C.zip",
"21947274/primary_NMR_data_3bx_3bx-H.zip",
"21947274/primary_NMR_data_3ca_3ca-C.zip",
"21947274/primary_NMR_data_3ca_3ca-H.zip",
"21947274/primary_NMR_data_3cq_3cq-C.zip",
"21947274/primary_NMR_data_3cq_3cq-H.zip",
"21947274/primary_NMR_data_3da_3da-C.zip",
"21947274/primary_NMR_data_3da_3da-H.zip",
"21947274/primary_NMR_data_3dq_3dq-C.zip",
"21947274/primary_NMR_data_3dq_3dq-H.zip",
"21947274/primary_NMR_data_3dx_3dx-C.zip",
"21947274/primary_NMR_data_3dx_3dx-H.zip",
"21947274/primary_NMR_data_3ex_3ex-C.zip",
"21947274/primary_NMR_data_3ex_3ex-H.zip",
"21947274/primary_NMR_data_3fq_3fq-C.zip",
"21947274/primary_NMR_data_3fq_3fq-H.zip",
"21947274/primary_NMR_data_3gq_3gq-C.zip",
"21947274/primary_NMR_data_3gq_3gq-C_pdata_1_thumb.png",
"21947274/primary_NMR_data_3gq_3gq-H.zip",
"21947274/primary_NMR_data_3ha_3ha-C.zip",
"21947274/primary_NMR_data_3ha_3ha-H.zip",
"21947274/primary_NMR_data_3ia_3ia-C.zip",
"21947274/primary_NMR_data_3ia_3ia-H.zip",
"21947274/primary_NMR_data_3ja_3ja-C.zip",
"21947274/primary_NMR_data_3ja_3ja-H.zip",
"21947274/primary_NMR_data_4aa_4aa-H.zip",
"21947274/primary_NMR_data_5ia_5ia-H.zip"
,"structures/3aa.cdxml",
"structures/3aa.cdxml.mol",
"structures/3aa.cdxml.png",
"structures/3ab.cdxml",
"structures/3ab.cdxml.mol",
"structures/3ab.cdxml.png",
"structures/3ac.cdxml",
"structures/3ac.cdxml.mol",
"structures/3ac.cdxml.png",
"structures/3ad.cdxml",
"structures/3ad.cdxml.mol",
"structures/3ad.cdxml.png",
"structures/3ae.cdxml",
"structures/3ae.cdxml.mol",
"structures/3ae.cdxml.png",
"structures/3af.cdxml",
"structures/3af.cdxml.mol",
"structures/3af.cdxml.png",
"structures/3ag.cdxml",
"structures/3ag.cdxml.mol",
"structures/3ag.cdxml.png",
"structures/3ah.cdxml",
"structures/3ah.cdxml.mol",
"structures/3ah.cdxml.png",
"structures/3ai.cdxml",
"structures/3ai.cdxml.mol",
"structures/3ai.cdxml.png",
"structures/3aj.cdxml",
"structures/3aj.cdxml.mol",
"structures/3aj.cdxml.png",
"structures/3ak.cdxml",
"structures/3ak.cdxml.mol",
"structures/3ak.cdxml.png",
"structures/3al.cdxml",
"structures/3al.cdxml.mol",
"structures/3al.cdxml.png",
"structures/3am.cdxml",
"structures/3am.cdxml.mol",
"structures/3am.cdxml.png",
"structures/3an.cdxml",
"structures/3an.cdxml.mol",
"structures/3an.cdxml.png",
"structures/3ao.cdxml",
"structures/3ao.cdxml.mol",
"structures/3ao.cdxml.png",
"structures/3ap.cdxml",
"structures/3ap.cdxml.mol",
"structures/3ap.cdxml.png",
"structures/3aq.cdxml",
"structures/3aq.cdxml.mol",
"structures/3aq.cdxml.png",
"structures/3ar.cdxml",
"structures/3ar.cdxml.mol",
"structures/3ar.cdxml.png",
"structures/3as.cdxml",
"structures/3as.cdxml.mol",
"structures/3as.cdxml.png",
"structures/3at.cdxml",
"structures/3at.cdxml.mol",
"structures/3at.cdxml.png",
"structures/3au.cdxml",
"structures/3au.cdxml.mol",
"structures/3au.cdxml.png",
"structures/3av.cdxml",
"structures/3av.cdxml.mol",
"structures/3av.cdxml.png",
"structures/3aw.cdxml",
"structures/3aw.cdxml.mol",
"structures/3aw.cdxml.png",
"structures/3ax.cdxml",
"structures/3ax.cdxml.mol",
"structures/3ax.cdxml.png",
"structures/3ay.cdxml",
"structures/3ay.cdxml.mol",
"structures/3ay.cdxml.png",
"structures/3az.cdxml",
"structures/3az.cdxml.mol",
"structures/3az.cdxml.png",
"structures/3ba.cdxml",
"structures/3ba.cdxml.mol",
"structures/3ba.cdxml.png",
"structures/3bq.cdxml",
"structures/3bq.cdxml.mol",
"structures/3bq.cdxml.png",
"structures/3bx.cdxml",
"structures/3bx.cdxml.mol",
"structures/3bx.cdxml.png",
"structures/3ca.cdxml",
"structures/3ca.cdxml.mol",
"structures/3ca.cdxml.png",
"structures/3cq.cdxml",
"structures/3cq.cdxml.mol",
"structures/3cq.cdxml.png",
"structures/3da.cdxml",
"structures/3da.cdxml.mol",
"structures/3da.cdxml.png",
"structures/3dq.cdxml",
"structures/3dq.cdxml.mol",
"structures/3dq.cdxml.png",
"structures/3dx.cdxml",
"structures/3dx.cdxml.mol",
"structures/3dx.cdxml.png",
"structures/3ex.cdxml",
"structures/3ex.cdxml.mol",
"structures/3ex.cdxml.png",
"structures/3fq.cdxml",
"structures/3fq.cdxml.mol",
"structures/3fq.cdxml.png",
"structures/3gq.cdxml",
"structures/3gq.cdxml.mol",
"structures/3gq.cdxml.png",
"structures/3ha.cdxml",
"structures/3ha.cdxml.mol",
"structures/3ha.cdxml.png",
"structures/3ia.cdxml",
"structures/3ia.cdxml.mol",
"structures/3ia.cdxml.png",
"structures/3ja.cdxml",
"structures/3ja.cdxml.mol",
"structures/3ja.cdxml.png",
"structures/4aa.cdxml",
"structures/4aa.cdxml.mol",
"structures/4aa.cdxml.png"
]
}
