<?xml version="1.0" encoding="UTF-8"?>
<PeakList>
  <PeakList1D>
    <PeakList1DHeader creator="nmrsu" date="2023-07-27T12:24:07.760-05:00" expNo="1274510" name="Jul27-2023" owner="" procNo="1" source="G:/data/chem-synthesis-summer-a-team2/nmr">
      <PeakPickDetails>F1=16.187771ppm, F2=-3.837772ppm, MI=0.00cm, MAXI=10000.00cm, PC=1.000
      </PeakPickDetails>
    </PeakList1DHeader>
    <Peak1D F1="16.175127" intensity="1.018433e-002" type="0"/>
    <Peak1D F1="7.541910" intensity="1.477548e-002" type="0"/>
    <Peak1D F1="7.283917" intensity="2.527889e+000" type="0"/>
    <Peak1D F1="7.020252" intensity="1.647981e-002" type="0"/>
    <Peak1D F1="4.490000" intensity="8.690291e-003" type="0"/>
    <Peak1D F1="4.136007" intensity="7.804165e-003" type="0"/>
    <Peak1D F1="3.718491" intensity="2.361883e-002" type="0"/>
    <Peak1D F1="3.686246" intensity="5.102116e-002" type="0"/>
    <Peak1D F1="3.523949" intensity="1.389483e-002" type="0"/>
    <Peak1D F1="3.384742" intensity="1.157095e-001" type="0"/>
    <Peak1D F1="3.361931" intensity="1.913387e+000" type="0"/>
    <Peak1D F1="3.355297" intensity="1.979559e+000" type="0"/>
    <Peak1D F1="3.348650" intensity="2.022103e+000" type="0"/>
    <Peak1D F1="3.325998" intensity="1.546894e-001" type="0"/>
    <Peak1D F1="3.205949" intensity="1.010588e-002" type="0"/>
    <Peak1D F1="3.182179" intensity="1.472116e-002" type="0"/>
    <Peak1D F1="3.087355" intensity="1.399045e-002" type="0"/>
    <Peak1D F1="2.686172" intensity="9.227816e-003" type="0"/>
    <Peak1D F1="2.646190" intensity="1.460555e-002" type="0"/>
    <Peak1D F1="2.519676" intensity="1.776017e+000" type="0"/>
    <Peak1D F1="2.481805" intensity="2.610314e+000" type="0"/>
    <Peak1D F1="2.319135" intensity="1.150836e+000" type="0"/>
    <Peak1D F1="2.283847" intensity="8.038111e-001" type="0"/>
    <Peak1D F1="2.161526" intensity="1.811396e-002" type="0"/>
    <Peak1D F1="2.066635" intensity="4.102664e-002" type="0"/>
    <Peak1D F1="1.897112" intensity="7.921886e-002" type="0"/>
    <Peak1D F1="1.741850" intensity="1.500000e+001" type="0"/>
    <Peak1D F1="1.657101" intensity="3.035873e-001" type="0"/>
    <Peak1D F1="1.611899" intensity="2.756242e-001" type="0"/>
    <Peak1D F1="1.584248" intensity="2.608554e-001" type="0"/>
    <Peak1D F1="1.282473" intensity="5.932672e-002" type="0"/>
    <Peak1D F1="1.163420" intensity="1.319655e-002" type="0"/>
    <Peak1D F1="0.997099" intensity="1.638003e-002" type="0"/>
    <Peak1D F1="0.980056" intensity="1.561827e-002" type="0"/>
    <Peak1D F1="0.921351" intensity="2.717257e-002" type="0"/>
    <Peak1D F1="0.906412" intensity="5.760521e-002" type="0"/>
    <Peak1D F1="0.889404" intensity="3.281777e-002" type="0"/>
    <Peak1D F1="0.878729" intensity="3.243880e-002" type="0"/>
    <Peak1D F1="0.857711" intensity="1.955603e-002" type="0"/>
  </PeakList1D>
</PeakList>
