<?xml version="1.0" encoding="UTF-8"?>
<PeakList>
  <PeakList1D>
    <PeakList1DHeader creator="JRomeo" date="2019-12-09T12:14:15" expNo="4" name="2JR96" owner="" procNo="1" source="C:\Bruker\TOPSPIN">
      <PeakPickDetails>F1=7.120ppm, F2=6.653ppm, MI=0.61cm, MAXI=2.08cm, PC=1.000
      </PeakPickDetails>
    </PeakList1DHeader>
    <Peak1D F1="7.088" intensity="1.44" type="0"/>
    <Peak1D F1="7.0701" intensity="1.61" type="0"/>
    <Peak1D F1="6.7698" intensity="1.59" type="0"/>
    <Peak1D F1="6.7518" intensity="1.44" type="0"/>
  </PeakList1D>
  <PeakList1D>
    <PeakList1DHeader creator="JRomeo" date="2019-12-09T12:14:15" expNo="4" name="2JR96" owner="" procNo="1" source="C:\Bruker\TOPSPIN">
      <PeakPickDetails>F1=5.604ppm, F2=4.815ppm, MI=0.23cm, MAXI=1.46cm, PC=1.000
      </PeakPickDetails>
    </PeakList1DHeader>
    <Peak1D F1="5.4213" intensity="0.79" type="0"/>
    <Peak1D F1="5.4167" intensity="0.77" type="0"/>
    <Peak1D F1="5.2749" intensity="0.77" type="0"/>
    <Peak1D F1="5.2708" intensity="0.74" type="0"/>
    <Peak1D F1="4.9883" intensity="0.73" type="0"/>
    <Peak1D F1="4.9831" intensity="0.73" type="0"/>
    <Peak1D F1="4.9401" intensity="0.77" type="0"/>
  </PeakList1D>
  <PeakList1D>
    <PeakList1DHeader creator="JRomeo" date="2019-12-09T12:14:15" expNo="4" name="2JR96" owner="" procNo="1" source="C:\Bruker\TOPSPIN">
      <PeakPickDetails>F1=4.591ppm, F2=4.321ppm, MI=0.14cm, MAXI=1.33cm, PC=1.000
      </PeakPickDetails>
    </PeakList1DHeader>
    <Peak1D F1="4.5138" intensity="0.18" type="0"/>
    <Peak1D F1="4.5011" intensity="0.51" type="0"/>
    <Peak1D F1="4.4881" intensity="0.51" type="0"/>
    <Peak1D F1="4.4752" intensity="0.21" type="0"/>
    <Peak1D F1="4.4561" intensity="0.38" type="0"/>
    <Peak1D F1="4.4259" intensity="0.93" type="0"/>
    <Peak1D F1="4.4132" intensity="1.03" type="0"/>
    <Peak1D F1="4.4006" intensity="0.7" type="0"/>
    <Peak1D F1="4.3883" intensity="0.2" type="0"/>
  </PeakList1D>
  <PeakList1D>
    <PeakList1DHeader creator="JRomeo" date="2019-12-09T12:14:15" expNo="4" name="2JR96" owner="" procNo="1" source="C:\Bruker\TOPSPIN">
      <PeakPickDetails>F1=3.925ppm, F2=3.463ppm, MI=0.22cm, MAXI=1.48cm, PC=1.000
      </PeakPickDetails>
    </PeakList1DHeader>
    <Peak1D F1="3.8506" intensity="0.33" type="0"/>
    <Peak1D F1="3.845" intensity="0.3" type="0"/>
    <Peak1D F1="3.829" intensity="0.35" type="0"/>
    <Peak1D F1="3.8213" intensity="0.29" type="0"/>
    <Peak1D F1="3.785" intensity="0.91" type="0"/>
    <Peak1D F1="3.7413" intensity="0.93" type="0"/>
    <Peak1D F1="3.7149" intensity="0.96" type="0"/>
    <Peak1D F1="3.7037" intensity="1.15" type="0"/>
    <Peak1D F1="3.6897" intensity="0.81" type="0"/>
    <Peak1D F1="3.6271" intensity="0.85" type="0"/>
    <Peak1D F1="3.5469" intensity="0.89" type="0"/>
  </PeakList1D>
  <PeakList1D>
    <PeakList1DHeader creator="JRomeo" date="2019-12-09T12:14:15" expNo="4" name="2JR96" owner="" procNo="1" source="C:\Bruker\TOPSPIN">
      <PeakPickDetails>F1=3.379ppm, F2=2.830ppm, MI=2.62cm, MAXI=7.03cm, PC=1.000
      </PeakPickDetails>
    </PeakList1DHeader>
    <Peak1D F1="3.3208" intensity="6.14" type="0"/>
    <Peak1D F1="3.2507" intensity="5.54" type="0"/>
    <Peak1D F1="3.2111" intensity="5.56" type="0"/>
    <Peak1D F1="2.9712" intensity="5.69" type="0"/>
  </PeakList1D>
  <PeakList1D>
    <PeakList1DHeader creator="JRomeo" date="2019-12-09T12:14:15" expNo="4" name="2JR96" owner="" procNo="1" source="C:\Bruker\TOPSPIN">
      <PeakPickDetails>F1=2.528ppm, F2=1.910ppm, MI=0.14cm, MAXI=1.79cm, PC=1.000
      </PeakPickDetails>
    </PeakList1DHeader>
    <Peak1D F1="2.4029" intensity="0.19" type="0"/>
    <Peak1D F1="2.3964" intensity="0.2" type="0"/>
    <Peak1D F1="2.3788" intensity="0.4" type="0"/>
    <Peak1D F1="2.3725" intensity="0.4" type="0"/>
    <Peak1D F1="2.3549" intensity="0.23" type="0"/>
    <Peak1D F1="2.3487" intensity="0.21" type="0"/>
    <Peak1D F1="2.2979" intensity="0.16" type="0"/>
    <Peak1D F1="2.2912" intensity="0.17" type="0"/>
    <Peak1D F1="2.2735" intensity="0.41" type="0"/>
    <Peak1D F1="2.2671" intensity="0.4" type="0"/>
    <Peak1D F1="2.2494" intensity="0.29" type="0"/>
    <Peak1D F1="2.243" intensity="0.27" type="0"/>
    <Peak1D F1="2.2037" intensity="0.42" type="0"/>
    <Peak1D F1="2.1956" intensity="0.45" type="0"/>
    <Peak1D F1="2.1798" intensity="0.31" type="0"/>
    <Peak1D F1="2.1709" intensity="0.42" type="0"/>
    <Peak1D F1="2.1639" intensity="0.26" type="0"/>
    <Peak1D F1="2.1455" intensity="0.45" type="0"/>
    <Peak1D F1="2.1389" intensity="0.46" type="0"/>
    <Peak1D F1="2.1203" intensity="0.56" type="0"/>
    <Peak1D F1="2.1141" intensity="0.53" type="0"/>
    <Peak1D F1="2.0944" intensity="0.65" type="0"/>
    <Peak1D F1="2.085" intensity="0.67" type="0"/>
    <Peak1D F1="2.0389" intensity="0.71" type="0"/>
    <Peak1D F1="2.0205" intensity="0.66" type="0"/>
    <Peak1D F1="2.0138" intensity="0.7" type="0"/>
    <Peak1D F1="1.9953" intensity="0.54" type="0"/>
    <Peak1D F1="1.9769" intensity="0.38" type="0"/>
    <Peak1D F1="1.9698" intensity="0.34" type="0"/>
  </PeakList1D>
  <PeakList1D>
    <PeakList1DHeader creator="JRomeo" date="2019-12-09T12:14:15" expNo="4" name="2JR96" owner="" procNo="1" source="C:\Bruker\TOPSPIN">
      <PeakPickDetails>F1=1.598ppm, F2=1.160ppm, MI=1.09cm, MAXI=2.95cm, PC=1.000
      </PeakPickDetails>
    </PeakList1DHeader>
    <Peak1D F1="1.4998" intensity="2.48" type="0"/>
    <Peak1D F1="1.4869" intensity="2.47" type="0"/>
    <Peak1D F1="1.2498" intensity="2.23" type="0"/>
    <Peak1D F1="1.2369" intensity="2.28" type="0"/>
    <Peak1D F1="1.2197" intensity="2.24" type="0"/>
    <Peak1D F1="1.2067" intensity="2.19" type="0"/>
  </PeakList1D>
  <PeakList1D>
    <PeakList1DHeader creator="JRomeo" date="2019-12-09T12:14:15" expNo="4" name="2JR96" owner="" procNo="1" source="C:\Bruker\TOPSPIN">
      <PeakPickDetails>F1=1.088ppm, F2=0.939ppm, MI=1.58cm, MAXI=17.72cm, PC=1.000
      </PeakPickDetails>
    </PeakList1DHeader>
    <Peak1D F1="1.0264" intensity="15.0" type="0"/>
    <Peak1D F1="0.984" intensity="2.28" type="0"/>
    <Peak1D F1="0.9711" intensity="2.26" type="0"/>
  </PeakList1D>
  <PeakList1D>
    <PeakList1DHeader creator="JRomeo" date="2019-12-09T12:14:15" expNo="4" name="2JR96" owner="" procNo="1" source="C:\Bruker\TOPSPIN">
      <PeakPickDetails>F1=0.224ppm, F2=0.091ppm, MI=8.33cm, MAXI=13.44cm, PC=1.000
      </PeakPickDetails>
    </PeakList1DHeader>
    <Peak1D F1="0.1949" intensity="10.75" type="0"/>
  </PeakList1D>
</PeakList>
