<?xml version="1.0" encoding="UTF-8"?>
<PeakList>
  <PeakList1D>
    <PeakList1DHeader creator="nmrsu" date="2023-07-20T13:27:02.815-05:00" expNo="1257610" name="Jul20-2023" owner="" procNo="1" source="G:/data/chem-synthesis-summer-a-team3/nmr">
      <PeakPickDetails>F1=16.187771ppm, F2=-3.837772ppm, MI=0.00cm, MAXI=10000.00cm, PC=1.000
      </PeakPickDetails>
    </PeakList1DHeader>
    <Peak1D F1="14.185147" intensity="3.503521e-004" type="0"/>
    <Peak1D F1="12.022226" intensity="3.069150e-004" type="0"/>
    <Peak1D F1="10.952374" intensity="4.586471e-004" type="0"/>
    <Peak1D F1="10.468848" intensity="1.140685e-003" type="0"/>
    <Peak1D F1="10.415768" intensity="3.093198e-004" type="0"/>
    <Peak1D F1="9.848956" intensity="5.360887e-004" type="0"/>
    <Peak1D F1="9.215314" intensity="3.801717e-004" type="0"/>
    <Peak1D F1="8.500330" intensity="3.542091e-004" type="0"/>
    <Peak1D F1="8.484629" intensity="4.134869e-004" type="0"/>
    <Peak1D F1="8.432144" intensity="4.046495e-004" type="0"/>
    <Peak1D F1="8.393787" intensity="4.232223e-004" type="0"/>
    <Peak1D F1="8.356277" intensity="4.103143e-004" type="0"/>
    <Peak1D F1="8.330547" intensity="5.754275e-004" type="0"/>
    <Peak1D F1="8.276760" intensity="6.675714e-004" type="0"/>
    <Peak1D F1="8.164188" intensity="1.348230e-003" type="0"/>
    <Peak1D F1="8.125507" intensity="1.515934e-003" type="0"/>
    <Peak1D F1="8.117826" intensity="1.387946e-003" type="0"/>
    <Peak1D F1="8.103058" intensity="1.487890e-003" type="0"/>
    <Peak1D F1="8.072121" intensity="1.735720e-002" type="0"/>
    <Peak1D F1="8.067576" intensity="1.545993e-002" type="0"/>
    <Peak1D F1="8.048221" intensity="1.649641e-003" type="0"/>
    <Peak1D F1="8.016253" intensity="2.196209e-003" type="0"/>
    <Peak1D F1="7.997133" intensity="2.228299e-003" type="0"/>
    <Peak1D F1="7.813121" intensity="9.856468e-002" type="0"/>
    <Peak1D F1="7.793780" intensity="1.139128e-001" type="0"/>
    <Peak1D F1="7.775912" intensity="2.100440e-002" type="0"/>
    <Peak1D F1="7.591546" intensity="3.805573e+000" type="0"/>
    <Peak1D F1="7.569496" intensity="3.752610e+000" type="0"/>
    <Peak1D F1="7.561783" intensity="4.236528e-001" type="0"/>
    <Peak1D F1="7.512523" intensity="2.156742e-003" type="0"/>
    <Peak1D F1="7.492279" intensity="1.460585e-003" type="0"/>
    <Peak1D F1="7.475072" intensity="1.548197e-003" type="0"/>
    <Peak1D F1="7.453038" intensity="2.344967e-003" type="0"/>
    <Peak1D F1="7.434501" intensity="9.032136e-004" type="0"/>
    <Peak1D F1="7.383196" intensity="1.684321e-002" type="0"/>
    <Peak1D F1="7.355903" intensity="5.477617e-002" type="0"/>
    <Peak1D F1="7.335315" intensity="9.100455e-002" type="0"/>
    <Peak1D F1="7.316731" intensity="5.324560e-002" type="0"/>
    <Peak1D F1="7.283194" intensity="1.371328e-001" type="0"/>
    <Peak1D F1="7.253770" intensity="1.062872e-003" type="0"/>
    <Peak1D F1="7.214398" intensity="8.108923e-004" type="0"/>
    <Peak1D F1="7.180417" intensity="9.682333e-004" type="0"/>
    <Peak1D F1="7.153155" intensity="1.268585e-003" type="0"/>
    <Peak1D F1="7.132183" intensity="1.712172e-003" type="0"/>
    <Peak1D F1="7.113795" intensity="1.616566e-003" type="0"/>
    <Peak1D F1="7.092184" intensity="1.604651e-003" type="0"/>
    <Peak1D F1="7.077142" intensity="1.700901e-003" type="0"/>
    <Peak1D F1="7.061011" intensity="2.264350e-003" type="0"/>
    <Peak1D F1="7.039241" intensity="2.482282e-003" type="0"/>
    <Peak1D F1="7.018986" intensity="3.087891e-003" type="0"/>
    <Peak1D F1="6.950767" intensity="6.277109e-003" type="0"/>
    <Peak1D F1="6.921161" intensity="1.789580e-002" type="0"/>
    <Peak1D F1="6.913424" intensity="1.937426e-002" type="0"/>
    <Peak1D F1="6.897807" intensity="1.964598e-002" type="0"/>
    <Peak1D F1="6.893118" intensity="2.033324e-002" type="0"/>
    <Peak1D F1="6.880585" intensity="2.572317e-002" type="0"/>
    <Peak1D F1="6.863557" intensity="1.117159e-001" type="0"/>
    <Peak1D F1="6.842968" intensity="1.040678e-001" type="0"/>
    <Peak1D F1="6.759405" intensity="9.071190e-002" type="0"/>
    <Peak1D F1="6.740117" intensity="1.796314e-001" type="0"/>
    <Peak1D F1="6.717739" intensity="4.041885e+000" type="0"/>
    <Peak1D F1="6.695699" intensity="3.610632e+000" type="0"/>
    <Peak1D F1="6.639907" intensity="2.474663e-003" type="0"/>
    <Peak1D F1="6.603534" intensity="1.438820e-002" type="0"/>
    <Peak1D F1="6.581937" intensity="1.281971e-002" type="0"/>
    <Peak1D F1="6.533927" intensity="1.060884e-003" type="0"/>
    <Peak1D F1="6.517879" intensity="1.398083e-002" type="0"/>
    <Peak1D F1="6.511877" intensity="1.198901e-002" type="0"/>
    <Peak1D F1="6.497227" intensity="1.456305e-002" type="0"/>
    <Peak1D F1="6.488501" intensity="1.068634e-002" type="0"/>
    <Peak1D F1="5.748948" intensity="1.297385e-003" type="0"/>
    <Peak1D F1="5.719480" intensity="1.091987e-003" type="0"/>
    <Peak1D F1="4.724647" intensity="5.072021e-004" type="0"/>
    <Peak1D F1="4.611191" intensity="7.366708e-004" type="0"/>
    <Peak1D F1="4.592635" intensity="9.690762e-004" type="0"/>
    <Peak1D F1="4.553287" intensity="3.523604e-004" type="0"/>
    <Peak1D F1="4.532691" intensity="9.167274e-004" type="0"/>
    <Peak1D F1="4.522352" intensity="4.876247e-004" type="0"/>
    <Peak1D F1="4.472203" intensity="7.961022e-004" type="0"/>
    <Peak1D F1="4.384796" intensity="1.566365e-003" type="0"/>
    <Peak1D F1="4.366537" intensity="1.431344e-003" type="0"/>
    <Peak1D F1="4.347210" intensity="1.382610e-003" type="0"/>
    <Peak1D F1="4.331715" intensity="1.316563e-003" type="0"/>
    <Peak1D F1="4.318144" intensity="1.258769e-003" type="0"/>
    <Peak1D F1="4.304817" intensity="1.269855e-003" type="0"/>
    <Peak1D F1="4.256527" intensity="1.832209e-003" type="0"/>
    <Peak1D F1="4.247072" intensity="2.127079e-003" type="0"/>
    <Peak1D F1="4.236345" intensity="2.482261e-003" type="0"/>
    <Peak1D F1="4.229684" intensity="2.011309e-003" type="0"/>
    <Peak1D F1="4.200951" intensity="2.315256e-003" type="0"/>
    <Peak1D F1="4.177009" intensity="2.583813e-003" type="0"/>
    <Peak1D F1="4.145264" intensity="3.067905e-003" type="0"/>
    <Peak1D F1="4.129900" intensity="3.375099e-003" type="0"/>
    <Peak1D F1="4.119444" intensity="5.954992e-003" type="0"/>
    <Peak1D F1="4.099601" intensity="4.255285e-003" type="0"/>
    <Peak1D F1="4.078092" intensity="8.163145e-003" type="0"/>
    <Peak1D F1="4.043820" intensity="6.084139e-003" type="0"/>
    <Peak1D F1="3.973351" intensity="9.636054e-002" type="0"/>
    <Peak1D F1="3.963721" intensity="2.181536e-002" type="0"/>
    <Peak1D F1="3.899853" intensity="8.468754e-001" type="0"/>
    <Peak1D F1="3.879633" intensity="3.466197e-002" type="0"/>
    <Peak1D F1="3.866179" intensity="1.191190e-001" type="0"/>
    <Peak1D F1="3.795729" intensity="1.500000e+001" type="0"/>
    <Peak1D F1="3.736872" intensity="1.640272e-002" type="0"/>
    <Peak1D F1="3.725991" intensity="1.153275e-002" type="0"/>
    <Peak1D F1="3.716981" intensity="1.098661e-002" type="0"/>
    <Peak1D F1="3.702991" intensity="1.561272e-002" type="0"/>
    <Peak1D F1="3.685399" intensity="4.039610e-003" type="0"/>
    <Peak1D F1="3.675032" intensity="4.389306e-003" type="0"/>
    <Peak1D F1="3.650720" intensity="4.345076e-003" type="0"/>
    <Peak1D F1="3.613400" intensity="8.616757e-002" type="0"/>
    <Peak1D F1="3.585797" intensity="3.524394e-003" type="0"/>
    <Peak1D F1="3.576488" intensity="3.698642e-003" type="0"/>
    <Peak1D F1="3.540916" intensity="1.201774e-002" type="0"/>
    <Peak1D F1="3.509582" intensity="1.554893e-002" type="0"/>
    <Peak1D F1="3.500328" intensity="1.048061e-002" type="0"/>
    <Peak1D F1="3.477277" intensity="6.667195e-002" type="0"/>
    <Peak1D F1="3.454968" intensity="4.334538e-003" type="0"/>
    <Peak1D F1="3.443135" intensity="3.408808e-003" type="0"/>
    <Peak1D F1="3.401262" intensity="6.706115e-002" type="0"/>
    <Peak1D F1="3.385839" intensity="4.144333e-003" type="0"/>
    <Peak1D F1="3.376734" intensity="3.878404e-003" type="0"/>
    <Peak1D F1="3.364329" intensity="1.062903e-002" type="0"/>
    <Peak1D F1="3.356279" intensity="9.606534e-003" type="0"/>
    <Peak1D F1="3.341183" intensity="5.816369e-003" type="0"/>
    <Peak1D F1="3.304929" intensity="1.734396e-002" type="0"/>
    <Peak1D F1="3.289598" intensity="4.627499e-003" type="0"/>
    <Peak1D F1="3.258804" intensity="7.010931e-002" type="0"/>
    <Peak1D F1="3.221520" intensity="1.068348e-003" type="0"/>
    <Peak1D F1="3.207928" intensity="6.203469e-004" type="0"/>
    <Peak1D F1="3.143356" intensity="6.585563e-002" type="0"/>
    <Peak1D F1="3.133687" intensity="9.183079e-003" type="0"/>
    <Peak1D F1="3.110493" intensity="8.410989e-003" type="0"/>
    <Peak1D F1="3.083627" intensity="8.987988e-003" type="0"/>
    <Peak1D F1="3.063026" intensity="7.879686e-003" type="0"/>
    <Peak1D F1="2.852287" intensity="1.032606e-003" type="0"/>
    <Peak1D F1="2.835863" intensity="1.058610e-003" type="0"/>
    <Peak1D F1="2.432169" intensity="3.600868e-003" type="0"/>
    <Peak1D F1="2.367739" intensity="4.442644e-004" type="0"/>
    <Peak1D F1="2.359231" intensity="1.249261e-003" type="0"/>
    <Peak1D F1="2.336724" intensity="4.113105e-004" type="0"/>
    <Peak1D F1="2.317555" intensity="5.707801e-004" type="0"/>
    <Peak1D F1="2.195428" intensity="4.261813e-003" type="0"/>
    <Peak1D F1="2.116517" intensity="3.009306e-004" type="0"/>
    <Peak1D F1="2.074643" intensity="9.191749e-004" type="0"/>
    <Peak1D F1="2.045244" intensity="3.898271e-004" type="0"/>
    <Peak1D F1="2.009279" intensity="5.903403e-004" type="0"/>
    <Peak1D F1="1.971302" intensity="6.124463e-004" type="0"/>
    <Peak1D F1="1.955765" intensity="1.345988e-003" type="0"/>
    <Peak1D F1="1.939307" intensity="3.121484e-003" type="0"/>
    <Peak1D F1="1.920530" intensity="5.403886e-003" type="0"/>
    <Peak1D F1="1.902495" intensity="5.810550e-003" type="0"/>
    <Peak1D F1="1.884986" intensity="4.380560e-003" type="0"/>
    <Peak1D F1="1.866780" intensity="2.342725e-003" type="0"/>
    <Peak1D F1="1.796601" intensity="4.480718e-003" type="0"/>
    <Peak1D F1="1.783774" intensity="6.346458e-003" type="0"/>
    <Peak1D F1="1.772009" intensity="8.193224e-003" type="0"/>
    <Peak1D F1="1.754573" intensity="8.553896e-003" type="0"/>
    <Peak1D F1="1.743132" intensity="7.764035e-003" type="0"/>
    <Peak1D F1="1.725842" intensity="6.275716e-003" type="0"/>
    <Peak1D F1="1.690056" intensity="8.042035e-003" type="0"/>
    <Peak1D F1="1.622699" intensity="1.905032e-001" type="0"/>
    <Peak1D F1="1.565503" intensity="1.041771e-002" type="0"/>
    <Peak1D F1="1.554773" intensity="1.061077e-002" type="0"/>
    <Peak1D F1="1.547283" intensity="1.068151e-002" type="0"/>
    <Peak1D F1="1.536390" intensity="9.292355e-003" type="0"/>
    <Peak1D F1="1.528403" intensity="6.412783e-003" type="0"/>
    <Peak1D F1="1.503379" intensity="2.955353e-003" type="0"/>
    <Peak1D F1="1.466471" intensity="1.511350e-002" type="0"/>
    <Peak1D F1="1.425790" intensity="2.142178e-003" type="0"/>
    <Peak1D F1="1.405557" intensity="2.691701e-003" type="0"/>
    <Peak1D F1="1.358064" intensity="1.360846e-002" type="0"/>
    <Peak1D F1="1.342819" intensity="2.485636e-002" type="0"/>
    <Peak1D F1="1.303797" intensity="9.037013e-002" type="0"/>
    <Peak1D F1="1.249448" intensity="4.470620e-003" type="0"/>
    <Peak1D F1="1.213933" intensity="3.376677e-003" type="0"/>
    <Peak1D F1="1.196796" intensity="3.974550e-003" type="0"/>
    <Peak1D F1="1.179659" intensity="4.151765e-003" type="0"/>
    <Peak1D F1="1.162980" intensity="4.110496e-003" type="0"/>
    <Peak1D F1="1.135110" intensity="4.862882e-003" type="0"/>
    <Peak1D F1="1.116506" intensity="7.717860e-003" type="0"/>
    <Peak1D F1="1.097244" intensity="8.276626e-003" type="0"/>
    <Peak1D F1="1.085950" intensity="7.958647e-003" type="0"/>
    <Peak1D F1="1.067764" intensity="6.634657e-003" type="0"/>
    <Peak1D F1="1.047426" intensity="4.472549e-003" type="0"/>
    <Peak1D F1="1.028397" intensity="4.277683e-003" type="0"/>
    <Peak1D F1="1.014837" intensity="4.571889e-002" type="0"/>
    <Peak1D F1="0.998311" intensity="4.343357e-002" type="0"/>
    <Peak1D F1="0.940824" intensity="4.901492e-002" type="0"/>
    <Peak1D F1="0.924450" intensity="1.060859e-001" type="0"/>
    <Peak1D F1="0.915529" intensity="3.731923e-002" type="0"/>
    <Peak1D F1="0.906872" intensity="6.056896e-002" type="0"/>
    <Peak1D F1="0.897282" intensity="3.238434e-002" type="0"/>
    <Peak1D F1="0.890702" intensity="2.245383e-002" type="0"/>
    <Peak1D F1="0.875500" intensity="1.542090e-002" type="0"/>
    <Peak1D F1="0.857825" intensity="3.667747e-003" type="0"/>
    <Peak1D F1="0.850353" intensity="3.482056e-003" type="0"/>
    <Peak1D F1="0.834203" intensity="1.988194e-003" type="0"/>
    <Peak1D F1="0.814911" intensity="1.507051e-003" type="0"/>
    <Peak1D F1="0.783761" intensity="1.096530e-003" type="0"/>
    <Peak1D F1="0.766768" intensity="9.416203e-004" type="0"/>
    <Peak1D F1="0.558858" intensity="3.066853e-004" type="0"/>
    <Peak1D F1="0.123218" intensity="3.101198e-004" type="0"/>
    <Peak1D F1="-2.965603" intensity="3.231290e-004" type="0"/>
  </PeakList1D>
</PeakList>
