<?xml version="1.0" encoding="UTF-8"?>
<PeakList>
  <PeakList1D>
    <PeakList1DHeader creator="JRomeo" date="2020-01-07T16:21:55" expNo="6" name="2JR38" owner="" procNo="1" source="C:\Bruker\TOPSPIN">
      <PeakPickDetails>F1=158.171ppm, F2=132.339ppm, MI=0.41cm, MAXI=2.12cm, PC=1.400
      </PeakPickDetails>
    </PeakList1DHeader>
    <Peak1D F1="154.562" intensity="1.15" type="0"/>
    <Peak1D F1="151.1408" intensity="1.31" type="0"/>
    <Peak1D F1="136.3057" intensity="1.33" type="0"/>
    <Peak1D F1="133.2363" intensity="1.26" type="0"/>
    <Peak1D F1="133.0056" intensity="1.45" type="0"/>
  </PeakList1D>
  <PeakList1D>
    <PeakList1DHeader creator="JRomeo" date="2020-01-07T16:21:55" expNo="6" name="2JR38" owner="" procNo="1" source="C:\Bruker\TOPSPIN">
      <PeakPickDetails>F1=130.153ppm, F2=110.084ppm, MI=0.72cm, MAXI=7.14cm, PC=1.400
      </PeakPickDetails>
    </PeakList1DHeader>
    <Peak1D F1="127.9714" intensity="3.23" type="0"/>
    <Peak1D F1="127.9216" intensity="3.7" type="0"/>
    <Peak1D F1="127.6918" intensity="3.56" type="0"/>
    <Peak1D F1="126.9208" intensity="2.7" type="0"/>
    <Peak1D F1="126.5794" intensity="2.73" type="0"/>
    <Peak1D F1="125.9707" intensity="3.43" type="0"/>
    <Peak1D F1="125.7792" intensity="3.0" type="0"/>
    <Peak1D F1="117.5929" intensity="5.84" type="0"/>
    <Peak1D F1="114.5405" intensity="6.16" type="0"/>
  </PeakList1D>
  <PeakList1D>
    <PeakList1DHeader creator="JRomeo" date="2020-01-07T16:21:55" expNo="6" name="2JR38" owner="" procNo="1" source="C:\Bruker\TOPSPIN">
      <PeakPickDetails>F1=103.924ppm, F2=93.790ppm, MI=1.46cm, MAXI=3.53cm, PC=1.400
      </PeakPickDetails>
    </PeakList1DHeader>
    <Peak1D F1="97.3223" intensity="2.73" type="0"/>
  </PeakList1D>
  <PeakList1D>
    <PeakList1DHeader creator="JRomeo" date="2020-01-07T16:21:55" expNo="6" name="2JR38" owner="" procNo="1" source="C:\Bruker\TOPSPIN">
      <PeakPickDetails>F1=75.708ppm, F2=52.260ppm, MI=0.59cm, MAXI=5.22cm, PC=1.400
      </PeakPickDetails>
    </PeakList1DHeader>
    <Peak1D F1="74.8547" intensity="1.85" type="0"/>
    <Peak1D F1="74.4575" intensity="3.61" type="0"/>
    <Peak1D F1="67.5009" intensity="3.13" type="0"/>
    <Peak1D F1="56.2933" intensity="2.75" type="0"/>
    <Peak1D F1="55.657" intensity="3.91" type="0"/>
  </PeakList1D>
  <PeakList1D>
    <PeakList1DHeader creator="JRomeo" date="2020-01-07T16:21:55" expNo="6" name="2JR38" owner="" procNo="1" source="C:\Bruker\TOPSPIN">
      <PeakPickDetails>F1=37.556ppm, F2=13.512ppm, MI=1.58cm, MAXI=6.67cm, PC=1.400
      </PeakPickDetails>
    </PeakList1DHeader>
    <Peak1D F1="30.5313" intensity="3.38" type="0"/>
    <Peak1D F1="17.4055" intensity="3.26" type="0"/>
  </PeakList1D>
</PeakList>
