<?xml version="1.0" encoding="UTF-8"?>
<PeakList>
  <PeakList1D>
    <PeakList1DHeader creator="nmrsu" date="2023-07-23T19:34:28.506-05:00" expNo="1262610" name="Jul23-2023" owner="" procNo="1" source="G:/data/chem-synthesis-summer-a-team2/nmr">
      <PeakPickDetails>F1=16.187771ppm, F2=-3.837772ppm, MI=0.00cm, MAXI=10000.00cm, PC=1.000
      </PeakPickDetails>
    </PeakList1DHeader>
    <Peak1D F1="15.009380" intensity="3.657536e-003" type="0"/>
    <Peak1D F1="10.617089" intensity="3.918329e-003" type="0"/>
    <Peak1D F1="7.733016" intensity="3.870507e-003" type="0"/>
    <Peak1D F1="7.639079" intensity="4.095784e-003" type="0"/>
    <Peak1D F1="7.602182" intensity="4.903731e-003" type="0"/>
    <Peak1D F1="7.558836" intensity="6.469217e-003" type="0"/>
    <Peak1D F1="7.487147" intensity="1.206411e-002" type="0"/>
    <Peak1D F1="7.477638" intensity="1.363126e-002" type="0"/>
    <Peak1D F1="7.279323" intensity="3.514177e-001" type="0"/>
    <Peak1D F1="7.224634" intensity="5.896239e-003" type="0"/>
    <Peak1D F1="7.177121" intensity="3.787387e-003" type="0"/>
    <Peak1D F1="7.110174" intensity="3.697048e-003" type="0"/>
    <Peak1D F1="7.050990" intensity="4.012856e-003" type="0"/>
    <Peak1D F1="7.015109" intensity="3.665810e-003" type="0"/>
    <Peak1D F1="6.495259" intensity="3.883638e-003" type="0"/>
    <Peak1D F1="6.483081" intensity="4.741171e-003" type="0"/>
    <Peak1D F1="4.705363" intensity="5.565342e-003" type="0"/>
    <Peak1D F1="4.641496" intensity="1.096214e-002" type="0"/>
    <Peak1D F1="4.562288" intensity="8.907540e-003" type="0"/>
    <Peak1D F1="4.530725" intensity="1.008563e-002" type="0"/>
    <Peak1D F1="4.473444" intensity="1.388781e-002" type="0"/>
    <Peak1D F1="4.377100" intensity="1.181450e-002" type="0"/>
    <Peak1D F1="4.326847" intensity="1.407995e-002" type="0"/>
    <Peak1D F1="4.314394" intensity="1.463560e-002" type="0"/>
    <Peak1D F1="4.302700" intensity="1.486260e-002" type="0"/>
    <Peak1D F1="4.291415" intensity="1.466265e-002" type="0"/>
    <Peak1D F1="4.235898" intensity="1.545517e-002" type="0"/>
    <Peak1D F1="4.175663" intensity="1.745781e-002" type="0"/>
    <Peak1D F1="4.137339" intensity="2.102245e-002" type="0"/>
    <Peak1D F1="4.119148" intensity="1.956576e-002" type="0"/>
    <Peak1D F1="4.101645" intensity="1.660288e-002" type="0"/>
    <Peak1D F1="4.083063" intensity="1.676241e-002" type="0"/>
    <Peak1D F1="4.045426" intensity="1.794115e-002" type="0"/>
    <Peak1D F1="4.015086" intensity="2.042107e-002" type="0"/>
    <Peak1D F1="3.996811" intensity="2.171417e-002" type="0"/>
    <Peak1D F1="3.703495" intensity="1.441896e-001" type="0"/>
    <Peak1D F1="3.674917" intensity="1.742571e-001" type="0"/>
    <Peak1D F1="3.354909" intensity="3.347389e+000" type="0"/>
    <Peak1D F1="3.349497" intensity="2.946870e+000" type="0"/>
    <Peak1D F1="3.234417" intensity="5.188498e-002" type="0"/>
    <Peak1D F1="3.191293" intensity="5.911899e-002" type="0"/>
    <Peak1D F1="3.181318" intensity="5.839451e-002" type="0"/>
    <Peak1D F1="3.148525" intensity="5.492496e-002" type="0"/>
    <Peak1D F1="3.065925" intensity="8.274369e-002" type="0"/>
    <Peak1D F1="3.028308" intensity="8.565936e-002" type="0"/>
    <Peak1D F1="3.015877" intensity="8.456193e-002" type="0"/>
    <Peak1D F1="2.502585" intensity="3.083781e+000" type="0"/>
    <Peak1D F1="2.464864" intensity="3.292626e+000" type="0"/>
    <Peak1D F1="2.315104" intensity="2.529054e+000" type="0"/>
    <Peak1D F1="2.279032" intensity="1.448175e+000" type="0"/>
    <Peak1D F1="2.051525" intensity="3.682749e-001" type="0"/>
    <Peak1D F1="1.728790" intensity="1.500000e+001" type="0"/>
    <Peak1D F1="1.687700" intensity="1.426448e-001" type="0"/>
    <Peak1D F1="1.641544" intensity="1.456016e-001" type="0"/>
    <Peak1D F1="1.603747" intensity="6.687647e-002" type="0"/>
    <Peak1D F1="1.569827" intensity="1.066277e-001" type="0"/>
    <Peak1D F1="1.540570" intensity="3.492774e-002" type="0"/>
    <Peak1D F1="1.514225" intensity="3.478467e-002" type="0"/>
    <Peak1D F1="1.467578" intensity="3.171015e-002" type="0"/>
    <Peak1D F1="1.430593" intensity="3.290106e-002" type="0"/>
    <Peak1D F1="1.379031" intensity="4.085430e-002" type="0"/>
    <Peak1D F1="1.282084" intensity="8.011834e-002" type="0"/>
    <Peak1D F1="1.249756" intensity="2.899542e-002" type="0"/>
    <Peak1D F1="1.204767" intensity="1.831113e-002" type="0"/>
    <Peak1D F1="1.165102" intensity="2.001100e-002" type="0"/>
    <Peak1D F1="1.146707" intensity="2.040518e-002" type="0"/>
    <Peak1D F1="1.117501" intensity="2.135182e-002" type="0"/>
    <Peak1D F1="1.056861" intensity="2.260984e-002" type="0"/>
    <Peak1D F1="1.048926" intensity="2.253035e-002" type="0"/>
    <Peak1D F1="0.983190" intensity="3.857658e-002" type="0"/>
    <Peak1D F1="0.966453" intensity="3.667606e-002" type="0"/>
    <Peak1D F1="0.908064" intensity="6.678806e-002" type="0"/>
    <Peak1D F1="0.892177" intensity="8.022697e-002" type="0"/>
    <Peak1D F1="0.865506" intensity="4.095945e-002" type="0"/>
    <Peak1D F1="0.844282" intensity="2.003556e-002" type="0"/>
    <Peak1D F1="0.816400" intensity="7.005923e-003" type="0"/>
    <Peak1D F1="0.789811" intensity="7.048174e-003" type="0"/>
    <Peak1D F1="0.751971" intensity="6.071876e-003" type="0"/>
    <Peak1D F1="0.745928" intensity="6.052929e-003" type="0"/>
    <Peak1D F1="0.736459" intensity="5.495781e-003" type="0"/>
    <Peak1D F1="0.713357" intensity="5.144067e-003" type="0"/>
    <Peak1D F1="0.698715" intensity="6.122763e-003" type="0"/>
    <Peak1D F1="0.688767" intensity="5.665528e-003" type="0"/>
    <Peak1D F1="0.670708" intensity="5.629866e-003" type="0"/>
    <Peak1D F1="0.645435" intensity="5.290650e-003" type="0"/>
    <Peak1D F1="0.570528" intensity="5.295537e-003" type="0"/>
    <Peak1D F1="0.493185" intensity="4.281830e-003" type="0"/>
    <Peak1D F1="0.475196" intensity="4.507353e-003" type="0"/>
    <Peak1D F1="0.434584" intensity="4.616418e-003" type="0"/>
    <Peak1D F1="0.413953" intensity="4.325969e-003" type="0"/>
    <Peak1D F1="0.388013" intensity="4.166852e-003" type="0"/>
    <Peak1D F1="0.378223" intensity="4.538141e-003" type="0"/>
    <Peak1D F1="0.345370" intensity="3.555210e-003" type="0"/>
    <Peak1D F1="0.302548" intensity="3.603830e-003" type="0"/>
    <Peak1D F1="0.271072" intensity="4.334913e-003" type="0"/>
    <Peak1D F1="0.249933" intensity="3.798702e-003" type="0"/>
    <Peak1D F1="0.100132" intensity="3.497906e-003" type="0"/>
    <Peak1D F1="0.087284" intensity="3.583717e-003" type="0"/>
    <Peak1D F1="-0.038899" intensity="3.738152e-003" type="0"/>
    <Peak1D F1="-2.803674" intensity="4.234750e-003" type="0"/>
    <Peak1D F1="-2.899373" intensity="3.642208e-003" type="0"/>
    <Peak1D F1="-3.249875" intensity="4.259615e-003" type="0"/>
    <Peak1D F1="-3.323110" intensity="4.935872e-003" type="0"/>
  </PeakList1D>
</PeakList>
