<?xml version="1.0" encoding="UTF-8"?>
<PeakList>
  <PeakList1D>
    <PeakList1DHeader creator="chemist" date="2019-02-05T17:55:26.114+00:00" expNo="10" name="Z145354" owner="" procNo="1" source="f:\data\chemist\nmr\">
      <PeakPickDetails>F1=15.000ppm, F2=-0.100ppm, MI=0.50cm, MAXI=80.00cm, PC=1.000
      </PeakPickDetails>
    </PeakList1DHeader>
    <Peak1D F1="8.0945" intensity="2.614633e+000" type="0"/>
    <Peak1D F1="7.9984" intensity="9.600913e-001" type="0"/>
    <Peak1D F1="7.9952" intensity="1.430823e+000" type="0"/>
    <Peak1D F1="7.9917" intensity="9.328014e-001" type="0"/>
    <Peak1D F1="7.9791" intensity="1.031803e+000" type="0"/>
    <Peak1D F1="7.9758" intensity="1.518535e+000" type="0"/>
    <Peak1D F1="7.9724" intensity="9.666183e-001" type="0"/>
    <Peak1D F1="7.5929" intensity="1.199022e+000" type="0"/>
    <Peak1D F1="7.5736" intensity="1.535701e+000" type="0"/>
    <Peak1D F1="7.4639" intensity="1.550756e+000" type="0"/>
    <Peak1D F1="7.4446" intensity="2.562648e+000" type="0"/>
    <Peak1D F1="7.4254" intensity="1.102539e+000" type="0"/>
    <Peak1D F1="7.2842" intensity="3.412096e+000" type="0"/>
    <Peak1D F1="7.1632" intensity="1.381219e+000" type="0"/>
    <Peak1D F1="7.1429" intensity="5.451868e+000" type="0"/>
    <Peak1D F1="7.1299" intensity="6.071823e+000" type="0"/>
    <Peak1D F1="7.1094" intensity="1.434945e+000" type="0"/>
    <Peak1D F1="4.9758" intensity="5.377374e-001" type="0"/>
    <Peak1D F1="4.9665" intensity="7.353559e-001" type="0"/>
    <Peak1D F1="4.9551" intensity="7.395110e-001" type="0"/>
    <Peak1D F1="4.9453" intensity="7.361484e-001" type="0"/>
    <Peak1D F1="4.9356" intensity="5.305354e-001" type="0"/>
    <Peak1D F1="3.9532" intensity="2.000000e+001" type="0"/>
    <Peak1D F1="3.0815" intensity="7.489857e-001" type="0"/>
    <Peak1D F1="3.0705" intensity="7.708840e-001" type="0"/>
    <Peak1D F1="3.0472" intensity="1.371294e+000" type="0"/>
    <Peak1D F1="3.0362" intensity="1.318995e+000" type="0"/>
    <Peak1D F1="2.9713" intensity="1.527591e+000" type="0"/>
    <Peak1D F1="2.9491" intensity="1.470519e+000" type="0"/>
    <Peak1D F1="2.9370" intensity="8.443011e-001" type="0"/>
    <Peak1D F1="2.9147" intensity="8.305055e-001" type="0"/>
    <Peak1D F1="2.3579" intensity="1.257752e+001" type="0"/>
    <Peak1D F1="2.0467" intensity="2.471121e+000" type="0"/>
    <Peak1D F1="2.0392" intensity="2.428926e+000" type="0"/>
    <Peak1D F1="1.5911" intensity="2.746865e+000" type="0"/>
    <Peak1D F1="1.2541" intensity="1.756256e+000" type="0"/>
  </PeakList1D>
</PeakList>
