<?xml version="1.0" encoding="UTF-8"?>
<PeakList>
  <PeakList1D>
    <PeakList1DHeader creator="nmrsu" date="2023-07-20T14:13:33.975-05:00" expNo="1258410" name="Jul20-2023" owner="" procNo="1" source="G:/data/chem-synthesis-summer-a-team2/nmr">
      <PeakPickDetails>F1=219.460297ppm, F2=-19.460289ppm, MI=0.00cm, MAXI=10000.00cm, PC=1.400
      </PeakPickDetails>
    </PeakList1DHeader>
    <Peak1D F1="159.502701" intensity="1.598213e+000" type="0"/>
    <Peak1D F1="158.113831" intensity="7.760703e-002" type="0"/>
    <Peak1D F1="139.522461" intensity="4.001366e-001" type="0"/>
    <Peak1D F1="138.517593" intensity="9.443845e-002" type="0"/>
    <Peak1D F1="138.225052" intensity="1.500000e+001" type="0"/>
    <Peak1D F1="137.902817" intensity="1.053912e-001" type="0"/>
    <Peak1D F1="129.565857" intensity="3.063837e-001" type="0"/>
    <Peak1D F1="122.546181" intensity="3.207427e-001" type="0"/>
    <Peak1D F1="116.423416" intensity="1.370543e+001" type="0"/>
    <Peak1D F1="116.117874" intensity="8.474387e-002" type="0"/>
    <Peak1D F1="111.077202" intensity="2.982207e-001" type="0"/>
    <Peak1D F1="86.090652" intensity="1.070617e-001" type="0"/>
    <Peak1D F1="82.762115" intensity="1.916253e+000" type="0"/>
    <Peak1D F1="77.454865" intensity="2.037301e+000" type="0"/>
    <Peak1D F1="77.137573" intensity="2.084292e+000" type="0"/>
    <Peak1D F1="76.819336" intensity="2.056322e+000" type="0"/>
    <Peak1D F1="56.474354" intensity="8.448923e-002" type="0"/>
    <Peak1D F1="56.319485" intensity="3.229073e-001" type="0"/>
    <Peak1D F1="55.357418" intensity="6.415391e+000" type="0"/>
    <Peak1D F1="31.640644" intensity="7.245851e-002" type="0"/>
    <Peak1D F1="22.717659" intensity="7.621841e-002" type="0"/>
    <Peak1D F1="14.215474" intensity="7.191187e-002" type="0"/>
  </PeakList1D>
</PeakList>
