<?xml version="1.0" encoding="UTF-8"?>
<PeakList>
  <PeakList1D>
    <PeakList1DHeader creator="Lijin_Xu" date="2018-09-04T10:31:33.993+08:00" expNo="2" name="zhq-695" owner="" procNo="1" source="D:">
      <PeakPickDetails>F1=235.494ppm, F2=-15.494ppm, MI=0.00cm, MAXI=10000.00cm, PC=1.400
      </PeakPickDetails>
    </PeakList1DHeader>
    <Peak1D F1="163.9822" intensity="3.66" type="0"/>
    <Peak1D F1="151.7474" intensity="3.44" type="0"/>
    <Peak1D F1="150.0085" intensity="3.50" type="0"/>
    <Peak1D F1="149.8175" intensity="8.08" type="0"/>
    <Peak1D F1="140.2721" intensity="7.33" type="0"/>
    <Peak1D F1="138.5509" intensity="7.51" type="0"/>
    <Peak1D F1="130.2415" intensity="2.77" type="0"/>
    <Peak1D F1="128.0804" intensity="1.23" type="0"/>
    <Peak1D F1="127.8427" intensity="1.34" type="0"/>
    <Peak1D F1="124.0463" intensity="15.00" type="0"/>
    <Peak1D F1="118.4357" intensity="7.07" type="0"/>
    <Peak1D F1="105.0982" intensity="6.88" type="0"/>
    <Peak1D F1="77.4388" intensity="17.10" type="0"/>
    <Peak1D F1="77.1211" intensity="17.53" type="0"/>
    <Peak1D F1="76.8026" intensity="17.34" type="0"/>
    <Peak1D F1="32.9512" intensity="7.62" type="0"/>
    <Peak1D F1="32.5747" intensity="3.05" type="0"/>
    <Peak1D F1="31.7463" intensity="2.78" type="0"/>
    <Peak1D F1="31.5186" intensity="2.31" type="0"/>
    <Peak1D F1="29.5093" intensity="2.99" type="0"/>
    <Peak1D F1="29.3369" intensity="4.80" type="0"/>
    <Peak1D F1="29.1954" intensity="3.84" type="0"/>
    <Peak1D F1="29.0110" intensity="9.79" type="0"/>
    <Peak1D F1="27.7842" intensity="6.42" type="0"/>
    <Peak1D F1="27.2033" intensity="2.55" type="0"/>
    <Peak1D F1="22.5624" intensity="3.04" type="0"/>
    <Peak1D F1="22.1942" intensity="1.25" type="0"/>
    <Peak1D F1="14.1096" intensity="4.57" type="0"/>
  </PeakList1D>
</PeakList>
