<?xml version="1.0" encoding="UTF-8"?>
<PeakList>
  <PeakList1D>
    <PeakList1DHeader creator="chemist" date="2019-02-04T00:01:08.834+00:00" expNo="10" name="Z145176" owner="" procNo="1" source="f:\data\chemist\nmr\">
      <PeakPickDetails>F1=15.000ppm, F2=-0.100ppm, MI=0.50cm, MAXI=80.00cm, PC=1.000
      </PeakPickDetails>
    </PeakList1DHeader>
    <Peak1D F1="7.2852" intensity="2.875169e+000" type="0"/>
    <Peak1D F1="7.1707" intensity="3.540199e+000" type="0"/>
    <Peak1D F1="7.1492" intensity="4.099394e+000" type="0"/>
    <Peak1D F1="6.8925" intensity="6.108359e-001" type="0"/>
    <Peak1D F1="6.8852" intensity="4.544026e+000" type="0"/>
    <Peak1D F1="6.8802" intensity="1.562863e+000" type="0"/>
    <Peak1D F1="6.8686" intensity="1.484643e+000" type="0"/>
    <Peak1D F1="6.8636" intensity="4.144522e+000" type="0"/>
    <Peak1D F1="6.8519" intensity="6.199692e+000" type="0"/>
    <Peak1D F1="5.2986" intensity="6.424605e-001" type="0"/>
    <Peak1D F1="5.2920" intensity="6.977974e-001" type="0"/>
    <Peak1D F1="5.2861" intensity="7.419152e-001" type="0"/>
    <Peak1D F1="5.2790" intensity="8.442401e-001" type="0"/>
    <Peak1D F1="5.2764" intensity="8.487978e-001" type="0"/>
    <Peak1D F1="5.2692" intensity="7.347186e-001" type="0"/>
    <Peak1D F1="5.2633" intensity="6.945380e-001" type="0"/>
    <Peak1D F1="5.2566" intensity="6.481379e-001" type="0"/>
    <Peak1D F1="3.8246" intensity="2.000000e+001" type="0"/>
    <Peak1D F1="3.8060" intensity="6.695037e-001" type="0"/>
    <Peak1D F1="3.2021" intensity="1.040477e+000" type="0"/>
    <Peak1D F1="3.1793" intensity="1.029276e+000" type="0"/>
    <Peak1D F1="3.1677" intensity="1.414848e+000" type="0"/>
    <Peak1D F1="3.1449" intensity="1.385795e+000" type="0"/>
    <Peak1D F1="2.9897" intensity="1.306888e+000" type="0"/>
    <Peak1D F1="2.9771" intensity="1.285146e+000" type="0"/>
    <Peak1D F1="2.9553" intensity="9.470031e-001" type="0"/>
    <Peak1D F1="2.9426" intensity="9.176371e-001" type="0"/>
    <Peak1D F1="2.4181" intensity="1.491233e+001" type="0"/>
    <Peak1D F1="2.3044" intensity="1.101597e+000" type="0"/>
    <Peak1D F1="2.2865" intensity="1.250584e+001" type="0"/>
    <Peak1D F1="2.2508" intensity="8.296015e-001" type="0"/>
    <Peak1D F1="1.7764" intensity="2.672072e+000" type="0"/>
    <Peak1D F1="1.7697" intensity="2.622664e+000" type="0"/>
    <Peak1D F1="1.5783" intensity="1.765281e+000" type="0"/>
  </PeakList1D>
</PeakList>
